time,speed_kts,dir_deg,bin
2026-06-07 00:02:00,0.492,354,2
2026-06-07 00:08:00,0.441,357,2
2026-06-07 00:14:00,0.441,15,2
2026-06-07 00:20:00,0.474,8,2
2026-06-07 00:26:00,0.276,349,2
2026-06-07 00:32:00,0.402,9,2
2026-06-07 00:38:00,0.336,1,2
2026-06-07 00:44:00,0.4,6,2
2026-06-07 00:50:00,0.294,3,2
2026-06-07 00:56:00,0.286,4,2
2026-06-07 01:02:00,0.212,353,2
2026-06-07 01:08:00,0.214,45,2
2026-06-07 01:14:00,0.144,32,2
2026-06-07 01:20:00,0.035,79,2
2026-06-07 01:26:00,0.144,327,2
2026-06-07 01:32:00,0.033,228,2
2026-06-07 01:38:00,0.084,236,2
2026-06-07 01:44:00,0.082,245,2
2026-06-07 01:50:00,0.231,230,2
2026-06-07 01:56:00,0.148,258,2
2026-06-07 02:02:00,0.233,243,2
2026-06-07 02:08:00,0.132,262,2
2026-06-07 02:14:00,0.167,270,2
2026-06-07 02:32:00,0.294,259,2
2026-06-07 02:38:00,0.27,268,2
2026-06-07 02:44:00,0.336,224,2
2026-06-07 02:50:00,0.257,223,2
2026-06-07 02:56:00,0.297,230,2
2026-06-07 03:02:00,0.414,264,2
2026-06-07 03:08:00,0.364,196,2
2026-06-07 03:14:00,0.41,270,2
2026-06-07 03:20:00,0.449,159,2
2026-06-07 03:26:00,0.383,256,2
2026-06-07 03:32:00,0.486,250,2
2026-06-07 03:38:00,0.472,252,2
2026-06-07 03:44:00,0.507,229,2
2026-06-07 03:50:00,0.564,159,2
2026-06-07 03:56:00,0.529,226,2
2026-06-07 04:02:00,0.579,154,2
2026-06-07 04:08:00,0.634,248,2
2026-06-07 04:14:00,0.624,209,2
2026-06-07 04:20:00,0.533,154,2
2026-06-07 04:26:00,0.641,147,2
2026-06-07 04:32:00,0.667,146,2
2026-06-07 04:38:00,0.715,265,2
2026-06-07 04:44:00,0.659,224,2
2026-06-07 04:50:00,0.643,150,2
2026-06-07 04:56:00,0.659,225,2
2026-06-07 05:02:00,0.651,253,2
2026-06-07 05:08:00,0.663,272,2
2026-06-07 05:14:00,0.626,172,2
2026-06-07 05:20:00,0.521,201,2
2026-06-07 05:26:00,0.517,169,2
2026-06-07 05:32:00,0.562,202,2
2026-06-07 05:38:00,0.568,215,2
2026-06-07 05:44:00,0.55,281,2
2026-06-07 05:50:00,0.54,168,2
2026-06-07 05:56:00,0.443,253,2
2026-06-07 06:02:00,0.5,227,2
2026-06-07 06:08:00,0.418,174,2
2026-06-07 06:14:00,0.492,194,2
2026-06-07 06:20:00,0.55,253,2
2026-06-07 06:26:00,0.511,211,2
2026-06-07 06:32:00,0.492,220,2
2026-06-07 06:38:00,0.455,246,2
2026-06-07 06:44:00,0.416,230,2
2026-06-07 06:50:00,0.342,246,2
2026-06-07 06:56:00,0.49,179,2
2026-06-07 07:02:00,0.542,251,2
2026-06-07 07:08:00,0.523,222,2
2026-06-07 07:14:00,0.418,187,2
2026-06-07 07:20:00,0.385,250,2
2026-06-07 07:26:00,0.313,275,2
2026-06-07 07:32:00,0.381,258,2
2026-06-07 07:38:00,0.492,265,2
2026-06-07 07:44:00,0.468,199,2
2026-06-07 07:50:00,0.348,165,2
2026-06-07 07:56:00,0.465,224,2
2026-06-07 08:02:00,0.34,262,2
2026-06-07 08:08:00,0.373,162,2
2026-06-07 08:14:00,0.259,175,2
2026-06-07 08:20:00,0.198,202,2
2026-06-07 08:26:00,0.179,221,2
2026-06-07 08:32:00,0.119,181,2
2026-06-07 08:38:00,0.039,279,2
2026-06-07 08:44:00,0.111,155,2
2026-06-07 08:50:00,0.058,292,2
2026-06-07 08:56:00,0.148,26,2
2026-06-07 09:02:00,0.175,358,2
2026-06-07 09:08:00,0.224,8,2
2026-06-07 09:14:00,0.266,347,2
2026-06-07 09:20:00,0.297,353,2
2026-06-07 09:26:00,0.268,342,2
2026-06-07 09:32:00,0.284,24,2
2026-06-07 09:38:00,0.389,9,2
2026-06-07 09:44:00,0.398,11,2
2026-06-07 09:50:00,0.406,341,2
2026-06-07 09:56:00,0.494,356,2
2026-06-07 10:02:00,0.492,23,2
2026-06-07 10:08:00,0.461,6,2
2026-06-07 10:14:00,0.638,11,2
2026-06-07 10:20:00,0.531,63,2
2026-06-07 10:26:00,0.587,16,2
2026-06-07 10:32:00,0.521,9,2
2026-06-07 10:38:00,0.645,23,2
2026-06-07 10:44:00,0.581,39,2
2026-06-07 10:50:00,0.577,20,2
2026-06-07 10:56:00,0.494,21,2
2026-06-07 11:02:00,0.455,16,2
2026-06-07 11:08:00,0.509,23,2
2026-06-07 11:14:00,0.468,44,2
2026-06-07 11:20:00,0.433,351,2
2026-06-07 11:26:00,0.435,340,2
2026-06-07 11:32:00,0.443,63,2
2026-06-07 11:38:00,0.426,358,2
2026-06-07 11:44:00,0.375,13,2
2026-06-07 11:50:00,0.358,345,2
2026-06-07 11:56:00,0.288,350,2
2026-06-07 12:02:00,0.369,6,2
2026-06-07 12:08:00,0.22,339,2
2026-06-07 12:14:00,0.257,352,2
2026-06-07 12:20:00,0.194,112,2
2026-06-07 12:26:00,0.328,3,2
2026-06-07 12:32:00,0.21,301,2
2026-06-07 12:38:00,0.222,304,2
2026-06-07 12:44:00,0.134,26,2
2026-06-07 12:50:00,0.222,0,2
2026-06-07 12:56:00,0.2,2,2
2026-06-07 13:02:00,0.099,324,2
2026-06-07 13:08:00,0.214,301,2
2026-06-07 13:14:00,0.225,235,2
2026-06-07 13:20:00,0.216,207,2
2026-06-07 13:26:00,0.173,265,2
2026-06-07 13:32:00,0.171,309,2
2026-06-07 13:38:00,0.222,237,2
2026-06-07 13:44:00,0.243,236,2
2026-06-07 13:50:00,0.245,219,2
2026-06-07 13:56:00,0.301,220,2
2026-06-07 14:02:00,0.377,251,2
2026-06-07 14:08:00,0.36,219,2
2026-06-07 14:14:00,0.323,224,2
2026-06-07 14:20:00,0.332,229,2
2026-06-07 14:26:00,0.457,217,2
2026-06-07 14:32:00,0.474,232,2
2026-06-07 14:38:00,0.511,216,2
2026-06-07 14:44:00,0.513,218,2
2026-06-07 14:50:00,0.498,209,2
2026-06-07 14:56:00,0.651,213,2
2026-06-07 15:02:00,0.624,202,2
2026-06-07 15:08:00,0.572,224,2
2026-06-07 15:14:00,0.608,233,2
2026-06-07 15:20:00,0.536,206,2
2026-06-07 15:26:00,0.535,248,2
2026-06-07 15:32:00,0.542,191,2
2026-06-07 15:38:00,0.647,194,2
2026-06-07 15:44:00,0.605,221,2
2026-06-07 15:50:00,0.655,194,2
2026-06-07 15:56:00,0.706,216,2
2026-06-07 16:02:00,0.7,235,2
2026-06-07 16:08:00,0.873,260,2
2026-06-07 16:14:00,0.807,201,2
2026-06-07 16:20:00,0.787,218,2
2026-06-07 16:26:00,0.966,193,2
2026-06-07 16:32:00,1.046,236,2
2026-06-07 16:38:00,1.026,235,2
2026-06-07 16:44:00,0.982,212,2
2026-06-07 16:50:00,0.978,211,2
2026-06-07 16:56:00,1.135,208,2
2026-06-07 17:02:00,1.151,208,2
2026-06-07 17:08:00,1.075,222,2
2026-06-07 17:14:00,1.133,207,2
2026-06-07 17:20:00,1.094,238,2
2026-06-07 17:26:00,1.054,220,2
2026-06-07 17:32:00,0.939,227,2
2026-06-07 17:38:00,0.902,243,2
2026-06-07 17:44:00,0.921,210,2
2026-06-07 17:50:00,0.935,233,2
2026-06-07 17:56:00,0.834,224,2
2026-06-07 18:02:00,0.927,232,2
2026-06-07 18:08:00,0.894,216,2
2026-06-07 18:14:00,0.785,222,2
2026-06-07 18:20:00,0.727,241,2
2026-06-07 18:26:00,0.9,231,2
2026-06-07 18:32:00,0.641,237,2
2026-06-07 18:38:00,0.655,237,2
2026-06-07 18:44:00,0.651,243,2
2026-06-07 18:50:00,0.684,212,2
2026-06-07 18:56:00,0.774,227,2
2026-06-07 19:02:00,0.834,225,2
2026-06-07 19:08:00,0.748,225,2
2026-06-07 19:14:00,0.743,230,2
2026-06-07 19:20:00,0.682,237,2
2026-06-07 19:26:00,0.688,223,2
2026-06-07 19:32:00,0.667,228,2
2026-06-07 19:38:00,0.583,250,2
2026-06-07 19:44:00,0.529,211,2
2026-06-07 19:50:00,0.519,241,2
2026-06-07 19:56:00,0.542,270,2
2026-06-07 20:02:00,0.371,224,2
2026-06-07 20:08:00,0.342,257,2
2026-06-07 20:14:00,0.422,203,2
2026-06-07 20:20:00,0.354,285,2
2026-06-07 20:26:00,0.28,218,2
2026-06-07 20:32:00,0.152,275,2
2026-06-07 20:38:00,0.093,259,2
2026-06-07 20:44:00,0.107,291,2
2026-06-07 20:50:00,0.148,5,2
2026-06-07 20:56:00,0.105,9,2
2026-06-07 21:02:00,0.198,20,2
2026-06-07 21:08:00,0.136,66,2
2026-06-07 21:14:00,0.13,53,2
2026-06-07 21:20:00,0.212,68,2
2026-06-07 21:26:00,0.222,65,2
2026-06-07 21:32:00,0.251,28,2
2026-06-07 21:38:00,0.241,61,2
2026-06-07 21:44:00,0.414,40,2
2026-06-07 21:50:00,0.41,46,2
2026-06-07 21:56:00,0.194,160,2
2026-06-07 22:02:00,0.449,33,2
2026-06-07 22:08:00,0.49,62,2
2026-06-07 22:14:00,0.517,28,2
2026-06-07 22:20:00,0.552,18,2
2026-06-07 22:26:00,0.548,22,2
2026-06-07 22:32:00,0.69,38,2
2026-06-07 22:38:00,0.711,53,2
2026-06-07 22:44:00,0.684,44,2
2026-06-07 22:50:00,0.669,33,2
2026-06-07 22:56:00,0.744,39,2
2026-06-07 23:02:00,0.684,27,2
2026-06-07 23:08:00,0.75,31,2
2026-06-07 23:14:00,0.725,18,2
2026-06-07 23:20:00,0.727,28,2
2026-06-07 23:26:00,0.696,35,2
2026-06-07 23:32:00,0.669,37,2
2026-06-07 23:38:00,0.671,33,2
2026-06-07 23:44:00,0.64,56,2
2026-06-07 23:50:00,0.527,39,2
2026-06-07 23:56:00,0.513,44,2
2026-06-08 00:02:00,0.558,26,2
2026-06-08 00:08:00,0.531,39,2
2026-06-08 00:14:00,0.449,48,2
2026-06-08 00:20:00,0.505,61,2
2026-06-08 00:26:00,0.437,71,2
2026-06-08 00:32:00,0.416,82,2
2026-06-08 00:38:00,0.377,79,2
2026-06-08 00:44:00,0.294,73,2
2026-06-08 00:50:00,0.309,96,2
2026-06-08 00:56:00,0.334,125,2
2026-06-08 01:02:00,0.303,120,2
2026-06-08 01:08:00,0.208,164,2
2026-06-08 01:14:00,0.138,63,2
2026-06-08 01:20:00,0.126,48,2
2026-06-08 01:26:00,0.163,88,2
2026-06-08 01:32:00,0.122,138,2
2026-06-08 01:38:00,0.066,150,2
2026-06-08 01:44:00,0.082,150,2
2026-06-08 01:50:00,0.117,240,2
2026-06-08 01:56:00,0.276,206,2
2026-06-08 02:02:00,0.29,194,2
2026-06-08 02:08:00,0.332,224,2
2026-06-08 02:14:00,0.422,222,2
2026-06-08 02:20:00,0.35,224,2
2026-06-08 02:26:00,0.412,211,2
2026-06-08 02:32:00,0.511,217,2
2026-06-08 02:38:00,0.478,235,2
2026-06-08 02:44:00,0.511,247,2
2026-06-08 02:50:00,0.527,242,2
2026-06-08 02:56:00,0.478,269,2
2026-06-08 03:02:00,0.381,233,2
2026-06-08 03:08:00,0.4,220,2
2026-06-08 03:14:00,0.352,238,2
2026-06-08 03:20:00,0.288,256,2
2026-06-08 03:26:00,0.284,251,2
2026-06-08 03:32:00,0.426,255,2
2026-06-08 03:38:00,0.317,260,2
2026-06-08 03:44:00,0.336,246,2
2026-06-08 03:50:00,0.295,247,2
2026-06-08 03:56:00,0.297,235,2
2026-06-08 04:02:00,0.439,237,2
2026-06-08 04:08:00,0.406,225,2
2026-06-08 04:14:00,0.414,234,2
2026-06-08 04:20:00,0.451,203,2
2026-06-08 04:26:00,0.49,218,2
2026-06-08 04:32:00,0.603,241,2
2026-06-08 04:38:00,0.562,242,2
2026-06-08 04:44:00,0.566,248,2
2026-06-08 04:50:00,0.579,222,2
2026-06-08 04:56:00,0.634,232,2
2026-06-08 05:02:00,0.717,237,2
2026-06-08 05:08:00,0.729,228,2
2026-06-08 05:14:00,0.711,226,2
2026-06-08 05:20:00,0.688,230,2
2026-06-08 05:26:00,0.735,236,2
2026-06-08 05:32:00,0.725,241,2
2026-06-08 05:38:00,0.622,243,2
2026-06-08 05:44:00,0.706,209,2
2026-06-08 05:50:00,0.655,212,2
2026-06-08 05:56:00,0.676,220,2
2026-06-08 06:02:00,0.686,231,2
2026-06-08 06:08:00,0.731,209,2
2026-06-08 06:14:00,0.62,245,2
2026-06-08 06:20:00,0.713,244,2
2026-06-08 06:26:00,0.754,199,2
2026-06-08 06:32:00,0.877,190,2
2026-06-08 06:38:00,0.869,230,2
2026-06-08 06:44:00,0.781,230,2
2026-06-08 06:50:00,0.713,216,2
2026-06-08 06:56:00,0.572,271,2
2026-06-08 07:02:00,0.651,257,2
2026-06-08 07:08:00,0.599,247,2
2026-06-08 07:14:00,0.533,249,2
2026-06-08 07:20:00,0.556,239,2
2026-06-08 07:26:00,0.465,255,2
2026-06-08 07:32:00,0.305,223,2
2026-06-08 07:38:00,0.385,210,2
2026-06-08 07:44:00,0.395,253,2
2026-06-08 07:50:00,0.364,241,2
2026-06-08 07:56:00,0.509,224,2
2026-06-08 08:02:00,0.511,227,2
2026-06-08 08:08:00,0.247,290,2
2026-06-08 08:14:00,0.253,263,2
2026-06-08 08:20:00,0.292,240,2
2026-06-08 08:26:00,0.262,285,2
2026-06-08 08:32:00,0.332,281,2
2026-06-08 08:38:00,0.212,250,2
2026-06-08 08:44:00,0.179,261,2
2026-06-08 08:50:00,0.253,306,2
2026-06-08 08:56:00,0.21,294,2
2026-06-08 09:02:00,0.064,3,2
2026-06-08 09:08:00,0.148,314,2
2026-06-08 09:14:00,0.167,316,2
2026-06-08 09:20:00,0.132,358,2
2026-06-08 09:26:00,0.156,273,2
2026-06-08 09:32:00,0.175,1,2
2026-06-08 09:38:00,0.105,343,2
2026-06-08 09:44:00,0.204,26,2
2026-06-08 09:50:00,0.103,29,2
2026-06-08 09:56:00,0.266,37,2
2026-06-08 10:02:00,0.206,29,2
2026-06-08 10:08:00,0.225,33,2
2026-06-08 10:14:00,0.187,55,2
2026-06-08 10:20:00,0.239,35,2
2026-06-08 10:26:00,0.305,87,2
2026-06-08 10:32:00,0.303,55,2
2026-06-08 10:38:00,0.255,78,2
2026-06-08 10:44:00,0.33,54,2
2026-06-08 10:50:00,0.418,72,2
2026-06-08 10:56:00,0.286,56,2
2026-06-08 11:02:00,0.342,69,2
2026-06-08 11:08:00,0.354,69,2
2026-06-08 11:14:00,0.268,68,2
2026-06-08 11:20:00,0.336,38,2
2026-06-08 11:26:00,0.218,56,2
2026-06-08 11:32:00,0.303,66,2
2026-06-08 11:38:00,0.206,61,2
2026-06-08 11:44:00,0.19,52,2
2026-06-08 11:50:00,0.216,68,2
2026-06-08 11:56:00,0.27,74,2
2026-06-08 12:02:00,0.169,8,2
2026-06-08 12:08:00,0.229,90,2
2026-06-08 12:14:00,0.19,65,2
2026-06-08 12:20:00,0.159,65,2
2026-06-08 12:26:00,0.093,43,2
2026-06-08 12:32:00,0.072,63,2
2026-06-08 12:38:00,0.047,199,2
2026-06-08 12:44:00,0.086,48,2
2026-06-08 12:50:00,0.056,115,2
2026-06-08 12:56:00,0.091,114,2
2026-06-08 13:02:00,0.01,248,2
2026-06-08 13:08:00,0.074,192,2
2026-06-08 13:14:00,0.058,239,2
2026-06-08 13:20:00,0.124,211,2
2026-06-08 13:26:00,0.064,169,2
2026-06-08 13:32:00,0.202,217,2
2026-06-08 13:38:00,0.225,224,2
2026-06-08 13:44:00,0.292,207,2
2026-06-08 13:50:00,0.239,230,2
2026-06-08 13:56:00,0.126,241,2
2026-06-08 14:02:00,0.233,172,2
2026-06-08 14:08:00,0.218,186,2
2026-06-08 14:14:00,0.297,183,2
2026-06-08 14:20:00,0.278,203,2
2026-06-08 14:26:00,0.34,200,2
2026-06-08 14:32:00,0.463,206,2
2026-06-08 14:38:00,0.235,226,2
2026-06-08 14:44:00,0.2,253,2
2026-06-08 14:50:00,0.284,225,2
2026-06-08 14:56:00,0.268,237,2
2026-06-08 15:02:00,0.309,244,2
2026-06-08 15:08:00,0.309,202,2
2026-06-08 15:14:00,0.299,208,2
2026-06-08 15:20:00,0.284,239,2
2026-06-08 15:26:00,0.356,266,2
2026-06-08 15:32:00,0.301,217,2
2026-06-08 15:38:00,0.299,216,2
2026-06-08 15:44:00,0.393,243,2
2026-06-08 15:50:00,0.391,231,2
2026-06-08 15:56:00,0.465,233,2
2026-06-08 16:02:00,0.503,235,2
2026-06-08 16:08:00,0.531,250,2
2026-06-08 16:14:00,0.531,211,2
2026-06-08 16:20:00,0.509,233,2
2026-06-08 16:26:00,0.509,206,2
2026-06-08 16:32:00,0.459,220,2
2026-06-08 16:38:00,0.498,176,2
2026-06-08 16:44:00,0.572,194,2
2026-06-08 16:50:00,0.64,223,2
2026-06-08 16:56:00,0.69,186,2
2026-06-08 17:02:00,0.702,183,2
2026-06-08 17:08:00,0.743,224,2
2026-06-08 17:14:00,0.776,206,2
2026-06-08 17:20:00,0.694,229,2
2026-06-08 17:26:00,0.68,253,2
2026-06-08 17:32:00,0.851,209,2
2026-06-08 17:38:00,0.676,240,2
2026-06-08 17:44:00,0.585,251,2
2026-06-08 17:50:00,0.502,229,2
2026-06-08 17:56:00,0.566,235,2
2026-06-08 18:02:00,0.371,216,2
2026-06-08 18:08:00,0.387,215,2
2026-06-08 18:14:00,0.369,213,2
2026-06-08 18:20:00,0.356,222,2
2026-06-08 18:26:00,0.395,221,2
2026-06-08 18:32:00,0.383,247,2
2026-06-08 18:38:00,0.383,190,2
2026-06-08 18:44:00,0.395,224,2
2026-06-08 18:50:00,0.317,191,2
2026-06-08 18:56:00,0.235,237,2
2026-06-08 19:02:00,0.264,207,2
2026-06-08 19:08:00,0.266,235,2
2026-06-08 19:14:00,0.235,227,2
2026-06-08 19:20:00,0.198,242,2
2026-06-08 19:26:00,0.231,236,2
2026-06-08 19:32:00,0.101,259,2
2026-06-08 19:38:00,0.159,258,2
2026-06-08 19:44:00,0.14,227,2
2026-06-08 19:50:00,0.115,274,2
2026-06-08 19:56:00,0.076,226,2
2026-06-08 20:02:00,0.033,209,2
2026-06-08 20:08:00,0.13,51,2
2026-06-08 20:14:00,0.01,191,2
2026-06-08 20:20:00,0.136,48,2
2026-06-08 20:26:00,0.208,61,2
2026-06-08 20:32:00,0.336,56,2
2026-06-08 20:38:00,0.348,69,2
2026-06-08 20:44:00,0.268,65,2
2026-06-08 20:50:00,0.418,52,2
2026-06-08 20:56:00,0.41,35,2
2026-06-08 21:02:00,0.356,51,2
2026-06-08 21:08:00,0.453,40,2
2026-06-08 21:14:00,0.395,24,2
2026-06-08 21:20:00,0.445,43,2
2026-06-08 21:26:00,0.527,54,2
2026-06-08 21:32:00,0.587,54,2
2026-06-08 21:38:00,0.55,49,2
2026-06-08 21:44:00,0.502,51,2
2026-06-08 21:50:00,0.513,56,2
2026-06-08 21:56:00,0.511,31,2
2026-06-08 22:02:00,0.511,42,2
2026-06-08 22:08:00,0.645,30,2
2026-06-08 22:14:00,0.758,52,2
2026-06-08 22:20:00,0.731,7,2
2026-06-08 22:26:00,0.715,17,2
2026-06-08 22:32:00,0.776,31,2
2026-06-08 22:38:00,0.797,29,2
2026-06-08 22:44:00,0.789,20,2
2026-06-08 22:50:00,0.848,7,2
2026-06-08 22:56:00,0.795,15,2
2026-06-08 23:02:00,0.875,34,2
2026-06-08 23:08:00,0.849,21,2
2026-06-08 23:14:00,0.929,21,2
2026-06-08 23:20:00,0.923,28,2
2026-06-08 23:26:00,0.772,16,2
2026-06-08 23:32:00,0.801,18,2
2026-06-08 23:38:00,0.83,36,2
2026-06-08 23:44:00,0.832,19,2
2026-06-08 23:50:00,0.941,11,2
2026-06-08 23:56:00,0.904,20,2
2026-06-09 00:02:00,0.875,26,2
2026-06-09 00:08:00,0.846,23,2
2026-06-09 00:14:00,0.851,33,2
2026-06-09 00:20:00,0.834,23,2
2026-06-09 00:26:00,0.886,29,2
2026-06-09 00:32:00,0.826,22,2
2026-06-09 00:38:00,0.832,21,2
2026-06-09 00:44:00,0.842,12,2
2026-06-09 00:50:00,0.836,25,2
2026-06-09 00:56:00,0.836,14,2
2026-06-09 01:02:00,0.768,20,2
2026-06-09 01:08:00,0.869,25,2
2026-06-09 01:14:00,0.766,39,2
2026-06-09 01:20:00,0.762,14,2
2026-06-09 01:26:00,0.762,26,2
2026-06-09 01:32:00,0.77,36,2
2026-06-09 01:38:00,0.612,19,2
2026-06-09 01:44:00,0.694,11,2
2026-06-09 01:50:00,0.601,6,2
2026-06-09 01:56:00,0.581,13,2
2026-06-09 02:02:00,0.556,31,2
2026-06-09 02:08:00,0.538,19,2
2026-06-09 02:14:00,0.509,9,2
2026-06-09 02:20:00,0.367,352,2
2026-06-09 02:26:00,0.365,7,2
2026-06-09 02:32:00,0.311,19,2
2026-06-09 02:38:00,0.375,17,2
2026-06-09 02:44:00,0.502,9,2
2026-06-09 02:50:00,0.389,1,2
2026-06-09 02:56:00,0.416,5,2
2026-06-09 03:02:00,0.354,344,2
2026-06-09 03:08:00,0.342,353,2
2026-06-09 03:14:00,0.274,348,2
2026-06-09 03:20:00,0.262,339,2
2026-06-09 03:26:00,0.27,342,2
2026-06-09 03:32:00,0.262,359,2
2026-06-09 03:38:00,0.177,306,2
2026-06-09 03:44:00,0.237,342,2
2026-06-09 03:50:00,0.27,287,2
2026-06-09 03:56:00,0.369,6,2
2026-06-09 04:02:00,0.29,347,2
2026-06-09 04:08:00,0.222,323,2
2026-06-09 04:14:00,0.319,332,2
2026-06-09 04:20:00,0.239,348,2
2026-06-09 04:26:00,0.187,346,2
2026-06-09 04:32:00,0.229,271,2
2026-06-09 04:38:00,0.183,222,2
2026-06-09 04:44:00,0.177,349,2
2026-06-09 04:50:00,0.161,345,2
2026-06-09 04:56:00,0.121,320,2
2026-06-09 05:02:00,0.117,276,2
2026-06-09 05:08:00,0.124,311,2
2026-06-09 05:14:00,0.208,314,2
2026-06-09 05:20:00,0.243,326,2
2026-06-09 05:26:00,0.21,280,2
2026-06-09 05:32:00,0.124,273,2
2026-06-09 05:38:00,0.138,225,2
2026-06-09 05:44:00,0.206,196,2
2026-06-09 05:50:00,0.121,219,2
2026-06-09 05:56:00,0.264,224,2
2026-06-09 06:02:00,0.192,219,2
2026-06-09 06:08:00,0.202,207,2
2026-06-09 06:14:00,0.208,195,2
2026-06-09 06:20:00,0.161,185,2
2026-06-09 06:26:00,0.196,169,2
2026-06-09 06:32:00,0.253,175,2
2026-06-09 06:38:00,0.177,191,2
2026-06-09 06:44:00,0.222,238,2
2026-06-09 06:50:00,0.286,217,2
2026-06-09 06:56:00,0.15,196,2
2026-06-09 07:02:00,0.239,139,2
2026-06-09 07:08:00,0.379,199,2
2026-06-09 07:14:00,0.463,153,2
2026-06-09 07:20:00,0.323,251,2
2026-06-09 07:26:00,0.336,173,2
2026-06-09 07:32:00,0.48,199,2
2026-06-09 07:38:00,0.505,229,2
2026-06-09 07:44:00,0.595,230,2
2026-06-09 07:50:00,0.581,250,2
2026-06-09 07:56:00,0.634,237,2
2026-06-09 08:02:00,0.572,193,2
2026-06-09 08:08:00,0.713,224,2
2026-06-09 08:14:00,0.572,235,2
2026-06-09 08:20:00,0.56,205,2
2026-06-09 08:26:00,0.502,173,2
2026-06-09 08:32:00,0.605,188,2
2026-06-09 08:38:00,0.686,243,2
2026-06-09 08:44:00,0.616,181,2
2026-06-09 08:50:00,0.498,207,2
2026-06-09 08:56:00,0.505,191,2
2026-06-09 09:02:00,0.393,167,2
2026-06-09 09:08:00,0.418,193,2
2026-06-09 09:14:00,0.435,240,2
2026-06-09 09:20:00,0.433,214,2
2026-06-09 09:26:00,0.449,209,2
2026-06-09 09:32:00,0.385,254,2
2026-06-09 09:38:00,0.288,200,2
2026-06-09 09:44:00,0.299,184,2
2026-06-09 09:50:00,0.295,271,2
2026-06-09 09:56:00,0.19,242,2
2026-06-09 10:02:00,0.165,277,2
2026-06-09 10:08:00,0.132,320,2
2026-06-09 10:14:00,0.189,329,2
2026-06-09 10:20:00,0.225,325,2
2026-06-09 10:26:00,0.29,321,2
2026-06-09 10:32:00,0.284,323,2
2026-06-09 10:38:00,0.241,341,2
2026-06-09 10:44:00,0.222,353,2
2026-06-09 10:50:00,0.297,36,2
2026-06-09 10:56:00,0.167,88,2
2026-06-09 11:02:00,0.397,51,2
2026-06-09 11:08:00,0.449,53,2
2026-06-09 11:14:00,0.184,57,2
2026-06-09 11:20:00,0.328,74,2
2026-06-09 11:26:00,0.45,35,2
2026-06-09 11:32:00,0.599,67,2
2026-06-09 11:38:00,0.534,26,2
2026-06-09 11:44:00,0.489,4,2
2026-06-09 11:50:00,0.488,27,2
2026-06-09 11:56:00,0.623,36,2
2026-06-09 12:02:00,0.521,32,2
2026-06-09 12:08:00,0.462,338,2
2026-06-09 12:14:00,0.532,51,2
2026-06-09 12:20:00,0.586,38,2
2026-06-09 12:26:00,0.486,351,2
2026-06-09 12:32:00,0.559,5,2
2026-06-09 12:38:00,0.561,9,2
2026-06-09 12:44:00,0.598,30,2
2026-06-09 12:50:00,0.484,34,2
2026-06-09 12:56:00,0.562,34,2
2026-06-09 13:02:00,0.543,28,2
2026-06-09 13:08:00,0.438,39,2
2026-06-09 13:14:00,0.466,16,2
2026-06-09 13:20:00,0.447,9,2
2026-06-09 13:26:00,0.44,23,2
2026-06-09 13:32:00,0.447,348,2
2026-06-09 13:38:00,0.398,23,2
2026-06-09 13:44:00,0.346,346,2
2026-06-09 13:50:00,0.311,25,2
2026-06-09 13:56:00,0.353,345,2
2026-06-09 14:02:00,0.386,34,2
2026-06-09 14:08:00,0.329,7,2
2026-06-09 14:14:00,0.332,16,2
2026-06-09 14:20:00,0.197,13,2
2026-06-09 14:26:00,0.231,24,2
2026-06-09 14:32:00,0.191,24,2
2026-06-09 14:38:00,0.287,5,2
2026-06-09 14:44:00,0.194,24,2
2026-06-09 14:50:00,0.11,41,2
2026-06-09 14:56:00,0.27,22,2
2026-06-09 15:02:00,0.102,354,2
2026-06-09 15:08:00,0.052,33,2
2026-06-09 15:14:00,0.119,326,2
2026-06-09 15:20:00,0.061,285,2
2026-06-09 15:26:00,0.039,328,2
2026-06-09 15:32:00,0.093,333,2
2026-06-09 15:44:00,0.18,301,2
2026-06-09 15:50:00,0.155,235,2
2026-06-09 15:56:00,0.14,258,2
2026-06-09 16:02:00,0.222,259,2
2026-06-09 16:08:00,0.107,200,2
2026-06-09 16:14:00,0.066,314,2
2026-06-09 16:20:00,0.208,236,2
2026-06-09 16:26:00,0.151,240,2
2026-06-09 16:32:00,0.175,203,2
2026-06-09 16:38:00,0.143,251,2
2026-06-09 16:44:00,0.173,214,2
2026-06-09 16:50:00,0.288,200,2
2026-06-09 16:56:00,0.27,169,2
2026-06-09 17:02:00,0.324,191,2
2026-06-09 17:08:00,0.327,185,2
2026-06-09 17:14:00,0.438,156,2
2026-06-09 17:20:00,0.342,180,2
2026-06-09 17:26:00,0.491,197,2
2026-06-09 17:32:00,0.51,179,2
2026-06-09 17:38:00,0.382,209,2
2026-06-09 17:44:00,0.474,199,2
2026-06-09 17:50:00,0.495,230,2
2026-06-09 17:56:00,0.579,263,2
2026-06-09 18:02:00,0.582,190,2
2026-06-09 18:08:00,0.661,207,2
2026-06-09 18:14:00,0.669,209,2
2026-06-09 18:20:00,0.544,209,2
2026-06-09 18:26:00,0.66,193,2
2026-06-09 18:32:00,0.674,209,2
2026-06-09 18:38:00,0.707,218,2
2026-06-09 18:44:00,0.665,231,2
2026-06-09 18:50:00,0.75,231,2
2026-06-09 18:56:00,0.666,225,2
2026-06-09 19:02:00,0.624,217,2
2026-06-09 19:08:00,0.311,224,2
2026-06-09 19:14:00,0.668,241,2
2026-06-09 19:20:00,0.714,256,2
2026-06-09 19:26:00,0.536,234,2
2026-06-09 19:32:00,0.645,231,2
2026-06-09 19:38:00,0.539,238,2
2026-06-09 19:44:00,0.688,211,2
2026-06-09 19:50:00,0.644,220,2
2026-06-09 19:56:00,0.499,226,2
2026-06-09 20:02:00,0.56,223,2
2026-06-09 20:08:00,0.441,200,2
2026-06-09 20:14:00,0.501,244,2
2026-06-09 20:20:00,0.5,242,2
2026-06-09 20:26:00,0.514,215,2
2026-06-09 20:32:00,0.348,244,2
2026-06-09 20:38:00,0.527,217,2
2026-06-09 20:44:00,0.349,246,2
2026-06-09 20:50:00,0.331,243,2
2026-06-09 20:56:00,0.18,248,2
2026-06-09 21:02:00,0.06,233,2
2026-06-09 21:08:00,0.105,207,2
2026-06-09 21:14:00,0.218,218,2
2026-06-09 21:20:00,0.301,237,2
2026-06-09 21:26:00,0.285,236,2
2026-06-09 21:32:00,0.124,211,2
2026-06-09 21:38:00,0.13,235,2
2026-06-09 21:44:00,0.008,213,2
2026-06-09 21:50:00,0.068,342,2
2026-06-09 21:56:00,0.207,353,2
2026-06-09 22:02:00,0.238,339,2
2026-06-09 22:08:00,0.311,357,2
2026-06-09 22:14:00,0.235,31,2
2026-06-09 22:20:00,0.35,354,2
2026-06-09 22:26:00,0.438,30,2
2026-06-09 22:32:00,0.479,16,2
2026-06-09 22:38:00,0.551,16,2
2026-06-09 22:44:00,0.614,25,2
2026-06-09 22:50:00,0.537,15,2
2026-06-09 22:56:00,0.57,40,2
2026-06-09 23:02:00,0.581,20,2
2026-06-09 23:08:00,0.609,15,2
2026-06-09 23:14:00,0.722,20,2
2026-06-09 23:20:00,0.811,21,2
2026-06-09 23:26:00,0.84,30,2
2026-06-09 23:32:00,0.967,43,2
2026-06-09 23:38:00,0.951,27,2
2026-06-09 23:44:00,1.047,25,2
2026-06-09 23:50:00,1.141,41,2
2026-06-09 23:56:00,1.172,3,2
2026-06-10 00:02:00,1.148,27,2
2026-06-10 00:08:00,1.18,8,2
2026-06-10 00:14:00,1.256,37,2
2026-06-10 00:20:00,1.294,11,2
2026-06-10 00:26:00,1.272,21,2
2026-06-10 00:32:00,1.314,10,2
2026-06-10 00:38:00,1.429,22,2
2026-06-10 00:44:00,1.272,7,2
2026-06-10 00:50:00,1.414,15,2
2026-06-10 00:56:00,1.419,13,2
2026-06-10 01:02:00,1.367,21,2
2026-06-10 01:08:00,1.306,27,2
2026-06-10 01:14:00,1.391,29,2
2026-06-10 01:20:00,1.363,17,2
2026-06-10 01:26:00,1.288,29,2
2026-06-10 01:32:00,1.253,25,2
2026-06-10 01:38:00,1.246,11,2
2026-06-10 01:44:00,1.263,17,2
2026-06-10 01:50:00,1.141,15,2
2026-06-10 01:56:00,1.132,28,2
2026-06-10 02:02:00,1.161,16,2
2026-06-10 02:08:00,1.115,27,2
2026-06-10 02:14:00,1.148,3,2
2026-06-10 02:20:00,1.033,26,2
2026-06-10 02:26:00,1.067,24,2
2026-06-10 02:32:00,1.137,20,2
2026-06-10 02:38:00,1.036,34,2
2026-06-10 02:44:00,1.0,27,2
2026-06-10 02:50:00,1.029,26,2
2026-06-10 02:56:00,0.931,17,2
2026-06-10 03:02:00,0.854,25,2
2026-06-10 03:08:00,0.859,11,2
2026-06-10 03:14:00,0.721,29,2
2026-06-10 03:20:00,0.624,356,2
2026-06-10 03:26:00,0.633,5,2
2026-06-10 03:32:00,0.645,358,2
2026-06-10 03:38:00,0.6,341,2
2026-06-10 03:44:00,0.794,351,2
2026-06-10 03:50:00,0.58,28,2
2026-06-10 03:56:00,0.528,12,2
2026-06-10 04:02:00,0.496,20,2
2026-06-10 04:08:00,0.489,27,2
2026-06-10 04:14:00,0.437,26,2
2026-06-10 04:20:00,0.505,15,2
2026-06-10 04:26:00,0.402,18,2
2026-06-10 04:32:00,0.284,23,2
2026-06-10 04:38:00,0.278,21,2
2026-06-10 04:44:00,0.304,352,2
2026-06-10 04:50:00,0.316,356,2
2026-06-10 04:56:00,0.327,352,2
2026-06-10 05:02:00,0.32,2,2
2026-06-10 05:08:00,0.351,5,2
2026-06-10 05:14:00,0.264,0,2
2026-06-10 05:20:00,0.168,24,2
2026-06-10 05:26:00,0.15,353,2
2026-06-10 05:32:00,0.12,5,2
2026-06-10 05:38:00,0.115,3,2
2026-06-10 05:44:00,0.082,354,2
2026-06-10 05:50:00,0.076,326,2
2026-06-10 05:56:00,0.064,107,2
2026-06-10 06:02:00,0.052,134,2
2026-06-10 06:08:00,0.018,156,2
2026-06-10 06:14:00,0.051,175,2
2026-06-10 06:20:00,0.096,37,2
2026-06-10 06:26:00,0.072,97,2
2026-06-10 06:32:00,0.107,180,2
2026-06-10 06:38:00,0.107,204,2
2026-06-10 06:44:00,0.137,225,2
2026-06-10 06:50:00,0.17,231,2
2026-06-10 06:56:00,0.323,218,2
2026-06-10 07:02:00,0.326,226,2
2026-06-10 07:08:00,0.443,211,2
2026-06-10 07:14:00,0.436,212,2
2026-06-10 07:20:00,0.392,268,2
2026-06-10 07:26:00,0.388,214,2
2026-06-10 07:32:00,0.264,32,2
2026-06-10 07:38:00,0.49,188,2
2026-06-10 07:44:00,0.504,144,2
2026-06-10 07:50:00,0.455,200,2
2026-06-10 07:56:00,0.458,180,2
2026-06-10 08:02:00,0.367,158,2
2026-06-10 08:08:00,0.54,178,2
2026-06-10 08:14:00,0.513,143,2
2026-06-10 08:20:00,0.566,219,2
2026-06-10 08:26:00,0.548,242,2
2026-06-10 08:32:00,0.61,244,2
2026-06-10 08:38:00,0.764,205,2
2026-06-10 08:44:00,0.881,234,2
2026-06-10 08:50:00,0.865,238,2
2026-06-10 08:56:00,1.057,210,2
2026-06-10 09:02:00,1.147,206,2
2026-06-10 09:08:00,1.172,247,2
2026-06-10 09:14:00,1.217,232,2
2026-06-10 09:20:00,1.071,203,2
2026-06-10 09:26:00,1.11,234,2
2026-06-10 09:32:00,1.046,198,2
2026-06-10 09:38:00,1.235,237,2
2026-06-10 09:44:00,1.23,213,2
2026-06-10 09:50:00,1.287,247,2
2026-06-10 09:56:00,1.175,238,2
2026-06-10 10:02:00,1.251,232,2
2026-06-10 10:14:00,0.892,252,2
2026-06-10 10:20:00,0.683,246,2
2026-06-10 10:26:00,0.565,236,2
2026-06-10 10:32:00,0.402,253,2
2026-06-10 10:38:00,0.373,257,2
2026-06-10 10:44:00,0.234,217,2
2026-06-10 10:50:00,0.143,238,2
2026-06-10 10:56:00,0.224,319,2
2026-06-10 11:02:00,0.169,307,2
2026-06-10 11:08:00,0.222,345,2
2026-06-10 11:14:00,0.376,341,2
2026-06-10 11:20:00,0.309,305,2
2026-06-10 11:26:00,0.361,299,2
2026-06-10 11:32:00,0.259,314,2
2026-06-10 11:38:00,0.255,324,2
2026-06-10 11:44:00,0.312,334,2
2026-06-10 11:50:00,0.183,351,2
2026-06-10 11:56:00,0.15,11,2
2026-06-10 12:02:00,0.158,333,2
2026-06-10 12:08:00,0.21,355,2
2026-06-10 12:14:00,0.218,344,2
2026-06-10 12:20:00,0.149,8,2
2026-06-10 12:26:00,0.183,327,2
2026-06-10 12:32:00,0.2,9,2
2026-06-10 12:38:00,0.247,344,2
2026-06-10 12:44:00,0.352,12,2
2026-06-10 12:56:00,0.37,352,2
2026-06-10 13:02:00,0.389,3,2
2026-06-10 13:08:00,0.267,310,2
2026-06-10 13:14:00,0.359,3,2
2026-06-10 13:20:00,0.261,325,2
2026-06-10 13:26:00,0.351,355,2
2026-06-10 13:32:00,0.35,335,2
2026-06-10 13:38:00,0.384,330,2
2026-06-10 13:44:00,0.403,345,2
2026-06-10 13:50:00,0.443,350,2
2026-06-10 13:56:00,0.387,0,2
2026-06-10 14:02:00,0.419,323,2
2026-06-10 14:08:00,0.422,333,2
2026-06-10 14:14:00,0.331,332,2
2026-06-10 14:20:00,0.315,346,2
2026-06-10 14:26:00,0.26,354,2
2026-06-10 14:32:00,0.225,18,2
2026-06-10 14:38:00,0.213,42,2
2026-06-10 14:44:00,0.148,50,2
2026-06-10 14:50:00,0.249,338,2
2026-06-10 14:56:00,0.2,346,2
2026-06-10 15:02:00,0.242,329,2
2026-06-10 15:08:00,0.223,5,2
2026-06-10 15:14:00,0.226,345,2
2026-06-10 15:20:00,0.305,327,2
2026-06-10 15:26:00,0.193,311,2
2026-06-10 15:32:00,0.121,307,2
2026-06-10 15:38:00,0.134,263,2
2026-06-10 15:44:00,0.121,260,2
2026-06-10 15:50:00,0.202,233,2
2026-06-10 15:56:00,0.148,213,2
2026-06-10 16:02:00,0.255,221,2
2026-06-10 16:08:00,0.353,233,2
2026-06-10 16:14:00,0.402,234,2
2026-06-10 16:20:00,0.484,241,2
2026-06-10 16:26:00,0.417,280,2
2026-06-10 16:32:00,0.457,251,2
2026-06-10 16:38:00,0.401,260,2
2026-06-10 16:44:00,0.544,259,2
2026-06-10 16:50:00,0.515,250,2
2026-06-10 16:56:00,0.513,269,2
2026-06-10 17:02:00,0.523,290,2
2026-06-10 17:08:00,0.471,264,2
2026-06-10 17:14:00,0.598,216,2
2026-06-10 17:20:00,0.655,207,2
2026-06-10 17:26:00,0.703,218,2
2026-06-10 17:32:00,0.713,232,2
2026-06-10 17:38:00,0.749,186,2
2026-06-10 17:44:00,0.761,210,2
2026-06-10 17:50:00,0.774,199,2
2026-06-10 17:56:00,0.785,199,2
2026-06-10 18:02:00,0.874,255,2
2026-06-10 18:08:00,0.905,197,2
2026-06-10 18:14:00,0.745,256,2
2026-06-10 18:20:00,0.827,266,2
2026-06-10 18:26:00,0.781,250,2
2026-06-10 18:32:00,0.961,251,2
2026-06-10 18:38:00,0.841,241,2
2026-06-10 18:44:00,1.062,250,2
2026-06-10 18:50:00,1.0,247,2
2026-06-10 18:56:00,1.044,240,2
2026-06-10 19:02:00,0.879,195,2
2026-06-10 19:08:00,1.07,217,2
2026-06-10 19:14:00,0.989,235,2
2026-06-10 19:20:00,0.936,265,2
2026-06-10 19:26:00,1.03,209,2
2026-06-10 19:32:00,1.115,245,2
2026-06-10 19:38:00,1.123,222,2
2026-06-10 19:44:00,1.271,240,2
2026-06-10 19:50:00,1.284,237,2
2026-06-10 19:56:00,1.241,214,2
2026-06-10 20:02:00,1.145,231,2
2026-06-10 20:08:00,1.081,237,2
2026-06-10 20:14:00,1.075,214,2
2026-06-10 20:20:00,1.128,233,2
2026-06-10 20:26:00,0.989,218,2
2026-06-10 20:32:00,1.057,201,2
2026-06-10 20:38:00,1.071,207,2
2026-06-10 20:44:00,1.01,241,2
2026-06-10 20:50:00,0.989,184,2
2026-06-10 20:56:00,1.033,203,2
2026-06-10 21:02:00,1.026,218,2
2026-06-10 21:08:00,0.996,201,2
2026-06-10 21:14:00,0.999,209,2
2026-06-10 21:20:00,0.975,204,2
2026-06-10 21:26:00,0.933,219,2
2026-06-10 21:32:00,0.915,200,2
2026-06-10 21:38:00,0.823,237,2
2026-06-10 21:44:00,0.764,226,2
2026-06-10 21:50:00,0.655,227,2
2026-06-10 21:56:00,0.58,206,2
2026-06-10 22:02:00,0.526,248,2
2026-06-10 22:08:00,0.557,222,2
2026-06-10 22:14:00,0.534,250,2
2026-06-10 22:20:00,0.444,286,2
2026-06-10 22:26:00,0.372,265,2
2026-06-10 22:32:00,0.4,263,2
2026-06-10 22:38:00,0.267,273,2
2026-06-10 22:44:00,0.295,295,2
2026-06-10 22:50:00,0.213,297,2
2026-06-10 22:56:00,0.197,286,2
2026-06-10 23:02:00,0.107,326,2
2026-06-10 23:08:00,0.081,340,2
2026-06-10 23:14:00,0.14,329,2
2026-06-10 23:20:00,0.043,253,2
2026-06-10 23:26:00,0.268,347,2
2026-06-10 23:32:00,0.343,356,2
2026-06-10 23:38:00,0.309,26,2
2026-06-10 23:44:00,0.36,36,2
2026-06-10 23:50:00,0.383,25,2
2026-06-10 23:56:00,0.468,17,2
2026-06-11 00:02:00,0.537,15,2
2026-06-11 00:08:00,0.543,22,2
2026-06-11 00:14:00,0.589,14,2
2026-06-11 00:20:00,0.566,16,2
2026-06-11 00:26:00,0.682,18,2
2026-06-11 00:32:00,0.773,1,2
2026-06-11 00:38:00,0.728,30,2
2026-06-11 00:44:00,0.815,25,2
2026-06-11 00:50:00,0.866,17,2
2026-06-11 00:56:00,0.906,23,2
2026-06-11 01:02:00,0.82,31,2
2026-06-11 01:08:00,0.775,11,2
2026-06-11 01:14:00,0.798,359,2
2026-06-11 01:20:00,0.834,13,2
2026-06-11 01:26:00,0.922,15,2
2026-06-11 01:32:00,0.901,6,2
2026-06-11 01:38:00,0.886,5,2
2026-06-11 01:44:00,0.987,19,2
2026-06-11 01:50:00,0.862,37,2
2026-06-11 01:56:00,0.818,24,2
2026-06-11 02:02:00,0.833,42,2
2026-06-11 02:08:00,0.867,22,2
2026-06-11 02:14:00,0.849,1,2
2026-06-11 02:20:00,0.775,13,2
2026-06-11 02:26:00,0.768,46,2
2026-06-11 02:32:00,0.744,4,2
2026-06-11 02:38:00,0.781,44,2
2026-06-11 02:44:00,0.718,350,2
2026-06-11 02:50:00,0.702,10,2
2026-06-11 02:56:00,0.758,58,2
2026-06-11 03:02:00,0.645,51,2
2026-06-11 03:08:00,0.698,39,2
2026-06-11 03:14:00,0.676,345,2
2026-06-11 03:20:00,0.62,359,2
2026-06-11 03:26:00,0.583,11,2
2026-06-11 03:32:00,0.512,14,2
2026-06-11 03:38:00,0.472,25,2
2026-06-11 03:44:00,0.359,24,2
2026-06-11 03:50:00,0.263,33,2
2026-06-11 03:56:00,0.36,10,2
2026-06-11 04:02:00,0.28,18,2
2026-06-11 04:08:00,0.18,17,2
2026-06-11 04:14:00,0.143,0,2
2026-06-11 04:20:00,0.113,10,2
2026-06-11 04:26:00,0.133,17,2
2026-06-11 04:32:00,0.154,347,2
2026-06-11 04:38:00,0.099,81,2
2026-06-11 04:44:00,0.154,321,2
2026-06-11 04:50:00,0.011,123,2
2026-06-11 04:56:00,0.039,186,2
2026-06-11 05:02:00,0.122,206,2
2026-06-11 05:08:00,0.152,167,2
2026-06-11 05:14:00,0.135,191,2
2026-06-11 05:20:00,0.255,191,2
2026-06-11 05:26:00,0.088,208,2
2026-06-11 05:32:00,0.258,185,2
2026-06-11 05:38:00,0.224,214,2
2026-06-11 05:44:00,0.3,172,2
2026-06-11 05:50:00,0.343,243,2
2026-06-11 05:56:00,0.452,217,2
2026-06-11 06:02:00,0.442,205,2
2026-06-11 06:08:00,0.398,219,2
2026-06-11 06:14:00,0.44,182,2
2026-06-11 06:20:00,0.489,204,2
2026-06-11 06:26:00,0.443,224,2
2026-06-11 06:32:00,0.332,225,2
2026-06-11 06:38:00,0.51,237,2
2026-06-11 06:44:00,0.529,244,2
2026-06-11 06:50:00,0.62,197,2
2026-06-11 06:56:00,0.623,231,2
2026-06-11 07:02:00,0.669,196,2
2026-06-11 07:08:00,0.687,213,2
2026-06-11 07:14:00,0.806,247,2
2026-06-11 07:20:00,0.706,204,2
2026-06-11 07:26:00,0.661,204,2
2026-06-11 07:32:00,0.828,189,2
2026-06-11 07:38:00,0.813,191,2
2026-06-11 07:44:00,0.855,182,2
2026-06-11 07:50:00,0.805,181,2
2026-06-11 07:56:00,0.887,182,2
2026-06-11 08:02:00,0.802,208,2
2026-06-11 08:08:00,1.041,207,2
2026-06-11 08:14:00,1.007,240,2
2026-06-11 08:20:00,1.014,205,2
2026-06-11 08:26:00,0.939,188,2
2026-06-11 08:32:00,0.899,254,2
2026-06-11 08:38:00,0.93,216,2
2026-06-11 08:44:00,0.94,254,2
2026-06-11 08:50:00,1.006,202,2
2026-06-11 08:56:00,1.041,197,2
2026-06-11 09:02:00,1.158,226,2
2026-06-11 09:08:00,1.348,233,2
2026-06-11 09:14:00,1.192,210,2
2026-06-11 09:20:00,1.196,227,2
2026-06-11 09:26:00,1.188,227,2
2026-06-11 09:32:00,1.185,234,2
2026-06-11 09:38:00,0.986,212,2
2026-06-11 09:44:00,1.069,208,2
2026-06-11 09:50:00,1.017,253,2
2026-06-11 09:56:00,0.996,257,2
2026-06-11 10:02:00,1.042,221,2
2026-06-11 10:08:00,1.281,240,2
2026-06-11 10:14:00,1.218,254,2
2026-06-11 10:20:00,1.114,208,2
2026-06-11 10:26:00,1.162,191,2
2026-06-11 10:32:00,1.023,248,2
2026-06-11 10:38:00,1.008,234,2
2026-06-11 10:44:00,0.938,196,2
2026-06-11 10:50:00,0.872,248,2
2026-06-11 10:56:00,1.076,232,2
2026-06-11 11:02:00,0.97,231,2
2026-06-11 11:08:00,0.96,216,2
2026-06-11 11:14:00,0.869,225,2
2026-06-11 11:20:00,0.835,200,2
2026-06-11 11:26:00,0.814,252,2
2026-06-11 11:32:00,0.656,239,2
2026-06-11 11:38:00,0.567,243,2
2026-06-11 11:44:00,0.558,239,2
2026-06-11 11:50:00,0.636,267,2
2026-06-11 11:56:00,0.628,195,2
2026-06-11 12:02:00,0.515,280,2
2026-06-11 12:08:00,0.403,274,2
2026-06-11 12:14:00,0.462,235,2
2026-06-11 12:20:00,0.455,306,2
2026-06-11 12:26:00,0.309,248,2
2026-06-11 12:32:00,0.202,258,2
2026-06-11 12:38:00,0.162,269,2
2026-06-11 12:44:00,0.245,250,2
2026-06-11 12:50:00,0.196,28,2
2026-06-11 12:56:00,0.157,292,2
2026-06-11 13:02:00,0.239,11,2
2026-06-11 13:08:00,0.238,342,2
2026-06-11 13:14:00,0.216,346,2
2026-06-11 13:20:00,0.121,25,2
2026-06-11 13:26:00,0.122,62,2
2026-06-11 13:32:00,0.205,340,2
2026-06-11 13:38:00,0.305,355,2
2026-06-11 13:44:00,0.268,341,2
2026-06-11 13:50:00,0.31,357,2
2026-06-11 13:56:00,0.257,11,2
2026-06-11 14:02:00,0.328,329,2
2026-06-11 14:08:00,0.371,331,2
2026-06-11 14:14:00,0.397,342,2
2026-06-11 14:20:00,0.28,5,2
2026-06-11 14:38:00,0.334,332,2
2026-06-11 14:44:00,0.355,337,2
2026-06-11 14:50:00,0.412,348,2
2026-06-11 14:56:00,0.428,7,2
2026-06-11 15:02:00,0.325,358,2
2026-06-11 15:08:00,0.311,340,2
2026-06-11 15:14:00,0.266,358,2
2026-06-11 15:20:00,0.327,318,2
2026-06-11 15:26:00,0.223,304,2
2026-06-11 15:32:00,0.266,9,2
2026-06-11 15:38:00,0.263,353,2
2026-06-11 15:44:00,0.3,316,2
2026-06-11 15:50:00,0.329,349,2
2026-06-11 15:56:00,0.272,15,2
2026-06-11 16:02:00,0.23,2,2
2026-06-11 16:08:00,0.155,24,2
2026-06-11 16:14:00,0.142,338,2
2026-06-11 16:20:00,0.088,334,2
2026-06-11 16:26:00,0.098,285,2
2026-06-11 16:32:00,0.039,348,2
2026-06-11 16:38:00,0.116,245,2
2026-06-11 16:44:00,0.099,254,2
2026-06-11 16:50:00,0.147,264,2
2026-06-11 16:56:00,0.089,239,2
2026-06-11 17:02:00,0.177,191,2
2026-06-11 17:08:00,0.22,210,2
2026-06-11 17:14:00,0.195,208,2
2026-06-11 17:20:00,0.26,232,2
2026-06-11 17:26:00,0.215,206,2
2026-06-11 17:32:00,0.269,233,2
2026-06-11 17:38:00,0.299,208,2
2026-06-11 17:44:00,0.268,228,2
2026-06-11 17:50:00,0.282,238,2
2026-06-11 17:56:00,0.44,234,2
2026-06-11 18:02:00,0.392,200,2
2026-06-11 18:08:00,0.415,230,2
2026-06-11 18:14:00,0.396,208,2
2026-06-11 18:20:00,0.448,234,2
2026-06-11 18:26:00,0.531,223,2
2026-06-11 18:32:00,0.576,218,2
2026-06-11 18:38:00,0.554,198,2
2026-06-11 18:44:00,0.617,185,2
2026-06-11 18:50:00,0.772,160,2
2026-06-11 18:56:00,0.827,165,2
2026-06-11 19:02:00,0.719,181,2
2026-06-11 19:08:00,0.731,205,2
2026-06-11 19:14:00,0.636,166,2
2026-06-11 19:20:00,0.789,218,2
2026-06-11 19:26:00,0.706,198,2
2026-06-11 19:32:00,0.849,219,2
2026-06-11 19:38:00,0.862,234,2
2026-06-11 19:44:00,0.909,212,2
2026-06-11 19:50:00,0.853,193,2
2026-06-11 19:56:00,0.768,210,2
2026-06-11 20:02:00,0.856,223,2
2026-06-11 20:08:00,0.792,201,2
2026-06-11 20:14:00,0.75,231,2
2026-06-11 20:20:00,0.704,231,2
2026-06-11 20:26:00,0.689,177,2
2026-06-11 20:32:00,0.554,214,2
2026-06-11 20:38:00,0.541,236,2
2026-06-11 20:44:00,0.529,217,2
2026-06-11 20:50:00,0.553,199,2
2026-06-11 20:56:00,0.541,209,2
2026-06-11 21:02:00,0.567,240,2
2026-06-11 21:08:00,0.304,187,2
2026-06-11 21:14:00,0.424,167,2
2026-06-11 21:20:00,0.513,170,2
2026-06-11 21:26:00,0.421,203,2
2026-06-11 21:32:00,0.435,198,2
2026-06-11 21:38:00,0.321,165,2
2026-06-11 21:44:00,0.329,135,2
2026-06-11 21:50:00,0.324,201,2
2026-06-11 21:56:00,0.437,185,2
2026-06-11 22:02:00,0.342,145,2
2026-06-11 22:08:00,0.248,177,2
2026-06-11 22:14:00,0.367,164,2
2026-06-11 22:20:00,0.214,158,2
2026-06-11 22:26:00,0.322,122,2
2026-06-11 22:32:00,0.115,206,2
2026-06-11 22:38:00,0.129,210,2
2026-06-11 22:44:00,0.156,224,2
2026-06-11 22:50:00,0.163,208,2
2026-06-11 22:56:00,0.113,226,2
2026-06-11 23:02:00,0.101,268,2
2026-06-11 23:08:00,0.152,291,2
2026-06-11 23:14:00,0.072,306,2
2026-06-11 23:20:00,0.319,349,2
2026-06-11 23:26:00,0.266,354,2
2026-06-11 23:32:00,0.34,348,2
2026-06-11 23:38:00,0.435,2,2
2026-06-11 23:44:00,0.333,18,2
2026-06-11 23:50:00,0.438,9,2
2026-06-11 23:56:00,0.521,19,2
2026-06-12 00:02:00,0.599,27,2
2026-06-12 00:08:00,0.645,2,2
2026-06-12 00:14:00,0.559,5,2
2026-06-12 00:20:00,0.664,355,2
2026-06-12 00:26:00,0.664,21,2
2026-06-12 00:32:00,0.796,343,2
2026-06-12 00:38:00,0.757,0,2
2026-06-12 00:44:00,0.772,17,2
2026-06-12 00:50:00,0.82,3,2
2026-06-12 00:56:00,0.894,7,2
2026-06-12 01:02:00,0.894,0,2
2026-06-12 01:08:00,0.958,3,2
2026-06-12 01:14:00,0.942,32,2
2026-06-12 01:20:00,0.942,358,2
2026-06-12 01:26:00,0.989,37,2
2026-06-12 01:32:00,0.93,14,2
2026-06-12 01:38:00,1.064,351,2
2026-06-12 01:44:00,1.054,20,2
2026-06-12 01:50:00,1.066,6,2
2026-06-12 01:56:00,1.116,10,2
2026-06-12 02:02:00,1.054,19,2
2026-06-12 02:08:00,0.979,9,2
2026-06-12 02:14:00,0.935,24,2
2026-06-12 02:20:00,1.051,17,2
2026-06-12 02:26:00,1.01,9,2
2026-06-12 02:32:00,0.954,24,2
2026-06-12 02:38:00,0.994,13,2
2026-06-12 02:44:00,0.989,32,2
2026-06-12 02:50:00,1.131,37,2
2026-06-12 02:56:00,1.1,45,2
2026-06-12 03:02:00,1.056,35,2
2026-06-12 03:08:00,1.113,43,2
2026-06-12 03:14:00,1.169,13,2
2026-06-12 03:20:00,1.117,6,2
2026-06-12 03:26:00,1.055,50,2
2026-06-12 03:32:00,1.069,0,2
2026-06-12 03:38:00,1.043,9,2
2026-06-12 03:44:00,0.98,41,2
2026-06-12 03:50:00,0.888,29,2
2026-06-12 03:56:00,0.797,31,2
2026-06-12 04:02:00,0.735,21,2
2026-06-12 04:08:00,0.738,37,2
2026-06-12 04:14:00,0.711,17,2
2026-06-12 04:20:00,0.698,3,2
2026-06-12 04:26:00,0.66,8,2
2026-06-12 04:32:00,0.547,2,2
2026-06-12 04:38:00,0.431,358,2
2026-06-12 04:44:00,0.381,32,2
2026-06-12 04:50:00,0.322,34,2
2026-06-12 04:56:00,0.324,13,2
2026-06-12 05:02:00,0.247,356,2
2026-06-12 05:08:00,0.31,359,2
2026-06-12 05:14:00,0.179,358,2
2026-06-12 05:20:00,0.09,356,2
2026-06-12 05:26:00,0.194,13,2
2026-06-12 05:32:00,0.185,9,2
2026-06-12 05:38:00,0.134,28,2
2026-06-12 05:44:00,0.109,326,2
2026-06-12 05:50:00,0.113,359,2
2026-06-12 05:56:00,0.065,35,2
2026-06-12 06:02:00,0.104,325,2
2026-06-12 06:08:00,0.081,199,2
2026-06-12 06:14:00,0.107,337,2
2026-06-12 06:20:00,0.176,234,2
2026-06-12 06:26:00,0.12,229,2
2026-06-12 06:32:00,0.087,242,2
2026-06-12 06:38:00,0.26,235,2
2026-06-12 06:44:00,0.337,262,2
2026-06-12 06:50:00,0.385,248,2
2026-06-12 06:56:00,0.441,259,2
2026-06-12 07:02:00,0.326,245,2
2026-06-12 07:08:00,0.431,224,2
2026-06-12 07:14:00,0.459,231,2
2026-06-12 07:20:00,0.381,180,2
2026-06-12 07:26:00,0.436,218,2
2026-06-12 07:32:00,0.601,216,2
2026-06-12 07:38:00,0.489,230,2
2026-06-12 07:44:00,0.614,181,2
2026-06-12 07:50:00,0.69,178,2
2026-06-12 07:56:00,0.587,180,2
2026-06-12 08:02:00,0.694,176,2
2026-06-12 08:08:00,0.83,182,2
2026-06-12 08:14:00,0.719,212,2
2026-06-12 08:20:00,0.778,205,2
2026-06-12 08:26:00,1.006,217,2
2026-06-12 08:32:00,0.942,196,2
2026-06-12 08:38:00,0.844,234,2
2026-06-12 08:44:00,0.919,195,2
2026-06-12 08:50:00,0.989,247,2
2026-06-12 08:56:00,1.257,189,2
2026-06-12 09:02:00,1.221,230,2
2026-06-12 09:08:00,1.181,216,2
2026-06-12 09:14:00,1.361,196,2
2026-06-12 09:20:00,1.3,211,2
2026-06-12 09:26:00,1.26,242,2
2026-06-12 09:32:00,1.137,199,2
2026-06-12 09:38:00,1.131,220,2
2026-06-12 09:44:00,1.359,219,2
2026-06-12 09:50:00,1.522,204,2
2026-06-12 10:02:00,1.679,224,2
2026-06-12 10:08:00,1.53,221,2
2026-06-12 10:14:00,1.609,206,2
2026-06-12 10:20:00,1.482,221,2
2026-06-12 10:26:00,1.509,228,2
2026-06-12 10:32:00,1.464,231,2
2026-06-12 10:38:00,1.222,201,2
2026-06-12 10:44:00,1.258,229,2
2026-06-12 10:50:00,1.341,198,2
2026-06-12 10:56:00,1.344,187,2
2026-06-12 11:02:00,1.41,231,2
2026-06-12 11:08:00,1.299,224,2
2026-06-12 11:14:00,1.171,205,2
2026-06-12 11:20:00,1.142,210,2
2026-06-12 11:26:00,1.088,231,2
2026-06-12 11:32:00,0.98,203,2
2026-06-12 11:38:00,0.863,207,2
2026-06-12 11:44:00,0.963,193,2
2026-06-12 11:50:00,0.873,213,2
2026-06-12 11:56:00,0.835,192,2
2026-06-12 12:02:00,0.755,198,2
2026-06-12 12:08:00,0.654,214,2
2026-06-12 12:14:00,0.557,219,2
2026-06-12 12:20:00,0.575,203,2
2026-06-12 12:26:00,0.591,231,2
2026-06-12 12:32:00,0.493,267,2
2026-06-12 12:38:00,0.377,168,2
2026-06-12 12:44:00,0.315,252,2
2026-06-12 12:50:00,0.258,268,2
2026-06-12 12:56:00,0.185,239,2
2026-06-12 13:02:00,0.233,199,2
2026-06-12 13:08:00,0.131,264,2
2026-06-12 13:14:00,0.096,251,2
2026-06-12 13:20:00,0.169,302,2
2026-06-12 13:26:00,0.146,293,2
2026-06-12 13:32:00,0.092,255,2
2026-06-12 13:38:00,0.266,297,2
2026-06-12 13:44:00,0.105,253,2
2026-06-12 13:50:00,0.135,25,2
2026-06-12 13:56:00,0.116,357,2
2026-06-12 14:02:00,0.135,9,2
2026-06-12 14:14:00,0.311,351,2
2026-06-12 14:20:00,0.334,18,2
2026-06-12 14:26:00,0.243,356,2
2026-06-12 14:32:00,0.293,5,2
2026-06-12 14:38:00,0.232,32,2
2026-06-12 14:44:00,0.242,332,2
2026-06-12 14:50:00,0.359,321,2
2026-06-12 14:56:00,0.392,32,2
2026-06-12 15:02:00,0.361,7,2
2026-06-12 15:08:00,0.448,9,2
2026-06-12 15:14:00,0.448,14,2
2026-06-12 15:20:00,0.378,358,2
2026-06-12 15:26:00,0.351,330,2
2026-06-12 15:32:00,0.361,10,2
2026-06-12 15:38:00,0.313,21,2
2026-06-12 15:44:00,0.346,27,2
2026-06-12 15:50:00,0.277,357,2
2026-06-12 15:56:00,0.362,354,2
2026-06-12 16:02:00,0.343,352,2
2026-06-12 16:08:00,0.292,348,2
2026-06-12 16:14:00,0.303,308,2
2026-06-12 16:20:00,0.255,298,2
2026-06-12 16:26:00,0.338,343,2
2026-06-12 16:32:00,0.336,331,2
2026-06-12 16:38:00,0.401,289,2
2026-06-12 16:44:00,0.326,302,2
2026-06-12 16:50:00,0.382,287,2
2026-06-12 16:56:00,0.357,279,2
2026-06-12 17:02:00,0.115,206,2
2026-06-12 17:08:00,0.2,258,2
2026-06-12 17:14:00,0.205,294,2
2026-06-12 17:20:00,0.346,276,2
2026-06-12 17:26:00,0.239,347,2
2026-06-12 17:32:00,0.383,295,2
2026-06-12 17:38:00,0.254,304,2
2026-06-12 17:44:00,0.284,310,2
2026-06-12 17:50:00,0.272,286,2
2026-06-12 17:56:00,0.219,315,2
2026-06-12 18:02:00,0.289,327,2
2026-06-12 18:08:00,0.284,293,2
2026-06-12 18:14:00,0.302,272,2
2026-06-12 18:20:00,0.424,307,2
2026-06-12 18:26:00,0.334,279,2
2026-06-12 18:32:00,0.222,274,2
2026-06-12 18:38:00,0.343,172,2
2026-06-12 18:44:00,0.245,226,2
2026-06-12 18:50:00,0.399,281,2
2026-06-12 18:56:00,0.454,212,2
2026-06-12 19:02:00,0.621,269,2
2026-06-12 19:08:00,0.522,224,2
2026-06-12 19:14:00,0.595,212,2
2026-06-12 19:20:00,0.649,247,2
2026-06-12 19:26:00,0.662,211,2
2026-06-12 19:32:00,0.716,232,2
2026-06-12 19:38:00,0.729,259,2
2026-06-12 19:44:00,0.731,210,2
2026-06-12 19:50:00,0.726,223,2
2026-06-12 19:56:00,0.731,243,2
2026-06-12 20:02:00,0.757,180,2
2026-06-12 20:08:00,0.653,240,2
2026-06-12 20:14:00,0.777,202,2
2026-06-12 20:20:00,0.692,187,2
2026-06-12 20:26:00,0.8,197,2
2026-06-12 20:32:00,0.769,232,2
2026-06-12 20:38:00,0.777,203,2
2026-06-12 20:50:00,0.665,214,2
2026-06-12 20:56:00,0.66,187,2
2026-06-12 21:02:00,0.72,220,2
2026-06-12 21:08:00,0.667,211,2
2026-06-12 21:14:00,0.703,227,2
2026-06-12 21:20:00,0.554,206,2
2026-06-12 21:26:00,0.731,199,2
2026-06-12 21:32:00,0.726,228,2
2026-06-12 21:38:00,0.686,159,2
2026-06-12 21:44:00,0.828,215,2
2026-06-12 21:50:00,0.753,207,2
2026-06-12 21:56:00,0.719,182,2
2026-06-12 22:02:00,0.869,170,2
2026-06-12 22:08:00,0.628,169,2
2026-06-12 22:14:00,0.613,213,2
2026-06-12 22:20:00,0.597,244,2
2026-06-12 22:26:00,0.695,228,2
2026-06-12 22:32:00,0.65,242,2
2026-06-12 22:38:00,0.459,224,2
2026-06-12 22:44:00,0.432,201,2
2026-06-12 22:50:00,0.368,194,2
2026-06-12 22:56:00,0.339,218,2
2026-06-12 23:02:00,0.28,236,2
2026-06-12 23:08:00,0.129,254,2
2026-06-12 23:14:00,0.093,268,2
2026-06-12 23:20:00,0.111,293,2
2026-06-12 23:26:00,0.117,295,2
2026-06-12 23:32:00,0.182,306,2
2026-06-12 23:38:00,0.137,353,2
2026-06-12 23:44:00,0.302,337,2
2026-06-12 23:50:00,0.083,18,2
2026-06-12 23:56:00,0.206,346,2
2026-06-13 00:02:00,0.307,6,2
2026-06-13 00:08:00,0.298,320,2
2026-06-13 00:14:00,0.248,13,2
2026-06-13 00:20:00,0.308,33,2
2026-06-13 00:26:00,0.345,12,2
2026-06-13 00:32:00,0.349,355,2
2026-06-13 00:38:00,0.36,8,2
2026-06-13 00:44:00,0.361,18,2
2026-06-13 00:50:00,0.426,5,2
2026-06-13 00:56:00,0.413,17,2
2026-06-13 01:02:00,0.508,13,2
2026-06-13 01:08:00,0.586,9,2
2026-06-13 01:14:00,0.693,7,2
2026-06-13 01:20:00,0.622,35,2
2026-06-13 01:26:00,0.716,4,2
2026-06-13 01:32:00,0.745,17,2
2026-06-13 01:38:00,0.79,357,2
2026-06-13 01:44:00,0.773,16,2
2026-06-13 01:50:00,0.78,351,2
2026-06-13 01:56:00,0.877,12,2
2026-06-13 02:02:00,0.921,348,2
2026-06-13 02:08:00,0.828,34,2
2026-06-13 02:14:00,0.957,17,2
2026-06-13 02:20:00,0.831,12,2
2026-06-13 02:26:00,0.944,11,2
2026-06-13 02:32:00,0.891,9,2
2026-06-13 02:38:00,1.001,8,2
2026-06-13 02:44:00,0.917,38,2
2026-06-13 02:50:00,0.941,38,2
2026-06-13 02:56:00,0.959,30,2
2026-06-13 03:02:00,0.983,356,2
2026-06-13 03:08:00,0.946,35,2
2026-06-13 03:14:00,0.893,7,2
2026-06-13 03:20:00,0.886,40,2
2026-06-13 03:26:00,0.818,3,2
2026-06-13 03:32:00,0.807,354,2
2026-06-13 03:38:00,0.928,20,2
2026-06-13 03:44:00,0.82,16,2
2026-06-13 03:50:00,0.86,356,2
2026-06-13 03:56:00,0.856,1,2
2026-06-13 04:02:00,0.901,353,2
2026-06-13 04:08:00,0.869,344,2
2026-06-13 04:14:00,0.888,13,2
2026-06-13 04:20:00,0.88,37,2
2026-06-13 04:26:00,0.834,18,2
2026-06-13 04:32:00,0.717,358,2
2026-06-13 04:38:00,0.715,31,2
2026-06-13 04:44:00,0.693,36,2
2026-06-13 04:50:00,0.721,359,2
2026-06-13 04:56:00,0.68,357,2
2026-06-13 05:02:00,0.649,348,2
2026-06-13 05:08:00,0.492,22,2
2026-06-13 05:14:00,0.518,5,2
2026-06-13 05:20:00,0.43,5,2
2026-06-13 05:26:00,0.342,354,2
2026-06-13 05:32:00,0.272,6,2
2026-06-13 05:38:00,0.328,14,2
2026-06-13 05:44:00,0.257,4,2
2026-06-13 05:50:00,0.264,348,2
2026-06-13 05:56:00,0.21,331,2
2026-06-13 06:02:00,0.277,344,2
2026-06-13 06:08:00,0.186,9,2
2026-06-13 06:14:00,0.158,242,2
2026-06-13 06:20:00,0.47,4,2
2026-06-13 06:26:00,0.233,15,2
2026-06-13 06:32:00,0.045,78,2
2026-06-13 06:38:00,0.062,297,2
2026-06-13 06:44:00,0.198,230,2
2026-06-13 06:50:00,0.175,186,2
2026-06-13 06:56:00,0.158,249,2
2026-06-13 07:02:00,0.239,232,2
2026-06-13 07:08:00,0.304,227,2
2026-06-13 07:14:00,0.305,249,2
2026-06-13 07:20:00,0.396,232,2
2026-06-13 07:26:00,0.423,240,2
2026-06-13 07:32:00,0.434,219,2
2026-06-13 07:38:00,0.547,193,2
2026-06-13 07:44:00,0.515,194,2
2026-06-13 07:50:00,0.521,244,2
2026-06-13 07:56:00,0.542,167,2
2026-06-13 08:02:00,0.733,180,2
2026-06-13 08:08:00,0.774,271,2
2026-06-13 08:14:00,0.791,192,2
2026-06-13 08:20:00,0.792,236,2
2026-06-13 08:26:00,0.834,243,2
2026-06-13 08:32:00,0.779,200,2
2026-06-13 08:38:00,0.928,214,2
2026-06-13 08:44:00,0.965,220,2
2026-06-13 08:50:00,1.04,250,2
2026-06-13 08:56:00,1.029,238,2
2026-06-13 09:02:00,1.08,247,2
2026-06-13 09:08:00,1.11,222,2
2026-06-13 09:14:00,1.146,223,2
2026-06-13 09:20:00,1.319,194,2
2026-06-13 09:26:00,1.349,210,2
2026-06-13 09:32:00,1.3,208,2
2026-06-13 09:38:00,1.526,239,2
2026-06-13 09:44:00,1.51,224,2
2026-06-13 09:50:00,1.573,213,2
2026-06-13 09:56:00,1.542,216,2
2026-06-13 10:02:00,1.591,207,2
2026-06-13 10:08:00,1.556,221,2
2026-06-13 10:14:00,1.52,221,2
2026-06-13 10:20:00,1.499,222,2
2026-06-13 10:26:00,1.458,209,2
2026-06-13 10:32:00,1.512,214,2
2026-06-13 10:38:00,1.567,225,2
2026-06-13 10:44:00,1.505,196,2
2026-06-13 10:50:00,1.469,185,2
2026-06-13 10:56:00,1.494,213,2
2026-06-13 11:02:00,1.592,191,2
2026-06-13 11:08:00,1.622,218,2
2026-06-13 11:14:00,1.643,207,2
2026-06-13 11:20:00,1.645,184,2
2026-06-13 11:26:00,1.641,224,2
2026-06-13 11:32:00,1.671,226,2
2026-06-13 11:38:00,1.659,196,2
2026-06-13 11:44:00,1.687,193,2
2026-06-13 11:50:00,1.653,203,2
2026-06-13 11:56:00,1.681,218,2
2026-06-13 12:02:00,1.678,192,2
2026-06-13 12:08:00,1.508,218,2
2026-06-13 12:14:00,1.507,206,2
2026-06-13 12:20:00,1.488,186,2
2026-06-13 12:26:00,1.474,209,2
2026-06-13 12:32:00,1.437,225,2
2026-06-13 12:38:00,1.34,217,2
2026-06-13 12:44:00,1.261,176,2
2026-06-13 12:50:00,1.276,220,2
2026-06-13 12:56:00,1.223,179,2
2026-06-13 13:02:00,1.143,183,2
2026-06-13 13:08:00,1.036,196,2
2026-06-13 13:14:00,0.822,192,2
2026-06-13 13:20:00,0.866,186,2
2026-06-13 13:26:00,0.828,193,2
2026-06-13 13:32:00,0.729,221,2
2026-06-13 13:38:00,0.531,223,2
2026-06-13 13:44:00,0.6,189,2
2026-06-13 13:50:00,0.51,165,2
2026-06-13 13:56:00,0.324,197,2
2026-06-13 14:02:00,0.447,190,2
2026-06-13 14:08:00,0.325,231,2
2026-06-13 14:14:00,0.238,250,2
2026-06-13 14:20:00,0.137,220,2
2026-06-13 14:26:00,0.086,194,2
2026-06-13 14:32:00,0.084,170,2
2026-06-13 14:38:00,0.097,152,2
2026-06-13 14:44:00,0.084,64,2
2026-06-13 14:50:00,0.154,23,2
2026-06-13 14:56:00,0.121,36,2
2026-06-13 15:02:00,0.099,106,2
2026-06-13 15:08:00,0.227,52,2
2026-06-13 15:14:00,0.23,345,2
2026-06-13 15:20:00,0.17,109,2
2026-06-13 15:26:00,0.305,100,2
2026-06-13 15:32:00,0.357,83,2
2026-06-13 15:38:00,0.468,70,2
2026-06-13 15:44:00,0.416,73,2
2026-06-13 15:50:00,0.366,37,2
2026-06-13 15:56:00,0.465,7,2
2026-06-13 16:02:00,0.509,68,2
2026-06-13 16:08:00,0.514,6,2
2026-06-13 16:14:00,0.521,30,2
2026-06-13 16:20:00,0.448,31,2
2026-06-13 16:26:00,0.422,34,2
2026-06-13 16:32:00,0.34,79,2
2026-06-13 16:38:00,0.397,40,2
2026-06-13 16:44:00,0.461,62,2
2026-06-13 16:50:00,0.388,50,2
2026-06-13 16:56:00,0.439,7,2
2026-06-13 17:02:00,0.433,15,2
2026-06-13 17:08:00,0.392,58,2
2026-06-13 17:14:00,0.287,64,2
2026-06-13 17:20:00,0.296,49,2
2026-06-13 17:26:00,0.255,36,2
2026-06-13 17:32:00,0.211,73,2
2026-06-13 17:38:00,0.144,75,2
2026-06-13 17:44:00,0.225,102,2
2026-06-13 17:50:00,0.139,50,2
2026-06-13 17:56:00,0.139,103,2
2026-06-13 18:02:00,0.053,70,2
2026-06-13 18:08:00,0.08,254,2
2026-06-13 18:14:00,0.089,184,2
2026-06-13 18:20:00,0.039,186,2
2026-06-13 18:26:00,0.094,202,2
2026-06-13 18:32:00,0.023,258,2
2026-06-13 18:38:00,0.087,207,2
2026-06-13 18:44:00,0.222,193,2
2026-06-13 18:50:00,0.359,153,2
2026-06-13 18:56:00,0.182,153,2
2026-06-13 19:02:00,0.299,201,2
2026-06-13 19:08:00,0.267,222,2
2026-06-13 19:14:00,0.116,217,2
2026-06-13 19:20:00,0.226,223,2
2026-06-13 19:26:00,0.335,213,2
2026-06-13 19:32:00,0.323,214,2
2026-06-13 19:38:00,0.38,229,2
2026-06-13 19:44:00,0.384,208,2
2026-06-13 19:50:00,0.372,194,2
2026-06-13 19:56:00,0.528,215,2
2026-06-13 20:02:00,0.471,178,2
2026-06-13 20:08:00,0.584,235,2
2026-06-13 20:14:00,0.51,200,2
2026-06-13 20:20:00,0.608,169,2
2026-06-13 20:26:00,0.514,162,2
2026-06-13 20:32:00,0.547,215,2
2026-06-13 20:38:00,0.553,266,2
2026-06-13 20:44:00,0.607,223,2
2026-06-13 20:50:00,0.668,226,2
2026-06-13 20:56:00,0.62,208,2
2026-06-13 21:02:00,0.732,211,2
2026-06-13 21:08:00,0.746,232,2
2026-06-13 21:14:00,0.749,243,2
2026-06-13 21:20:00,0.662,236,2
2026-06-13 21:26:00,0.757,234,2
2026-06-13 21:32:00,0.815,195,2
2026-06-13 21:38:00,0.756,237,2
2026-06-13 21:44:00,0.847,204,2
2026-06-13 21:50:00,0.733,199,2
2026-06-13 21:56:00,0.701,235,2
2026-06-13 22:02:00,0.722,191,2
2026-06-13 22:08:00,0.715,262,2
2026-06-13 22:14:00,0.735,227,2
2026-06-13 22:20:00,0.713,172,2
2026-06-13 22:26:00,0.704,258,2
2026-06-13 22:32:00,0.705,198,2
2026-06-13 22:38:00,0.629,242,2
2026-06-13 22:44:00,0.477,215,2
2026-06-13 22:50:00,0.424,208,2
2026-06-13 22:56:00,0.48,203,2
2026-06-13 23:02:00,0.351,173,2
2026-06-13 23:08:00,0.402,237,2
2026-06-13 23:14:00,0.327,221,2
2026-06-13 23:20:00,0.312,191,2
2026-06-13 23:26:00,0.344,228,2
2026-06-13 23:32:00,0.222,255,2
2026-06-13 23:38:00,0.271,237,2
2026-06-13 23:44:00,0.241,181,2
2026-06-13 23:50:00,0.254,180,2
2026-06-13 23:56:00,0.177,250,2
2026-06-14 00:02:00,0.173,239,2
2026-06-14 00:08:00,0.149,194,2
2026-06-14 00:14:00,0.057,252,2
2026-06-14 00:20:00,0.056,292,2
2026-06-14 00:26:00,0.09,355,2
2026-06-14 00:32:00,0.143,355,2
2026-06-14 00:38:00,0.183,333,2
2026-06-14 00:44:00,0.205,74,2
2026-06-14 00:50:00,0.203,343,2
2026-06-14 00:56:00,0.28,20,2
2026-06-14 01:02:00,0.488,21,2
2026-06-14 01:08:00,0.444,23,2
2026-06-14 01:14:00,0.495,32,2
2026-06-14 01:20:00,0.493,30,2
2026-06-14 01:26:00,0.614,26,2
2026-06-14 01:32:00,0.569,44,2
2026-06-14 01:38:00,0.656,7,2
2026-06-14 01:44:00,0.667,29,2
2026-06-14 01:50:00,0.673,5,2
2026-06-14 01:56:00,0.74,353,2
2026-06-14 02:02:00,0.89,32,2
2026-06-14 02:08:00,0.832,50,2
2026-06-14 02:14:00,0.876,42,2
2026-06-14 02:20:00,0.995,11,2
2026-06-14 02:26:00,0.934,31,2
2026-06-14 02:32:00,1.06,34,2
2026-06-14 02:38:00,1.128,47,2
2026-06-14 02:44:00,1.096,34,2
2026-06-14 02:50:00,1.067,9,2
2026-06-14 02:56:00,1.068,26,2
2026-06-14 03:02:00,1.082,14,2
2026-06-14 03:08:00,1.189,13,2
2026-06-14 03:14:00,1.078,23,2
2026-06-14 03:20:00,1.073,4,2
2026-06-14 03:26:00,1.146,21,2
2026-06-14 03:32:00,1.084,353,2
2026-06-14 03:38:00,1.075,17,2
2026-06-14 03:44:00,1.069,12,2
2026-06-14 03:50:00,1.067,20,2
2026-06-14 03:56:00,1.087,356,2
2026-06-14 04:02:00,1.116,20,2
2026-06-14 04:08:00,1.009,352,2
2026-06-14 04:14:00,1.089,12,2
2026-06-14 04:20:00,1.015,16,2
2026-06-14 04:26:00,1.115,32,2
2026-06-14 04:32:00,1.111,25,2
2026-06-14 04:38:00,1.1,27,2
2026-06-14 04:44:00,1.156,30,2
2026-06-14 04:50:00,1.145,18,2
2026-06-14 04:56:00,1.016,15,2
2026-06-14 05:02:00,1.063,24,2
2026-06-14 05:08:00,1.047,24,2
2026-06-14 05:14:00,1.031,13,2
2026-06-14 05:20:00,0.977,22,2
2026-06-14 05:26:00,1.023,17,2
2026-06-14 05:32:00,1.036,37,2
2026-06-14 05:38:00,0.983,26,2
2026-06-14 05:44:00,0.937,14,2
2026-06-14 05:50:00,0.962,31,2
2026-06-14 05:56:00,0.809,9,2
2026-06-14 06:02:00,0.774,8,2
2026-06-14 06:08:00,0.791,9,2
2026-06-14 06:14:00,0.755,15,2
2026-06-14 06:20:00,0.78,351,2
2026-06-14 06:26:00,0.687,28,2
2026-06-14 06:32:00,0.538,3,2
2026-06-14 06:38:00,0.543,44,2
2026-06-14 06:44:00,0.439,20,2
2026-06-14 06:50:00,0.329,352,2
2026-06-14 06:56:00,0.187,25,2
2026-06-14 07:02:00,0.177,348,2
2026-06-14 07:08:00,0.211,343,2
2026-06-14 07:14:00,0.186,320,2
2026-06-14 07:20:00,0.177,322,2
2026-06-14 07:26:00,0.225,308,2
2026-06-14 07:32:00,0.186,324,2
2026-06-14 07:38:00,0.187,336,2
2026-06-14 07:44:00,0.122,92,2
2026-06-14 07:50:00,0.162,16,2
2026-06-14 07:56:00,0.131,336,2
2026-06-14 08:02:00,0.077,9,2
2026-06-14 08:08:00,0.039,15,2
2026-06-14 08:14:00,0.142,87,2
2026-06-14 08:20:00,0.08,303,2
2026-06-14 08:26:00,0.069,249,2
2026-06-14 08:32:00,0.157,258,2
2026-06-14 08:38:00,0.211,249,2
2026-06-14 08:44:00,0.29,258,2
2026-06-14 08:50:00,0.357,237,2
2026-06-14 08:56:00,0.406,216,2
2026-06-14 09:02:00,0.466,247,2
2026-06-14 09:08:00,0.303,235,2
2026-06-14 09:14:00,0.349,211,2
2026-06-14 09:20:00,0.437,244,2
2026-06-14 09:26:00,0.489,222,2
2026-06-14 09:32:00,0.567,200,2
2026-06-14 09:38:00,0.581,204,2
2026-06-14 09:44:00,0.687,210,2
2026-06-14 09:50:00,0.642,222,2
2026-06-14 09:56:00,0.709,245,2
2026-06-14 10:02:00,0.884,235,2
2026-06-14 10:08:00,0.894,211,2
2026-06-14 10:14:00,0.867,237,2
2026-06-14 10:20:00,0.992,206,2
2026-06-14 10:26:00,0.849,231,2
2026-06-14 10:32:00,0.793,191,2
2026-06-14 10:38:00,0.815,188,2
2026-06-14 10:44:00,0.886,173,2
2026-06-14 10:50:00,0.91,174,2
2026-06-14 10:56:00,0.827,216,2
2026-06-14 11:02:00,0.887,199,2
2026-06-14 11:08:00,0.93,211,2
2026-06-14 11:14:00,0.921,232,2
2026-06-14 11:20:00,0.906,212,2
2026-06-14 11:26:00,0.908,220,2
2026-06-14 11:32:00,0.927,216,2
2026-06-14 11:38:00,0.991,203,2
2026-06-14 11:44:00,1.249,224,2
2026-06-14 11:50:00,1.5,218,2
2026-06-14 11:56:00,1.452,206,2
2026-06-14 12:02:00,1.455,217,2
2026-06-14 12:08:00,1.619,210,2
2026-06-14 12:14:00,1.577,208,2
2026-06-14 12:20:00,1.343,192,2
2026-06-14 12:26:00,1.362,216,2
2026-06-14 12:32:00,1.417,193,2
2026-06-14 12:38:00,1.316,225,2
2026-06-14 12:44:00,1.261,241,2
2026-06-14 12:50:00,1.253,201,2
2026-06-14 12:56:00,1.199,204,2
2026-06-14 13:02:00,1.245,208,2
2026-06-14 13:08:00,1.152,229,2
2026-06-14 13:14:00,1.241,190,2
2026-06-14 13:20:00,1.269,227,2
2026-06-14 13:26:00,1.1,228,2
2026-06-14 13:32:00,1.126,225,2
2026-06-14 13:38:00,0.981,192,2
2026-06-14 13:44:00,0.991,207,2
2026-06-14 13:50:00,0.972,186,2
2026-06-14 13:56:00,0.876,196,2
2026-06-14 14:02:00,0.778,198,2
2026-06-14 14:08:00,0.757,192,2
2026-06-14 14:26:00,0.575,215,2
2026-06-14 14:38:00,0.443,242,2
2026-06-14 14:44:00,0.345,233,2
2026-06-14 14:56:00,0.454,312,2
2026-06-14 15:02:00,0.481,327,2
2026-06-14 15:08:00,0.453,320,2
2026-06-14 15:14:00,0.56,261,2
2026-06-14 15:20:00,0.553,278,2
2026-06-14 15:26:00,0.421,288,2
2026-06-14 15:32:00,0.504,348,2
2026-06-14 15:38:00,0.486,347,2
2026-06-14 15:44:00,0.546,0,2
2026-06-14 15:50:00,0.71,356,2
2026-06-14 15:56:00,0.762,9,2
2026-06-14 16:02:00,0.705,9,2
2026-06-14 16:08:00,0.68,5,2
2026-06-14 16:14:00,0.648,3,2
2026-06-14 16:20:00,0.656,8,2
2026-06-14 16:26:00,0.81,359,2
2026-06-14 16:32:00,0.803,9,2
2026-06-14 16:38:00,0.701,357,2
2026-06-14 16:44:00,0.793,24,2
2026-06-14 16:50:00,0.711,8,2
2026-06-14 16:56:00,0.796,3,2
2026-06-14 17:02:00,0.758,2,2
2026-06-14 17:08:00,0.816,14,2
2026-06-14 17:14:00,0.595,18,2
2026-06-14 17:20:00,0.72,9,2
2026-06-14 17:26:00,0.831,32,2
2026-06-14 17:32:00,0.779,19,2
2026-06-14 17:38:00,0.774,25,2
2026-06-14 17:44:00,0.798,14,2
2026-06-14 17:50:00,0.761,22,2
2026-06-14 17:56:00,0.89,11,2
2026-06-14 18:02:00,0.903,35,2
2026-06-14 18:08:00,0.947,29,2
2026-06-14 18:14:00,1.004,37,2
2026-06-14 18:20:00,0.818,41,2
2026-06-14 18:26:00,0.757,10,2
2026-06-14 18:32:00,0.769,31,2
2026-06-14 18:38:00,0.75,45,2
2026-06-14 18:44:00,0.791,36,2
2026-06-14 18:50:00,0.845,13,2
2026-06-14 18:56:00,0.717,4,2
2026-06-14 19:02:00,0.641,32,2
2026-06-14 19:08:00,0.633,333,2
2026-06-14 19:14:00,0.482,340,2
2026-06-14 19:20:00,0.532,359,2
2026-06-14 19:26:00,0.462,352,2
2026-06-14 19:32:00,0.661,4,2
2026-06-14 19:38:00,0.558,19,2
2026-06-14 19:44:00,0.422,15,2
2026-06-14 19:50:00,0.409,39,2
2026-06-14 19:56:00,0.203,28,2
2026-06-14 20:02:00,0.208,41,2
2026-06-14 20:08:00,0.241,41,2
2026-06-14 20:14:00,0.135,28,2
2026-06-14 20:20:00,0.181,78,2
2026-06-14 20:26:00,0.209,47,2
2026-06-14 20:32:00,0.115,73,2
2026-06-14 20:38:00,0.137,58,2
2026-06-14 20:44:00,0.123,73,2
2026-06-14 20:50:00,0.173,54,2
2026-06-14 20:56:00,0.211,7,2
2026-06-14 21:02:00,0.185,30,2
2026-06-14 21:08:00,0.163,351,2
2026-06-14 21:14:00,0.155,6,2
2026-06-14 21:20:00,0.148,348,2
2026-06-14 21:26:00,0.125,342,2
2026-06-14 21:32:00,0.012,40,2
2026-06-14 21:38:00,0.047,13,2
2026-06-14 21:44:00,0.058,100,2
2026-06-14 21:50:00,0.138,352,2
2026-06-14 21:56:00,0.091,5,2
2026-06-14 22:02:00,0.023,47,2
2026-06-14 22:08:00,0.128,28,2
2026-06-14 22:14:00,0.12,31,2
2026-06-14 22:20:00,0.127,14,2
2026-06-14 22:26:00,0.2,31,2
2026-06-14 22:32:00,0.285,30,2
2026-06-14 22:38:00,0.294,59,2
2026-06-14 22:44:00,0.336,19,2
2026-06-14 22:50:00,0.268,28,2
2026-06-14 22:56:00,0.268,39,2
2026-06-14 23:02:00,0.227,41,2
2026-06-14 23:08:00,0.223,45,2
2026-06-14 23:14:00,0.274,34,2
2026-06-14 23:20:00,0.197,58,2
2026-06-14 23:26:00,0.268,43,2
2026-06-14 23:32:00,0.194,44,2
2026-06-14 23:38:00,0.207,54,2
2026-06-14 23:44:00,0.22,35,2
2026-06-14 23:50:00,0.187,53,2
2026-06-14 23:56:00,0.241,41,2
2026-06-15 00:02:00,0.146,69,2
2026-06-15 00:08:00,0.209,57,2
2026-06-15 00:14:00,0.187,66,2
2026-06-15 00:26:00,0.276,63,2
2026-06-15 00:32:00,0.225,64,2
2026-06-15 00:38:00,0.216,45,2
2026-06-15 00:44:00,0.276,65,2
2026-06-15 00:50:00,0.193,62,2
2026-06-15 00:56:00,0.355,60,2
2026-06-15 01:02:00,0.34,56,2
2026-06-15 01:08:00,0.394,39,2
2026-06-15 01:14:00,0.383,44,2
2026-06-15 01:20:00,0.497,43,2
2026-06-15 01:26:00,0.486,29,2
2026-06-15 01:32:00,0.52,31,2
2026-06-15 01:38:00,0.41,25,2
2026-06-15 01:44:00,0.479,19,2
2026-06-15 01:50:00,0.513,33,2
2026-06-15 01:56:00,0.554,26,2
2026-06-15 02:02:00,0.612,27,2
2026-06-15 02:08:00,0.692,54,2
2026-06-15 02:14:00,0.648,24,2
2026-06-15 02:20:00,0.778,26,2
2026-06-15 02:26:00,0.771,20,2
2026-06-15 02:32:00,0.753,25,2
2026-06-15 02:38:00,0.751,14,2
2026-06-15 02:44:00,0.755,18,2
2026-06-15 02:50:00,0.798,23,2
2026-06-15 02:56:00,0.715,18,2
2026-06-15 03:02:00,0.766,23,2
2026-06-15 03:08:00,0.846,9,2
2026-06-15 03:14:00,0.836,19,2
2026-06-15 03:20:00,0.836,353,2
2026-06-15 03:26:00,0.829,7,2
2026-06-15 03:32:00,0.807,12,2
2026-06-15 03:38:00,0.822,19,2
2026-06-15 03:44:00,0.911,22,2
2026-06-15 03:50:00,0.802,355,2
2026-06-15 03:56:00,0.869,24,2
2026-06-15 04:02:00,0.913,32,2
2026-06-15 04:08:00,0.89,23,2
2026-06-15 04:14:00,0.91,11,2
2026-06-15 04:20:00,0.872,39,2
2026-06-15 04:26:00,0.907,21,2
2026-06-15 04:32:00,0.876,29,2
2026-06-15 04:38:00,0.769,13,2
2026-06-15 04:44:00,0.821,23,2
2026-06-15 04:50:00,0.791,30,2
2026-06-15 04:56:00,0.772,9,2
2026-06-15 05:02:00,0.747,13,2
2026-06-15 05:08:00,0.761,25,2
2026-06-15 05:14:00,0.747,31,2
2026-06-15 05:20:00,0.719,39,2
2026-06-15 05:26:00,0.822,16,2
2026-06-15 05:32:00,0.723,28,2
2026-06-15 05:38:00,0.685,357,2
2026-06-15 05:44:00,0.67,35,2
2026-06-15 05:50:00,0.622,7,2
2026-06-15 05:56:00,0.515,15,2
2026-06-15 06:02:00,0.558,6,2
2026-06-15 06:08:00,0.536,21,2
2026-06-15 06:14:00,0.554,349,2
2026-06-15 06:20:00,0.361,354,2
2026-06-15 06:26:00,0.48,350,2
2026-06-15 06:32:00,0.373,354,2
2026-06-15 06:38:00,0.317,355,2
2026-06-15 06:44:00,0.231,306,2
2026-06-15 06:50:00,0.096,253,2
2026-06-15 06:56:00,0.075,280,2
2026-06-15 07:02:00,0.064,43,2
2026-06-15 07:08:00,0.079,310,2
2026-06-15 07:14:00,0.038,282,2
2026-06-15 07:20:00,0.115,255,2
2026-06-15 07:26:00,0.072,258,2
2026-06-15 07:32:00,0.142,173,2
2026-06-15 07:38:00,0.195,253,2
2026-06-15 07:44:00,0.238,234,2
2026-06-15 07:50:00,0.207,230,2
2026-06-15 07:56:00,0.247,244,2
2026-06-15 08:02:00,0.348,226,2
2026-06-15 08:08:00,0.382,243,2
2026-06-15 08:14:00,0.441,229,2
2026-06-15 08:20:00,0.466,242,2
2026-06-15 08:26:00,0.594,224,2
2026-06-15 08:32:00,0.617,212,2
2026-06-15 08:38:00,0.651,251,2
2026-06-15 08:44:00,0.657,212,2
2026-06-15 08:50:00,0.654,205,2
2026-06-15 08:56:00,0.7,231,2
2026-06-15 09:02:00,0.78,241,2
2026-06-15 09:08:00,0.85,211,2
2026-06-15 09:14:00,1.059,207,2
2026-06-15 09:20:00,0.972,248,2
2026-06-15 09:26:00,1.088,211,2
2026-06-15 09:32:00,1.173,212,2
2026-06-15 09:38:00,1.332,219,2
2026-06-15 09:44:00,1.513,198,2
2026-06-15 09:50:00,1.528,203,2
2026-06-15 09:56:00,1.532,181,2
2026-06-15 10:02:00,1.798,209,2
2026-06-15 10:08:00,1.716,204,2
2026-06-15 10:14:00,1.745,231,2
2026-06-15 10:20:00,1.816,211,2
2026-06-15 10:26:00,1.594,209,2
2026-06-15 10:32:00,1.783,206,2
2026-06-15 10:38:00,1.692,196,2
2026-06-15 10:44:00,1.77,215,2
2026-06-15 10:50:00,1.857,222,2
2026-06-15 10:56:00,1.674,234,2
2026-06-15 11:02:00,1.683,195,2
2026-06-15 11:08:00,1.823,204,2
2026-06-15 11:14:00,1.765,213,2
2026-06-15 11:20:00,1.873,204,2
2026-06-15 11:26:00,1.873,210,2
2026-06-15 11:32:00,1.973,214,2
2026-06-15 11:38:00,2.015,211,2
2026-06-15 11:44:00,2.057,206,2
2026-06-15 11:50:00,2.029,209,2
2026-06-15 11:56:00,2.108,214,2
2026-06-15 12:02:00,2.113,221,2
2026-06-15 12:08:00,2.278,215,2
2026-06-15 12:14:00,2.322,205,2
2026-06-15 12:20:00,2.48,213,2
2026-06-15 12:26:00,2.472,208,2
2026-06-15 12:32:00,2.163,210,2
2026-06-15 12:38:00,2.068,216,2
2026-06-15 12:44:00,1.933,206,2
2026-06-15 12:50:00,2.146,214,2
2026-06-15 12:56:00,2.177,207,2
2026-06-15 13:02:00,1.869,203,2
2026-06-15 13:08:00,2.008,211,2
2026-06-15 13:14:00,2.277,206,2
2026-06-15 13:20:00,2.175,209,2
2026-06-15 13:26:00,2.271,208,2
2026-06-15 13:32:00,2.36,209,2
2026-06-15 13:38:00,2.362,202,2
2026-06-15 13:44:00,2.369,217,2
2026-06-15 13:50:00,2.118,211,2
2026-06-15 13:56:00,2.221,223,2
2026-06-15 14:02:00,2.107,215,2
2026-06-15 14:08:00,1.971,199,2
2026-06-15 14:14:00,1.996,200,2
2026-06-15 14:20:00,1.818,202,2
2026-06-15 14:26:00,1.801,218,2
2026-06-15 14:32:00,1.634,222,2
2026-06-15 14:38:00,1.59,208,2
2026-06-15 14:44:00,1.557,217,2
2026-06-15 14:50:00,1.575,195,2
2026-06-15 14:56:00,1.487,214,2
2026-06-15 15:02:00,1.266,202,2
2026-06-15 15:08:00,1.213,205,2
2026-06-15 15:14:00,1.242,217,2
2026-06-15 15:20:00,0.979,212,2
2026-06-15 15:26:00,0.758,209,2
2026-06-15 15:32:00,0.696,206,2
2026-06-15 15:38:00,0.767,224,2
2026-06-15 15:44:00,0.818,245,2
2026-06-15 15:50:00,0.667,182,2
2026-06-15 15:56:00,0.49,199,2
2026-06-15 16:02:00,0.439,215,2
2026-06-15 16:08:00,0.32,214,2
2026-06-15 16:14:00,0.238,269,2
2026-06-15 16:20:00,0.224,288,2
2026-06-15 16:26:00,0.275,264,2
2026-06-15 16:32:00,0.128,188,2
2026-06-15 16:38:00,0.151,183,2
2026-06-15 16:44:00,0.105,180,2
2026-06-15 16:50:00,0.153,100,2
2026-06-15 16:56:00,0.206,40,2
2026-06-15 17:02:00,0.175,86,2
2026-06-15 17:08:00,0.233,56,2
2026-06-15 17:14:00,0.183,61,2
2026-06-15 17:20:00,0.273,17,2
2026-06-15 17:26:00,0.092,344,2
2026-06-15 17:32:00,0.335,25,2
2026-06-15 17:38:00,0.276,2,2
2026-06-15 17:44:00,0.309,53,2
2026-06-15 17:50:00,0.319,46,2
2026-06-15 17:56:00,0.076,191,2
2026-06-15 18:02:00,0.454,37,2
2026-06-15 18:08:00,0.304,25,2
2026-06-15 18:14:00,0.576,33,2
2026-06-15 18:20:00,0.685,7,2
2026-06-15 18:26:00,0.539,2,2
2026-06-15 18:32:00,0.533,33,2
2026-06-15 18:38:00,0.538,358,2
2026-06-15 18:44:00,0.529,32,2
2026-06-15 18:50:00,0.605,7,2
2026-06-15 18:56:00,0.579,17,2
2026-06-15 19:02:00,0.541,357,2
2026-06-15 19:08:00,0.506,34,2
2026-06-15 19:14:00,0.496,33,2
2026-06-15 19:20:00,0.505,355,2
2026-06-15 19:26:00,0.422,9,2
2026-06-15 19:32:00,0.389,6,2
2026-06-15 19:38:00,0.335,5,2
2026-06-15 19:44:00,0.399,20,2
2026-06-15 19:50:00,0.331,42,2
2026-06-15 19:56:00,0.293,27,2
2026-06-15 20:02:00,0.277,11,2
2026-06-15 20:08:00,0.273,23,2
2026-06-15 20:14:00,0.285,344,2
2026-06-15 20:20:00,0.186,5,2
2026-06-15 20:26:00,0.217,73,2
2026-06-15 20:32:00,0.202,105,2
2026-06-15 20:38:00,0.307,69,2
2026-06-15 20:44:00,0.199,104,2
2026-06-15 20:50:00,0.188,65,2
2026-06-15 20:56:00,0.282,120,2
2026-06-15 21:02:00,0.273,109,2
2026-06-15 21:08:00,0.262,128,2
2026-06-15 21:14:00,0.298,125,2
2026-06-15 21:20:00,0.234,130,2
2026-06-15 21:26:00,0.274,184,2
2026-06-15 21:32:00,0.312,146,2
2026-06-15 21:38:00,0.155,201,2
2026-06-15 21:44:00,0.21,244,2
2026-06-15 21:50:00,0.268,171,2
2026-06-15 21:56:00,0.21,272,2
2026-06-15 22:02:00,0.367,177,2
2026-06-15 22:08:00,0.389,241,2
2026-06-15 22:14:00,0.361,246,2
2026-06-15 22:20:00,0.485,206,2
2026-06-15 22:26:00,0.435,297,2
2026-06-15 22:32:00,0.423,252,2
2026-06-15 22:38:00,0.514,266,2
2026-06-15 22:44:00,0.568,255,2
2026-06-15 22:50:00,0.633,231,2
2026-06-15 22:56:00,0.557,197,2
2026-06-15 23:02:00,0.609,201,2
2026-06-15 23:08:00,0.684,207,2
2026-06-15 23:14:00,0.793,217,2
2026-06-15 23:20:00,0.796,219,2
2026-06-15 23:26:00,0.818,203,2
2026-06-15 23:32:00,0.848,256,2
2026-06-15 23:38:00,0.802,230,2
2026-06-15 23:44:00,0.65,196,2
2026-06-15 23:50:00,0.764,234,2
2026-06-15 23:56:00,0.766,257,2
2026-06-16 00:02:00,0.777,223,2
2026-06-16 00:08:00,0.661,211,2
2026-06-16 00:14:00,0.654,192,2
2026-06-16 00:20:00,0.637,212,2
2026-06-16 00:26:00,0.713,214,2
2026-06-16 00:32:00,0.741,236,2
2026-06-16 00:38:00,0.729,237,2
2026-06-16 00:44:00,0.679,239,2
2026-06-16 00:50:00,0.746,248,2
2026-06-16 00:56:00,0.753,192,2
2026-06-16 01:02:00,0.713,236,2
2026-06-16 01:08:00,0.719,244,2
2026-06-16 01:14:00,0.691,197,2
2026-06-16 01:20:00,0.671,213,2
2026-06-16 01:26:00,0.52,227,2
2026-06-16 01:32:00,0.541,228,2
2026-06-16 01:38:00,0.493,242,2
2026-06-16 01:44:00,0.366,240,2
2026-06-16 01:50:00,0.437,237,2
2026-06-16 01:56:00,0.391,253,2
2026-06-16 02:02:00,0.304,220,2
2026-06-16 02:08:00,0.363,253,2
2026-06-16 02:14:00,0.249,212,2
2026-06-16 02:20:00,0.251,235,2
2026-06-16 02:26:00,0.228,263,2
2026-06-16 02:32:00,0.13,280,2
2026-06-16 02:38:00,0.055,275,2
2026-06-16 02:44:00,0.118,341,2
2026-06-16 02:50:00,0.208,345,2
2026-06-16 02:56:00,0.191,358,2
2026-06-16 03:02:00,0.296,29,2
2026-06-16 03:08:00,0.362,21,2
2026-06-16 03:14:00,0.327,356,2
2026-06-16 03:20:00,0.366,15,2
2026-06-16 03:26:00,0.421,2,2
2026-06-16 03:32:00,0.456,314,2
2026-06-16 03:38:00,0.381,348,2
2026-06-16 03:44:00,0.59,31,2
2026-06-16 03:50:00,0.492,13,2
2026-06-16 03:56:00,0.619,10,2
2026-06-16 04:02:00,0.71,14,2
2026-06-16 04:08:00,0.687,14,2
2026-06-16 04:14:00,0.826,17,2
2026-06-16 04:20:00,0.687,16,2
2026-06-16 04:26:00,0.791,17,2
2026-06-16 04:32:00,0.784,11,2
2026-06-16 04:38:00,0.878,10,2
2026-06-16 04:44:00,0.805,10,2
2026-06-16 04:50:00,0.919,15,2
2026-06-16 04:56:00,0.93,18,2
2026-06-16 05:02:00,0.902,28,2
2026-06-16 05:08:00,0.986,35,2
2026-06-16 05:14:00,0.908,19,2
2026-06-16 05:20:00,0.975,28,2
2026-06-16 05:26:00,0.937,31,2
2026-06-16 05:32:00,0.911,22,2
2026-06-16 05:38:00,0.976,21,2
2026-06-16 05:44:00,0.896,18,2
2026-06-16 05:50:00,0.896,16,2
2026-06-16 05:56:00,0.891,12,2
2026-06-16 06:02:00,1.032,21,2
2026-06-16 06:08:00,0.955,17,2
2026-06-16 06:14:00,0.916,51,2
2026-06-16 06:20:00,0.947,15,2
2026-06-16 06:26:00,0.959,31,2
2026-06-16 06:32:00,0.942,25,2
2026-06-16 06:38:00,1.001,36,2
2026-06-16 06:44:00,0.953,37,2
2026-06-16 06:50:00,0.9,25,2
2026-06-16 06:56:00,0.939,25,2
2026-06-16 07:02:00,0.94,16,2
2026-06-16 07:08:00,0.932,38,2
2026-06-16 07:14:00,0.744,50,2
2026-06-16 07:20:00,0.753,52,2
2026-06-16 07:26:00,0.73,25,2
2026-06-16 07:32:00,0.632,5,2
2026-06-16 07:38:00,0.62,30,2
2026-06-16 07:44:00,0.605,5,2
2026-06-16 07:50:00,0.497,10,2
2026-06-16 07:56:00,0.468,18,2
2026-06-16 08:02:00,0.438,17,2
2026-06-16 08:08:00,0.311,355,2
2026-06-16 08:14:00,0.095,0,2
2026-06-16 08:20:00,0.271,46,2
2026-06-16 08:26:00,0.168,2,2
2026-06-16 08:32:00,0.089,34,2
2026-06-16 08:38:00,0.153,12,2
2026-06-16 08:44:00,0.071,49,2
2026-06-16 08:50:00,0.08,121,2
2026-06-16 08:56:00,0.029,78,2
2026-06-16 09:02:00,0.068,150,2
2026-06-16 09:08:00,0.121,78,2
2026-06-16 09:14:00,0.144,101,2
2026-06-16 09:20:00,0.135,147,2
2026-06-16 09:26:00,0.135,136,2
2026-06-16 09:32:00,0.177,164,2
2026-06-16 09:38:00,0.147,175,2
2026-06-16 09:44:00,0.216,202,2
2026-06-16 09:50:00,0.301,201,2
2026-06-16 09:56:00,0.349,185,2
2026-06-16 10:02:00,0.285,218,2
2026-06-16 10:08:00,0.385,225,2
2026-06-16 10:14:00,0.394,217,2
2026-06-16 10:20:00,0.56,238,2
2026-06-16 10:26:00,0.526,181,2
2026-06-16 10:32:00,0.604,233,2
2026-06-16 10:38:00,0.567,217,2
2026-06-16 10:44:00,0.741,233,2
2026-06-16 10:50:00,0.727,210,2
2026-06-16 10:56:00,0.566,184,2
2026-06-16 11:02:00,0.716,215,2
2026-06-16 11:08:00,0.757,234,2
2026-06-16 11:14:00,0.715,264,2
2026-06-16 11:20:00,0.783,200,2
2026-06-16 11:26:00,0.778,242,2
2026-06-16 11:32:00,0.653,167,2
2026-06-16 11:38:00,0.714,180,2
2026-06-16 11:44:00,0.751,252,2
2026-06-16 11:50:00,0.766,168,2
2026-06-16 11:56:00,0.871,203,2
2026-06-16 12:02:00,0.92,198,2
2026-06-16 12:08:00,1.005,224,2
2026-06-16 12:14:00,1.08,186,2
2026-06-16 12:20:00,1.069,203,2
2026-06-16 12:26:00,1.075,219,2
2026-06-16 12:32:00,1.194,199,2
2026-06-16 12:38:00,1.082,211,2
2026-06-16 12:44:00,1.244,187,2
2026-06-16 12:50:00,1.53,192,2
2026-06-16 12:56:00,1.38,205,2
2026-06-16 13:02:00,1.384,198,2
2026-06-16 13:08:00,1.49,206,2
2026-06-16 13:14:00,1.432,235,2
2026-06-16 13:20:00,1.552,217,2
2026-06-16 13:26:00,1.422,234,2
2026-06-16 13:32:00,1.475,234,2
2026-06-16 13:38:00,1.436,198,2
2026-06-16 13:44:00,1.495,229,2
2026-06-16 13:50:00,1.391,202,2
2026-06-16 13:56:00,1.361,234,2
2026-06-16 14:02:00,1.352,193,2
2026-06-16 14:08:00,1.474,214,2
2026-06-16 14:14:00,1.363,210,2
2026-06-16 14:20:00,1.409,200,2
2026-06-16 14:26:00,1.483,210,2
2026-06-16 14:32:00,1.473,198,2
2026-06-16 14:38:00,1.465,220,2
2026-06-16 14:44:00,1.405,208,2
2026-06-16 14:50:00,1.324,232,2
2026-06-16 14:56:00,1.381,179,2
2026-06-16 15:02:00,1.221,230,2
2026-06-16 15:08:00,1.223,223,2
2026-06-16 15:14:00,1.227,223,2
2026-06-16 15:20:00,1.241,185,2
2026-06-16 15:26:00,1.148,188,2
2026-06-16 15:32:00,0.92,230,2
2026-06-16 15:38:00,0.994,176,2
2026-06-16 15:44:00,0.813,230,2
2026-06-16 15:50:00,0.792,217,2
2026-06-16 15:56:00,0.648,216,2
2026-06-16 16:02:00,0.608,252,2
2026-06-16 16:08:00,0.693,157,2
2026-06-16 16:14:00,0.536,223,2
2026-06-16 16:20:00,0.475,162,2
2026-06-16 16:26:00,0.363,244,2
2026-06-16 16:32:00,0.276,179,2
2026-06-16 16:38:00,0.19,197,2
2026-06-16 16:44:00,0.215,202,2
2026-06-16 16:50:00,0.163,138,2
2026-06-16 16:56:00,0.068,224,2
2026-06-16 17:02:00,0.051,302,2
2026-06-16 17:08:00,0.135,9,2
2026-06-16 17:14:00,0.099,4,2
2026-06-16 17:20:00,0.179,0,2
2026-06-16 17:26:00,0.22,31,2
2026-06-16 17:32:00,0.235,36,2
2026-06-16 17:38:00,0.196,333,2
2026-06-16 17:44:00,0.352,21,2
2026-06-16 17:50:00,0.312,24,2
2026-06-16 17:56:00,0.387,350,2
2026-06-16 18:02:00,0.388,12,2
2026-06-16 18:08:00,0.508,22,2
2026-06-16 18:14:00,0.609,15,2
2026-06-16 18:20:00,0.663,7,2
2026-06-16 18:26:00,0.643,33,2
2026-06-16 18:32:00,0.61,9,2
2026-06-16 18:38:00,0.748,24,2
2026-06-16 18:44:00,0.776,19,2
2026-06-16 18:50:00,0.797,21,2
2026-06-16 18:56:00,0.812,25,2
2026-06-16 19:02:00,0.692,36,2
2026-06-16 19:08:00,0.716,19,2
2026-06-16 19:14:00,0.758,36,2
2026-06-16 19:20:00,0.61,45,2
2026-06-16 19:26:00,0.741,13,2
2026-06-16 19:32:00,0.756,22,2
2026-06-16 19:38:00,0.712,30,2
2026-06-16 19:44:00,0.62,37,2
2026-06-16 19:50:00,0.693,45,2
2026-06-16 19:56:00,0.585,36,2
2026-06-16 20:02:00,0.678,40,2
2026-06-16 20:08:00,0.636,44,2
2026-06-16 20:14:00,0.621,9,2
2026-06-16 20:20:00,0.602,42,2
2026-06-16 20:26:00,0.553,12,2
2026-06-16 20:32:00,0.518,46,2
2026-06-16 20:38:00,0.532,33,2
2026-06-16 20:44:00,0.437,44,2
2026-06-16 20:50:00,0.392,62,2
2026-06-16 20:56:00,0.371,62,2
2026-06-16 21:02:00,0.327,51,2
2026-06-16 21:08:00,0.275,82,2
2026-06-16 21:14:00,0.313,57,2
2026-06-16 21:20:00,0.356,35,2
2026-06-16 21:26:00,0.257,33,2
2026-06-16 21:32:00,0.234,37,2
2026-06-16 21:38:00,0.231,102,2
2026-06-16 21:44:00,0.236,83,2
2026-06-16 21:50:00,0.165,64,2
2026-06-16 21:56:00,0.142,32,2
2026-06-16 22:02:00,0.164,138,2
2026-06-16 22:14:00,0.15,142,2
2026-06-16 22:20:00,0.177,170,2
2026-06-16 22:26:00,0.291,136,2
2026-06-16 22:32:00,0.263,165,2
2026-06-16 22:38:00,0.298,150,2
2026-06-16 22:44:00,0.282,117,2
2026-06-16 22:50:00,0.502,214,2
2026-06-16 22:56:00,0.356,197,2
2026-06-16 23:02:00,0.358,172,2
2026-06-16 23:08:00,0.421,214,2
2026-06-16 23:14:00,0.459,230,2
2026-06-16 23:20:00,0.5,210,2
2026-06-16 23:26:00,0.515,229,2
2026-06-16 23:32:00,0.572,249,2
2026-06-16 23:38:00,0.694,215,2
2026-06-16 23:44:00,0.627,213,2
2026-06-16 23:50:00,0.618,247,2
2026-06-16 23:56:00,0.615,245,2
2026-06-17 00:02:00,0.582,239,2
2026-06-17 00:08:00,0.659,225,2
2026-06-17 00:14:00,0.693,215,2
2026-06-17 00:20:00,0.635,236,2
2026-06-17 00:26:00,0.636,250,2
2026-06-17 00:32:00,0.704,201,2
2026-06-17 00:38:00,0.708,186,2
2026-06-17 00:44:00,0.714,200,2
2026-06-17 00:50:00,0.75,217,2
2026-06-17 00:56:00,0.858,230,2
2026-06-17 01:02:00,0.809,182,2
2026-06-17 01:08:00,0.812,210,2
2026-06-17 01:14:00,0.701,213,2
2026-06-17 01:20:00,0.743,221,2
2026-06-17 01:26:00,0.669,195,2
2026-06-17 01:32:00,0.694,187,2
2026-06-17 01:38:00,0.754,237,2
2026-06-17 01:44:00,0.719,200,2
2026-06-17 01:50:00,0.68,204,2
2026-06-17 01:56:00,0.7,226,2
2026-06-17 02:02:00,0.572,206,2
2026-06-17 02:08:00,0.539,202,2
2026-06-17 02:14:00,0.451,259,2
2026-06-17 02:20:00,0.53,237,2
2026-06-17 02:26:00,0.466,211,2
2026-06-17 02:32:00,0.392,194,2
2026-06-17 02:38:00,0.275,207,2
2026-06-17 02:44:00,0.279,231,2
2026-06-17 02:50:00,0.165,198,2
2026-06-17 02:56:00,0.164,253,2
2026-06-17 03:02:00,0.13,248,2
2026-06-17 03:08:00,0.067,223,2
2026-06-17 03:14:00,0.037,255,2
2026-06-17 03:20:00,0.089,350,2
2026-06-17 03:26:00,0.063,25,2
2026-06-17 03:32:00,0.107,103,2
2026-06-17 03:38:00,0.026,151,2
2026-06-17 03:44:00,0.211,7,2
2026-06-17 03:50:00,0.112,12,2
2026-06-17 03:56:00,0.258,48,2
2026-06-17 04:02:00,0.254,63,2
2026-06-17 04:08:00,0.29,53,2
2026-06-17 04:14:00,0.366,48,2
2026-06-17 04:20:00,0.356,35,2
2026-06-17 04:26:00,0.452,23,2
2026-06-17 04:32:00,0.473,63,2
2026-06-17 04:38:00,0.606,33,2
2026-06-17 04:44:00,0.661,33,2
2026-06-17 04:50:00,0.701,35,2
2026-06-17 04:56:00,0.75,50,2
2026-06-17 05:02:00,0.866,24,2
2026-06-17 05:08:00,0.812,12,2
2026-06-17 05:14:00,0.851,32,2
2026-06-17 05:20:00,0.94,22,2
2026-06-17 05:26:00,0.975,32,2
2026-06-17 05:32:00,0.863,40,2
2026-06-17 05:38:00,0.945,32,2
2026-06-17 05:44:00,1.042,20,2
2026-06-17 05:50:00,0.956,27,2
2026-06-17 05:56:00,1.076,28,2
2026-06-17 06:02:00,0.999,16,2
2026-06-17 06:08:00,1.02,27,2
2026-06-17 06:14:00,1.108,2,2
2026-06-17 06:26:00,1.159,11,2
2026-06-17 06:32:00,1.159,2,2
2026-06-17 06:38:00,1.196,5,2
2026-06-17 06:44:00,1.206,5,2
2026-06-17 06:50:00,1.295,29,2
2026-06-17 06:56:00,1.313,352,2
2026-06-17 07:02:00,1.209,6,2
2026-06-17 07:08:00,1.166,17,2
2026-06-17 07:14:00,1.152,36,2
2026-06-17 07:20:00,1.117,31,2
2026-06-17 07:26:00,1.105,9,2
2026-06-17 07:32:00,1.162,16,2
2026-06-17 07:38:00,1.016,11,2
2026-06-17 07:44:00,1.097,12,2
2026-06-17 07:50:00,1.026,12,2
2026-06-17 07:56:00,1.013,21,2
2026-06-17 08:02:00,1.02,25,2
2026-06-17 08:08:00,1.024,15,2
2026-06-17 08:14:00,0.986,16,2
2026-06-17 08:20:00,0.983,24,2
2026-06-17 08:26:00,0.951,30,2
2026-06-17 08:32:00,0.942,19,2
2026-06-17 08:38:00,1.025,15,2
2026-06-17 08:44:00,1.026,30,2
2026-06-17 09:02:00,0.891,2,2
2026-06-17 09:08:00,0.766,13,2
2026-06-17 09:14:00,0.727,26,2
2026-06-17 09:20:00,0.772,19,2
2026-06-17 09:26:00,0.641,5,2
2026-06-17 09:32:00,0.564,41,2
2026-06-17 09:38:00,0.652,26,2
2026-06-17 09:44:00,0.609,30,2
2026-06-17 09:50:00,0.525,17,2
2026-06-17 09:56:00,0.446,36,2
2026-06-17 10:02:00,0.443,11,2
2026-06-17 10:08:00,0.311,45,2
2026-06-17 10:14:00,0.274,35,2
2026-06-17 10:20:00,0.175,16,2
2026-06-17 10:26:00,0.198,21,2
2026-06-17 10:32:00,0.202,359,2
2026-06-17 10:38:00,0.149,36,2
2026-06-17 10:44:00,0.168,17,2
2026-06-17 10:50:00,0.125,44,2
2026-06-17 10:56:00,0.078,102,2
2026-06-17 11:02:00,0.063,96,2
2026-06-17 11:08:00,0.025,220,2
2026-06-17 11:14:00,0.098,208,2
2026-06-17 11:20:00,0.03,213,2
2026-06-17 11:26:00,0.089,180,2
2026-06-17 11:32:00,0.076,139,2
2026-06-17 11:38:00,0.239,195,2
2026-06-17 11:44:00,0.251,196,2
2026-06-17 11:50:00,0.241,211,2
2026-06-17 11:56:00,0.252,204,2
2026-06-17 12:02:00,0.25,174,2
2026-06-17 12:08:00,0.224,210,2
2026-06-17 12:14:00,0.325,274,2
2026-06-17 12:20:00,0.27,188,2
2026-06-17 12:26:00,0.207,232,2
2026-06-17 12:32:00,0.385,214,2
2026-06-17 12:38:00,0.466,216,2
2026-06-17 12:44:00,0.44,190,2
2026-06-17 12:50:00,0.505,239,2
2026-06-17 12:56:00,0.621,231,2
2026-06-17 13:02:00,0.638,233,2
2026-06-17 13:08:00,0.639,278,2
2026-06-17 13:14:00,0.535,237,2
2026-06-17 13:20:00,0.71,222,2
2026-06-17 13:26:00,0.762,223,2
2026-06-17 13:32:00,0.863,186,2
2026-06-17 13:38:00,0.799,191,2
2026-06-17 13:44:00,0.886,200,2
2026-06-17 13:50:00,0.874,210,2
2026-06-17 13:56:00,0.693,193,2
2026-06-17 14:02:00,0.776,218,2
2026-06-17 14:08:00,0.656,226,2
2026-06-17 14:14:00,0.752,209,2
2026-06-17 14:20:00,0.706,196,2
2026-06-17 14:26:00,0.759,182,2
2026-06-17 14:32:00,0.739,185,2
2026-06-17 14:38:00,0.975,194,2
2026-06-17 14:44:00,1.057,246,2
2026-06-17 14:50:00,1.1,207,2
2026-06-17 14:56:00,1.11,237,2
2026-06-17 15:02:00,1.076,211,2
2026-06-17 15:08:00,1.188,226,2
2026-06-17 15:14:00,1.088,211,2
2026-06-17 15:20:00,1.015,211,2
2026-06-17 15:26:00,0.996,253,2
2026-06-17 15:32:00,1.107,241,2
2026-06-17 15:38:00,1.193,211,2
2026-06-17 15:44:00,0.899,221,2
2026-06-17 15:50:00,0.929,217,2
2026-06-17 15:56:00,0.924,204,2
2026-06-17 16:02:00,0.995,228,2
2026-06-17 16:08:00,0.905,231,2
2026-06-17 16:14:00,0.864,225,2
2026-06-17 16:20:00,0.733,200,2
2026-06-17 16:26:00,0.76,251,2
2026-06-17 16:32:00,0.678,251,2
2026-06-17 16:38:00,0.731,230,2
2026-06-17 16:44:00,0.527,232,2
2026-06-17 16:50:00,0.517,212,2
2026-06-17 16:56:00,0.6,228,2
2026-06-17 17:02:00,0.501,223,2
2026-06-17 17:08:00,0.434,247,2
2026-06-17 17:14:00,0.294,257,2
2026-06-17 17:20:00,0.067,194,2
2026-06-17 17:26:00,0.255,294,2
2026-06-17 17:32:00,0.155,309,2
2026-06-17 17:38:00,0.224,337,2
2026-06-17 17:44:00,0.287,315,2
2026-06-17 17:50:00,0.352,319,2
2026-06-17 17:56:00,0.424,335,2
2026-06-17 18:02:00,0.364,332,2
2026-06-17 18:08:00,0.431,343,2
2026-06-17 18:14:00,0.41,332,2
2026-06-17 18:20:00,0.524,323,2
2026-06-17 18:26:00,0.424,343,2
2026-06-17 18:32:00,0.489,351,2
2026-06-17 18:38:00,0.652,356,2
2026-06-17 18:44:00,0.645,22,2
2026-06-17 18:50:00,0.676,19,2
2026-06-17 18:56:00,0.652,10,2
2026-06-17 19:02:00,0.752,1,2
2026-06-17 19:08:00,0.711,6,2
2026-06-17 19:14:00,0.767,15,2
2026-06-17 19:20:00,0.777,19,2
2026-06-17 19:26:00,0.744,15,2
2026-06-17 19:32:00,0.713,19,2
2026-06-17 19:38:00,0.803,6,2
2026-06-17 19:44:00,0.863,0,2
2026-06-17 19:50:00,0.845,14,2
2026-06-17 19:56:00,0.826,19,2
2026-06-17 20:02:00,0.838,356,2
2026-06-17 20:08:00,0.867,19,2
2026-06-17 20:14:00,1.031,356,2
2026-06-17 20:20:00,1.002,27,2
2026-06-17 20:26:00,1.08,10,2
2026-06-17 20:32:00,0.993,36,2
2026-06-17 20:38:00,1.066,10,2
2026-06-17 20:44:00,0.975,14,2
2026-06-17 20:50:00,0.953,10,2
2026-06-17 20:56:00,0.915,31,2
2026-06-17 21:02:00,0.891,46,2
2026-06-17 21:08:00,0.952,47,2
2026-06-17 21:14:00,0.93,32,2
2026-06-17 21:20:00,0.949,46,2
2026-06-17 21:26:00,0.957,30,2
2026-06-17 21:32:00,0.872,62,2
2026-06-17 21:38:00,0.885,28,2
2026-06-17 21:44:00,0.831,10,2
2026-06-17 21:50:00,0.812,39,2
2026-06-17 21:56:00,0.725,11,2
2026-06-17 22:02:00,0.782,12,2
2026-06-17 22:08:00,0.74,6,2
2026-06-17 22:14:00,0.705,14,2
2026-06-17 22:20:00,0.611,354,2
2026-06-17 22:26:00,0.575,20,2
2026-06-17 22:32:00,0.488,31,2
2026-06-17 22:38:00,0.461,347,2
2026-06-17 22:44:00,0.474,341,2
2026-06-17 22:50:00,0.323,35,2
2026-06-17 22:56:00,0.409,29,2
2026-06-17 23:02:00,0.308,43,2
2026-06-17 23:08:00,0.265,31,2
2026-06-17 23:14:00,0.184,40,2
2026-06-17 23:20:00,0.206,33,2
2026-06-17 23:26:00,0.168,50,2
2026-06-17 23:32:00,0.055,60,2
2026-06-17 23:38:00,0.135,17,2
2026-06-17 23:44:00,0.044,94,2
2026-06-17 23:50:00,0.024,17,2
2026-06-17 23:56:00,0.077,192,2
2026-06-18 00:02:00,0.141,136,2
2026-06-18 00:08:00,0.034,158,2
2026-06-18 00:14:00,0.014,184,2
2026-06-18 00:20:00,0.154,206,2
2026-06-18 00:26:00,0.081,231,2
2026-06-18 00:32:00,0.18,203,2
2026-06-18 00:38:00,0.171,215,2
2026-06-18 00:44:00,0.194,247,2
2026-06-18 00:50:00,0.198,205,2
2026-06-18 00:56:00,0.313,209,2
2026-06-18 01:02:00,0.274,218,2
2026-06-18 01:08:00,0.231,217,2
2026-06-18 01:14:00,0.158,224,2
2026-06-18 01:20:00,0.188,202,2
2026-06-18 01:26:00,0.175,262,2
2026-06-18 01:32:00,0.251,171,2
2026-06-18 01:38:00,0.132,166,2
2026-06-18 01:44:00,0.109,220,2
2026-06-18 01:50:00,0.159,258,2
2026-06-18 01:56:00,0.213,238,2
2026-06-18 02:02:00,0.247,156,2
2026-06-18 02:08:00,0.272,156,2
2026-06-18 02:14:00,0.243,176,2
2026-06-18 02:20:00,0.185,201,2
2026-06-18 02:26:00,0.324,148,2
2026-06-18 02:32:00,0.261,138,2
2026-06-18 02:38:00,0.259,144,2
2026-06-18 02:44:00,0.164,104,2
2026-06-18 02:50:00,0.125,213,2
2026-06-18 02:56:00,0.148,118,2
2026-06-18 03:02:00,0.188,147,2
2026-06-18 03:08:00,0.171,125,2
2026-06-18 03:14:00,0.198,167,2
2026-06-18 03:20:00,0.233,200,2
2026-06-18 03:26:00,0.194,170,2
2026-06-18 03:32:00,0.124,167,2
2026-06-18 03:38:00,0.158,146,2
2026-06-18 03:44:00,0.237,185,2
2026-06-18 03:50:00,0.189,135,2
2026-06-18 03:56:00,0.122,177,2
2026-06-18 04:02:00,0.118,177,2
2026-06-18 04:08:00,0.138,166,2
2026-06-18 04:14:00,0.174,163,2
2026-06-18 04:20:00,0.154,122,2
2026-06-18 04:26:00,0.086,118,2
2026-06-18 04:32:00,0.02,354,2
2026-06-18 04:38:00,0.087,126,2
2026-06-18 04:44:00,0.115,46,2
2026-06-18 04:50:00,0.282,42,2
2026-06-18 05:02:00,0.267,51,2
2026-06-18 05:08:00,0.378,33,2
2026-06-18 05:14:00,0.376,58,2
2026-06-18 05:20:00,0.454,34,2
2026-06-18 05:32:00,0.518,48,2
2026-06-18 05:38:00,0.655,36,2
2026-06-18 05:44:00,0.701,14,2
2026-06-18 05:50:00,0.731,22,2
2026-06-18 05:56:00,0.822,35,2
2026-06-18 06:02:00,0.973,25,2
2026-06-18 06:08:00,0.972,18,2
2026-06-18 06:20:00,0.995,46,2
2026-06-18 06:26:00,0.931,15,2
2026-06-18 06:32:00,0.902,18,2
2026-06-18 06:38:00,1.001,35,2
2026-06-18 06:44:00,0.991,42,2
2026-06-18 06:50:00,1.049,22,2
2026-06-18 06:56:00,1.108,28,2
2026-06-18 07:02:00,1.185,26,2
2026-06-18 07:08:00,1.105,9,2
2026-06-18 07:14:00,1.183,27,2
2026-06-18 07:20:00,1.196,22,2
2026-06-18 07:26:00,1.19,18,2
2026-06-18 07:32:00,1.214,6,2
2026-06-18 07:38:00,1.25,15,2
2026-06-18 07:44:00,1.31,11,2
2026-06-18 07:50:00,1.248,14,2
2026-06-18 07:56:00,1.342,10,2
2026-06-18 08:02:00,1.314,2,2
2026-06-18 08:08:00,1.393,21,2
2026-06-18 08:14:00,1.239,15,2
2026-06-18 08:20:00,1.185,9,2
2026-06-18 08:26:00,1.363,1,2
2026-06-18 08:32:00,1.27,29,2
2026-06-18 08:38:00,1.225,19,2
2026-06-18 08:44:00,1.147,24,2
2026-06-18 08:50:00,1.122,21,2
2026-06-18 08:56:00,1.217,19,2
2026-06-18 09:02:00,1.174,21,2
2026-06-18 09:08:00,1.106,11,2
2026-06-18 09:14:00,1.062,16,2
2026-06-18 09:20:00,1.05,28,2
2026-06-18 09:26:00,1.047,2,2
2026-06-18 09:32:00,0.714,20,2
2026-06-18 09:38:00,0.759,2,2
2026-06-18 09:44:00,0.81,16,2
2026-06-18 09:50:00,0.751,25,2
2026-06-18 09:56:00,0.682,26,2
2026-06-18 10:02:00,0.415,10,2
2026-06-18 10:08:00,0.717,24,2
2026-06-18 10:14:00,0.664,32,2
2026-06-18 10:20:00,0.506,29,2
2026-06-18 10:26:00,0.415,23,2
2026-06-18 10:32:00,0.387,5,2
2026-06-18 10:38:00,0.314,354,2
2026-06-18 10:44:00,0.331,19,2
2026-06-18 10:50:00,0.274,31,2
2026-06-18 10:56:00,0.272,36,2
2026-06-18 11:02:00,0.212,9,2
2026-06-18 11:08:00,0.271,13,2
2026-06-18 11:14:00,0.254,4,2
2026-06-18 11:20:00,0.181,353,2
2026-06-18 11:26:00,0.192,2,2
2026-06-18 11:32:00,0.198,342,2
2026-06-18 11:38:00,0.211,358,2
2026-06-18 11:44:00,0.174,341,2
2026-06-18 11:50:00,0.068,65,2
2026-06-18 11:56:00,0.065,322,2
2026-06-18 12:02:00,0.039,348,2
2026-06-18 12:08:00,0.006,258,2
2026-06-18 12:14:00,0.036,218,2
2026-06-18 12:20:00,0.096,217,2
2026-06-18 12:26:00,0.15,229,2
2026-06-18 12:32:00,0.204,269,2
2026-06-18 12:38:00,0.219,264,2
2026-06-18 12:44:00,0.404,260,2
2026-06-18 12:50:00,0.268,203,2
2026-06-18 12:56:00,0.023,173,2
2026-06-18 13:02:00,0.3,180,2
2026-06-18 13:08:00,0.235,130,2
2026-06-18 13:14:00,0.317,227,2
2026-06-18 13:20:00,0.409,234,2
2026-06-18 13:26:00,0.521,198,2
2026-06-18 13:32:00,0.56,216,2
2026-06-18 13:38:00,0.639,180,2
2026-06-18 13:44:00,0.702,193,2
2026-06-18 13:50:00,0.726,214,2
2026-06-18 13:56:00,0.82,179,2
2026-06-18 14:02:00,0.921,192,2
2026-06-18 14:08:00,0.906,184,2
2026-06-18 14:14:00,0.915,188,2
2026-06-18 14:20:00,0.737,189,2
2026-06-18 14:26:00,1.016,199,2
2026-06-18 14:32:00,1.257,218,2
2026-06-18 14:38:00,1.46,235,2
2026-06-18 14:44:00,2.03,239,2
2026-06-18 14:50:00,2.057,243,2
2026-06-18 14:56:00,2.334,211,2
2026-06-18 15:02:00,2.244,194,2
2026-06-18 15:08:00,1.969,219,2
2026-06-18 15:14:00,1.724,206,2
2026-06-18 15:20:00,1.682,226,2
2026-06-18 15:26:00,1.66,208,2
2026-06-18 15:32:00,1.564,222,2
2026-06-18 15:38:00,1.427,237,2
2026-06-18 15:44:00,1.493,213,2
2026-06-18 15:50:00,1.711,211,2
2026-06-18 15:56:00,1.604,208,2
2026-06-18 16:02:00,1.625,218,2
2026-06-18 16:08:00,1.413,204,2
2026-06-18 16:14:00,1.382,229,2
2026-06-18 16:20:00,1.252,228,2
2026-06-18 16:26:00,1.394,212,2
2026-06-18 16:32:00,1.278,228,2
2026-06-18 16:38:00,1.304,202,2
2026-06-18 16:44:00,1.331,194,2
2026-06-18 16:50:00,1.308,194,2
2026-06-18 16:56:00,1.229,198,2
2026-06-18 17:02:00,1.108,223,2
2026-06-18 17:08:00,1.153,205,2
2026-06-18 17:14:00,1.088,200,2
2026-06-18 17:20:00,1.033,211,2
2026-06-18 17:26:00,0.988,191,2
2026-06-18 17:32:00,0.834,258,2
2026-06-18 17:38:00,0.813,211,2
2026-06-18 17:44:00,0.81,202,2
2026-06-18 17:50:00,0.758,236,2
2026-06-18 17:56:00,0.671,231,2
2026-06-18 18:02:00,0.609,214,2
2026-06-18 18:08:00,0.608,178,2
2026-06-18 18:14:00,0.5,217,2
2026-06-18 18:20:00,0.408,246,2
2026-06-18 18:26:00,0.321,184,2
2026-06-18 18:32:00,0.132,327,2
2026-06-18 18:38:00,0.192,312,2
2026-06-18 18:44:00,0.167,292,2
2026-06-18 18:50:00,0.216,263,2
2026-06-18 18:56:00,0.217,332,2
2026-06-18 19:02:00,0.189,323,2
2026-06-18 19:08:00,0.15,20,2
2026-06-18 19:14:00,0.256,315,2
2026-06-18 19:20:00,0.321,339,2
2026-06-18 19:26:00,0.442,334,2
2026-06-18 19:32:00,0.403,350,2
2026-06-18 19:38:00,0.373,347,2
2026-06-18 19:44:00,0.408,343,2
2026-06-18 19:50:00,0.452,14,2
2026-06-18 19:56:00,0.433,0,2
2026-06-18 20:02:00,0.439,348,2
2026-06-18 20:08:00,0.454,7,2
2026-06-18 20:14:00,0.459,4,2
2026-06-18 20:20:00,0.491,10,2
2026-06-18 20:26:00,0.472,0,2
2026-06-18 20:32:00,0.446,12,2
2026-06-18 20:38:00,0.424,12,2
2026-06-18 20:44:00,0.425,10,2
2026-06-18 20:50:00,0.478,13,2
2026-06-18 20:56:00,0.449,10,2
2026-06-18 21:02:00,0.574,3,2
2026-06-18 21:08:00,0.498,359,2
2026-06-18 21:14:00,0.443,12,2
2026-06-18 21:20:00,0.426,351,2
2026-06-18 21:26:00,0.373,18,2
2026-06-18 21:32:00,0.408,5,2
2026-06-18 21:38:00,0.404,45,2
2026-06-18 21:44:00,0.324,24,2
2026-06-18 21:50:00,0.336,354,2
2026-06-18 21:56:00,0.364,5,2
2026-06-18 22:02:00,0.331,32,2
2026-06-18 22:08:00,0.287,5,2
2026-06-18 22:14:00,0.305,20,2
2026-06-18 22:20:00,0.307,4,2
2026-06-18 22:26:00,0.219,7,2
2026-06-18 22:32:00,0.206,357,2
2026-06-18 22:38:00,0.185,351,2
2026-06-18 22:44:00,0.121,26,2
2026-06-18 22:50:00,0.056,139,2
2026-06-18 22:56:00,0.133,134,2
2026-06-18 23:02:00,0.076,92,2
2026-06-18 23:08:00,0.166,163,2
2026-06-18 23:14:00,0.148,192,2
2026-06-18 23:20:00,0.136,177,2
2026-06-18 23:26:00,0.185,202,2
2026-06-18 23:32:00,0.123,209,2
2026-06-18 23:38:00,0.26,234,2
2026-06-18 23:44:00,0.281,183,2
2026-06-18 23:50:00,0.239,195,2
2026-06-18 23:56:00,0.257,216,2
2026-06-19 00:02:00,0.354,190,2
2026-06-19 00:08:00,0.424,245,2
2026-06-19 00:14:00,0.445,154,2
2026-06-19 00:20:00,0.444,242,2
2026-06-19 00:26:00,0.323,259,2
2026-06-19 00:32:00,0.486,201,2
2026-06-19 00:38:00,0.463,256,2
2026-06-19 00:44:00,0.504,241,2
2026-06-19 00:50:00,0.701,261,2
2026-06-19 00:56:00,0.611,208,2
2026-06-19 01:02:00,0.669,241,2
2026-06-19 01:08:00,0.756,195,2
2026-06-19 01:14:00,0.691,201,2
2026-06-19 01:20:00,0.737,162,2
2026-06-19 01:26:00,0.733,191,2
2026-06-19 01:32:00,0.752,151,2
2026-06-19 01:38:00,0.764,205,2
2026-06-19 01:44:00,0.822,175,2
2026-06-19 01:50:00,0.891,224,2
2026-06-19 01:56:00,0.926,162,2
2026-06-19 02:02:00,0.925,229,2
2026-06-19 02:08:00,0.949,215,2
2026-06-19 02:14:00,1.044,248,2
2026-06-19 02:20:00,1.113,203,2
2026-06-19 02:26:00,1.211,183,2
2026-06-19 02:32:00,1.294,197,2
2026-06-19 02:38:00,1.268,212,2
2026-06-19 02:44:00,1.17,209,2
2026-06-19 02:50:00,1.113,196,2
2026-06-19 02:56:00,1.22,208,2
2026-06-19 03:02:00,1.224,183,2
2026-06-19 03:08:00,1.286,188,2
2026-06-19 03:14:00,1.352,222,2
2026-06-19 03:20:00,1.288,244,2
2026-06-19 03:26:00,1.144,206,2
2026-06-19 03:32:00,1.349,194,2
2026-06-19 03:38:00,1.326,236,2
2026-06-19 03:44:00,1.347,203,2
2026-06-19 03:50:00,1.369,191,2
2026-06-19 03:56:00,1.366,220,2
2026-06-19 04:02:00,1.335,232,2
2026-06-19 04:08:00,1.29,179,2
2026-06-19 04:14:00,1.209,179,2
2026-06-19 04:20:00,1.217,189,2
2026-06-19 04:26:00,1.194,207,2
2026-06-19 04:32:00,1.136,215,2
2026-06-19 04:38:00,1.112,193,2
2026-06-19 04:44:00,1.179,195,2
2026-06-19 04:50:00,1.095,231,2
2026-06-19 04:56:00,1.109,184,2
2026-06-19 05:02:00,0.971,240,2
2026-06-19 05:08:00,0.956,243,2
2026-06-19 05:14:00,0.995,213,2
2026-06-19 05:20:00,0.852,215,2
2026-06-19 05:26:00,0.915,153,2
2026-06-19 05:32:00,0.772,251,2
2026-06-19 05:38:00,0.736,234,2
2026-06-19 05:44:00,0.799,189,2
2026-06-19 05:50:00,0.692,254,2
2026-06-19 05:56:00,0.587,273,2
2026-06-19 06:02:00,0.539,267,2
2026-06-19 06:14:00,0.49,257,2
2026-06-19 06:20:00,0.343,216,2
2026-06-19 06:26:00,0.477,171,2
2026-06-19 06:32:00,0.347,217,2
2026-06-19 06:38:00,0.211,216,2
2026-06-19 06:44:00,0.157,225,2
2026-06-19 06:50:00,0.089,287,2
2026-06-19 06:56:00,0.12,43,2
2026-06-19 07:02:00,0.216,37,2
2026-06-19 07:08:00,0.226,9,2
2026-06-19 07:14:00,0.348,2,2
2026-06-19 07:20:00,0.474,2,2
2026-06-19 07:26:00,0.426,358,2
2026-06-19 07:32:00,0.397,32,2
2026-06-19 07:38:00,0.567,15,2
2026-06-19 07:44:00,0.539,15,2
2026-06-19 07:50:00,0.553,7,2
2026-06-19 07:56:00,0.628,22,2
2026-06-19 08:02:00,0.669,30,2
2026-06-19 08:08:00,0.659,15,2
2026-06-19 08:14:00,0.629,4,2
2026-06-19 08:20:00,0.767,12,2
2026-06-19 08:26:00,0.648,12,2
2026-06-19 08:32:00,0.784,31,2
2026-06-19 08:38:00,0.734,1,2
2026-06-19 08:44:00,0.739,358,2
2026-06-19 08:50:00,0.769,4,2
2026-06-19 08:56:00,0.72,328,2
2026-06-19 09:02:00,0.608,10,2
2026-06-19 09:08:00,0.731,18,2
2026-06-19 09:14:00,0.766,13,2
2026-06-19 09:20:00,0.725,359,2
2026-06-19 09:26:00,0.754,352,2
2026-06-19 09:32:00,0.87,357,2
2026-06-19 09:38:00,0.843,18,2
2026-06-19 09:44:00,0.751,7,2
2026-06-19 09:50:00,0.764,9,2
2026-06-19 09:56:00,0.653,33,2
2026-06-19 10:02:00,0.644,31,2
2026-06-19 10:08:00,0.608,1,2
2026-06-19 10:14:00,0.634,28,2
2026-06-19 10:20:00,0.577,28,2
2026-06-19 10:26:00,0.515,27,2
2026-06-19 10:32:00,0.586,3,2
2026-06-19 10:38:00,0.46,4,2
2026-06-19 10:44:00,0.332,53,2
2026-06-19 10:50:00,0.393,44,2
2026-06-19 10:56:00,0.295,56,2
2026-06-19 11:02:00,0.349,61,2
2026-06-19 11:08:00,0.181,20,2
2026-06-19 11:14:00,0.267,39,2
2026-06-19 11:20:00,0.245,3,2
2026-06-19 11:26:00,0.165,6,2
2026-06-19 11:32:00,0.133,7,2
2026-06-19 11:38:00,0.124,3,2
2026-06-19 11:44:00,0.09,65,2
2026-06-19 11:50:00,0.135,264,2
2026-06-19 11:56:00,0.16,269,2
2026-06-19 12:02:00,0.207,246,2
2026-06-19 12:08:00,0.191,284,2
2026-06-19 12:14:00,0.332,252,2
2026-06-19 12:20:00,0.195,255,2
2026-06-19 12:26:00,0.191,234,2
2026-06-19 12:32:00,0.113,163,2
2026-06-19 12:38:00,0.216,188,2
2026-06-19 12:44:00,0.2,211,2
2026-06-19 12:50:00,0.354,194,2
2026-06-19 12:56:00,0.354,220,2
2026-06-19 13:02:00,0.448,235,2
2026-06-19 13:08:00,0.508,198,2
2026-06-19 13:14:00,0.408,210,2
2026-06-19 13:20:00,0.576,197,2
2026-06-19 13:26:00,0.561,165,2
2026-06-19 13:32:00,0.616,202,2
2026-06-19 13:38:00,0.568,202,2
2026-06-19 13:44:00,0.608,213,2
2026-06-19 13:50:00,0.631,184,2
2026-06-19 13:56:00,0.607,181,2
2026-06-19 14:02:00,0.671,222,2
2026-06-19 14:08:00,0.694,227,2
2026-06-19 14:14:00,1.035,201,2
2026-06-19 14:20:00,0.888,215,2
2026-06-19 14:26:00,1.08,189,2
2026-06-19 14:32:00,0.963,182,2
2026-06-19 14:38:00,0.975,212,2
2026-06-19 14:44:00,0.993,224,2
2026-06-19 14:50:00,0.895,179,2
2026-06-19 14:56:00,0.968,234,2
2026-06-19 15:02:00,0.922,217,2
2026-06-19 15:08:00,0.957,196,2
2026-06-19 15:14:00,0.986,200,2
2026-06-19 15:20:00,1.207,218,2
2026-06-19 15:26:00,1.208,191,2
2026-06-19 15:32:00,0.979,234,2
2026-06-19 15:38:00,1.161,190,2
2026-06-19 15:44:00,1.313,226,2
2026-06-19 15:50:00,0.955,219,2
2026-06-19 15:56:00,1.327,206,2
2026-06-19 16:02:00,1.412,227,2
2026-06-19 16:08:00,1.292,194,2
2026-06-19 16:14:00,1.227,225,2
2026-06-19 16:20:00,1.146,211,2
2026-06-19 16:26:00,1.2,191,2
2026-06-19 16:32:00,1.363,189,2
2026-06-19 16:38:00,1.396,211,2
2026-06-19 16:44:00,1.097,205,2
2026-06-19 16:50:00,1.397,222,2
2026-06-19 16:56:00,1.374,208,2
2026-06-19 17:02:00,1.441,208,2
2026-06-19 17:08:00,1.419,213,2
2026-06-19 17:14:00,1.43,206,2
2026-06-19 17:20:00,1.301,205,2
2026-06-19 17:26:00,1.321,229,2
2026-06-19 17:32:00,1.247,197,2
2026-06-19 17:38:00,1.259,220,2
2026-06-19 17:44:00,1.11,204,2
2026-06-19 17:50:00,1.197,209,2
2026-06-19 17:56:00,1.281,208,2
2026-06-19 18:02:00,1.23,199,2
2026-06-19 18:08:00,1.19,208,2
2026-06-19 18:14:00,1.148,182,2
2026-06-19 18:20:00,1.133,214,2
2026-06-19 18:26:00,1.09,200,2
2026-06-19 18:32:00,1.044,204,2
2026-06-19 18:38:00,1.032,228,2
2026-06-19 18:44:00,0.855,236,2
2026-06-19 18:50:00,0.894,203,2
2026-06-19 18:56:00,0.85,236,2
2026-06-19 19:02:00,0.793,196,2
2026-06-19 19:08:00,0.564,223,2
2026-06-19 19:14:00,0.46,202,2
2026-06-19 19:20:00,0.398,181,2
2026-06-19 19:26:00,0.403,235,2
2026-06-19 19:32:00,0.343,218,2
2026-06-19 19:38:00,0.198,224,2
2026-06-19 19:44:00,0.149,293,2
2026-06-19 19:50:00,0.172,251,2
2026-06-19 19:56:00,0.278,291,2
2026-06-19 20:02:00,0.225,297,2
2026-06-19 20:08:00,0.15,285,2
2026-06-19 20:14:00,0.131,330,2
2026-06-19 20:20:00,0.126,346,2
2026-06-19 20:26:00,0.122,19,2
2026-06-19 20:32:00,0.157,334,2
2026-06-19 20:38:00,0.188,320,2
2026-06-19 20:44:00,0.247,1,2
2026-06-19 20:50:00,0.37,33,2
2026-06-19 20:56:00,0.409,12,2
2026-06-19 21:02:00,0.452,35,2
2026-06-19 21:08:00,0.473,331,2
2026-06-19 21:14:00,0.449,4,2
2026-06-19 21:20:00,0.63,351,2
2026-06-19 21:26:00,0.599,3,2
2026-06-19 21:32:00,0.683,350,2
2026-06-19 21:38:00,0.559,352,2
2026-06-19 21:44:00,0.697,351,2
2026-06-19 21:50:00,0.619,1,2
2026-06-19 21:56:00,0.603,347,2
2026-06-19 22:02:00,0.537,357,2
2026-06-19 22:08:00,0.54,353,2
2026-06-19 22:14:00,0.569,2,2
2026-06-19 22:20:00,0.647,358,2
2026-06-19 22:26:00,0.612,0,2
2026-06-19 22:32:00,0.591,4,2
2026-06-19 22:38:00,0.55,11,2
2026-06-19 22:44:00,0.488,8,2
2026-06-19 22:50:00,0.51,9,2
2026-06-19 22:56:00,0.657,5,2
2026-06-19 23:02:00,0.712,0,2
2026-06-19 23:08:00,0.573,12,2
2026-06-19 23:14:00,0.457,3,2
2026-06-19 23:20:00,0.429,9,2
2026-06-19 23:26:00,0.402,12,2
2026-06-19 23:32:00,0.369,10,2
2026-06-19 23:38:00,0.335,339,2
2026-06-19 23:44:00,0.304,353,2
2026-06-19 23:50:00,0.274,350,2
2026-06-19 23:56:00,0.322,338,2
2026-06-20 00:02:00,0.191,321,2
2026-06-20 00:08:00,0.273,336,2
2026-06-20 00:14:00,0.198,306,2
2026-06-20 00:20:00,0.149,252,2
2026-06-20 00:26:00,0.087,297,2
2026-06-20 00:32:00,0.024,69,2
2026-06-20 00:38:00,0.214,269,2
2026-06-20 00:44:00,0.17,233,2
2026-06-20 00:50:00,0.13,257,2
2026-06-20 00:56:00,0.188,265,2
2026-06-20 01:02:00,0.165,210,2
2026-06-20 01:08:00,0.196,275,2
2026-06-20 01:14:00,0.252,216,2
2026-06-20 01:20:00,0.277,217,2
2026-06-20 01:26:00,0.375,202,2
2026-06-20 01:32:00,0.329,219,2
2026-06-20 01:38:00,0.429,216,2
2026-06-20 01:44:00,0.416,178,2
2026-06-20 01:50:00,0.39,221,2
2026-06-20 01:56:00,0.416,222,2
2026-06-20 02:02:00,0.53,248,2
2026-06-20 02:08:00,0.542,212,2
2026-06-20 02:14:00,0.505,208,2
2026-06-20 02:20:00,0.585,221,2
2026-06-20 02:26:00,0.522,215,2
2026-06-20 02:32:00,0.672,204,2
2026-06-20 02:38:00,0.603,229,2
2026-06-20 02:44:00,0.683,194,2
2026-06-20 02:50:00,0.657,204,2
2026-06-20 02:56:00,0.655,218,2
2026-06-20 03:02:00,0.813,226,2
2026-06-20 03:08:00,0.719,210,2
2026-06-20 03:14:00,0.807,213,2
2026-06-20 03:20:00,0.834,191,2
2026-06-20 03:26:00,0.669,205,2
2026-06-20 03:32:00,0.707,180,2
2026-06-20 03:38:00,0.785,228,2
2026-06-20 03:44:00,0.767,230,2
2026-06-20 03:50:00,0.823,188,2
2026-06-20 03:56:00,0.718,227,2
2026-06-20 04:02:00,0.865,230,2
2026-06-20 04:08:00,0.878,212,2
2026-06-20 04:14:00,1.045,230,2
2026-06-20 04:20:00,0.943,216,2
2026-06-20 04:26:00,0.976,207,2
2026-06-20 04:32:00,0.892,225,2
2026-06-20 04:38:00,0.973,231,2
2026-06-20 04:44:00,0.667,212,2
2026-06-20 04:50:00,0.594,236,2
2026-06-20 04:56:00,0.465,237,2
2026-06-20 05:02:00,0.509,169,2
2026-06-20 05:08:00,0.477,182,2
2026-06-20 05:14:00,0.611,260,2
2026-06-20 05:20:00,0.584,240,2
2026-06-20 05:26:00,0.553,223,2
2026-06-20 05:32:00,0.424,256,2
2026-06-20 05:38:00,0.507,258,2
2026-06-20 05:44:00,0.388,235,2
2026-06-20 05:50:00,0.373,168,2
2026-06-20 05:56:00,0.374,189,2
2026-06-20 06:02:00,0.363,215,2
2026-06-20 06:08:00,0.258,189,2
2026-06-20 06:14:00,0.354,294,2
2026-06-20 06:20:00,0.314,197,2
2026-06-20 06:26:00,0.205,224,2
2026-06-20 06:32:00,0.149,308,2
2026-06-20 06:38:00,0.161,229,2
2026-06-20 06:44:00,0.232,304,2
2026-06-20 06:50:00,0.163,258,2
2026-06-20 06:56:00,0.102,313,2
2026-06-20 07:02:00,0.174,279,2
2026-06-20 07:08:00,0.125,286,2
2026-06-20 07:14:00,0.194,332,2
2026-06-20 07:20:00,0.195,327,2
2026-06-20 07:26:00,0.064,107,2
2026-06-20 07:32:00,0.265,330,2
2026-06-20 07:38:00,0.269,351,2
2026-06-20 07:44:00,0.274,10,2
2026-06-20 07:50:00,0.401,15,2
2026-06-20 07:56:00,0.559,7,2
2026-06-20 08:02:00,0.565,10,2
2026-06-20 08:08:00,0.432,21,2
2026-06-20 08:14:00,0.464,10,2
2026-06-20 08:20:00,0.501,0,2
2026-06-20 08:26:00,0.617,19,2
2026-06-20 08:32:00,0.541,21,2
2026-06-20 08:38:00,0.537,19,2
2026-06-20 08:44:00,0.532,17,2
2026-06-20 08:50:00,0.615,13,2
2026-06-20 08:56:00,0.709,26,2
2026-06-20 09:02:00,0.736,7,2
2026-06-20 09:08:00,0.838,354,2
2026-06-20 09:14:00,0.586,9,2
2026-06-20 09:20:00,0.571,18,2
2026-06-20 09:26:00,0.579,21,2
2026-06-20 09:32:00,0.657,18,2
2026-06-20 09:38:00,0.609,16,2
2026-06-20 09:44:00,0.539,11,2
2026-06-20 09:50:00,0.448,351,2
2026-06-20 09:56:00,0.312,359,2
2026-06-20 10:02:00,0.198,349,2
2026-06-20 10:08:00,0.309,8,2
2026-06-20 10:14:00,0.25,0,2
2026-06-20 10:20:00,0.373,14,2
2026-06-20 10:26:00,0.382,35,2
2026-06-20 10:32:00,0.33,6,2
2026-06-20 10:38:00,0.283,31,2
2026-06-20 10:44:00,0.201,17,2
2026-06-20 10:50:00,0.494,7,2
2026-06-20 10:56:00,0.517,24,2
2026-06-20 11:02:00,0.263,17,2
2026-06-20 11:08:00,0.3,14,2
2026-06-20 11:14:00,0.237,359,2
2026-06-20 11:20:00,0.263,318,2
2026-06-20 11:26:00,0.305,11,2
2026-06-20 11:32:00,0.422,24,2
2026-06-20 11:38:00,0.316,354,2
2026-06-20 11:44:00,0.243,10,2
2026-06-20 11:50:00,0.256,358,2
2026-06-20 11:56:00,0.257,127,2
2026-06-20 12:02:00,0.169,301,2
2026-06-20 12:08:00,0.224,351,2
2026-06-20 12:14:00,0.164,29,2
2026-06-20 12:20:00,0.085,278,2
2026-06-20 12:26:00,0.094,40,2
2026-06-20 12:32:00,0.066,347,2
2026-06-20 12:38:00,0.105,141,2
2026-06-20 12:44:00,0.228,123,2
2026-06-20 12:50:00,0.168,298,2
2026-06-20 12:56:00,0.265,305,2
2026-06-20 13:02:00,0.095,113,2
2026-06-20 13:08:00,0.136,211,2
2026-06-20 13:14:00,0.213,217,2
2026-06-20 13:20:00,0.23,197,2
2026-06-20 13:26:00,0.297,244,2
2026-06-20 13:32:00,0.214,233,2
2026-06-20 13:38:00,0.255,217,2
2026-06-20 13:44:00,0.267,164,2
2026-06-20 13:50:00,0.257,242,2
2026-06-20 13:56:00,0.326,198,2
2026-06-20 14:02:00,0.286,217,2
2026-06-20 14:08:00,0.332,187,2
2026-06-20 14:14:00,0.308,191,2
2026-06-20 14:20:00,0.516,181,2
2026-06-20 14:26:00,0.485,215,2
2026-06-20 14:32:00,0.492,246,2
2026-06-20 14:38:00,0.529,261,2
2026-06-20 14:44:00,0.555,230,2
2026-06-20 14:50:00,0.684,220,2
2026-06-20 14:56:00,0.741,208,2
2026-06-20 15:02:00,0.721,198,2
2026-06-20 15:08:00,0.684,253,2
2026-06-20 15:14:00,0.894,174,2
2026-06-20 15:20:00,0.915,213,2
2026-06-20 15:26:00,0.95,235,2
2026-06-20 15:32:00,1.037,205,2
2026-06-20 15:38:00,0.998,217,2
2026-06-20 15:44:00,1.004,229,2
2026-06-20 15:50:00,1.11,196,2
2026-06-20 15:56:00,1.207,236,2
2026-06-20 16:02:00,1.268,224,2
2026-06-20 16:08:00,1.287,218,2
2026-06-20 16:14:00,1.273,191,2
2026-06-20 16:20:00,1.308,229,2
2026-06-20 16:26:00,1.2,224,2
2026-06-20 16:32:00,1.335,208,2
2026-06-20 16:38:00,1.207,209,2
2026-06-20 16:44:00,1.232,206,2
2026-06-20 16:50:00,1.337,230,2
2026-06-20 16:56:00,1.256,237,2
2026-06-20 17:02:00,1.215,229,2
2026-06-20 17:08:00,1.314,227,2
2026-06-20 17:14:00,1.192,220,2
2026-06-20 17:20:00,1.096,186,2
2026-06-20 17:26:00,1.152,242,2
2026-06-20 17:32:00,0.943,198,2
2026-06-20 17:38:00,1.171,222,2
2026-06-20 17:44:00,1.032,199,2
2026-06-20 17:50:00,1.144,212,2
2026-06-20 17:56:00,1.074,192,2
2026-06-20 18:02:00,1.073,197,2
2026-06-20 18:08:00,1.159,221,2
2026-06-20 18:14:00,0.952,205,2
2026-06-20 18:20:00,1.064,180,2
2026-06-20 18:26:00,1.026,209,2
2026-06-20 18:32:00,1.026,205,2
2026-06-20 18:38:00,0.947,179,2
2026-06-20 18:44:00,0.824,180,2
2026-06-20 18:50:00,0.912,234,2
2026-06-20 18:56:00,0.757,171,2
2026-06-20 19:02:00,0.736,187,2
2026-06-20 19:08:00,0.619,201,2
2026-06-20 19:14:00,0.609,208,2
2026-06-20 19:20:00,0.624,192,2
2026-06-20 19:26:00,0.532,238,2
2026-06-20 19:32:00,0.528,201,2
2026-06-20 19:38:00,0.474,217,2
2026-06-20 19:44:00,0.464,230,2
2026-06-20 19:50:00,0.358,224,2
2026-06-20 19:56:00,0.326,206,2
2026-06-20 20:02:00,0.37,228,2
2026-06-20 20:08:00,0.302,247,2
2026-06-20 20:14:00,0.306,238,2
2026-06-20 20:20:00,0.42,247,2
2026-06-20 20:26:00,0.291,287,2
2026-06-20 20:32:00,0.359,304,2
2026-06-20 20:38:00,0.256,304,2
2026-06-20 20:44:00,0.24,295,2
2026-06-20 20:50:00,0.237,299,2
2026-06-20 20:56:00,0.266,320,2
2026-06-20 21:02:00,0.381,12,2
2026-06-20 21:08:00,0.343,7,2
2026-06-20 21:14:00,0.46,7,2
2026-06-20 21:20:00,0.389,11,2
2026-06-20 21:26:00,0.463,347,2
2026-06-20 21:32:00,0.476,15,2
2026-06-20 21:38:00,0.544,355,2
2026-06-20 21:44:00,0.617,8,2
2026-06-20 21:50:00,0.621,24,2
2026-06-20 21:56:00,0.668,17,2
2026-06-20 22:02:00,0.696,14,2
2026-06-20 22:08:00,0.593,42,2
2026-06-20 22:14:00,0.672,1,2
2026-06-20 22:20:00,0.612,41,2
2026-06-20 22:26:00,0.699,12,2
2026-06-20 22:32:00,0.745,357,2
2026-06-20 22:38:00,0.725,16,2
2026-06-20 22:44:00,0.801,2,2
2026-06-20 22:50:00,0.795,17,2
2026-06-20 22:56:00,0.755,355,2
2026-06-20 23:02:00,0.762,5,2
2026-06-20 23:08:00,0.662,31,2
2026-06-20 23:14:00,0.725,5,2
2026-06-20 23:20:00,0.741,32,2
2026-06-20 23:26:00,0.641,354,2
2026-06-20 23:32:00,0.642,10,2
2026-06-20 23:38:00,0.697,358,2
2026-06-20 23:44:00,0.685,359,2
2026-06-20 23:50:00,0.578,48,2
2026-06-20 23:56:00,0.534,10,2
2026-06-21 00:02:00,0.589,49,2
2026-06-21 00:08:00,0.488,73,2
2026-06-21 00:14:00,0.432,35,2
2026-06-21 00:20:00,0.455,44,2
2026-06-21 00:26:00,0.507,24,2
2026-06-21 00:32:00,0.446,67,2
2026-06-21 00:38:00,0.334,44,2
2026-06-21 00:44:00,0.224,65,2
2026-06-21 00:50:00,0.32,56,2
2026-06-21 00:56:00,0.271,50,2
2026-06-21 01:02:00,0.218,54,2
2026-06-21 01:08:00,0.163,77,2
2026-06-21 01:20:00,0.092,61,2
2026-06-21 01:26:00,0.15,164,2
2026-06-21 01:32:00,0.052,113,2
2026-06-21 01:38:00,0.138,211,2
2026-06-21 01:44:00,0.099,183,2
2026-06-21 01:50:00,0.255,185,2
2026-06-21 01:56:00,0.165,205,2
2026-06-21 02:02:00,0.243,219,2
2026-06-21 02:08:00,0.293,204,2
2026-06-21 02:14:00,0.341,231,2
2026-06-21 02:20:00,0.355,202,2
2026-06-21 02:26:00,0.383,220,2
2026-06-21 02:32:00,0.429,229,2
2026-06-21 02:38:00,0.5,199,2
2026-06-21 02:44:00,0.54,203,2
2026-06-21 02:50:00,0.452,210,2
2026-06-21 02:56:00,0.398,229,2
2026-06-21 03:02:00,0.514,235,2
2026-06-21 03:08:00,0.509,246,2
2026-06-21 03:14:00,0.508,221,2
2026-06-21 03:20:00,0.461,238,2
2026-06-21 03:26:00,0.526,255,2
2026-06-21 03:32:00,0.55,240,2
2026-06-21 03:38:00,0.617,175,2
2026-06-21 03:44:00,0.568,240,2
2026-06-21 03:50:00,0.626,258,2
2026-06-21 03:56:00,0.651,182,2
2026-06-21 04:02:00,0.74,205,2
2026-06-21 04:08:00,0.691,210,2
2026-06-21 04:14:00,0.663,252,2
2026-06-21 04:20:00,0.772,240,2
2026-06-21 04:26:00,0.725,231,2
2026-06-21 04:32:00,0.851,190,2
2026-06-21 04:38:00,0.81,229,2
2026-06-21 04:44:00,0.85,196,2
2026-06-21 04:50:00,0.888,216,2
2026-06-21 04:56:00,0.635,195,2
2026-06-21 05:02:00,0.836,232,2
2026-06-21 05:08:00,0.729,231,2
2026-06-21 05:14:00,0.815,167,2
2026-06-21 05:20:00,0.904,229,2
2026-06-21 05:26:00,0.96,195,2
2026-06-21 05:32:00,1.032,241,2
2026-06-21 05:38:00,0.834,199,2
2026-06-21 05:44:00,0.943,189,2
2026-06-21 05:50:00,1.025,239,2
2026-06-21 05:56:00,1.017,230,2
2026-06-21 06:02:00,0.801,208,2
2026-06-21 06:08:00,0.828,208,2
2026-06-21 06:14:00,0.851,243,2
2026-06-21 06:20:00,0.948,217,2
2026-06-21 06:26:00,0.972,213,2
2026-06-21 06:32:00,0.901,246,2
2026-06-21 06:38:00,0.998,232,2
2026-06-21 06:44:00,1.007,197,2
2026-06-21 06:50:00,0.959,245,2
2026-06-21 06:56:00,0.891,222,2
2026-06-21 07:02:00,0.81,233,2
2026-06-21 07:08:00,0.719,234,2
2026-06-21 07:14:00,0.709,249,2
2026-06-21 07:20:00,0.658,239,2
2026-06-21 07:26:00,0.67,191,2
2026-06-21 07:32:00,0.614,223,2
2026-06-21 07:38:00,0.41,204,2
2026-06-21 07:44:00,0.444,180,2
2026-06-21 07:50:00,0.342,232,2
2026-06-21 07:56:00,0.379,167,2
2026-06-21 08:02:00,0.309,245,2
2026-06-21 08:08:00,0.224,161,2
2026-06-21 08:14:00,0.18,185,2
2026-06-21 08:20:00,0.173,165,2
2026-06-21 08:26:00,0.181,200,2
2026-06-21 08:32:00,0.081,243,2
2026-06-21 08:38:00,0.114,275,2
2026-06-21 08:44:00,0.092,113,2
2026-06-21 08:50:00,0.008,348,2
2026-06-21 08:56:00,0.153,109,2
2026-06-21 09:02:00,0.059,341,2
2026-06-21 09:08:00,0.021,174,2
2026-06-21 09:14:00,0.111,157,2
2026-06-21 09:20:00,0.203,145,2
2026-06-21 09:26:00,0.109,140,2
2026-06-21 09:32:00,0.055,70,2
2026-06-21 09:38:00,0.018,85,2
2026-06-21 09:44:00,0.106,340,2
2026-06-21 09:50:00,0.137,33,2
2026-06-21 09:56:00,0.189,26,2
2026-06-21 10:02:00,0.241,8,2
2026-06-21 10:08:00,0.199,336,2
2026-06-21 10:14:00,0.339,12,2
2026-06-21 10:20:00,0.31,336,2
2026-06-21 10:26:00,0.361,337,2
2026-06-21 10:32:00,0.463,348,2
2026-06-21 10:38:00,0.46,2,2
2026-06-21 10:44:00,0.518,357,2
2026-06-21 10:50:00,0.45,6,2
2026-06-21 10:56:00,0.42,37,2
2026-06-21 11:02:00,0.403,341,2
2026-06-21 11:08:00,0.437,344,2
2026-06-21 11:14:00,0.33,12,2
2026-06-21 11:20:00,0.229,354,2
2026-06-21 11:26:00,0.28,40,2
2026-06-21 11:32:00,0.203,16,2
2026-06-21 11:38:00,0.28,355,2
2026-06-21 11:44:00,0.323,19,2
2026-06-21 11:50:00,0.433,11,2
2026-06-21 11:56:00,0.333,357,2
2026-06-21 12:02:00,0.278,36,2
2026-06-21 12:08:00,0.194,329,2
2026-06-21 12:14:00,0.192,320,2
2026-06-21 12:20:00,0.094,342,2
2026-06-21 12:26:00,0.169,340,2
2026-06-21 12:32:00,0.153,326,2
2026-06-21 12:38:00,0.12,319,2
2026-06-21 12:44:00,0.126,348,2
2026-06-21 12:50:00,0.218,316,2
2026-06-21 12:56:00,0.229,283,2
2026-06-21 13:02:00,0.209,294,2
2026-06-21 13:08:00,0.071,160,2
2026-06-21 13:14:00,0.186,295,2
2026-06-21 13:26:00,0.084,354,2
2026-06-21 13:32:00,0.104,276,2
2026-06-21 13:38:00,0.094,279,2
2026-06-21 13:44:00,0.167,255,2
2026-06-21 13:50:00,0.102,265,2
2026-06-21 13:56:00,0.346,160,2
2026-06-21 14:02:00,0.268,237,2
2026-06-21 14:08:00,0.229,196,2
2026-06-21 14:14:00,0.326,218,2
2026-06-21 14:20:00,0.25,184,2
2026-06-21 14:26:00,0.361,188,2
2026-06-21 14:32:00,0.345,270,2
2026-06-21 14:38:00,0.422,245,2
2026-06-21 14:44:00,0.46,238,2
2026-06-21 14:50:00,0.491,273,2
2026-06-21 14:56:00,0.628,254,2
2026-06-21 15:02:00,0.567,262,2
2026-06-21 15:08:00,0.508,178,2
2026-06-21 15:14:00,0.549,192,2
2026-06-21 15:20:00,0.525,174,2
2026-06-21 15:26:00,0.634,213,2
2026-06-21 15:32:00,0.587,225,2
2026-06-21 15:38:00,0.716,198,2
2026-06-21 15:44:00,0.626,187,2
2026-06-21 15:50:00,0.787,208,2
2026-06-21 15:56:00,0.858,167,2
2026-06-21 16:02:00,0.852,194,2
2026-06-21 16:08:00,0.919,186,2
2026-06-21 16:14:00,0.935,214,2
2026-06-21 16:20:00,0.895,208,2
2026-06-21 16:26:00,0.797,239,2
2026-06-21 16:32:00,0.899,233,2
2026-06-21 16:38:00,0.847,216,2
2026-06-21 16:44:00,0.89,209,2
2026-06-21 16:50:00,0.824,199,2
2026-06-21 16:56:00,0.787,231,2
2026-06-21 17:02:00,0.764,191,2
2026-06-21 17:08:00,0.902,210,2
2026-06-21 17:14:00,0.796,194,2
2026-06-21 17:20:00,1.022,230,2
2026-06-21 17:26:00,1.003,207,2
2026-06-21 17:32:00,0.903,216,2
2026-06-21 17:38:00,1.003,210,2
2026-06-21 17:44:00,0.762,218,2
2026-06-21 17:50:00,0.94,208,2
2026-06-21 17:56:00,0.942,194,2
2026-06-21 18:02:00,0.922,217,2
2026-06-21 18:08:00,0.904,201,2
2026-06-21 18:14:00,1.056,200,2
2026-06-21 18:20:00,0.853,233,2
2026-06-21 18:26:00,0.755,210,2
2026-06-21 18:32:00,0.847,207,2
2026-06-21 18:38:00,0.944,213,2
2026-06-21 18:44:00,1.08,238,2
2026-06-21 18:50:00,0.9,230,2
2026-06-21 18:56:00,0.832,198,2
2026-06-21 19:02:00,0.829,215,2
2026-06-21 19:08:00,0.805,204,2
2026-06-21 19:14:00,0.77,193,2
2026-06-21 19:20:00,0.747,197,2
2026-06-21 19:26:00,0.753,221,2
2026-06-21 19:32:00,0.818,209,2
2026-06-21 19:38:00,0.792,192,2
2026-06-21 19:44:00,0.747,182,2
2026-06-21 19:50:00,0.641,230,2
2026-06-21 19:56:00,0.583,245,2
2026-06-21 20:02:00,0.453,245,2
2026-06-21 20:08:00,0.457,261,2
2026-06-21 20:14:00,0.565,203,2
2026-06-21 20:20:00,0.35,269,2
2026-06-21 20:26:00,0.397,214,2
2026-06-21 20:32:00,0.366,217,2
2026-06-21 20:38:00,0.334,257,2
2026-06-21 20:44:00,0.215,246,2
2026-06-21 20:50:00,0.157,231,2
2026-06-21 20:56:00,0.236,221,2
2026-06-21 21:02:00,0.18,190,2
2026-06-21 21:08:00,0.119,293,2
2026-06-21 21:14:00,0.078,261,2
2026-06-21 21:20:00,0.129,295,2
2026-06-21 21:26:00,0.115,353,2
2026-06-21 21:32:00,0.027,87,2
2026-06-21 21:38:00,0.161,339,2
2026-06-21 21:44:00,0.286,50,2
2026-06-21 21:50:00,0.239,3,2
2026-06-21 21:56:00,0.342,13,2
2026-06-21 22:02:00,0.503,41,2
2026-06-21 22:08:00,0.516,15,2
2026-06-21 22:14:00,0.62,25,2
2026-06-21 22:20:00,0.719,19,2
2026-06-21 22:26:00,0.726,31,2
2026-06-21 22:32:00,0.702,17,2
2026-06-21 22:38:00,0.793,7,2
2026-06-21 22:44:00,0.799,10,2
2026-06-21 22:50:00,0.953,18,2
2026-06-21 22:56:00,0.931,1,2
2026-06-21 23:02:00,0.927,15,2
2026-06-21 23:08:00,0.863,15,2
2026-06-21 23:14:00,0.937,13,2
2026-06-21 23:20:00,0.995,23,2
2026-06-21 23:26:00,0.964,18,2
2026-06-21 23:32:00,1.029,10,2
2026-06-21 23:38:00,1.065,17,2
2026-06-21 23:44:00,0.866,39,2
2026-06-21 23:50:00,0.887,35,2
2026-06-21 23:56:00,0.85,22,2
2026-06-22 00:02:00,0.944,34,2
2026-06-22 00:08:00,0.925,18,2
2026-06-22 00:14:00,0.882,36,2
2026-06-22 00:20:00,0.891,1,2
2026-06-22 00:26:00,0.915,31,2
2026-06-22 00:32:00,0.815,25,2
2026-06-22 00:38:00,0.824,16,2
2026-06-22 00:44:00,0.836,5,2
2026-06-22 00:50:00,0.774,46,2
2026-06-22 00:56:00,0.792,21,2
2026-06-22 01:02:00,0.798,12,2
2026-06-22 01:08:00,0.815,22,2
2026-06-22 01:14:00,0.714,56,2
2026-06-22 01:20:00,0.632,41,2
2026-06-22 01:26:00,0.568,34,2
2026-06-22 01:32:00,0.617,27,2
2026-06-22 01:38:00,0.558,13,2
2026-06-22 01:44:00,0.563,27,2
2026-06-22 01:50:00,0.491,17,2
2026-06-22 01:56:00,0.422,33,2
2026-06-22 02:02:00,0.414,20,2
2026-06-22 02:08:00,0.387,14,2
2026-06-22 02:14:00,0.442,19,2
2026-06-22 02:20:00,0.247,17,2
2026-06-22 02:26:00,0.243,49,2
2026-06-22 02:32:00,0.239,48,2
2026-06-22 02:38:00,0.202,44,2
2026-06-22 02:44:00,0.165,131,2
2026-06-22 02:50:00,0.244,11,2
2026-06-22 02:56:00,0.117,39,2
2026-06-22 03:02:00,0.058,352,2
2026-06-22 03:08:00,0.15,49,2
2026-06-22 03:14:00,0.025,111,2
2026-06-22 03:20:00,0.14,27,2
2026-06-22 03:26:00,0.12,64,2
2026-06-22 03:32:00,0.055,254,2
2026-06-22 03:38:00,0.117,158,2
2026-06-22 03:44:00,0.082,163,2
2026-06-22 03:50:00,0.089,221,2
2026-06-22 03:56:00,0.112,202,2
2026-06-22 04:02:00,0.175,214,2
2026-06-22 04:08:00,0.223,216,2
2026-06-22 04:14:00,0.233,217,2
2026-06-22 04:20:00,0.297,216,2
2026-06-22 04:26:00,0.345,231,2
2026-06-22 04:32:00,0.386,236,2
2026-06-22 04:38:00,0.404,220,2
2026-06-22 04:44:00,0.322,240,2
2026-06-22 04:50:00,0.343,242,2
2026-06-22 04:56:00,0.208,193,2
2026-06-22 05:02:00,0.332,210,2
2026-06-22 05:08:00,0.495,223,2
2026-06-22 05:14:00,0.549,230,2
2026-06-22 05:20:00,0.439,241,2
2026-06-22 05:26:00,0.432,216,2
2026-06-22 05:32:00,0.589,235,2
2026-06-22 05:38:00,0.441,209,2
2026-06-22 05:44:00,0.561,215,2
2026-06-22 05:50:00,0.498,225,2
2026-06-22 05:56:00,0.496,232,2
2026-06-22 06:02:00,0.47,214,2
2026-06-22 06:08:00,0.509,221,2
2026-06-22 06:14:00,0.493,205,2
2026-06-22 06:20:00,0.552,228,2
2026-06-22 06:26:00,0.499,203,2
2026-06-22 06:32:00,0.414,217,2
2026-06-22 06:38:00,0.495,211,2
2026-06-22 06:44:00,0.575,219,2
2026-06-22 06:50:00,0.601,226,2
2026-06-22 06:56:00,0.533,222,2
2026-06-22 07:02:00,0.516,191,2
2026-06-22 07:08:00,0.471,202,2
2026-06-22 07:14:00,0.415,182,2
2026-06-22 07:20:00,0.309,195,2
2026-06-22 07:26:00,0.263,194,2
2026-06-22 07:32:00,0.321,186,2
2026-06-22 07:38:00,0.256,197,2
2026-06-22 07:44:00,0.283,203,2
2026-06-22 07:50:00,0.282,191,2
2026-06-22 07:56:00,0.24,204,2
2026-06-22 08:02:00,0.215,206,2
2026-06-22 08:08:00,0.271,193,2
2026-06-22 08:14:00,0.145,132,2
2026-06-22 08:20:00,0.153,162,2
2026-06-22 08:26:00,0.136,165,2
2026-06-22 08:32:00,0.082,143,2
2026-06-22 08:38:00,0.109,162,2
2026-06-22 08:44:00,0.155,137,2
2026-06-22 08:50:00,0.091,101,2
2026-06-22 08:56:00,0.144,81,2
2026-06-22 09:02:00,0.148,119,2
2026-06-22 09:08:00,0.109,45,2
2026-06-22 09:14:00,0.17,51,2
2026-06-22 09:20:00,0.275,60,2
2026-06-22 09:26:00,0.158,64,2
2026-06-22 09:32:00,0.298,86,2
2026-06-22 09:38:00,0.319,44,2
2026-06-22 09:44:00,0.363,69,2
2026-06-22 09:50:00,0.4,40,2
2026-06-22 09:56:00,0.348,38,2
2026-06-22 10:02:00,0.423,47,2
2026-06-22 10:08:00,0.411,39,2
2026-06-22 10:14:00,0.432,72,2
2026-06-22 10:20:00,0.448,33,2
2026-06-22 10:26:00,0.469,43,2
2026-06-22 10:32:00,0.367,10,2
2026-06-22 10:38:00,0.613,60,2
2026-06-22 10:44:00,0.474,12,2
2026-06-22 10:50:00,0.376,11,2
2026-06-22 10:56:00,0.517,24,2
2026-06-22 11:02:00,0.524,11,2
2026-06-22 11:08:00,0.612,29,2
2026-06-22 11:14:00,0.567,38,2
2026-06-22 11:20:00,0.667,28,2
2026-06-22 11:26:00,0.65,58,2
2026-06-22 11:32:00,0.61,13,2
2026-06-22 11:38:00,0.795,41,2
2026-06-22 11:44:00,0.857,10,2
2026-06-22 11:50:00,0.873,20,2
2026-06-22 11:56:00,0.802,357,2
2026-06-22 12:02:00,0.874,22,2
2026-06-22 12:08:00,1.04,10,2
2026-06-22 12:14:00,1.025,38,2
2026-06-22 12:20:00,0.926,23,2
2026-06-22 12:26:00,0.904,26,2
2026-06-22 12:32:00,0.873,30,2
2026-06-22 12:38:00,0.905,27,2
2026-06-22 12:44:00,0.85,11,2
2026-06-22 12:50:00,0.762,19,2
2026-06-22 12:56:00,0.758,27,2
2026-06-22 13:02:00,0.772,23,2
2026-06-22 13:08:00,0.726,22,2
2026-06-22 13:14:00,0.686,22,2
2026-06-22 13:20:00,0.741,4,2
2026-06-22 13:26:00,0.67,28,2
2026-06-22 13:32:00,0.656,32,2
2026-06-22 13:38:00,0.613,25,2
2026-06-22 13:44:00,0.634,32,2
2026-06-22 13:50:00,0.556,18,2
2026-06-22 13:56:00,0.574,10,2
2026-06-22 14:02:00,0.521,11,2
2026-06-22 14:08:00,0.533,8,2
2026-06-22 14:14:00,0.491,13,2
2026-06-22 14:20:00,0.377,36,2
2026-06-22 14:26:00,0.392,30,2
2026-06-22 14:32:00,0.341,7,2
2026-06-22 14:38:00,0.503,337,2
2026-06-22 14:44:00,0.388,22,2
2026-06-22 14:50:00,0.358,14,2
2026-06-22 14:56:00,0.422,2,2
2026-06-22 15:02:00,0.351,69,2
2026-06-22 15:08:00,0.348,53,2
2026-06-22 15:14:00,0.296,35,2
2026-06-22 15:20:00,0.234,41,2
2026-06-22 15:26:00,0.134,12,2
2026-06-22 15:32:00,0.247,28,2
2026-06-22 15:38:00,0.176,13,2
2026-06-22 15:44:00,0.206,32,2
2026-06-22 15:50:00,0.124,66,2
2026-06-22 15:56:00,0.097,348,2
2026-06-22 16:02:00,0.03,3,2
2026-06-22 16:08:00,0.123,80,2
2026-06-22 16:14:00,0.082,40,2
2026-06-22 16:20:00,0.062,21,2
2026-06-22 16:26:00,0.069,10,2
2026-06-22 16:32:00,0.065,10,2
2026-06-22 16:38:00,0.054,38,2
2026-06-22 16:44:00,0.112,40,2
2026-06-22 16:50:00,0.07,78,2
2026-06-22 16:56:00,0.051,348,2
2026-06-22 17:02:00,0.086,50,2
2026-06-22 17:08:00,0.056,148,2
2026-06-22 17:14:00,0.037,84,2
2026-06-22 17:20:00,0.047,8,2
2026-06-22 17:26:00,0.037,264,2
2026-06-22 17:32:00,0.041,168,2
2026-06-22 17:38:00,0.033,99,2
2026-06-22 17:44:00,0.066,140,2
2026-06-22 17:50:00,0.156,139,2
2026-06-22 17:56:00,0.082,81,2
2026-06-22 18:02:00,0.027,168,2
2026-06-22 18:08:00,0.172,84,2
2026-06-22 18:14:00,0.122,101,2
2026-06-22 18:20:00,0.254,55,2
2026-06-22 18:26:00,0.137,91,2
2026-06-22 18:32:00,0.131,94,2
2026-06-22 18:38:00,0.121,77,2
2026-06-22 18:44:00,0.123,93,2
2026-06-22 18:50:00,0.124,77,2
2026-06-22 18:56:00,0.198,78,2
2026-06-22 19:02:00,0.206,63,2
2026-06-22 19:08:00,0.115,83,2
2026-06-22 19:14:00,0.112,118,2
2026-06-22 19:20:00,0.149,86,2
2026-06-22 19:26:00,0.161,132,2
2026-06-22 19:32:00,0.155,118,2
2026-06-22 19:38:00,0.159,156,2
2026-06-22 19:44:00,0.09,163,2
2026-06-22 19:50:00,0.101,95,2
2026-06-22 19:56:00,0.084,80,2
2026-06-22 20:02:00,0.072,72,2
2026-06-22 20:08:00,0.154,41,2
2026-06-22 20:14:00,0.135,107,2
2026-06-22 20:20:00,0.002,258,2
2026-06-22 20:26:00,0.216,86,2
2026-06-22 20:32:00,0.14,74,2
2026-06-22 20:38:00,0.281,38,2
2026-06-22 20:44:00,0.207,49,2
2026-06-22 20:50:00,0.262,63,2
2026-06-22 20:56:00,0.235,34,2
2026-06-22 21:02:00,0.235,62,2
2026-06-22 21:08:00,0.16,27,2
2026-06-22 21:14:00,0.134,40,2
2026-06-22 21:20:00,0.278,65,2
2026-06-22 21:26:00,0.224,54,2
2026-06-22 21:32:00,0.202,52,2
2026-06-22 21:38:00,0.256,36,2
2026-06-22 21:44:00,0.336,36,2
2026-06-22 21:50:00,0.297,33,2
2026-06-22 21:56:00,0.352,40,2
2026-06-22 22:02:00,0.374,7,2
2026-06-22 22:08:00,0.462,8,2
2026-06-22 22:14:00,0.371,10,2
2026-06-22 22:20:00,0.382,18,2
2026-06-22 22:26:00,0.317,26,2
2026-06-22 22:32:00,0.402,29,2
2026-06-22 22:38:00,0.466,18,2
2026-06-22 22:44:00,0.619,35,2
2026-06-22 22:50:00,0.654,21,2
2026-06-22 22:56:00,0.688,24,2
2026-06-22 23:02:00,0.66,21,2
2026-06-22 23:08:00,0.767,17,2
2026-06-22 23:14:00,0.717,7,2
2026-06-22 23:20:00,0.706,3,2
2026-06-22 23:26:00,0.77,16,2
2026-06-22 23:32:00,0.782,15,2
2026-06-22 23:38:00,0.713,8,2
2026-06-22 23:44:00,0.781,25,2
2026-06-22 23:50:00,0.846,8,2
2026-06-22 23:56:00,0.822,18,2
2026-06-23 00:02:00,0.787,20,2
2026-06-23 00:08:00,0.841,5,2
2026-06-23 00:14:00,0.806,10,2
2026-06-23 00:20:00,0.817,359,2
2026-06-23 00:26:00,0.805,7,2
2026-06-23 00:32:00,0.811,24,2
2026-06-23 00:38:00,0.923,10,2
2026-06-23 00:44:00,0.738,14,2
2026-06-23 00:50:00,0.768,36,2
2026-06-23 00:56:00,0.768,7,2
2026-06-23 01:02:00,0.813,28,2
2026-06-23 01:08:00,0.723,30,2
2026-06-23 01:14:00,0.725,28,2
2026-06-23 01:20:00,0.792,25,2
2026-06-23 01:26:00,0.746,17,2
2026-06-23 01:32:00,0.736,8,2
2026-06-23 01:38:00,0.768,24,2
2026-06-23 01:44:00,0.71,29,2
2026-06-23 01:50:00,0.783,26,2
2026-06-23 01:56:00,0.662,15,2
2026-06-23 02:02:00,0.683,18,2
2026-06-23 02:08:00,0.625,357,2
2026-06-23 02:14:00,0.658,14,2
2026-06-23 02:20:00,0.523,25,2
2026-06-23 02:26:00,0.585,42,2
2026-06-23 02:32:00,0.555,22,2
2026-06-23 02:38:00,0.551,20,2
2026-06-23 02:44:00,0.564,6,2
2026-06-23 02:50:00,0.536,17,2
2026-06-23 02:56:00,0.488,8,2
2026-06-23 03:02:00,0.508,30,2
2026-06-23 03:08:00,0.5,17,2
2026-06-23 03:14:00,0.413,42,2
2026-06-23 03:20:00,0.359,23,2
2026-06-23 03:26:00,0.243,40,2
2026-06-23 03:32:00,0.243,13,2
2026-06-23 03:38:00,0.328,354,2
2026-06-23 03:44:00,0.288,6,2
2026-06-23 03:50:00,0.283,357,2
2026-06-23 03:56:00,0.283,15,2
2026-06-23 04:02:00,0.157,28,2
2026-06-23 04:08:00,0.168,15,2
2026-06-23 04:14:00,0.061,15,2
2026-06-23 04:20:00,0.099,350,2
2026-06-23 04:26:00,0.02,90,2
2026-06-23 04:32:00,0.04,313,2
2026-06-23 04:38:00,0.109,259,2
2026-06-23 04:44:00,0.101,171,2
2026-06-23 04:50:00,0.075,220,2
2026-06-23 04:56:00,0.175,137,2
2026-06-23 05:02:00,0.1,126,2
2026-06-23 05:08:00,0.176,195,2
2026-06-23 05:14:00,0.187,165,2
2026-06-23 05:20:00,0.156,150,2
2026-06-23 05:26:00,0.238,190,2
2026-06-23 05:32:00,0.324,217,2
2026-06-23 05:38:00,0.28,198,2
2026-06-23 05:44:00,0.305,261,2
2026-06-23 05:50:00,0.359,201,2
2026-06-23 05:56:00,0.389,250,2
2026-06-23 06:02:00,0.369,231,2
2026-06-23 06:08:00,0.466,221,2
2026-06-23 06:14:00,0.494,219,2
2026-06-23 06:20:00,0.411,221,2
2026-06-23 06:26:00,0.561,208,2
2026-06-23 06:32:00,0.539,266,2
2026-06-23 06:38:00,0.525,207,2
2026-06-23 06:44:00,0.562,247,2
2026-06-23 06:50:00,0.651,182,2
2026-06-23 06:56:00,0.735,234,2
2026-06-23 07:02:00,0.71,258,2
2026-06-23 07:08:00,0.805,240,2
2026-06-23 07:14:00,0.989,197,2
2026-06-23 07:20:00,1.01,189,2
2026-06-23 07:26:00,0.919,172,2
2026-06-23 07:32:00,0.893,186,2
2026-06-23 07:38:00,0.989,174,2
2026-06-23 07:44:00,1.014,246,2
2026-06-23 07:50:00,1.165,184,2
2026-06-23 07:56:00,1.321,231,2
2026-06-23 08:02:00,1.462,207,2
2026-06-23 08:08:00,1.46,206,2
2026-06-23 08:14:00,1.704,219,2
2026-06-23 08:20:00,1.673,206,2
2026-06-23 08:26:00,1.63,212,2
2026-06-23 08:32:00,1.667,200,2
2026-06-23 08:38:00,1.683,204,2
2026-06-23 08:44:00,1.6,217,2
2026-06-23 08:50:00,1.605,212,2
2026-06-23 08:56:00,1.548,213,2
2026-06-23 09:02:00,1.47,212,2
2026-06-23 09:08:00,1.523,209,2
2026-06-23 09:14:00,1.546,206,2
2026-06-23 09:20:00,1.541,221,2
2026-06-23 09:26:00,1.548,206,2
2026-06-23 09:32:00,1.539,207,2
2026-06-23 09:38:00,1.534,206,2
2026-06-23 09:44:00,1.206,217,2
2026-06-23 09:50:00,1.349,223,2
2026-06-23 09:56:00,1.14,192,2
2026-06-23 10:02:00,1.301,210,2
2026-06-23 10:08:00,1.334,184,2
2026-06-23 10:14:00,1.202,189,2
2026-06-23 10:20:00,1.079,215,2
2026-06-23 10:26:00,1.315,201,2
2026-06-23 10:32:00,1.228,200,2
2026-06-23 10:38:00,1.17,191,2
2026-06-23 10:44:00,1.031,208,2
2026-06-23 10:50:00,1.153,211,2
2026-06-23 10:56:00,1.142,216,2
2026-06-23 11:02:00,1.137,207,2
2026-06-23 11:08:00,1.048,183,2
2026-06-23 11:14:00,0.904,190,2
2026-06-23 11:20:00,0.988,225,2
2026-06-23 11:26:00,1.04,220,2
2026-06-23 11:32:00,0.933,214,2
2026-06-23 11:38:00,0.79,213,2
2026-06-23 11:44:00,0.921,240,2
2026-06-23 11:50:00,0.75,194,2
2026-06-23 11:56:00,0.786,170,2
2026-06-23 12:02:00,0.627,208,2
2026-06-23 12:08:00,0.576,251,2
2026-06-23 12:14:00,0.566,249,2
2026-06-23 12:20:00,0.604,195,2
2026-06-23 12:26:00,0.663,258,2
2026-06-23 12:32:00,0.658,245,2
2026-06-23 12:38:00,0.507,225,2
2026-06-23 12:44:00,0.528,228,2
2026-06-23 12:50:00,0.426,253,2
2026-06-23 12:56:00,0.468,217,2
2026-06-23 13:02:00,0.317,262,2
2026-06-23 13:08:00,0.414,215,2
2026-06-23 13:14:00,0.302,192,2
2026-06-23 13:20:00,0.435,251,2
2026-06-23 13:26:00,0.469,193,2
2026-06-23 13:32:00,0.347,182,2
2026-06-23 13:38:00,0.525,200,2
2026-06-23 13:44:00,0.31,199,2
2026-06-23 13:50:00,0.228,201,2
2026-06-23 13:56:00,0.31,228,2
2026-06-23 14:02:00,0.245,217,2
2026-06-23 14:08:00,0.266,170,2
2026-06-23 14:14:00,0.223,174,2
2026-06-23 14:20:00,0.267,212,2
2026-06-23 14:26:00,0.312,213,2
2026-06-23 14:32:00,0.314,202,2
2026-06-23 14:38:00,0.308,242,2
2026-06-23 14:44:00,0.274,228,2
2026-06-23 14:50:00,0.392,184,2
2026-06-23 14:56:00,0.331,206,2
2026-06-23 15:02:00,0.358,233,2
2026-06-23 15:08:00,0.309,202,2
2026-06-23 15:14:00,0.328,218,2
2026-06-23 15:20:00,0.351,208,2
2026-06-23 15:26:00,0.499,241,2
2026-06-23 15:32:00,0.502,243,2
2026-06-23 15:38:00,0.551,220,2
2026-06-23 15:44:00,0.473,186,2
2026-06-23 15:50:00,0.594,199,2
2026-06-23 15:56:00,0.393,206,2
2026-06-23 16:02:00,0.522,190,2
2026-06-23 16:08:00,0.62,245,2
2026-06-23 16:14:00,0.712,213,2
2026-06-23 16:20:00,0.731,222,2
2026-06-23 16:26:00,0.759,198,2
2026-06-23 16:32:00,0.77,206,2
2026-06-23 16:38:00,0.806,221,2
2026-06-23 16:44:00,0.864,209,2
2026-06-23 16:50:00,0.795,215,2
2026-06-23 16:56:00,0.842,202,2
2026-06-23 17:02:00,0.942,209,2
2026-06-23 17:08:00,1.104,227,2
2026-06-23 17:14:00,1.11,225,2
2026-06-23 17:20:00,1.047,221,2
2026-06-23 17:26:00,1.101,215,2
2026-06-23 17:32:00,1.066,243,2
2026-06-23 17:38:00,1.295,230,2
2026-06-23 17:44:00,1.282,230,2
2026-06-23 17:50:00,1.354,228,2
2026-06-23 17:56:00,1.341,223,2
2026-06-23 18:02:00,1.327,236,2
2026-06-23 18:08:00,1.35,209,2
2026-06-23 18:14:00,1.449,206,2
2026-06-23 18:20:00,1.369,218,2
2026-06-23 18:26:00,1.436,200,2
2026-06-23 18:32:00,1.411,204,2
2026-06-23 18:38:00,1.363,218,2
2026-06-23 18:44:00,1.392,218,2
2026-06-23 18:50:00,1.465,214,2
2026-06-23 18:56:00,1.488,219,2
2026-06-23 19:02:00,1.573,219,2
2026-06-23 19:08:00,1.486,220,2
2026-06-23 19:14:00,1.542,204,2
2026-06-23 19:20:00,1.451,221,2
2026-06-23 19:26:00,1.474,213,2
2026-06-23 19:32:00,1.589,220,2
2026-06-23 19:38:00,1.442,216,2
2026-06-23 19:44:00,1.444,224,2
2026-06-23 19:50:00,1.412,214,2
2026-06-23 19:56:00,1.259,207,2
2026-06-23 20:02:00,1.266,220,2
2026-06-23 20:08:00,1.112,209,2
2026-06-23 20:14:00,1.177,207,2
2026-06-23 20:20:00,1.276,214,2
2026-06-23 20:26:00,1.274,212,2
2026-06-23 20:32:00,1.13,211,2
2026-06-23 20:38:00,1.09,198,2
2026-06-23 20:44:00,1.066,209,2
2026-06-23 20:50:00,1.06,233,2
2026-06-23 20:56:00,1.0,190,2
2026-06-23 21:02:00,0.966,183,2
2026-06-23 21:08:00,1.036,184,2
2026-06-23 21:14:00,0.869,229,2
2026-06-23 21:20:00,0.911,218,2
2026-06-23 21:26:00,0.814,198,2
2026-06-23 21:32:00,0.818,203,2
2026-06-23 21:38:00,0.779,220,2
2026-06-23 21:44:00,0.65,219,2
2026-06-23 21:50:00,0.698,170,2
2026-06-23 21:56:00,0.698,158,2
2026-06-23 22:02:00,0.733,210,2
2026-06-23 22:08:00,0.703,194,2
2026-06-23 22:14:00,0.649,244,2
2026-06-23 22:20:00,0.602,220,2
2026-06-23 22:26:00,0.472,263,2
2026-06-23 22:32:00,0.414,216,2
2026-06-23 22:38:00,0.388,199,2
2026-06-23 22:44:00,0.294,200,2
2026-06-23 22:50:00,0.326,202,2
2026-06-23 22:56:00,0.391,250,2
2026-06-23 23:02:00,0.281,210,2
2026-06-23 23:08:00,0.272,251,2
2026-06-23 23:14:00,0.185,219,2
2026-06-23 23:20:00,0.025,303,2
2026-06-23 23:26:00,0.136,24,2
2026-06-23 23:32:00,0.14,325,2
2026-06-23 23:38:00,0.121,351,2
2026-06-23 23:44:00,0.18,329,2
2026-06-23 23:50:00,0.261,351,2
2026-06-23 23:56:00,0.366,37,2
2026-06-24 00:02:00,0.445,30,2
2026-06-24 00:08:00,0.504,37,2
2026-06-24 00:14:00,0.41,17,2
2026-06-24 00:20:00,0.469,22,2
2026-06-24 00:26:00,0.539,47,2
2026-06-24 00:32:00,0.588,21,2
2026-06-24 00:38:00,0.676,16,2
2026-06-24 00:44:00,0.705,28,2
2026-06-24 00:50:00,0.737,16,2
2026-06-24 00:56:00,0.667,49,2
2026-06-24 01:02:00,0.604,24,2
2026-06-24 01:08:00,0.665,3,2
2026-06-24 01:14:00,0.673,49,2
2026-06-24 01:20:00,0.661,56,2
2026-06-24 01:26:00,0.642,26,2
2026-06-24 01:32:00,0.666,6,2
2026-06-24 01:38:00,0.602,357,2
2026-06-24 01:44:00,0.65,16,2
2026-06-24 01:50:00,0.624,37,2
2026-06-24 01:56:00,0.712,23,2
2026-06-24 02:02:00,0.631,2,2
2026-06-24 02:08:00,0.551,24,2
2026-06-24 02:14:00,0.655,23,2
2026-06-24 02:20:00,0.691,28,2
2026-06-24 02:26:00,0.635,20,2
2026-06-24 02:32:00,0.637,16,2
2026-06-24 02:38:00,0.593,48,2
2026-06-24 02:44:00,0.433,25,2
2026-06-24 02:50:00,0.479,2,2
2026-06-24 02:56:00,0.421,47,2
2026-06-24 03:02:00,0.46,25,2
2026-06-24 03:08:00,0.417,14,2
2026-06-24 03:14:00,0.374,30,2
2026-06-24 03:20:00,0.337,30,2
2026-06-24 03:26:00,0.255,51,2
2026-06-24 03:32:00,0.134,348,2
2026-06-24 03:38:00,0.2,4,2
2026-06-24 03:44:00,0.111,72,2
2026-06-24 03:50:00,0.068,98,2
2026-06-24 03:56:00,0.131,198,2
2026-06-24 04:02:00,0.035,329,2
2026-06-24 04:08:00,0.097,0,2
2026-06-24 04:14:00,0.046,238,2
2026-06-24 04:20:00,0.142,140,2
2026-06-24 04:26:00,0.077,186,2
2026-06-24 04:32:00,0.153,138,2
2026-06-24 04:38:00,0.135,236,2
2026-06-24 04:44:00,0.032,216,2
2026-06-24 04:50:00,0.027,254,2
2026-06-24 05:02:00,0.175,219,2
2026-06-24 05:08:00,0.242,217,2
2026-06-24 05:14:00,0.346,204,2
2026-06-24 05:20:00,0.282,200,2
2026-06-24 05:26:00,0.323,222,2
2026-06-24 05:32:00,0.242,217,2
2026-06-24 05:38:00,0.31,222,2
2026-06-24 05:44:00,0.359,231,2
2026-06-24 05:50:00,0.284,220,2
2026-06-24 05:56:00,0.275,236,2
2026-06-24 06:14:00,0.472,230,2
2026-06-24 06:20:00,0.443,199,2
2026-06-24 06:26:00,0.506,222,2
2026-06-24 06:32:00,0.569,235,2
2026-06-24 06:38:00,0.507,243,2
2026-06-24 06:44:00,0.446,204,2
2026-06-24 06:50:00,0.611,234,2
2026-06-24 06:56:00,0.548,207,2
2026-06-24 07:02:00,0.508,236,2
2026-06-24 07:08:00,0.597,205,2
2026-06-24 07:14:00,0.543,216,2
2026-06-24 07:20:00,0.609,256,2
2026-06-24 07:26:00,0.686,208,2
2026-06-24 07:32:00,0.601,214,2
2026-06-24 07:38:00,0.577,185,2
2026-06-24 07:44:00,0.654,234,2
2026-06-24 07:50:00,0.595,209,2
2026-06-24 07:56:00,0.669,232,2
2026-06-24 08:02:00,0.69,250,2
2026-06-24 08:08:00,0.65,191,2
2026-06-24 08:14:00,0.756,227,2
2026-06-24 08:20:00,0.64,231,2
2026-06-24 08:26:00,0.653,192,2
2026-06-24 08:32:00,0.818,213,2
2026-06-24 08:38:00,0.857,207,2
2026-06-24 08:44:00,0.816,190,2
2026-06-24 08:50:00,0.711,235,2
2026-06-24 08:56:00,0.782,170,2
2026-06-24 09:02:00,0.761,220,2
2026-06-24 09:08:00,0.779,232,2
2026-06-24 09:14:00,0.787,229,2
2026-06-24 09:20:00,0.723,249,2
2026-06-24 09:26:00,0.641,205,2
2026-06-24 09:32:00,0.671,263,2
2026-06-24 09:38:00,0.668,255,2
2026-06-24 09:44:00,0.576,201,2
2026-06-24 09:50:00,0.559,186,2
2026-06-24 09:56:00,0.61,199,2
2026-06-24 10:02:00,0.454,233,2
2026-06-24 10:08:00,0.402,217,2
2026-06-24 10:14:00,0.343,211,2
2026-06-24 10:20:00,0.45,280,2
2026-06-24 10:26:00,0.477,232,2
2026-06-24 10:32:00,0.529,261,2
2026-06-24 10:38:00,0.459,206,2
2026-06-24 10:44:00,0.387,258,2
2026-06-24 10:50:00,0.393,212,2
2026-06-24 10:56:00,0.371,211,2
2026-06-24 11:02:00,0.247,232,2
2026-06-24 11:08:00,0.233,269,2
2026-06-24 11:14:00,0.266,236,2
2026-06-24 11:20:00,0.302,321,2
2026-06-24 11:26:00,0.264,298,2
2026-06-24 11:32:00,0.252,252,2
2026-06-24 11:38:00,0.19,287,2
2026-06-24 11:44:00,0.11,302,2
2026-06-24 11:50:00,0.2,15,2
2026-06-24 11:56:00,0.074,330,2
2026-06-24 12:02:00,0.209,330,2
2026-06-24 12:08:00,0.192,4,2
2026-06-24 12:14:00,0.181,50,2
2026-06-24 12:20:00,0.256,35,2
2026-06-24 12:26:00,0.358,354,2
2026-06-24 12:32:00,0.324,15,2
2026-06-24 12:38:00,0.431,19,2
2026-06-24 12:44:00,0.369,43,2
2026-06-24 12:50:00,0.343,47,2
2026-06-24 12:56:00,0.441,38,2
2026-06-24 13:02:00,0.419,34,2
2026-06-24 13:08:00,0.472,42,2
2026-06-24 13:20:00,0.483,10,2
2026-06-24 13:26:00,0.514,23,2
2026-06-24 13:38:00,0.604,29,2
2026-06-24 13:44:00,0.532,36,2
2026-06-24 13:50:00,0.44,29,2
2026-06-24 13:56:00,0.547,27,2
2026-06-24 14:02:00,0.522,39,2
2026-06-24 14:08:00,0.508,24,2
2026-06-24 14:14:00,0.506,13,2
2026-06-24 14:20:00,0.501,10,2
2026-06-24 14:26:00,0.509,61,2
2026-06-24 14:32:00,0.516,14,2
2026-06-24 14:38:00,0.543,35,2
2026-06-24 14:44:00,0.484,32,2
2026-06-24 14:50:00,0.403,42,2
2026-06-24 14:56:00,0.479,24,2
2026-06-24 15:02:00,0.503,32,2
2026-06-24 15:08:00,0.443,32,2
2026-06-24 15:14:00,0.442,16,2
2026-06-24 15:20:00,0.385,35,2
2026-06-24 15:26:00,0.284,46,2
2026-06-24 15:32:00,0.32,50,2
2026-06-24 15:38:00,0.302,54,2
2026-06-24 15:44:00,0.286,44,2
2026-06-24 15:50:00,0.227,26,2
2026-06-24 15:56:00,0.117,29,2
2026-06-24 16:02:00,0.088,73,2
2026-06-24 16:08:00,0.241,59,2
2026-06-24 16:14:00,0.5,84,2
2026-06-24 16:20:00,0.285,97,2
2026-06-24 16:26:00,0.107,78,2
2026-06-24 16:32:00,0.157,63,2
2026-06-24 16:38:00,0.07,77,2
2026-06-24 16:44:00,0.059,55,2
2026-06-24 16:50:00,0.141,196,2
2026-06-24 16:56:00,0.043,219,2
2026-06-24 17:02:00,0.129,237,2
2026-06-24 17:08:00,0.159,204,2
2026-06-24 17:14:00,0.172,218,2
2026-06-24 17:20:00,0.172,240,2
2026-06-24 17:26:00,0.255,230,2
2026-06-24 17:32:00,0.271,216,2
2026-06-24 17:38:00,0.286,228,2
2026-06-24 17:44:00,0.319,249,2
2026-06-24 17:50:00,0.243,227,2
2026-06-24 17:56:00,0.251,225,2
2026-06-24 18:02:00,0.258,225,2
2026-06-24 18:08:00,0.322,220,2
2026-06-24 18:14:00,0.304,227,2
2026-06-24 18:20:00,0.234,235,2
2026-06-24 18:26:00,0.308,215,2
2026-06-24 18:32:00,0.341,240,2
2026-06-24 18:38:00,0.378,221,2
2026-06-24 18:44:00,0.353,234,2
2026-06-24 18:50:00,0.45,235,2
2026-06-24 18:56:00,0.379,224,2
2026-06-24 19:02:00,0.425,222,2
2026-06-24 19:08:00,0.396,208,2
2026-06-24 19:14:00,0.433,225,2
2026-06-24 19:20:00,0.356,234,2
2026-06-24 19:26:00,0.305,216,2
2026-06-24 19:32:00,0.403,224,2
2026-06-24 19:38:00,0.417,185,2
2026-06-24 19:44:00,0.465,171,2
2026-06-24 19:50:00,0.508,220,2
2026-06-24 19:56:00,0.419,218,2
2026-06-24 20:02:00,0.368,188,2
2026-06-24 20:08:00,0.458,219,2
2026-06-24 20:14:00,0.57,211,2
2026-06-24 20:20:00,0.519,217,2
2026-06-24 20:26:00,0.562,187,2
2026-06-24 20:32:00,0.505,210,2
2026-06-24 20:38:00,0.532,213,2
2026-06-24 20:44:00,0.55,217,2
2026-06-24 20:50:00,0.54,250,2
2026-06-24 20:56:00,0.454,207,2
2026-06-24 21:02:00,0.424,210,2
2026-06-24 21:08:00,0.343,180,2
2026-06-24 21:14:00,0.304,220,2
2026-06-24 21:20:00,0.425,203,2
2026-06-24 21:26:00,0.309,203,2
2026-06-24 21:32:00,0.241,184,2
2026-06-24 21:38:00,0.258,197,2
2026-06-24 21:44:00,0.244,202,2
2026-06-24 21:50:00,0.227,178,2
2026-06-24 21:56:00,0.079,206,2
2026-06-24 22:02:00,0.138,192,2
2026-06-24 22:08:00,0.166,191,2
2026-06-24 22:14:00,0.023,278,2
2026-06-24 22:20:00,0.02,242,2
2026-06-24 22:26:00,0.13,192,2
2026-06-24 22:32:00,0.125,101,2
2026-06-24 22:38:00,0.044,123,2
2026-06-24 22:44:00,0.054,29,2
2026-06-24 22:50:00,0.024,50,2
2026-06-24 22:56:00,0.135,122,2
2026-06-24 23:02:00,0.11,53,2
2026-06-24 23:08:00,0.226,75,2
2026-06-24 23:14:00,0.187,47,2
2026-06-24 23:20:00,0.268,34,2
2026-06-24 23:26:00,0.252,27,2
2026-06-24 23:32:00,0.326,32,2
2026-06-24 23:38:00,0.328,14,2
2026-06-24 23:44:00,0.378,4,2
2026-06-24 23:50:00,0.429,25,2
2026-06-24 23:56:00,0.506,16,2
2026-06-25 00:02:00,0.473,7,2
2026-06-25 00:08:00,0.49,22,2
2026-06-25 00:14:00,0.531,0,2
2026-06-25 00:20:00,0.575,5,2
2026-06-25 00:26:00,0.63,10,2
2026-06-25 00:32:00,0.618,14,2
2026-06-25 00:38:00,0.651,354,2
2026-06-25 00:44:00,0.691,36,2
2026-06-25 00:50:00,0.731,4,2
2026-06-25 00:56:00,0.785,17,2
2026-06-25 01:02:00,0.751,20,2
2026-06-25 01:08:00,0.848,21,2
2026-06-25 01:14:00,0.817,357,2
2026-06-25 01:20:00,0.935,29,2
2026-06-25 01:26:00,0.829,27,2
2026-06-25 01:32:00,0.767,26,2
2026-06-25 01:38:00,0.715,20,2
2026-06-25 01:44:00,0.621,16,2
2026-06-25 01:50:00,0.703,16,2
2026-06-25 01:56:00,0.735,26,2
2026-06-25 02:02:00,0.842,3,2
2026-06-25 02:08:00,0.857,18,2
2026-06-25 02:14:00,0.825,9,2
2026-06-25 02:20:00,0.748,16,2
2026-06-25 02:26:00,0.754,40,2
2026-06-25 02:32:00,0.846,47,2
2026-06-25 02:38:00,0.825,39,2
2026-06-25 02:44:00,0.815,24,2
2026-06-25 02:50:00,0.799,16,2
2026-06-25 02:56:00,0.727,11,2
2026-06-25 03:02:00,0.788,15,2
2026-06-25 03:08:00,0.833,17,2
2026-06-25 03:14:00,0.691,17,2
2026-06-25 03:20:00,0.726,9,2
2026-06-25 03:26:00,0.706,30,2
2026-06-25 03:32:00,0.724,13,2
2026-06-25 03:38:00,0.651,20,2
2026-06-25 03:44:00,0.598,9,2
2026-06-25 03:50:00,0.641,356,2
2026-06-25 03:56:00,0.595,28,2
2026-06-25 04:02:00,0.407,18,2
2026-06-25 04:08:00,0.468,39,2
2026-06-25 04:14:00,0.359,21,2
2026-06-25 04:20:00,0.347,1,2
2026-06-25 04:26:00,0.398,318,2
2026-06-25 04:32:00,0.308,16,2
2026-06-25 04:38:00,0.225,336,2
2026-06-25 04:44:00,0.236,308,2
2026-06-25 04:50:00,0.213,1,2
2026-06-25 04:56:00,0.174,3,2
2026-06-25 05:02:00,0.211,330,2
2026-06-25 05:08:00,0.085,303,2
2026-06-25 05:14:00,0.117,336,2
2026-06-25 05:20:00,0.204,307,2
2026-06-25 05:26:00,0.203,313,2
2026-06-25 05:32:00,0.194,347,2
2026-06-25 05:38:00,0.236,352,2
2026-06-25 05:44:00,0.11,303,2
2026-06-25 05:50:00,0.111,5,2
2026-06-25 05:56:00,0.04,11,2
2026-06-25 06:02:00,0.083,243,2
2026-06-25 06:08:00,0.049,62,2
2026-06-25 06:14:00,0.082,222,2
2026-06-25 06:20:00,0.086,251,2
2026-06-25 06:26:00,0.185,249,2
2026-06-25 06:32:00,0.218,234,2
2026-06-25 06:38:00,0.13,235,2
2026-06-25 06:44:00,0.066,230,2
2026-06-25 06:50:00,0.027,87,2
2026-06-25 06:56:00,0.194,223,2
2026-06-25 07:02:00,0.209,247,2
2026-06-25 07:08:00,0.296,217,2
2026-06-25 07:14:00,0.297,182,2
2026-06-25 07:20:00,0.342,265,2
2026-06-25 07:26:00,0.333,202,2
2026-06-25 07:32:00,0.387,199,2
2026-06-25 07:38:00,0.465,153,2
2026-06-25 07:44:00,0.423,198,2
2026-06-25 07:50:00,0.499,195,2
2026-06-25 07:56:00,0.572,218,2
2026-06-25 08:02:00,0.576,255,2
2026-06-25 08:08:00,0.619,261,2
2026-06-25 08:14:00,0.677,200,2
2026-06-25 08:20:00,0.633,222,2
2026-06-25 08:26:00,0.648,223,2
2026-06-25 08:32:00,0.736,202,2
2026-06-25 08:38:00,0.613,249,2
2026-06-25 08:44:00,0.687,214,2
2026-06-25 08:50:00,0.665,176,2
2026-06-25 08:56:00,0.494,217,2
2026-06-25 09:02:00,0.594,199,2
2026-06-25 09:08:00,0.481,233,2
2026-06-25 09:14:00,0.595,210,2
2026-06-25 09:20:00,0.591,234,2
2026-06-25 09:26:00,0.686,197,2
2026-06-25 09:32:00,0.639,223,2
2026-06-25 09:38:00,0.732,202,2
2026-06-25 09:44:00,0.919,218,2
2026-06-25 09:50:00,0.901,217,2
2026-06-25 09:56:00,0.818,186,2
2026-06-25 10:02:00,0.908,240,2
2026-06-25 10:08:00,1.03,254,2
2026-06-25 10:14:00,0.973,222,2
2026-06-25 10:20:00,0.926,218,2
2026-06-25 10:26:00,0.979,201,2
2026-06-25 10:32:00,0.98,232,2
2026-06-25 10:38:00,0.907,214,2
2026-06-25 10:44:00,0.857,239,2
2026-06-25 10:50:00,0.753,245,2
2026-06-25 10:56:00,0.818,211,2
2026-06-25 11:02:00,0.731,241,2
2026-06-25 11:08:00,0.695,236,2
2026-06-25 11:14:00,0.56,201,2
2026-06-25 11:20:00,0.671,220,2
2026-06-25 11:26:00,0.624,215,2
2026-06-25 11:32:00,0.618,254,2
2026-06-25 11:38:00,0.635,225,2
2026-06-25 11:44:00,0.553,229,2
2026-06-25 11:50:00,0.576,201,2
2026-06-25 11:56:00,0.615,197,2
2026-06-25 12:02:00,0.587,213,2
2026-06-25 12:08:00,0.573,235,2
2026-06-25 12:14:00,0.541,202,2
2026-06-25 12:20:00,0.481,246,2
2026-06-25 12:26:00,0.408,234,2
2026-06-25 12:32:00,0.429,240,2
2026-06-25 12:38:00,0.519,238,2
2026-06-25 12:44:00,0.439,253,2
2026-06-25 12:56:00,0.249,298,2
2026-06-25 13:02:00,0.208,294,2
2026-06-25 13:08:00,0.163,323,2
2026-06-25 13:14:00,0.039,279,2
2026-06-25 13:20:00,0.103,284,2
2026-06-25 13:26:00,0.123,300,2
2026-06-25 13:32:00,0.173,357,2
2026-06-25 13:38:00,0.176,355,2
2026-06-25 13:44:00,0.343,17,2
2026-06-25 13:50:00,0.258,11,2
2026-06-25 13:56:00,0.382,21,2
2026-06-25 14:02:00,0.41,5,2
2026-06-25 14:08:00,0.366,3,2
2026-06-25 14:14:00,0.518,20,2
2026-06-25 14:20:00,0.45,28,2
2026-06-25 14:26:00,0.43,18,2
2026-06-25 14:32:00,0.451,358,2
2026-06-25 14:38:00,0.472,27,2
2026-06-25 14:44:00,0.381,20,2
2026-06-25 14:50:00,0.468,16,2
2026-06-25 14:56:00,0.466,20,2
2026-06-25 15:02:00,0.408,28,2
2026-06-25 15:08:00,0.502,35,2
2026-06-25 15:14:00,0.414,28,2
2026-06-25 15:20:00,0.401,11,2
2026-06-25 15:26:00,0.423,39,2
2026-06-25 15:32:00,0.396,6,2
2026-06-25 15:38:00,0.328,10,2
2026-06-25 15:44:00,0.319,3,2
2026-06-25 15:50:00,0.273,17,2
2026-06-25 15:56:00,0.218,2,2
2026-06-25 16:02:00,0.146,335,2
2026-06-25 16:08:00,0.219,334,2
2026-06-25 16:14:00,0.221,342,2
2026-06-25 16:20:00,0.197,311,2
2026-06-25 16:26:00,0.134,335,2
2026-06-25 16:32:00,0.239,320,2
2026-06-25 16:38:00,0.294,303,2
2026-06-25 16:44:00,0.242,307,2
2026-06-25 16:50:00,0.084,240,2
2026-06-25 16:56:00,0.089,258,2
2026-06-25 17:02:00,0.149,266,2
2026-06-25 17:08:00,0.18,272,2
2026-06-25 17:14:00,0.187,302,2
2026-06-25 17:20:00,0.134,316,2
2026-06-25 17:26:00,0.179,296,2
2026-06-25 17:32:00,0.197,262,2
2026-06-25 17:38:00,0.158,260,2
2026-06-25 17:44:00,0.179,257,2
2026-06-25 17:50:00,0.208,248,2
2026-06-25 17:56:00,0.172,265,2
2026-06-25 18:02:00,0.234,255,2
2026-06-25 18:08:00,0.209,263,2
2026-06-25 18:14:00,0.22,238,2
2026-06-25 18:20:00,0.116,208,2
2026-06-25 18:26:00,0.285,241,2
2026-06-25 18:32:00,0.325,238,2
2026-06-25 18:38:00,0.243,323,2
2026-06-25 18:44:00,0.211,238,2
2026-06-25 18:50:00,0.312,226,2
2026-06-25 18:56:00,0.092,110,2
2026-06-25 19:02:00,0.286,185,2
2026-06-25 19:08:00,0.271,247,2
2026-06-25 19:14:00,0.274,257,2
2026-06-25 19:20:00,0.126,266,2
2026-06-25 19:26:00,0.212,307,2
2026-06-25 19:32:00,0.148,256,2
2026-06-25 19:38:00,0.253,278,2
2026-06-25 19:44:00,0.189,278,2
2026-06-25 19:50:00,0.191,268,2
2026-06-25 19:56:00,0.294,271,2
2026-06-25 20:02:00,0.34,217,2
2026-06-25 20:08:00,0.302,230,2
2026-06-25 20:14:00,0.312,215,2
2026-06-25 20:20:00,0.273,209,2
2026-06-25 20:26:00,0.349,203,2
2026-06-25 20:32:00,0.292,209,2
2026-06-25 20:38:00,0.33,197,2
2026-06-25 20:44:00,0.352,209,2
2026-06-25 20:50:00,0.338,220,2
2026-06-25 20:56:00,0.354,201,2
2026-06-25 21:02:00,0.257,186,2
2026-06-25 21:08:00,0.095,258,2
2026-06-25 21:14:00,0.318,200,2
2026-06-25 21:20:00,0.343,189,2
2026-06-25 21:26:00,0.256,182,2
2026-06-25 21:32:00,0.282,195,2
2026-06-25 21:38:00,0.19,237,2
2026-06-25 21:44:00,0.107,216,2
2026-06-25 21:50:00,0.17,203,2
2026-06-25 21:56:00,0.142,168,2
2026-06-25 22:02:00,0.105,74,2
2026-06-25 22:08:00,0.099,81,2
2026-06-25 22:14:00,0.081,67,2
2026-06-25 22:20:00,0.085,203,2
2026-06-25 22:26:00,0.08,77,2
2026-06-25 22:32:00,0.087,27,2
2026-06-25 22:38:00,0.071,67,2
2026-06-25 22:44:00,0.166,68,2
2026-06-25 22:50:00,0.22,63,2
2026-06-25 22:56:00,0.201,55,2
2026-06-25 23:02:00,0.216,35,2
2026-06-25 23:08:00,0.394,62,2
2026-06-25 23:14:00,0.287,56,2
2026-06-25 23:20:00,0.339,38,2
2026-06-25 23:26:00,0.444,24,2
2026-06-25 23:32:00,0.438,3,2
2026-06-25 23:38:00,0.511,30,2
2026-06-25 23:44:00,0.458,18,2
2026-06-25 23:50:00,0.558,2,2
2026-06-25 23:56:00,0.627,19,2
2026-06-26 00:02:00,0.754,29,2
2026-06-26 00:08:00,0.793,34,2
2026-06-26 00:14:00,0.856,29,2
2026-06-26 00:20:00,0.852,26,2
2026-06-26 00:26:00,0.817,14,2
2026-06-26 00:32:00,0.943,18,2
2026-06-26 00:38:00,0.994,24,2
2026-06-26 00:44:00,0.994,19,2
2026-06-26 00:50:00,1.124,23,2
2026-06-26 00:56:00,0.944,8,2
2026-06-26 01:02:00,1.065,16,2
2026-06-26 01:08:00,1.033,29,2
2026-06-26 01:14:00,1.045,30,2
2026-06-26 01:20:00,1.144,14,2
2026-06-26 01:26:00,1.134,22,2
2026-06-26 01:32:00,1.234,15,2
2026-06-26 01:38:00,1.313,20,2
2026-06-26 01:44:00,1.301,27,2
2026-06-26 01:50:00,1.35,14,2
2026-06-26 01:56:00,1.462,20,2
2026-06-26 02:02:00,1.364,21,2
2026-06-26 02:08:00,1.269,20,2
2026-06-26 02:14:00,1.256,24,2
2026-06-26 02:20:00,1.3,12,2
2026-06-26 02:26:00,1.471,24,2
2026-06-26 02:32:00,1.488,22,2
2026-06-26 02:38:00,1.503,16,2
2026-06-26 02:44:00,1.352,20,2
2026-06-26 02:50:00,1.483,19,2
2026-06-26 02:56:00,1.437,23,2
2026-06-26 03:02:00,1.615,21,2
2026-06-26 03:08:00,1.544,11,2
2026-06-26 03:14:00,1.652,21,2
2026-06-26 03:20:00,1.659,22,2
2026-06-26 03:26:00,1.675,18,2
2026-06-26 03:32:00,1.586,29,2
2026-06-26 03:38:00,1.614,23,2
2026-06-26 03:44:00,1.654,15,2
2026-06-26 03:50:00,1.622,17,2
2026-06-26 03:56:00,1.529,33,2
2026-06-26 04:02:00,1.519,14,2
2026-06-26 04:08:00,1.38,32,2
2026-06-26 04:14:00,1.477,16,2
2026-06-26 04:20:00,1.426,18,2
2026-06-26 04:26:00,1.366,12,2
2026-06-26 04:32:00,1.357,20,2
2026-06-26 04:38:00,1.234,20,2
2026-06-26 04:44:00,1.174,15,2
2026-06-26 04:50:00,1.135,18,2
2026-06-26 04:56:00,1.157,34,2
2026-06-26 05:02:00,1.213,27,2
2026-06-26 05:08:00,1.138,30,2
2026-06-26 05:14:00,0.973,13,2
2026-06-26 05:20:00,1.061,19,2
2026-06-26 05:32:00,1.092,19,2
2026-06-26 05:38:00,1.111,16,2
2026-06-26 05:44:00,0.802,29,2
2026-06-26 05:50:00,0.87,23,2
2026-06-26 05:56:00,0.798,25,2
2026-06-26 06:02:00,0.687,22,2
2026-06-26 06:08:00,0.626,41,2
2026-06-26 06:14:00,0.668,55,2
2026-06-26 06:20:00,0.626,67,2
2026-06-26 06:26:00,0.537,76,2
2026-06-26 06:32:00,0.383,26,2
2026-06-26 06:38:00,0.323,10,2
2026-06-26 06:44:00,0.34,351,2
2026-06-26 06:50:00,0.315,359,2
2026-06-26 06:56:00,0.324,9,2
2026-06-26 07:02:00,0.338,26,2
2026-06-26 07:08:00,0.25,0,2
2026-06-26 07:14:00,0.229,25,2
2026-06-26 07:20:00,0.247,24,2
2026-06-26 07:26:00,0.121,350,2
2026-06-26 07:32:00,0.126,242,2
2026-06-26 07:38:00,0.095,306,2
2026-06-26 07:44:00,0.061,187,2
2026-06-26 07:50:00,0.066,290,2
2026-06-26 07:56:00,0.074,15,2
2026-06-26 08:02:00,0.126,182,2
2026-06-26 08:08:00,0.053,225,2
2026-06-26 08:14:00,0.152,206,2
2026-06-26 08:20:00,0.274,182,2
2026-06-26 08:26:00,0.231,220,2
2026-06-26 08:32:00,0.317,193,2
2026-06-26 08:38:00,0.262,199,2
2026-06-26 08:44:00,0.228,204,2
2026-06-26 08:50:00,0.305,213,2
2026-06-26 08:56:00,0.433,182,2
2026-06-26 09:02:00,0.49,249,2
2026-06-26 09:08:00,0.496,196,2
2026-06-26 09:14:00,0.671,206,2
2026-06-26 09:20:00,0.836,222,2
2026-06-26 09:26:00,0.988,193,2
2026-06-26 09:32:00,1.042,223,2
2026-06-26 09:38:00,1.177,194,2
2026-06-26 09:44:00,1.326,235,2
2026-06-26 09:50:00,1.403,222,2
2026-06-26 09:56:00,1.432,234,2
2026-06-26 10:02:00,1.572,213,2
2026-06-26 10:08:00,1.744,234,2
2026-06-26 10:14:00,2.028,207,2
2026-06-26 10:20:00,2.339,209,2
2026-06-26 10:26:00,2.406,208,2
2026-06-26 10:32:00,2.321,204,2
2026-06-26 10:38:00,2.085,200,2
2026-06-26 10:44:00,1.844,224,2
2026-06-26 10:50:00,1.641,215,2
2026-06-26 10:56:00,1.448,205,2
2026-06-26 11:02:00,1.35,234,2
2026-06-26 11:08:00,1.299,220,2
2026-06-26 11:14:00,1.148,239,2
2026-06-26 11:20:00,1.097,186,2
2026-06-26 11:26:00,1.115,227,2
2026-06-26 11:32:00,1.012,249,2
2026-06-26 11:38:00,0.966,205,2
2026-06-26 11:44:00,1.041,216,2
2026-06-26 11:50:00,1.037,226,2
2026-06-26 11:56:00,0.997,208,2
2026-06-26 12:02:00,0.962,215,2
2026-06-26 12:08:00,0.947,210,2
2026-06-26 12:14:00,0.916,196,2
2026-06-26 12:20:00,0.848,241,2
2026-06-26 12:26:00,0.758,190,2
2026-06-26 12:32:00,0.75,213,2
2026-06-26 12:38:00,0.751,194,2
2026-06-26 12:44:00,0.803,234,2
2026-06-26 12:50:00,0.724,208,2
2026-06-26 12:56:00,0.637,205,2
2026-06-26 13:02:00,0.677,202,2
2026-06-26 13:08:00,0.647,216,2
2026-06-26 13:14:00,0.54,199,2
2026-06-26 13:20:00,0.576,217,2
2026-06-26 13:26:00,0.497,205,2
2026-06-26 13:32:00,0.378,263,2
2026-06-26 13:38:00,0.347,237,2
2026-06-26 13:44:00,0.322,253,2
2026-06-26 13:50:00,0.402,260,2
2026-06-26 13:56:00,0.309,256,2
2026-06-26 14:02:00,0.268,260,2
2026-06-26 14:08:00,0.32,241,2
2026-06-26 14:14:00,0.248,275,2
2026-06-26 14:20:00,0.148,256,2
2026-06-26 14:26:00,0.195,232,2
2026-06-26 14:32:00,0.162,236,2
2026-06-26 14:38:00,0.192,317,2
2026-06-26 14:44:00,0.139,289,2
2026-06-26 14:50:00,0.257,302,2
2026-06-26 14:56:00,0.134,327,2
2026-06-26 15:02:00,0.042,332,2
2026-06-26 15:08:00,0.118,288,2
2026-06-26 15:14:00,0.075,338,2
2026-06-26 15:20:00,0.126,293,2
2026-06-26 15:26:00,0.076,217,2
2026-06-26 15:32:00,0.021,45,2
2026-06-26 15:38:00,0.054,57,2
2026-06-26 15:44:00,0.049,332,2
2026-06-26 15:50:00,0.121,259,2
2026-06-26 15:56:00,0.065,100,2
2026-06-26 16:02:00,0.045,71,2
2026-06-26 16:08:00,0.135,336,2
2026-06-26 16:14:00,0.114,310,2
2026-06-26 16:20:00,0.164,339,2
2026-06-26 16:26:00,0.086,294,2
2026-06-26 16:32:00,0.014,340,2
2026-06-26 16:38:00,0.038,247,2
2026-06-26 16:44:00,0.076,291,2
2026-06-26 16:50:00,0.101,326,2
2026-06-26 16:56:00,0.092,335,2
2026-06-26 17:02:00,0.104,139,2
2026-06-26 17:08:00,0.062,27,2
2026-06-26 17:14:00,0.084,103,2
2026-06-26 17:20:00,0.075,40,2
2026-06-26 17:26:00,0.102,71,2
2026-06-26 17:32:00,0.054,156,2
2026-06-26 17:38:00,0.235,175,2
2026-06-26 17:44:00,0.094,120,2
2026-06-26 17:50:00,0.185,170,2
2026-06-26 17:56:00,0.002,78,2
2026-06-26 18:02:00,0.033,123,2
2026-06-26 18:08:00,0.094,240,2
2026-06-26 18:14:00,0.19,218,2
2026-06-26 18:20:00,0.062,279,2
2026-06-26 18:26:00,0.226,198,2
2026-06-26 18:32:00,0.225,243,2
2026-06-26 18:38:00,0.267,233,2
2026-06-26 18:44:00,0.173,223,2
2026-06-26 18:50:00,0.219,178,2
2026-06-26 18:56:00,0.238,203,2
2026-06-26 19:02:00,0.242,196,2
2026-06-26 19:08:00,0.206,151,2
2026-06-26 19:14:00,0.297,235,2
2026-06-26 19:20:00,0.437,175,2
2026-06-26 19:26:00,0.38,178,2
2026-06-26 19:32:00,0.417,208,2
2026-06-26 19:38:00,0.419,209,2
2026-06-26 19:44:00,0.479,202,2
2026-06-26 19:50:00,0.5,245,2
2026-06-26 19:56:00,0.479,185,2
2026-06-26 20:02:00,0.499,187,2
2026-06-26 20:08:00,0.364,206,2
2026-06-26 20:14:00,0.514,197,2
2026-06-26 20:20:00,0.514,251,2
2026-06-26 20:26:00,0.556,237,2
2026-06-26 20:32:00,0.604,193,2
2026-06-26 20:38:00,0.599,213,2
2026-06-26 20:44:00,0.639,250,2
2026-06-26 20:50:00,0.588,202,2
2026-06-26 20:56:00,0.59,214,2
2026-06-26 21:02:00,0.693,229,2
2026-06-26 21:08:00,0.695,234,2
2026-06-26 21:14:00,0.687,182,2
2026-06-26 21:20:00,0.641,235,2
2026-06-26 21:26:00,0.598,172,2
2026-06-26 21:32:00,0.605,224,2
2026-06-26 21:38:00,0.655,142,2
2026-06-26 21:44:00,0.761,262,2
2026-06-26 21:50:00,0.781,205,2
2026-06-26 21:56:00,0.808,241,2
2026-06-26 22:02:00,0.875,232,2
2026-06-26 22:08:00,0.873,263,2
2026-06-26 22:14:00,0.91,231,2
2026-06-26 22:20:00,0.85,175,2
2026-06-26 22:26:00,0.936,256,2
2026-06-26 22:32:00,0.896,190,2
2026-06-26 22:38:00,0.941,217,2
2026-06-26 22:44:00,0.859,248,2
2026-06-26 22:50:00,0.91,235,2
2026-06-26 22:56:00,0.9,187,2
2026-06-26 23:02:00,0.899,239,2
2026-06-26 23:08:00,0.7,183,2
2026-06-26 23:14:00,0.709,253,2
2026-06-26 23:20:00,0.737,258,2
2026-06-26 23:26:00,0.747,170,2
2026-06-26 23:32:00,0.573,187,2
2026-06-26 23:38:00,0.664,179,2
2026-06-26 23:44:00,0.632,212,2
2026-06-26 23:50:00,0.39,213,2
2026-06-26 23:56:00,0.443,234,2
2026-06-27 00:02:00,0.363,234,2
2026-06-27 00:08:00,0.249,181,2
2026-06-27 00:14:00,0.227,205,2
2026-06-27 00:20:00,0.017,52,2
2026-06-27 00:26:00,0.248,252,2
2026-06-27 00:32:00,0.181,244,2
2026-06-27 00:38:00,0.155,204,2
2026-06-27 00:44:00,0.05,138,2
2026-06-27 00:50:00,0.037,284,2
2026-06-27 00:56:00,0.152,9,2
2026-06-27 01:02:00,0.109,275,2
2026-06-27 01:08:00,0.126,347,2
2026-06-27 01:14:00,0.231,14,2
2026-06-27 01:20:00,0.277,23,2
2026-06-27 01:26:00,0.281,357,2
2026-06-27 01:32:00,0.505,7,2
2026-06-27 01:38:00,0.498,23,2
2026-06-27 01:44:00,0.489,7,2
2026-06-27 01:50:00,0.642,356,2
2026-06-27 01:56:00,0.642,351,2
2026-06-27 02:02:00,0.584,26,2
2026-06-27 02:08:00,0.676,344,2
2026-06-27 02:14:00,0.642,359,2
2026-06-27 02:20:00,0.647,353,2
2026-06-27 02:26:00,0.694,344,2
2026-06-27 02:32:00,0.816,348,2
2026-06-27 02:38:00,0.892,352,2
2026-06-27 02:44:00,0.875,351,2
2026-06-27 02:50:00,1.059,15,2
2026-06-27 02:56:00,0.969,346,2
2026-06-27 03:02:00,0.89,31,2
2026-06-27 03:08:00,0.893,45,2
2026-06-27 03:14:00,0.866,7,2
2026-06-27 03:20:00,0.895,35,2
2026-06-27 03:26:00,0.9,33,2
2026-06-27 03:32:00,0.873,35,2
2026-06-27 03:38:00,0.992,56,2
2026-06-27 03:44:00,0.977,47,2
2026-06-27 03:50:00,1.067,15,2
2026-06-27 03:56:00,0.976,359,2
2026-06-27 04:02:00,1.017,50,2
2026-06-27 04:08:00,1.034,358,2
2026-06-27 04:14:00,0.888,33,2
2026-06-27 04:20:00,0.976,10,2
2026-06-27 04:26:00,0.89,356,2
2026-06-27 04:32:00,0.893,14,2
2026-06-27 04:38:00,1.01,28,2
2026-06-27 04:44:00,0.96,31,2
2026-06-27 04:50:00,1.047,31,2
2026-06-27 04:56:00,0.813,31,2
2026-06-27 05:02:00,0.708,25,2
2026-06-27 05:08:00,0.704,31,2
2026-06-27 05:14:00,0.607,341,2
2026-06-27 05:20:00,0.591,18,2
2026-06-27 05:26:00,0.623,339,2
2026-06-27 05:32:00,0.457,16,2
2026-06-27 05:38:00,0.426,18,2
2026-06-27 05:44:00,0.448,35,2
2026-06-27 05:50:00,0.414,359,2
2026-06-27 05:56:00,0.38,24,2
2026-06-27 06:02:00,0.323,4,2
2026-06-27 06:08:00,0.33,4,2
2026-06-27 06:14:00,0.339,7,2
2026-06-27 06:20:00,0.307,13,2
2026-06-27 06:26:00,0.184,68,2
2026-06-27 06:32:00,0.176,105,2
2026-06-27 06:38:00,0.193,11,2
2026-06-27 06:44:00,0.096,74,2
2026-06-27 06:50:00,0.069,240,2
2026-06-27 06:56:00,0.107,167,2
2026-06-27 07:02:00,0.014,225,2
2026-06-27 07:08:00,0.026,126,2
2026-06-27 07:14:00,0.022,131,2
2026-06-27 07:20:00,0.09,253,2
2026-06-27 07:26:00,0.049,225,2
2026-06-27 07:32:00,0.151,175,2
2026-06-27 07:38:00,0.105,216,2
2026-06-27 07:44:00,0.111,170,2
2026-06-27 07:50:00,0.272,185,2
2026-06-27 07:56:00,0.227,236,2
2026-06-27 08:02:00,0.205,218,2
2026-06-27 08:08:00,0.257,228,2
2026-06-27 08:14:00,0.339,219,2
2026-06-27 08:20:00,0.422,241,2
2026-06-27 08:26:00,0.356,231,2
2026-06-27 08:32:00,0.401,172,2
2026-06-27 08:38:00,0.473,250,2
2026-06-27 08:44:00,0.448,198,2
2026-06-27 08:50:00,0.465,172,2
2026-06-27 08:56:00,0.497,206,2
2026-06-27 09:02:00,0.576,235,2
2026-06-27 09:08:00,0.489,246,2
2026-06-27 09:14:00,0.552,238,2
2026-06-27 09:20:00,0.599,158,2
2026-06-27 09:26:00,0.597,181,2
2026-06-27 09:32:00,0.798,251,2
2026-06-27 09:38:00,0.882,207,2
2026-06-27 09:44:00,0.913,190,2
2026-06-27 09:50:00,0.842,229,2
2026-06-27 09:56:00,0.875,235,2
2026-06-27 10:02:00,0.955,183,2
2026-06-27 10:08:00,0.994,235,2
2026-06-27 10:14:00,1.0,234,2
2026-06-27 10:20:00,0.936,219,2
2026-06-27 10:26:00,1.034,205,2
2026-06-27 10:32:00,1.009,240,2
2026-06-27 10:38:00,1.154,230,2
2026-06-27 10:44:00,1.169,194,2
2026-06-27 10:50:00,1.088,222,2
2026-06-27 10:56:00,1.047,216,2
2026-06-27 11:02:00,1.109,203,2
2026-06-27 11:08:00,1.105,210,2
2026-06-27 11:14:00,1.167,212,2
2026-06-27 11:20:00,1.237,209,2
2026-06-27 11:26:00,1.218,201,2
2026-06-27 11:32:00,1.157,219,2
2026-06-27 11:38:00,1.316,207,2
2026-06-27 11:44:00,1.457,202,2
2026-06-27 11:50:00,1.174,236,2
2026-06-27 11:56:00,1.014,205,2
2026-06-27 12:02:00,0.968,259,2
2026-06-27 12:08:00,0.782,202,2
2026-06-27 12:14:00,0.927,236,2
2026-06-27 12:20:00,1.179,232,2
2026-06-27 12:26:00,1.113,189,2
2026-06-27 12:32:00,1.141,205,2
2026-06-27 12:38:00,1.039,209,2
2026-06-27 12:44:00,0.94,178,2
2026-06-27 12:50:00,0.897,216,2
2026-06-27 12:56:00,0.867,178,2
2026-06-27 13:02:00,0.856,197,2
2026-06-27 13:08:00,0.821,197,2
2026-06-27 13:14:00,0.847,156,2
2026-06-27 13:20:00,0.709,176,2
2026-06-27 13:26:00,0.731,159,2
2026-06-27 13:32:00,0.712,187,2
2026-06-27 13:38:00,0.735,191,2
2026-06-27 13:44:00,0.406,215,2
2026-06-27 13:50:00,0.733,226,2
2026-06-27 13:56:00,0.519,225,2
2026-06-27 14:02:00,0.505,198,2
2026-06-27 14:08:00,0.561,199,2
2026-06-27 14:14:00,0.514,176,2
2026-06-27 14:20:00,0.532,228,2
2026-06-27 14:26:00,0.532,218,2
2026-06-27 14:32:00,0.475,190,2
2026-06-27 14:38:00,0.407,208,2
2026-06-27 14:44:00,0.471,218,2
2026-06-27 14:50:00,0.384,202,2
2026-06-27 14:56:00,0.371,226,2
2026-06-27 15:02:00,0.343,188,2
2026-06-27 15:08:00,0.2,203,2
2026-06-27 15:14:00,0.119,192,2
2026-06-27 15:20:00,0.116,217,2
2026-06-27 15:26:00,0.166,253,2
2026-06-27 15:32:00,0.056,212,2
2026-06-27 15:38:00,0.068,293,2
2026-06-27 15:44:00,0.089,358,2
2026-06-27 15:50:00,0.056,254,2
2026-06-27 15:56:00,0.034,332,2
2026-06-27 16:02:00,0.101,350,2
2026-06-27 16:08:00,0.057,326,2
2026-06-27 16:14:00,0.159,21,2
2026-06-27 16:20:00,0.083,15,2
2026-06-27 16:26:00,0.111,319,2
2026-06-27 16:32:00,0.081,359,2
2026-06-27 16:38:00,0.17,335,2
2026-06-27 16:44:00,0.119,23,2
2026-06-27 16:50:00,0.128,339,2
2026-06-27 16:56:00,0.212,21,2
2026-06-27 17:02:00,0.243,66,2
2026-06-27 17:08:00,0.275,18,2
2026-06-27 17:14:00,0.261,35,2
2026-06-27 17:20:00,0.162,32,2
2026-06-27 17:26:00,0.219,24,2
2026-06-27 17:32:00,0.138,321,2
2026-06-27 17:38:00,0.211,333,2
2026-06-27 17:44:00,0.163,14,2
2026-06-27 17:50:00,0.17,43,2
2026-06-27 17:56:00,0.122,349,2
2026-06-27 18:02:00,0.206,24,2
2026-06-27 18:08:00,0.218,23,2
2026-06-27 18:14:00,0.249,16,2
2026-06-27 18:20:00,0.218,6,2
2026-06-27 18:26:00,0.202,348,2
2026-06-27 18:32:00,0.179,348,2
2026-06-27 18:38:00,0.064,352,2
2026-06-27 18:44:00,0.093,69,2
2026-06-27 18:50:00,0.125,266,2
2026-06-27 18:56:00,0.124,276,2
2026-06-27 19:02:00,0.16,242,2
2026-06-27 19:08:00,0.112,238,2
2026-06-27 19:14:00,0.194,209,2
2026-06-27 19:20:00,0.257,269,2
2026-06-27 19:26:00,0.327,267,2
2026-06-27 19:32:00,0.305,256,2
2026-06-27 19:38:00,0.297,244,2
2026-06-27 19:44:00,0.196,219,2
2026-06-27 19:50:00,0.37,221,2
2026-06-27 19:56:00,0.408,239,2
2026-06-27 20:02:00,0.39,210,2
2026-06-27 20:08:00,0.422,234,2
2026-06-27 20:14:00,0.48,227,2
2026-06-27 20:20:00,0.492,228,2
2026-06-27 20:26:00,0.415,251,2
2026-06-27 20:32:00,0.495,250,2
2026-06-27 20:38:00,0.523,215,2
2026-06-27 20:44:00,0.504,207,2
2026-06-27 20:50:00,0.577,201,2
2026-06-27 20:56:00,0.483,225,2
2026-06-27 21:02:00,0.574,210,2
2026-06-27 21:08:00,0.591,215,2
2026-06-27 21:14:00,0.615,222,2
2026-06-27 21:20:00,0.72,206,2
2026-06-27 21:26:00,0.66,197,2
2026-06-27 21:32:00,0.632,217,2
2026-06-27 21:38:00,0.608,219,2
2026-06-27 21:44:00,0.669,257,2
2026-06-27 21:50:00,0.615,201,2
2026-06-27 21:56:00,0.64,211,2
2026-06-27 22:02:00,0.633,202,2
2026-06-27 22:08:00,0.686,175,2
2026-06-27 22:14:00,0.617,256,2
2026-06-27 22:20:00,0.65,195,2
2026-06-27 22:26:00,0.567,194,2
2026-06-27 22:32:00,0.713,184,2
2026-06-27 22:38:00,0.694,195,2
2026-06-27 22:44:00,0.709,174,2
2026-06-27 22:50:00,0.679,228,2
2026-06-27 22:56:00,0.638,252,2
2026-06-27 23:02:00,0.611,253,2
2026-06-27 23:08:00,0.564,258,2
2026-06-27 23:14:00,0.56,236,2
2026-06-27 23:20:00,0.444,171,2
2026-06-27 23:26:00,0.492,177,2
2026-06-27 23:32:00,0.464,177,2
2026-06-27 23:38:00,0.386,268,2
2026-06-27 23:44:00,0.326,184,2
2026-06-27 23:50:00,0.372,198,2
2026-06-27 23:56:00,0.393,242,2
2026-06-28 00:02:00,0.289,181,2
2026-06-28 00:08:00,0.298,241,2
2026-06-28 00:14:00,0.154,212,2
2026-06-28 00:20:00,0.158,231,2
2026-06-28 00:26:00,0.228,225,2
2026-06-28 00:32:00,0.175,260,2
2026-06-28 00:38:00,0.168,242,2
2026-06-28 00:44:00,0.086,230,2
2026-06-28 00:50:00,0.052,303,2
2026-06-28 00:56:00,0.052,327,2
2026-06-28 01:02:00,0.118,14,2
2026-06-28 01:08:00,0.092,342,2
2026-06-28 01:20:00,0.266,57,2
2026-06-28 01:26:00,0.261,43,2
2026-06-28 01:32:00,0.268,63,2
2026-06-28 01:38:00,0.27,19,2
2026-06-28 01:44:00,0.31,40,2
2026-06-28 01:50:00,0.386,49,2
2026-06-28 01:56:00,0.433,61,2
2026-06-28 02:02:00,0.364,37,2
2026-06-28 02:08:00,0.46,50,2
2026-06-28 02:14:00,0.569,40,2
2026-06-28 02:20:00,0.603,50,2
2026-06-28 02:26:00,0.573,62,2
2026-06-28 02:32:00,0.638,46,2
2026-06-28 02:38:00,0.67,18,2
2026-06-28 02:44:00,0.609,21,2
2026-06-28 02:50:00,0.693,46,2
2026-06-28 02:56:00,0.762,47,2
2026-06-28 03:02:00,0.78,26,2
2026-06-28 03:08:00,0.736,20,2
2026-06-28 03:14:00,0.639,26,2
2026-06-28 03:20:00,0.757,54,2
2026-06-28 03:26:00,0.794,14,2
2026-06-28 03:32:00,0.769,35,2
2026-06-28 03:38:00,0.833,24,2
2026-06-28 03:44:00,0.846,17,2
2026-06-28 03:50:00,0.767,48,2
2026-06-28 03:56:00,0.759,24,2
2026-06-28 04:02:00,0.893,23,2
2026-06-28 04:08:00,0.939,30,2
2026-06-28 04:14:00,0.79,33,2
2026-06-28 04:20:00,0.87,37,2
2026-06-28 04:26:00,0.932,36,2
2026-06-28 04:32:00,0.865,17,2
2026-06-28 04:38:00,0.935,22,2
2026-06-28 04:44:00,0.824,13,2
2026-06-28 04:50:00,0.818,26,2
2026-06-28 04:56:00,0.813,24,2
2026-06-28 05:02:00,0.774,29,2
2026-06-28 05:08:00,0.733,23,2
2026-06-28 05:14:00,0.751,26,2
2026-06-28 05:20:00,0.75,44,2
2026-06-28 05:26:00,0.686,39,2
2026-06-28 05:32:00,0.644,54,2
2026-06-28 05:38:00,0.765,29,2
2026-06-28 05:44:00,0.665,10,2
2026-06-28 05:50:00,0.712,38,2
2026-06-28 05:56:00,0.46,48,2
2026-06-28 06:02:00,0.446,18,2
2026-06-28 06:08:00,0.477,48,2
2026-06-28 06:14:00,0.403,18,2
2026-06-28 06:20:00,0.365,44,2
2026-06-28 06:26:00,0.276,47,2
2026-06-28 06:32:00,0.308,16,2
2026-06-28 06:38:00,0.199,322,2
2026-06-28 06:44:00,0.141,16,2
2026-06-28 06:50:00,0.092,318,2
2026-06-28 06:56:00,0.087,34,2
2026-06-28 07:02:00,0.14,271,2
2026-06-28 07:08:00,0.106,61,2
2026-06-28 07:14:00,0.113,84,2
2026-06-28 07:20:00,0.073,122,2
2026-06-28 07:26:00,0.105,229,2
2026-06-28 07:32:00,0.064,239,2
2026-06-28 07:38:00,0.129,231,2
2026-06-28 07:44:00,0.099,263,2
2026-06-28 07:50:00,0.128,223,2
2026-06-28 07:56:00,0.139,270,2
2026-06-28 08:02:00,0.22,221,2
2026-06-28 08:08:00,0.18,252,2
2026-06-28 08:14:00,0.22,189,2
2026-06-28 08:20:00,0.296,240,2
2026-06-28 08:26:00,0.298,210,2
2026-06-28 08:32:00,0.314,226,2
2026-06-28 08:38:00,0.269,255,2
2026-06-28 08:44:00,0.328,225,2
2026-06-28 08:50:00,0.417,201,2
2026-06-28 08:56:00,0.402,219,2
2026-06-28 09:02:00,0.463,232,2
2026-06-28 09:08:00,0.566,239,2
2026-06-28 09:14:00,0.516,248,2
2026-06-28 09:20:00,0.504,217,2
2026-06-28 09:26:00,0.599,224,2
2026-06-28 09:32:00,0.631,177,2
2026-06-28 09:38:00,0.615,179,2
2026-06-28 09:44:00,0.628,242,2
2026-06-28 09:50:00,0.771,159,2
2026-06-28 09:56:00,0.7,206,2
2026-06-28 10:02:00,0.753,202,2
2026-06-28 10:08:00,0.779,200,2
2026-06-28 10:14:00,0.746,204,2
2026-06-28 10:20:00,0.769,198,2
2026-06-28 10:26:00,0.805,192,2
2026-06-28 10:32:00,0.757,221,2
2026-06-28 10:38:00,0.789,253,2
2026-06-28 10:44:00,0.703,195,2
2026-06-28 10:50:00,0.748,235,2
2026-06-28 10:56:00,0.665,237,2
2026-06-28 11:02:00,0.849,233,2
2026-06-28 11:08:00,0.87,211,2
2026-06-28 11:14:00,0.931,209,2
2026-06-28 11:20:00,0.867,220,2
2026-06-28 11:26:00,0.866,187,2
2026-06-28 11:32:00,1.129,200,2
2026-06-28 11:38:00,1.156,233,2
2026-06-28 11:44:00,1.15,206,2
2026-06-28 11:50:00,1.106,230,2
2026-06-28 11:56:00,1.217,232,2
2026-06-28 12:02:00,1.252,211,2
2026-06-28 12:08:00,1.345,212,2
2026-06-28 12:14:00,1.271,229,2
2026-06-28 12:20:00,1.34,230,2
2026-06-28 12:26:00,1.286,205,2
2026-06-28 12:32:00,1.072,235,2
2026-06-28 12:38:00,1.16,225,2
2026-06-28 12:44:00,1.199,217,2
2026-06-28 12:50:00,1.25,229,2
2026-06-28 12:56:00,1.306,242,2
2026-06-28 13:02:00,1.103,201,2
2026-06-28 13:08:00,1.077,227,2
2026-06-28 13:14:00,1.127,220,2
2026-06-28 13:20:00,1.056,234,2
2026-06-28 13:26:00,1.118,189,2
2026-06-28 13:32:00,1.01,206,2
2026-06-28 13:38:00,1.034,202,2
2026-06-28 13:44:00,1.068,183,2
2026-06-28 13:50:00,0.988,222,2
2026-06-28 13:56:00,0.945,237,2
2026-06-28 14:02:00,0.9,222,2
2026-06-28 14:08:00,0.892,199,2
2026-06-28 14:14:00,0.841,197,2
2026-06-28 14:20:00,0.772,263,2
2026-06-28 14:26:00,0.732,211,2
2026-06-28 14:32:00,0.755,197,2
2026-06-28 14:38:00,0.541,260,2
2026-06-28 14:44:00,0.576,277,2
2026-06-28 14:50:00,0.533,181,2
2026-06-28 14:56:00,0.441,217,2
2026-06-28 15:02:00,0.381,265,2
2026-06-28 15:08:00,0.297,214,2
2026-06-28 15:14:00,0.283,263,2
2026-06-28 15:20:00,0.216,239,2
2026-06-28 15:26:00,0.204,283,2
2026-06-28 15:32:00,0.179,214,2
2026-06-28 15:38:00,0.17,270,2
2026-06-28 15:44:00,0.224,287,2
2026-06-28 15:50:00,0.105,297,2
2026-06-28 15:56:00,0.135,9,2
2026-06-28 16:02:00,0.23,335,2
2026-06-28 16:08:00,0.245,357,2
2026-06-28 16:14:00,0.254,10,2
2026-06-28 16:20:00,0.107,135,2
2026-06-28 16:26:00,0.286,20,2
2026-06-28 16:32:00,0.224,21,2
2026-06-28 16:38:00,0.312,353,2
2026-06-28 16:44:00,0.37,26,2
2026-06-28 16:50:00,0.325,0,2
2026-06-28 16:56:00,0.514,53,2
2026-06-28 17:02:00,0.395,70,2
2026-06-28 17:08:00,0.473,33,2
2026-06-28 17:14:00,0.37,47,2
2026-06-28 17:20:00,0.433,42,2
2026-06-28 17:26:00,0.32,27,2
2026-06-28 17:32:00,0.423,33,2
2026-06-28 17:38:00,0.46,45,2
2026-06-28 17:44:00,0.431,50,2
2026-06-28 17:50:00,0.384,22,2
2026-06-28 17:56:00,0.432,33,2
2026-06-28 18:02:00,0.405,42,2
2026-06-28 18:08:00,0.34,46,2
2026-06-28 18:14:00,0.414,3,2
2026-06-28 18:20:00,0.312,41,2
2026-06-28 18:26:00,0.37,31,2
2026-06-28 18:32:00,0.289,28,2
2026-06-28 18:38:00,0.116,66,2
2026-06-28 18:44:00,0.187,53,2
2026-06-28 18:50:00,0.055,344,2
2026-06-28 18:56:00,0.126,69,2
2026-06-28 19:02:00,0.086,284,2
2026-06-28 19:08:00,0.084,114,2
2026-06-28 19:14:00,0.031,293,2
2026-06-28 19:20:00,0.101,74,2
2026-06-28 19:26:00,0.059,341,2
2026-06-28 19:32:00,0.083,116,2
2026-06-28 19:38:00,0.039,312,2
2026-06-28 19:44:00,0.043,266,2
2026-06-28 19:50:00,0.1,200,2
2026-06-28 19:56:00,0.039,142,2
2026-06-28 20:02:00,0.111,239,2
2026-06-28 20:08:00,0.192,233,2
2026-06-28 20:14:00,0.173,215,2
2026-06-28 20:20:00,0.248,240,2
2026-06-28 20:26:00,0.281,236,2
2026-06-28 20:32:00,0.286,208,2
2026-06-28 20:38:00,0.262,218,2
2026-06-28 20:44:00,0.283,212,2
2026-06-28 20:50:00,0.267,198,2
2026-06-28 20:56:00,0.215,186,2
2026-06-28 21:02:00,0.277,163,2
2026-06-28 21:08:00,0.343,220,2
2026-06-28 21:14:00,0.386,193,2
2026-06-28 21:20:00,0.342,214,2
2026-06-28 21:26:00,0.409,186,2
2026-06-28 21:32:00,0.395,160,2
2026-06-28 21:38:00,0.464,263,2
2026-06-28 21:44:00,0.415,156,2
2026-06-28 21:50:00,0.486,232,2
2026-06-28 21:56:00,0.473,176,2
2026-06-28 22:02:00,0.531,196,2
2026-06-28 22:08:00,0.484,216,2
2026-06-28 22:14:00,0.512,255,2
2026-06-28 22:20:00,0.466,245,2
2026-06-28 22:26:00,0.515,247,2
2026-06-28 22:32:00,0.522,207,2
2026-06-28 22:38:00,0.483,250,2
2026-06-28 22:44:00,0.485,255,2
2026-06-28 22:50:00,0.594,195,2
2026-06-28 22:56:00,0.571,157,2
2026-06-28 23:02:00,0.577,232,2
2026-06-28 23:08:00,0.548,190,2
2026-06-28 23:14:00,0.602,271,2
2026-06-28 23:20:00,0.587,244,2
2026-06-28 23:26:00,0.5,171,2
2026-06-28 23:32:00,0.513,159,2
2026-06-28 23:38:00,0.538,162,2
2026-06-28 23:44:00,0.474,163,2
2026-06-28 23:50:00,0.389,170,2
2026-06-28 23:56:00,0.382,184,2
2026-06-29 00:02:00,0.418,196,2
2026-06-29 00:08:00,0.327,225,2
2026-06-29 00:14:00,0.359,192,2
2026-06-29 00:20:00,0.248,159,2
2026-06-29 00:26:00,0.32,238,2
2026-06-29 00:32:00,0.223,209,2
2026-06-29 00:38:00,0.236,206,2
2026-06-29 00:44:00,0.241,209,2
2026-06-29 00:50:00,0.22,250,2
2026-06-29 00:56:00,0.266,236,2
2026-06-29 01:02:00,0.176,240,2
2026-06-29 01:08:00,0.18,176,2
2026-06-29 01:14:00,0.035,225,2
2026-06-29 01:20:00,0.086,230,2
2026-06-29 01:26:00,0.096,204,2
2026-06-29 01:32:00,0.074,94,2
2026-06-29 01:38:00,0.123,30,2
2026-06-29 01:44:00,0.176,29,2
2026-06-29 01:50:00,0.191,24,2
2026-06-29 01:56:00,0.134,11,2
2026-06-29 02:02:00,0.204,30,2
2026-06-29 02:08:00,0.286,28,2
2026-06-29 02:14:00,0.325,17,2
2026-06-29 02:20:00,0.391,28,2
2026-06-29 02:26:00,0.44,22,2
2026-06-29 02:32:00,0.51,25,2
2026-06-29 02:38:00,0.509,13,2
2026-06-29 02:44:00,0.547,34,2
2026-06-29 02:50:00,0.556,22,2
2026-06-29 02:56:00,0.528,25,2
2026-06-29 03:02:00,0.526,10,2
2026-06-29 03:08:00,0.662,44,2
2026-06-29 03:14:00,0.759,0,2
2026-06-29 03:20:00,0.741,37,2
2026-06-29 03:26:00,0.708,30,2
2026-06-29 03:32:00,0.712,20,2
2026-06-29 03:38:00,0.786,44,2
2026-06-29 03:44:00,0.792,10,2
2026-06-29 03:50:00,0.756,33,2
2026-06-29 03:56:00,0.828,25,2
2026-06-29 04:02:00,0.826,1,2
2026-06-29 04:08:00,0.75,357,2
2026-06-29 04:14:00,0.814,30,2
2026-06-29 04:20:00,0.869,42,2
2026-06-29 04:26:00,0.902,47,2
2026-06-29 04:32:00,0.796,43,2
2026-06-29 04:38:00,0.824,29,2
2026-06-29 04:44:00,0.757,22,2
2026-06-29 04:50:00,0.825,11,2
2026-06-29 04:56:00,0.758,25,2
2026-06-29 05:02:00,0.87,47,2
2026-06-29 05:08:00,0.83,11,2
2026-06-29 05:14:00,0.836,27,2
2026-06-29 05:20:00,0.81,6,2
2026-06-29 05:26:00,0.716,55,2
2026-06-29 05:32:00,0.909,21,2
2026-06-29 05:38:00,0.792,22,2
2026-06-29 05:44:00,0.813,8,2
2026-06-29 05:50:00,0.789,21,2
2026-06-29 05:56:00,0.782,46,2
2026-06-29 06:02:00,0.712,13,2
2026-06-29 06:08:00,0.65,34,2
2026-06-29 06:14:00,0.733,12,2
2026-06-29 06:20:00,0.688,39,2
2026-06-29 06:26:00,0.717,16,2
2026-06-29 06:32:00,0.662,52,2
2026-06-29 06:38:00,0.694,27,2
2026-06-29 06:44:00,0.675,21,2
2026-06-29 06:50:00,0.512,53,2
2026-06-29 06:56:00,0.51,13,2
2026-06-29 07:02:00,0.59,9,2
2026-06-29 07:08:00,0.508,27,2
2026-06-29 07:14:00,0.472,2,2
2026-06-29 07:20:00,0.54,35,2
2026-06-29 07:26:00,0.489,50,2
2026-06-29 07:32:00,0.396,39,2
2026-06-29 07:38:00,0.428,39,2
2026-06-29 07:44:00,0.354,56,2
2026-06-29 07:50:00,0.312,65,2
2026-06-29 07:56:00,0.184,86,2
2026-06-29 08:02:00,0.093,82,2
2026-06-29 08:08:00,0.114,65,2
2026-06-29 08:14:00,0.071,57,2
2026-06-29 08:20:00,0.102,19,2
2026-06-29 08:26:00,0.136,194,2
2026-06-29 08:32:00,0.045,314,2
2026-06-29 08:38:00,0.07,98,2
2026-06-29 08:44:00,0.12,191,2
2026-06-29 08:50:00,0.103,210,2
2026-06-29 08:56:00,0.171,225,2
2026-06-29 09:02:00,0.17,224,2
2026-06-29 09:08:00,0.253,220,2
2026-06-29 09:14:00,0.215,194,2
2026-06-29 09:20:00,0.269,209,2
2026-06-29 09:26:00,0.245,210,2
2026-06-29 09:32:00,0.336,199,2
2026-06-29 09:38:00,0.343,205,2
2026-06-29 09:44:00,0.265,190,2
2026-06-29 09:50:00,0.423,203,2
2026-06-29 09:56:00,0.475,222,2
2026-06-29 10:02:00,0.304,246,2
2026-06-29 10:08:00,0.421,204,2
2026-06-29 10:14:00,0.455,221,2
2026-06-29 10:20:00,0.436,203,2
2026-06-29 10:26:00,0.574,245,2
2026-06-29 10:32:00,0.481,179,2
2026-06-29 10:38:00,0.466,224,2
2026-06-29 10:44:00,0.493,238,2
2026-06-29 10:50:00,0.537,246,2
2026-06-29 10:56:00,0.714,161,2
2026-06-29 11:02:00,0.72,207,2
2026-06-29 11:08:00,0.683,245,2
2026-06-29 11:14:00,0.768,200,2
2026-06-29 11:20:00,0.761,224,2
2026-06-29 11:26:00,0.678,212,2
2026-06-29 11:32:00,0.611,249,2
2026-06-29 11:38:00,0.692,204,2
2026-06-29 11:44:00,0.71,218,2
2026-06-29 11:50:00,0.763,208,2
2026-06-29 11:56:00,0.874,222,2
2026-06-29 12:02:00,0.844,212,2
2026-06-29 12:08:00,0.877,203,2
2026-06-29 12:14:00,0.974,203,2
2026-06-29 12:20:00,1.002,217,2
2026-06-29 12:26:00,1.091,194,2
2026-06-29 12:32:00,1.418,210,2
2026-06-29 12:38:00,1.351,204,2
2026-06-29 12:44:00,1.25,226,2
2026-06-29 12:50:00,1.371,207,2
2026-06-29 12:56:00,1.26,229,2
2026-06-29 13:02:00,1.252,213,2
2026-06-29 13:08:00,1.167,218,2
2026-06-29 13:14:00,1.262,228,2
2026-06-29 13:20:00,1.116,203,2
2026-06-29 13:26:00,1.103,227,2
2026-06-29 13:32:00,1.08,220,2
2026-06-29 13:38:00,1.172,230,2
2026-06-29 13:44:00,1.108,239,2
2026-06-29 13:50:00,1.088,206,2
2026-06-29 13:56:00,0.948,233,2
2026-06-29 14:02:00,1.018,211,2
2026-06-29 14:08:00,0.939,234,2
2026-06-29 14:14:00,0.976,196,2
2026-06-29 14:20:00,0.955,208,2
2026-06-29 14:26:00,0.97,199,2
2026-06-29 14:32:00,0.946,235,2
2026-06-29 14:38:00,0.78,198,2
2026-06-29 14:44:00,0.788,183,2
2026-06-29 14:50:00,0.768,180,2
2026-06-29 14:56:00,0.68,186,2
2026-06-29 15:02:00,0.673,221,2
2026-06-29 15:08:00,0.606,248,2
2026-06-29 15:14:00,0.632,229,2
2026-06-29 15:20:00,0.585,250,2
2026-06-29 15:26:00,0.538,194,2
2026-06-29 15:32:00,0.44,225,2
2026-06-29 15:38:00,0.488,190,2
2026-06-29 15:44:00,0.415,202,2
2026-06-29 15:50:00,0.387,224,2
2026-06-29 15:56:00,0.328,254,2
2026-06-29 16:02:00,0.308,187,2
2026-06-29 16:08:00,0.429,292,2
2026-06-29 16:14:00,0.305,287,2
2026-06-29 16:20:00,0.232,237,2
2026-06-29 16:26:00,0.172,277,2
2026-06-29 16:32:00,0.178,228,2
2026-06-29 16:38:00,0.259,254,2
2026-06-29 16:44:00,0.184,297,2
2026-06-29 16:50:00,0.115,311,2
2026-06-29 16:56:00,0.058,352,2
2026-06-29 17:02:00,0.086,284,2
2026-06-29 17:08:00,0.158,315,2
2026-06-29 17:14:00,0.166,23,2
2026-06-29 17:20:00,0.1,336,2
2026-06-29 17:26:00,0.241,36,2
2026-06-29 17:32:00,0.285,60,2
2026-06-29 17:38:00,0.333,15,2
2026-06-29 17:44:00,0.3,39,2
2026-06-29 17:50:00,0.253,44,2
2026-06-29 17:56:00,0.329,23,2
2026-06-29 18:02:00,0.323,341,2
2026-06-29 18:08:00,0.278,10,2
2026-06-29 18:14:00,0.347,44,2
2026-06-29 18:20:00,0.353,23,2
2026-06-29 18:26:00,0.358,10,2
2026-06-29 18:32:00,0.444,20,2
2026-06-29 18:38:00,0.329,349,2
2026-06-29 18:44:00,0.279,0,2
2026-06-29 18:50:00,0.354,8,2
2026-06-29 18:56:00,0.393,334,2
2026-06-29 19:02:00,0.372,357,2
2026-06-29 19:08:00,0.437,3,2
2026-06-29 19:14:00,0.387,15,2
2026-06-29 19:20:00,0.321,4,2
2026-06-29 19:26:00,0.323,351,2
2026-06-29 19:32:00,0.309,9,2
2026-06-29 19:38:00,0.208,13,2
2026-06-29 19:44:00,0.232,26,2
2026-06-29 19:50:00,0.135,9,2
2026-06-29 19:56:00,0.195,1,2
2026-06-29 20:02:00,0.072,2,2
2026-06-29 20:08:00,0.044,33,2
2026-06-29 20:14:00,0.171,350,2
2026-06-29 20:20:00,0.057,11,2
2026-06-29 20:26:00,0.114,301,2
2026-06-29 20:32:00,0.126,313,2
2026-06-29 20:38:00,0.016,92,2
2026-06-29 20:44:00,0.05,189,2
2026-06-29 20:50:00,0.152,245,2
2026-06-29 20:56:00,0.267,233,2
2026-06-29 21:02:00,0.312,249,2
2026-06-29 21:08:00,0.301,222,2
2026-06-29 21:14:00,0.298,242,2
2026-06-29 21:20:00,0.273,235,2
2026-06-29 21:26:00,0.348,219,2
2026-06-29 21:32:00,0.417,243,2
2026-06-29 21:38:00,0.371,208,2
2026-06-29 21:44:00,0.338,241,2
2026-06-29 21:50:00,0.388,240,2
2026-06-29 21:56:00,0.403,191,2
2026-06-29 22:02:00,0.397,273,2
2026-06-29 22:08:00,0.488,251,2
2026-06-29 22:14:00,0.457,167,2
2026-06-29 22:20:00,0.506,248,2
2026-06-29 22:26:00,0.577,258,2
2026-06-29 22:32:00,0.561,269,2
2026-06-29 22:38:00,0.511,268,2
2026-06-29 22:44:00,0.437,266,2
2026-06-29 22:50:00,0.519,157,2
2026-06-29 22:56:00,0.563,221,2
2026-06-29 23:02:00,0.524,190,2
2026-06-29 23:08:00,0.517,195,2
2026-06-29 23:14:00,0.597,242,2
2026-06-29 23:20:00,0.409,206,2
2026-06-29 23:26:00,0.658,208,2
2026-06-29 23:32:00,0.556,189,2
2026-06-29 23:38:00,0.514,236,2
2026-06-29 23:44:00,0.538,224,2
2026-06-29 23:50:00,0.542,202,2
2026-06-29 23:56:00,0.549,246,2
2026-06-30 00:02:00,0.659,215,2
2026-06-30 00:08:00,0.63,239,2
2026-06-30 00:14:00,0.537,198,2
2026-06-30 00:38:00,0.635,241,2
2026-06-30 00:44:00,0.471,240,2
2026-06-30 00:50:00,0.36,246,2
2026-06-30 00:56:00,0.366,255,2
2026-06-30 01:02:00,0.403,240,2
2026-06-30 01:08:00,0.358,217,2
2026-06-30 01:14:00,0.332,225,2
2026-06-30 01:20:00,0.171,195,2
2026-06-30 01:26:00,0.157,111,2
2026-06-30 01:32:00,0.102,126,2
2026-06-30 01:38:00,0.125,97,2
2026-06-30 01:44:00,0.054,119,2
2026-06-30 01:50:00,0.079,206,2
2026-06-30 01:56:00,0.057,264,2
2026-06-30 02:02:00,0.028,94,2
2026-06-30 02:08:00,0.125,29,2
2026-06-30 02:14:00,0.108,292,2
2026-06-30 02:20:00,0.06,243,2
2026-06-30 02:26:00,0.071,323,2
2026-06-30 02:32:00,0.132,10,2
2026-06-30 02:38:00,0.124,324,2
2026-06-30 02:44:00,0.197,31,2
2026-06-30 02:50:00,0.206,36,2
2026-06-30 02:56:00,0.163,15,2
2026-06-30 03:02:00,0.26,22,2
2026-06-30 03:08:00,0.295,28,2
2026-06-30 03:14:00,0.328,11,2
2026-06-30 03:20:00,0.296,24,2
2026-06-30 03:26:00,0.32,8,2
2026-06-30 03:32:00,0.334,12,2
2026-06-30 03:38:00,0.434,34,2
2026-06-30 03:44:00,0.535,6,2
2026-06-30 03:50:00,0.534,10,2
2026-06-30 03:56:00,0.528,35,2
2026-06-30 04:02:00,0.612,9,2
2026-06-30 04:08:00,0.638,6,2
2026-06-30 04:14:00,0.648,19,2
2026-06-30 04:20:00,0.7,49,2
2026-06-30 04:26:00,0.764,15,2
2026-06-30 04:32:00,0.75,354,2
2026-06-30 04:38:00,0.649,24,2
2026-06-30 04:44:00,0.625,0,2
2026-06-30 04:50:00,0.643,10,2
2026-06-30 04:56:00,0.714,359,2
2026-06-30 05:02:00,0.708,22,2
2026-06-30 05:08:00,0.702,23,2
2026-06-30 05:14:00,0.667,16,2
2026-06-30 05:20:00,0.659,19,2
2026-06-30 05:26:00,0.755,15,2
2026-06-30 05:32:00,0.709,15,2
2026-06-30 05:38:00,0.715,352,2
2026-06-30 05:44:00,0.734,17,2
2026-06-30 05:50:00,0.753,6,2
2026-06-30 05:56:00,0.719,22,2
2026-06-30 06:02:00,0.808,4,2
2026-06-30 06:08:00,0.753,10,2
2026-06-30 06:14:00,0.719,7,2
2026-06-30 06:20:00,0.74,358,2
2026-06-30 06:26:00,0.808,9,2
2026-06-30 06:32:00,0.849,13,2
2026-06-30 06:38:00,0.896,8,2
2026-06-30 06:44:00,0.734,14,2
2026-06-30 06:50:00,0.807,15,2
2026-06-30 06:56:00,0.708,7,2
2026-06-30 07:02:00,0.657,18,2
2026-06-30 07:08:00,0.676,16,2
2026-06-30 07:14:00,0.643,19,2
2026-06-30 07:20:00,0.632,1,2
2026-06-30 07:26:00,0.616,7,2
2026-06-30 07:32:00,0.511,9,2
2026-06-30 07:38:00,0.485,17,2
2026-06-30 07:44:00,0.486,13,2
2026-06-30 07:50:00,0.43,7,2
2026-06-30 07:56:00,0.469,4,2
2026-06-30 08:02:00,0.342,4,2
2026-06-30 08:08:00,0.32,29,2
2026-06-30 08:14:00,0.187,20,2
2026-06-30 08:20:00,0.188,14,2
2026-06-30 08:26:00,0.21,9,2
2026-06-30 08:32:00,0.115,12,2
2026-06-30 08:38:00,0.036,33,2
2026-06-30 08:44:00,0.084,164,2
2026-06-30 08:50:00,0.032,211,2
2026-06-30 08:56:00,0.11,151,2
2026-06-30 09:02:00,0.04,67,2
2026-06-30 09:08:00,0.027,340,2
2026-06-30 09:14:00,0.048,64,2
2026-06-30 09:20:00,0.093,26,2
2026-06-30 09:26:00,0.052,333,2
2026-06-30 09:32:00,0.071,184,2
2026-06-30 09:38:00,0.13,235,2
2026-06-30 09:44:00,0.044,189,2
2026-06-30 09:50:00,0.086,284,2
2026-06-30 09:56:00,0.129,10,2
2026-06-30 10:02:00,0.133,25,2
2026-06-30 10:08:00,0.026,181,2
2026-06-30 10:14:00,0.161,215,2
2026-06-30 10:20:00,0.241,248,2
2026-06-30 10:26:00,0.284,223,2
2026-06-30 10:32:00,0.339,239,2
2026-06-30 10:38:00,0.328,237,2
2026-06-30 10:44:00,0.339,244,2
2026-06-30 10:50:00,0.464,236,2
2026-06-30 10:56:00,0.469,255,2
2026-06-30 11:02:00,0.468,254,2
2026-06-30 11:08:00,0.513,222,2
2026-06-30 11:14:00,0.553,224,2
2026-06-30 11:20:00,0.563,238,2
2026-06-30 11:26:00,0.658,228,2
2026-06-30 11:32:00,0.734,220,2
2026-06-30 11:38:00,0.873,209,2
2026-06-30 11:44:00,0.683,245,2
2026-06-30 11:50:00,0.673,251,2
2026-06-30 11:56:00,0.682,220,2
2026-06-30 12:02:00,0.652,223,2
2026-06-30 12:08:00,0.596,250,2
2026-06-30 12:14:00,0.506,243,2
2026-06-30 12:20:00,0.628,221,2
2026-06-30 12:26:00,0.683,213,2
2026-06-30 12:32:00,0.673,223,2
2026-06-30 12:38:00,0.778,207,2
2026-06-30 12:44:00,0.773,231,2
2026-06-30 12:50:00,0.756,220,2
2026-06-30 12:56:00,0.761,233,2
2026-06-30 13:02:00,0.801,202,2
2026-06-30 13:08:00,0.871,228,2
2026-06-30 13:14:00,0.899,217,2
2026-06-30 13:20:00,0.844,229,2
2026-06-30 13:26:00,0.956,205,2
2026-06-30 13:32:00,0.999,205,2
2026-06-30 13:38:00,1.089,231,2
2026-06-30 13:44:00,1.044,195,2
2026-06-30 13:50:00,1.05,242,2
2026-06-30 13:56:00,0.966,209,2
2026-06-30 14:02:00,1.016,213,2
2026-06-30 14:08:00,0.881,222,2
2026-06-30 14:14:00,1.0,228,2
2026-06-30 14:20:00,0.974,199,2
2026-06-30 14:26:00,0.844,242,2
2026-06-30 14:32:00,0.911,214,2
2026-06-30 14:38:00,0.861,239,2
2026-06-30 14:44:00,0.874,198,2
2026-06-30 14:50:00,0.886,200,2
2026-06-30 14:56:00,0.824,246,2
2026-06-30 15:02:00,0.78,227,2
2026-06-30 15:08:00,0.731,226,2
2026-06-30 15:14:00,0.657,225,2
2026-06-30 15:20:00,0.581,238,2
2026-06-30 15:26:00,0.639,230,2
2026-06-30 15:32:00,0.577,228,2
2026-06-30 15:44:00,0.668,239,2
2026-06-30 15:50:00,0.65,210,2
2026-06-30 15:56:00,0.526,249,2
2026-06-30 16:02:00,0.422,258,2
2026-06-30 16:08:00,0.334,264,2
2026-06-30 16:14:00,0.218,242,2
2026-06-30 16:20:00,0.237,238,2
2026-06-30 16:26:00,0.251,266,2
2026-06-30 16:32:00,0.159,203,2
2026-06-30 16:38:00,0.109,234,2
2026-06-30 16:44:00,0.154,239,2
2026-06-30 16:50:00,0.115,4,2
2026-06-30 16:56:00,0.163,322,2
2026-06-30 17:02:00,0.269,6,2
2026-06-30 17:08:00,0.317,9,2
2026-06-30 17:14:00,0.317,7,2
2026-06-30 17:20:00,0.255,3,2
2026-06-30 17:26:00,0.302,2,2
2026-06-30 17:32:00,0.463,10,2
2026-06-30 17:38:00,0.465,28,2
2026-06-30 17:44:00,0.47,26,2
2026-06-30 17:50:00,0.465,19,2
2026-06-30 17:56:00,0.467,9,2
2026-06-30 18:02:00,0.561,6,2
2026-06-30 18:08:00,0.483,20,2
2026-06-30 18:14:00,0.618,20,2
2026-06-30 18:20:00,0.51,16,2
2026-06-30 18:26:00,0.588,31,2
2026-06-30 18:32:00,0.691,32,2
2026-06-30 18:38:00,0.605,33,2
2026-06-30 18:44:00,0.702,16,2
2026-06-30 18:50:00,0.721,7,2
2026-06-30 18:56:00,0.744,355,2
2026-06-30 19:50:00,0.473,0,2
2026-06-30 19:56:00,0.519,13,2
2026-06-30 20:02:00,0.414,21,2
2026-06-30 20:08:00,0.444,42,2
2026-06-30 20:14:00,0.474,39,2
2026-06-30 20:20:00,0.419,46,2
2026-06-30 20:26:00,0.268,1,2
2026-06-30 20:32:00,0.347,21,2
2026-06-30 20:38:00,0.384,355,2
2026-06-30 20:44:00,0.486,2,2
2026-06-30 20:50:00,0.431,16,2
2026-06-30 20:56:00,0.5,351,2
2026-06-30 21:02:00,0.404,26,2
2026-06-30 21:08:00,0.389,29,2
2026-06-30 21:14:00,0.203,73,2
2026-06-30 21:20:00,0.205,55,2
2026-06-30 21:26:00,0.212,30,2
2026-06-30 21:32:00,0.22,61,2
2026-06-30 21:38:00,0.147,109,2
2026-06-30 21:44:00,0.116,23,2
2026-06-30 21:50:00,0.024,358,2
2026-06-30 21:56:00,0.077,87,2
2026-06-30 22:02:00,0.07,16,2
2026-06-30 22:08:00,0.042,10,2
2026-06-30 22:14:00,0.035,112,2
2026-06-30 22:20:00,0.063,141,2
2026-06-30 22:26:00,0.002,348,2
2026-06-30 22:32:00,0.085,179,2
2026-06-30 22:38:00,0.16,187,2
2026-06-30 22:44:00,0.2,162,2
2026-06-30 22:50:00,0.068,167,2
2026-06-30 22:56:00,0.171,198,2
2026-06-30 23:02:00,0.125,194,2
2026-06-30 23:08:00,0.138,198,2
2026-06-30 23:14:00,0.149,243,2
2026-06-30 23:20:00,0.158,183,2
2026-06-30 23:26:00,0.199,240,2
2026-06-30 23:32:00,0.201,173,2
2026-06-30 23:38:00,0.157,205,2
2026-06-30 23:44:00,0.183,164,2
2026-06-30 23:50:00,0.232,255,2
2026-06-30 23:56:00,0.207,175,2
2026-07-01 00:02:00,0.228,197,2
2026-07-01 00:08:00,0.218,177,2
2026-07-01 00:14:00,0.168,221,2
2026-07-01 00:20:00,0.193,178,2
2026-07-01 00:26:00,0.162,172,2
2026-07-01 00:32:00,0.207,164,2
2026-07-01 00:38:00,0.11,125,2
2026-07-01 00:44:00,0.15,93,2
2026-07-01 00:50:00,0.154,148,2
2026-07-01 00:56:00,0.158,159,2
2026-07-01 01:02:00,0.198,137,2
2026-07-01 01:08:00,0.178,112,2
2026-07-01 01:14:00,0.062,136,2
2026-07-01 01:20:00,0.129,109,2
2026-07-01 01:26:00,0.204,157,2
2026-07-01 01:32:00,0.135,127,2
2026-07-01 01:38:00,0.145,132,2
2026-07-01 01:44:00,0.172,102,2
2026-07-01 01:50:00,0.105,90,2
2026-07-01 01:56:00,0.221,71,2
2026-07-01 02:02:00,0.107,76,2
2026-07-01 02:08:00,0.193,81,2
2026-07-01 02:14:00,0.212,79,2
2026-07-01 02:20:00,0.168,65,2
2026-07-01 02:26:00,0.144,84,2
2026-07-01 02:32:00,0.258,73,2
2026-07-01 02:38:00,0.405,61,2
2026-07-01 02:44:00,0.379,47,2
2026-07-01 02:50:00,0.441,53,2
2026-07-01 02:56:00,0.548,70,2
2026-07-01 03:02:00,0.487,46,2
2026-07-01 03:08:00,0.526,31,2
2026-07-01 03:14:00,0.613,48,2
2026-07-01 03:20:00,0.673,21,2
2026-07-01 03:26:00,0.748,22,2
2026-07-01 03:32:00,0.851,12,2
2026-07-01 03:38:00,0.708,14,2
2026-07-01 03:44:00,0.768,12,2
2026-07-01 03:50:00,0.579,0,2
2026-07-01 03:56:00,0.635,7,2
2026-07-01 04:02:00,0.66,9,2
2026-07-01 04:08:00,0.725,0,2
2026-07-01 04:14:00,0.763,17,2
2026-07-01 04:20:00,0.73,24,2
2026-07-01 04:26:00,0.834,29,2
2026-07-01 04:32:00,0.845,16,2
2026-07-01 04:50:00,0.926,22,2
2026-07-01 04:56:00,0.9,18,2
2026-07-01 05:02:00,0.827,26,2
2026-07-01 05:08:00,0.874,13,2
2026-07-01 05:14:00,0.85,17,2
2026-07-01 05:20:00,1.001,15,2
2026-07-01 05:26:00,0.925,15,2
2026-07-01 05:32:00,0.98,32,2
2026-07-01 05:38:00,0.934,22,2
2026-07-01 05:44:00,0.905,22,2
2026-07-01 05:50:00,1.069,36,2
2026-07-01 05:56:00,0.956,10,2
2026-07-01 06:02:00,0.909,25,2
2026-07-01 06:08:00,0.962,16,2
2026-07-01 06:14:00,1.114,17,2
2026-07-01 06:20:00,1.095,24,2
2026-07-01 06:26:00,1.27,19,2
2026-07-01 06:32:00,1.132,14,2
2026-07-01 06:38:00,1.075,20,2
2026-07-01 06:44:00,1.177,14,2
2026-07-01 06:50:00,1.091,12,2
2026-07-01 06:56:00,1.188,25,2
2026-07-01 07:02:00,1.172,23,2
2026-07-01 07:08:00,1.131,23,2
2026-07-01 07:14:00,1.079,10,2
2026-07-01 07:20:00,1.044,18,2
2026-07-01 07:26:00,1.034,11,2
2026-07-01 07:32:00,1.114,24,2
2026-07-01 07:38:00,1.052,14,2
2026-07-01 07:44:00,1.024,15,2
2026-07-01 07:50:00,0.942,14,2
2026-07-01 07:56:00,0.968,14,2
2026-07-01 08:02:00,0.809,10,2
2026-07-01 08:08:00,0.857,10,2
2026-07-01 08:14:00,0.758,21,2
2026-07-01 08:20:00,0.923,16,2
2026-07-01 08:26:00,0.681,14,2
2026-07-01 08:32:00,0.729,23,2
2026-07-01 08:38:00,0.764,20,2
2026-07-01 08:44:00,0.634,16,2
2026-07-01 08:50:00,0.721,30,2
2026-07-01 08:56:00,0.531,29,2
2026-07-01 09:02:00,0.495,27,2
2026-07-01 09:14:00,0.478,29,2
2026-07-01 09:20:00,0.289,55,2
2026-07-01 09:26:00,0.531,6,2
2026-07-01 09:32:00,0.228,31,2
2026-07-01 09:38:00,0.282,27,2
2026-07-01 09:44:00,0.205,23,2
2026-07-01 09:50:00,0.183,9,2
2026-07-01 09:56:00,0.183,30,2
2026-07-01 10:02:00,0.219,24,2
2026-07-01 10:08:00,0.081,36,2
2026-07-01 10:14:00,0.086,39,2
2026-07-01 10:20:00,0.043,39,2
2026-07-01 10:26:00,0.104,107,2
2026-07-01 10:32:00,0.03,157,2
2026-07-01 10:38:00,0.063,332,2
2026-07-01 10:44:00,0.04,114,2
2026-07-01 10:50:00,0.048,244,2
2026-07-01 10:56:00,0.068,295,2
2026-07-01 11:02:00,0.12,178,2
2026-07-01 11:08:00,0.147,215,2
2026-07-01 11:14:00,0.229,251,2
2026-07-01 11:20:00,0.266,231,2
2026-07-01 11:26:00,0.336,231,2
2026-07-01 11:32:00,0.335,243,2
2026-07-01 11:38:00,0.358,246,2
2026-07-01 11:44:00,0.326,228,2
2026-07-01 11:50:00,0.419,239,2
2026-07-01 11:56:00,0.519,235,2
2026-07-01 12:02:00,0.624,218,2
2026-07-01 12:08:00,0.482,235,2
2026-07-01 12:14:00,0.58,256,2
2026-07-01 12:20:00,0.77,239,2
2026-07-01 12:26:00,0.725,226,2
2026-07-01 12:32:00,0.785,236,2
2026-07-01 12:38:00,0.817,237,2
2026-07-01 12:44:00,1.06,207,2
2026-07-01 12:50:00,1.103,221,2
2026-07-01 12:56:00,1.24,210,2
2026-07-01 13:02:00,1.091,183,2
2026-07-01 13:08:00,1.078,210,2
2026-07-01 13:14:00,1.003,203,2
2026-07-01 13:26:00,1.026,234,2
2026-07-01 13:32:00,1.258,243,2
2026-07-01 13:38:00,1.373,256,2
2026-07-01 13:44:00,1.305,237,2
2026-07-01 13:50:00,1.472,237,2
2026-07-01 13:56:00,1.481,205,2
2026-07-01 14:02:00,1.443,206,2
2026-07-01 14:08:00,1.488,222,2
2026-07-01 14:14:00,1.482,204,2
2026-07-01 14:20:00,1.383,230,2
2026-07-01 14:26:00,1.385,243,2
2026-07-01 14:32:00,1.472,221,2
2026-07-01 14:38:00,1.538,219,2
2026-07-01 14:44:00,1.482,227,2
2026-07-01 14:50:00,1.362,229,2
2026-07-01 14:56:00,1.332,225,2
2026-07-01 15:02:00,1.396,209,2
2026-07-01 15:08:00,1.31,222,2
2026-07-01 15:14:00,1.201,206,2
2026-07-01 15:20:00,1.14,232,2
2026-07-01 15:26:00,1.086,200,2
2026-07-01 15:32:00,1.078,193,2
2026-07-01 15:38:00,0.987,226,2
2026-07-01 15:44:00,1.008,212,2
2026-07-01 15:50:00,0.872,199,2
2026-07-01 15:56:00,0.819,226,2
2026-07-01 16:02:00,0.708,201,2
2026-07-01 16:08:00,0.675,235,2
2026-07-01 16:14:00,0.583,252,2
2026-07-01 16:20:00,0.583,234,2
2026-07-01 16:26:00,0.393,226,2
2026-07-01 16:32:00,0.36,245,2
2026-07-01 16:38:00,0.377,237,2
2026-07-01 16:44:00,0.352,238,2
2026-07-01 16:50:00,0.372,223,2
2026-07-01 16:56:00,0.441,298,2
2026-07-01 17:02:00,0.323,282,2
2026-07-01 17:08:00,0.153,194,2
2026-07-01 17:14:00,0.122,202,2
2026-07-01 17:20:00,0.161,249,2
2026-07-01 17:26:00,0.184,251,2
2026-07-01 17:32:00,0.183,339,2
2026-07-01 17:38:00,0.278,324,2
2026-07-01 17:44:00,0.26,306,2
2026-07-01 17:50:00,0.363,305,2
2026-07-01 17:56:00,0.369,286,2
2026-07-01 18:02:00,0.405,346,2
2026-07-01 18:08:00,0.448,0,2
2026-07-01 18:14:00,0.513,359,2
2026-07-01 18:20:00,0.373,339,2
2026-07-01 18:26:00,0.488,350,2
2026-07-01 18:32:00,0.524,354,2
2026-07-01 18:38:00,0.48,357,2
2026-07-01 18:44:00,0.479,16,2
2026-07-01 18:50:00,0.528,26,2
2026-07-01 18:56:00,0.51,12,2
2026-07-01 19:02:00,0.513,6,2
2026-07-01 19:08:00,0.559,25,2
2026-07-01 19:14:00,0.606,23,2
2026-07-01 19:20:00,0.534,15,2
2026-07-01 19:26:00,0.544,359,2
2026-07-01 19:32:00,0.528,352,2
2026-07-01 19:38:00,0.627,17,2
2026-07-01 19:44:00,0.578,3,2
2026-07-01 19:50:00,0.545,12,2
2026-07-01 19:56:00,0.607,2,2
2026-07-01 20:02:00,0.529,17,2
2026-07-01 20:08:00,0.513,353,2
2026-07-01 20:14:00,0.481,34,2
2026-07-01 20:20:00,0.561,42,2
2026-07-01 20:26:00,0.564,8,2
2026-07-01 20:32:00,0.43,41,2
2026-07-01 20:38:00,0.434,25,2
2026-07-01 20:44:00,0.489,39,2
2026-07-01 20:50:00,0.416,33,2
2026-07-01 20:56:00,0.464,1,2
2026-07-01 21:02:00,0.464,26,2
2026-07-01 21:08:00,0.472,20,2
2026-07-01 21:14:00,0.38,26,2
2026-07-01 21:20:00,0.357,15,2
2026-07-01 21:26:00,0.344,33,2
2026-07-01 21:32:00,0.263,16,2
2026-07-01 21:38:00,0.203,15,2
2026-07-01 21:44:00,0.179,249,2
2026-07-01 21:50:00,0.115,344,2
2026-07-01 21:56:00,0.221,28,2
2026-07-01 22:02:00,0.129,13,2
2026-07-01 22:08:00,0.238,46,2
2026-07-01 22:14:00,0.152,61,2
2026-07-01 22:20:00,0.087,12,2
2026-07-01 22:26:00,0.03,0,2
2026-07-01 22:32:00,0.107,300,2
2026-07-01 22:38:00,0.084,280,2
2026-07-01 22:44:00,0.082,312,2
2026-07-01 22:50:00,0.051,308,2
2026-07-01 22:56:00,0.077,282,2
2026-07-01 23:02:00,0.169,279,2
2026-07-01 23:08:00,0.108,320,2
2026-07-01 23:14:00,0.08,181,2
2026-07-01 23:20:00,0.121,270,2
2026-07-01 23:26:00,0.154,215,2
2026-07-01 23:32:00,0.162,312,2
2026-07-01 23:38:00,0.217,232,2
2026-07-01 23:44:00,0.255,265,2
2026-07-02 00:02:00,0.41,237,2
2026-07-02 00:08:00,0.384,238,2
2026-07-02 00:20:00,0.412,254,2
2026-07-02 00:26:00,0.425,237,2
2026-07-02 00:38:00,0.546,244,2
2026-07-02 00:44:00,0.525,260,2
2026-07-02 00:50:00,0.565,217,2
2026-07-02 00:56:00,0.46,228,2
2026-07-02 01:02:00,0.584,253,2
2026-07-02 01:08:00,0.622,195,2
2026-07-02 01:14:00,0.542,190,2
2026-07-02 01:20:00,0.584,207,2
2026-07-02 01:26:00,0.59,217,2
2026-07-02 01:32:00,0.693,214,2
2026-07-02 01:38:00,0.748,199,2
2026-07-02 01:44:00,0.63,196,2
2026-07-02 01:50:00,0.729,192,2
2026-07-02 01:56:00,0.676,225,2
2026-07-02 02:02:00,0.571,181,2
2026-07-02 02:08:00,0.512,194,2
2026-07-02 02:14:00,0.635,225,2
2026-07-02 02:20:00,0.664,197,2
2026-07-02 02:26:00,0.734,189,2
2026-07-02 02:32:00,0.712,197,2
2026-07-02 02:38:00,0.591,173,2
2026-07-02 02:44:00,0.536,175,2
2026-07-02 02:50:00,0.556,231,2
2026-07-02 02:56:00,0.478,244,2
2026-07-02 03:02:00,0.502,260,2
2026-07-02 03:08:00,0.501,220,2
2026-07-02 03:14:00,0.552,235,2
2026-07-02 03:20:00,0.486,237,2
2026-07-02 03:26:00,0.589,242,2
2026-07-02 03:32:00,0.481,222,2
2026-07-02 03:38:00,0.412,230,2
2026-07-02 03:44:00,0.422,249,2
2026-07-02 03:50:00,0.407,252,2
2026-07-02 03:56:00,0.368,238,2
2026-07-02 04:02:00,0.334,252,2
2026-07-02 04:08:00,0.303,267,2
2026-07-02 04:14:00,0.308,324,2
2026-07-02 04:20:00,0.323,262,2
2026-07-02 04:26:00,0.09,266,2
2026-07-02 04:32:00,0.183,278,2
2026-07-02 04:38:00,0.096,288,2
2026-07-02 04:44:00,0.141,294,2
2026-07-02 04:50:00,0.204,316,2
2026-07-02 04:56:00,0.16,344,2
2026-07-02 05:02:00,0.256,13,2
2026-07-02 05:08:00,0.283,11,2
2026-07-02 05:14:00,0.403,15,2
2026-07-02 05:20:00,0.341,16,2
2026-07-02 05:26:00,0.358,0,2
2026-07-02 05:32:00,0.425,355,2
2026-07-02 05:38:00,0.422,24,2
2026-07-02 05:44:00,0.4,6,2
2026-07-02 05:50:00,0.513,51,2
2026-07-02 05:56:00,0.498,357,2
2026-07-02 06:02:00,0.555,44,2
2026-07-02 06:08:00,0.542,25,2
2026-07-02 06:14:00,0.5,25,2
2026-07-02 06:20:00,0.572,9,2
2026-07-02 06:26:00,0.538,24,2
2026-07-02 06:32:00,0.636,41,2
2026-07-02 06:38:00,0.657,17,2
2026-07-02 06:44:00,0.502,8,2
2026-07-02 06:50:00,0.561,6,2
2026-07-02 06:56:00,0.652,17,2
2026-07-02 07:02:00,0.652,20,2
2026-07-02 07:08:00,0.644,40,2
2026-07-02 07:14:00,0.496,1,2
2026-07-02 07:20:00,0.512,13,2
2026-07-02 07:26:00,0.591,358,2
2026-07-02 07:32:00,0.595,32,2
2026-07-02 07:38:00,0.593,353,2
2026-07-02 07:44:00,0.577,30,2
2026-07-02 07:50:00,0.523,6,2
2026-07-02 07:56:00,0.556,1,2
2026-07-02 08:02:00,0.579,41,2
2026-07-02 08:08:00,0.478,23,2
2026-07-02 08:14:00,0.611,351,2
2026-07-02 08:20:00,0.627,39,2
2026-07-02 08:26:00,0.614,44,2
2026-07-02 08:32:00,0.467,39,2
2026-07-02 08:38:00,0.489,20,2
2026-07-02 08:44:00,0.496,13,2
2026-07-02 08:50:00,0.426,1,2
2026-07-02 08:56:00,0.424,10,2
2026-07-02 09:02:00,0.358,348,2
2026-07-02 09:08:00,0.429,17,2
2026-07-02 09:14:00,0.28,4,2
2026-07-02 09:20:00,0.305,341,2
2026-07-02 09:26:00,0.226,351,2
2026-07-02 09:32:00,0.192,12,2
2026-07-02 09:38:00,0.155,24,2
2026-07-02 09:44:00,0.178,333,2
2026-07-02 09:50:00,0.114,35,2
2026-07-02 09:56:00,0.062,336,2
2026-07-02 10:02:00,0.088,292,2
2026-07-02 10:08:00,0.128,351,2
2026-07-02 10:14:00,0.071,221,2
2026-07-02 10:20:00,0.054,221,2
2026-07-02 10:32:00,0.229,276,2
2026-07-02 10:38:00,0.346,278,2
2026-07-02 10:44:00,0.105,128,2
2026-07-02 10:50:00,0.311,274,2
2026-07-02 10:56:00,0.26,139,2
2026-07-02 11:02:00,0.261,255,2
2026-07-02 11:08:00,0.334,267,2
2026-07-02 11:14:00,0.325,220,2
2026-07-02 11:20:00,0.427,219,2
2026-07-02 11:26:00,0.295,284,2
2026-07-02 11:32:00,0.41,177,2
2026-07-02 11:38:00,0.402,223,2
2026-07-02 11:44:00,0.49,224,2
2026-07-02 11:50:00,0.356,177,2
2026-07-02 11:56:00,0.419,192,2
2026-07-02 12:02:00,0.414,257,2
2026-07-02 12:08:00,0.504,198,2
2026-07-02 12:14:00,0.597,248,2
2026-07-02 12:20:00,0.525,179,2
2026-07-02 12:26:00,0.473,214,2
2026-07-02 12:32:00,0.575,203,2
2026-07-02 12:38:00,0.693,194,2
2026-07-02 12:44:00,0.7,222,2
2026-07-02 12:50:00,0.796,203,2
2026-07-02 12:56:00,0.741,191,2
2026-07-02 13:02:00,0.963,195,2
2026-07-02 13:08:00,0.837,195,2
2026-07-02 13:14:00,0.903,235,2
2026-07-02 13:20:00,1.017,227,2
2026-07-02 13:26:00,1.048,229,2
2026-07-02 13:32:00,0.921,198,2
2026-07-02 13:38:00,1.133,236,2
2026-07-02 13:44:00,1.186,209,2
2026-07-02 13:50:00,1.196,210,2
2026-07-02 13:56:00,1.065,218,2
2026-07-02 14:02:00,1.093,213,2
2026-07-02 14:08:00,1.108,215,2
2026-07-02 14:14:00,1.063,234,2
2026-07-02 14:20:00,1.022,209,2
2026-07-02 14:26:00,0.919,225,2
2026-07-02 14:32:00,0.95,214,2
2026-07-02 14:38:00,0.882,209,2
2026-07-02 14:44:00,1.02,203,2
2026-07-02 14:50:00,0.907,223,2
2026-07-02 14:56:00,1.034,199,2
2026-07-02 15:02:00,0.968,203,2
2026-07-02 15:08:00,1.039,221,2
2026-07-02 15:14:00,0.853,206,2
2026-07-02 15:20:00,0.945,194,2
2026-07-02 15:26:00,0.923,215,2
2026-07-02 15:32:00,0.847,181,2
2026-07-02 15:38:00,0.856,214,2
2026-07-02 15:44:00,0.851,195,2
2026-07-02 15:50:00,0.817,208,2
2026-07-02 15:56:00,0.991,233,2
2026-07-02 16:02:00,0.844,222,2
2026-07-02 16:08:00,0.773,200,2
2026-07-02 16:14:00,0.811,213,2
2026-07-02 16:20:00,0.408,220,2
2026-07-02 16:26:00,0.612,237,2
2026-07-02 16:32:00,0.65,229,2
2026-07-02 16:38:00,0.612,210,2
2026-07-02 16:44:00,0.453,216,2
2026-07-02 16:50:00,0.566,208,2
2026-07-02 16:56:00,0.576,214,2
2026-07-02 17:02:00,0.603,193,2
2026-07-02 17:08:00,0.576,194,2
2026-07-02 17:14:00,0.527,224,2
2026-07-02 17:20:00,0.408,246,2
2026-07-02 17:26:00,0.341,231,2
2026-07-02 17:32:00,0.256,236,2
2026-07-02 17:38:00,0.13,248,2
2026-07-02 17:44:00,0.125,240,2
2026-07-02 17:50:00,0.222,243,2
2026-07-02 17:56:00,0.113,294,2
2026-07-02 18:02:00,0.325,218,2
2026-07-02 18:08:00,0.181,220,2
2026-07-02 18:14:00,0.047,283,2
2026-07-02 18:20:00,0.129,287,2
2026-07-02 18:26:00,0.137,326,2
2026-07-02 18:32:00,0.187,307,2
2026-07-02 18:38:00,0.175,293,2
2026-07-02 18:44:00,0.138,323,2
2026-07-02 18:50:00,0.284,351,2
2026-07-02 18:56:00,0.263,352,2
2026-07-02 19:02:00,0.249,347,2
2026-07-02 19:08:00,0.278,351,2
2026-07-02 19:14:00,0.253,352,2
2026-07-02 19:20:00,0.258,19,2
2026-07-02 19:26:00,0.358,345,2
2026-07-02 19:32:00,0.355,9,2
2026-07-02 19:38:00,0.355,358,2
2026-07-02 19:44:00,0.478,1,2
2026-07-02 19:50:00,0.435,13,2
2026-07-02 19:56:00,0.386,18,2
2026-07-02 20:02:00,0.443,8,2
2026-07-02 20:08:00,0.452,13,2
2026-07-02 20:14:00,0.44,355,2
2026-07-02 20:20:00,0.516,21,2
2026-07-02 20:26:00,0.568,21,2
2026-07-02 20:32:00,0.521,21,2
2026-07-02 20:38:00,0.546,16,2
2026-07-02 20:44:00,0.579,21,2
2026-07-02 20:50:00,0.523,22,2
2026-07-02 20:56:00,0.487,12,2
2026-07-02 21:02:00,0.574,15,2
2026-07-02 21:08:00,0.536,5,2
2026-07-02 21:14:00,0.557,14,2
2026-07-02 21:20:00,0.493,359,2
2026-07-02 21:26:00,0.46,9,2
2026-07-02 21:32:00,0.502,19,2
2026-07-02 21:38:00,0.431,11,2
2026-07-02 21:44:00,0.345,16,2
2026-07-02 21:50:00,0.356,25,2
2026-07-02 21:56:00,0.248,358,2
2026-07-02 22:02:00,0.224,1,2
2026-07-02 22:08:00,0.218,347,2
2026-07-02 22:14:00,0.127,307,2
2026-07-02 22:20:00,0.435,263,2
2026-07-02 22:26:00,0.302,304,2
2026-07-02 22:32:00,0.177,346,2
2026-07-02 22:38:00,0.307,342,2
2026-07-02 22:44:00,0.118,305,2
2026-07-02 22:50:00,0.124,336,2
2026-07-02 22:56:00,0.124,340,2
2026-07-02 23:02:00,0.15,259,2
2026-07-02 23:08:00,0.174,235,2
2026-07-02 23:14:00,0.153,251,2
2026-07-02 23:20:00,0.235,258,2
2026-07-02 23:26:00,0.386,246,2
2026-07-02 23:44:00,0.397,260,2
2026-07-03 00:02:00,0.576,240,2
2026-07-03 00:14:00,0.452,231,2
2026-07-03 00:20:00,0.486,243,2
2026-07-03 00:26:00,0.529,212,2
2026-07-03 00:32:00,0.468,217,2
2026-07-03 00:38:00,0.534,226,2
2026-07-03 00:44:00,0.465,190,2
2026-07-03 00:50:00,0.521,199,2
2026-07-03 00:56:00,0.468,196,2
2026-07-03 01:02:00,0.484,209,2
2026-07-03 01:08:00,0.514,213,2
2026-07-03 01:14:00,0.55,204,2
2026-07-03 01:20:00,0.577,193,2
2026-07-03 01:26:00,0.568,232,2
2026-07-03 01:32:00,0.748,223,2
2026-07-03 01:38:00,0.645,194,2
2026-07-03 01:44:00,0.716,178,2
2026-07-03 01:50:00,0.764,178,2
2026-07-03 01:56:00,0.803,233,2
2026-07-03 02:02:00,0.789,226,2
2026-07-03 02:08:00,0.751,209,2
2026-07-03 02:14:00,0.697,193,2
2026-07-03 02:20:00,0.788,203,2
2026-07-03 02:26:00,0.684,233,2
2026-07-03 02:32:00,0.76,218,2
2026-07-03 02:38:00,0.714,239,2
2026-07-03 02:44:00,0.695,174,2
2026-07-03 02:50:00,0.789,180,2
2026-07-03 02:56:00,0.79,232,2
2026-07-03 03:02:00,0.854,211,2
2026-07-03 03:08:00,0.739,195,2
2026-07-03 03:14:00,0.735,244,2
2026-07-03 03:20:00,0.635,250,2
2026-07-03 03:26:00,0.519,246,2
2026-07-03 03:32:00,0.506,260,2
2026-07-03 03:38:00,0.473,273,2
2026-07-03 03:44:00,0.451,179,2
2026-07-03 03:50:00,0.503,250,2
2026-07-03 03:56:00,0.529,163,2
2026-07-03 04:02:00,0.49,173,2
2026-07-03 04:08:00,0.413,197,2
2026-07-03 04:14:00,0.398,266,2
2026-07-03 04:20:00,0.345,189,2
2026-07-03 04:26:00,0.288,186,2
2026-07-03 04:32:00,0.324,196,2
2026-07-03 04:38:00,0.27,194,2
2026-07-03 04:44:00,0.103,275,2
2026-07-03 04:50:00,0.057,317,2
2026-07-03 04:56:00,0.137,4,2
2026-07-03 05:02:00,0.135,311,2
2026-07-03 05:08:00,0.133,341,2
2026-07-03 05:14:00,0.241,346,2
2026-07-03 05:20:00,0.216,356,2
2026-07-03 05:26:00,0.384,2,2
2026-07-03 05:32:00,0.403,5,2
2026-07-03 05:38:00,0.43,11,2
2026-07-03 05:44:00,0.263,8,2
2026-07-03 05:50:00,0.343,7,2
2026-07-03 05:56:00,0.328,5,2
2026-07-03 06:02:00,0.319,7,2
2026-07-03 06:08:00,0.279,14,2
2026-07-03 06:14:00,0.401,21,2
2026-07-03 06:20:00,0.479,9,2
2026-07-03 06:26:00,0.426,359,2
2026-07-03 06:32:00,0.376,359,2
2026-07-03 06:44:00,0.5,11,2
2026-07-03 06:50:00,0.492,25,2
2026-07-03 06:56:00,0.563,42,2
2026-07-03 07:02:00,0.605,25,2
2026-07-03 07:08:00,0.638,20,2
2026-07-03 07:14:00,0.593,7,2
2026-07-03 07:20:00,0.759,8,2
2026-07-03 07:26:00,0.596,7,2
2026-07-03 07:32:00,0.64,16,2
2026-07-03 07:38:00,0.733,0,2
2026-07-03 07:44:00,0.629,37,2
2026-07-03 07:50:00,0.508,23,2
2026-07-03 07:56:00,0.565,1,2
2026-07-03 08:02:00,0.583,1,2
2026-07-03 08:08:00,0.554,346,2
2026-07-03 08:14:00,0.597,9,2
2026-07-03 08:20:00,0.625,8,2
2026-07-03 08:26:00,0.587,14,2
2026-07-03 08:32:00,0.646,354,2
2026-07-03 08:38:00,0.469,16,2
2026-07-03 08:44:00,0.595,11,2
2026-07-03 08:50:00,0.536,33,2
2026-07-03 08:56:00,0.558,35,2
2026-07-03 09:02:00,0.346,18,2
2026-07-03 09:14:00,0.499,2,2
2026-07-03 09:20:00,0.558,13,2
2026-07-03 09:26:00,0.443,8,2
2026-07-03 09:32:00,0.324,344,2
2026-07-03 09:38:00,0.234,0,2
2026-07-03 09:44:00,0.263,6,2
2026-07-03 09:50:00,0.31,0,2
2026-07-03 09:56:00,0.298,2,2
2026-07-03 10:02:00,0.189,350,2
2026-07-03 10:08:00,0.124,339,2
2026-07-03 10:14:00,0.245,30,2
2026-07-03 10:20:00,0.212,49,2
2026-07-03 10:26:00,0.107,231,2
2026-07-03 10:32:00,0.071,269,2
2026-07-03 10:38:00,0.136,227,2
2026-07-03 10:44:00,0.171,315,2
2026-07-03 10:50:00,0.198,229,2
2026-07-03 10:56:00,0.319,258,2
2026-07-03 11:02:00,0.19,245,2
2026-07-03 11:08:00,0.232,250,2
2026-07-03 11:14:00,0.24,279,2
2026-07-03 11:20:00,0.314,237,2
2026-07-03 11:26:00,0.398,227,2
2026-07-03 11:32:00,0.281,228,2
2026-07-03 11:38:00,0.262,217,2
2026-07-03 11:44:00,0.371,213,2
2026-07-03 11:50:00,0.325,210,2
2026-07-03 11:56:00,0.469,234,2
2026-07-03 12:02:00,0.414,237,2
2026-07-03 12:08:00,0.426,241,2
2026-07-03 12:14:00,0.426,240,2
2026-07-03 12:20:00,0.451,197,2
2026-07-03 12:26:00,0.427,217,2
2026-07-03 12:32:00,0.553,202,2
2026-07-03 12:38:00,0.534,200,2
2026-07-03 12:44:00,0.465,203,2
2026-07-03 12:50:00,0.522,196,2
2026-07-03 12:56:00,0.601,193,2
2026-07-03 13:02:00,0.5,208,2
2026-07-03 13:08:00,0.656,214,2
2026-07-03 13:14:00,0.684,223,2
2026-07-03 13:20:00,0.706,190,2
2026-07-03 13:26:00,0.839,216,2
2026-07-03 13:32:00,0.85,217,2
2026-07-03 13:38:00,0.964,217,2
2026-07-03 13:44:00,1.049,194,2
2026-07-03 13:50:00,1.111,218,2
2026-07-03 13:56:00,1.054,221,2
2026-07-03 14:02:00,1.223,203,2
2026-07-03 14:08:00,1.258,218,2
2026-07-03 14:14:00,1.233,210,2
2026-07-03 14:20:00,1.259,191,2
2026-07-03 14:26:00,1.27,222,2
2026-07-03 14:32:00,1.208,199,2
2026-07-03 14:38:00,1.186,203,2
2026-07-03 14:44:00,1.253,222,2
2026-07-03 14:50:00,1.257,207,2
2026-07-03 14:56:00,1.123,221,2
2026-07-03 15:02:00,1.144,213,2
2026-07-03 15:08:00,1.076,219,2
2026-07-03 15:14:00,1.043,203,2
2026-07-03 15:20:00,1.036,214,2
2026-07-03 15:26:00,1.112,208,2
2026-07-03 15:32:00,1.224,210,2
2026-07-03 15:38:00,1.12,201,2
2026-07-03 15:44:00,1.081,217,2
2026-07-03 15:50:00,0.906,196,2
2026-07-03 15:56:00,0.979,196,2
2026-07-03 16:02:00,0.829,199,2
2026-07-03 16:08:00,0.909,224,2
2026-07-03 16:14:00,0.927,175,2
2026-07-03 16:20:00,0.826,186,2
2026-07-03 16:26:00,0.856,213,2
2026-07-03 16:32:00,0.774,179,2
2026-07-03 16:38:00,0.77,166,2
2026-07-03 16:44:00,0.789,213,2
2026-07-03 16:50:00,0.646,219,2
2026-07-03 16:56:00,0.741,226,2
2026-07-03 17:02:00,0.766,217,2
2026-07-03 17:08:00,0.623,210,2
2026-07-03 17:14:00,0.539,180,2
2026-07-03 17:20:00,0.615,208,2
2026-07-03 17:26:00,0.426,215,2
2026-07-03 17:32:00,0.438,208,2
2026-07-03 17:38:00,0.364,183,2
2026-07-03 17:44:00,0.373,201,2
2026-07-03 17:50:00,0.367,206,2
2026-07-03 17:56:00,0.327,243,2
2026-07-03 18:02:00,0.504,248,2
2026-07-03 18:08:00,0.395,243,2
2026-07-03 18:14:00,0.291,213,2
2026-07-03 18:20:00,0.246,245,2
2026-07-03 18:26:00,0.152,239,2
2026-07-03 18:32:00,0.103,178,2
2026-07-03 18:38:00,0.025,348,2
2026-07-03 18:44:00,0.15,178,2
2026-07-03 18:50:00,0.089,301,2
2026-07-03 18:56:00,0.13,297,2
2026-07-03 19:02:00,0.066,299,2
2026-07-03 19:08:00,0.153,304,2
2026-07-03 19:14:00,0.172,314,2
2026-07-03 19:20:00,0.211,3,2
2026-07-03 19:26:00,0.268,24,2
2026-07-03 19:32:00,0.369,27,2
2026-07-03 19:38:00,0.28,28,2
2026-07-03 19:44:00,0.341,41,2
2026-07-03 19:50:00,0.385,40,2
2026-07-03 19:56:00,0.374,4,2
2026-07-03 20:02:00,0.48,33,2
2026-07-03 20:08:00,0.412,12,2
2026-07-03 20:14:00,0.48,24,2
2026-07-03 20:20:00,0.364,19,2
2026-07-03 20:26:00,0.465,7,2
2026-07-03 20:32:00,0.511,22,2
2026-07-03 20:38:00,0.47,359,2
2026-07-03 20:44:00,0.421,10,2
2026-07-03 20:50:00,0.545,0,2
2026-07-03 20:56:00,0.574,0,2
2026-07-03 21:02:00,0.516,17,2
2026-07-03 21:08:00,0.501,3,2
2026-07-03 21:14:00,0.554,8,2
2026-07-03 21:20:00,0.634,7,2
2026-07-03 21:26:00,0.596,352,2
2026-07-03 21:32:00,0.576,28,2
2026-07-03 21:38:00,0.543,24,2
2026-07-03 21:44:00,0.498,1,2
2026-07-03 21:50:00,0.492,19,2
2026-07-03 21:56:00,0.461,29,2
2026-07-03 22:02:00,0.475,24,2
2026-07-03 22:08:00,0.417,359,2
2026-07-03 22:14:00,0.474,34,2
2026-07-03 22:20:00,0.408,1,2
2026-07-03 22:26:00,0.477,16,2
2026-07-03 22:32:00,0.407,16,2
2026-07-03 22:38:00,0.336,17,2
2026-07-03 22:44:00,0.332,39,2
2026-07-03 22:50:00,0.192,33,2
2026-07-03 22:56:00,0.211,29,2
2026-07-03 23:02:00,0.2,346,2
2026-07-03 23:08:00,0.214,348,2
2026-07-03 23:14:00,0.135,322,2
2026-07-03 23:20:00,0.091,296,2
2026-07-03 23:26:00,0.068,173,2
2026-07-03 23:32:00,0.228,119,2
2026-07-03 23:38:00,0.046,135,2
2026-07-03 23:44:00,0.17,164,2
2026-07-03 23:50:00,0.305,243,2
2026-07-03 23:56:00,0.256,233,2
2026-07-04 00:02:00,0.224,237,2
2026-07-04 00:08:00,0.26,250,2
2026-07-04 00:14:00,0.245,220,2
2026-07-04 00:20:00,0.302,227,2
2026-07-04 00:26:00,0.406,210,2
2026-07-04 00:32:00,0.449,230,2
2026-07-04 00:38:00,0.436,223,2
2026-07-04 00:44:00,0.329,211,2
2026-07-04 00:50:00,0.502,222,2
2026-07-04 00:56:00,0.496,247,2
2026-07-04 01:02:00,0.435,208,2
2026-07-04 01:08:00,0.476,211,2
2026-07-04 01:14:00,0.533,214,2
2026-07-04 01:20:00,0.541,232,2
2026-07-04 01:26:00,0.523,175,2
2026-07-04 01:32:00,0.635,233,2
2026-07-04 01:38:00,0.642,180,2
2026-07-04 01:44:00,0.636,194,2
2026-07-04 01:50:00,0.627,254,2
2026-07-04 01:56:00,0.597,176,2
2026-07-04 02:02:00,0.646,180,2
2026-07-04 02:08:00,0.666,174,2
2026-07-04 02:14:00,0.713,200,2
2026-07-04 02:20:00,0.661,167,2
2026-07-04 02:26:00,0.569,204,2
2026-07-04 02:32:00,0.695,189,2
2026-07-04 02:38:00,0.579,236,2
2026-07-04 02:44:00,0.539,189,2
2026-07-04 02:50:00,0.721,238,2
2026-07-04 02:56:00,0.596,195,2
2026-07-04 03:02:00,0.53,264,2
2026-07-04 03:08:00,0.49,187,2
2026-07-04 03:14:00,0.564,204,2
2026-07-04 03:20:00,0.517,210,2
2026-07-04 03:26:00,0.521,260,2
2026-07-04 03:32:00,0.431,222,2
2026-07-04 03:38:00,0.568,215,2
2026-07-04 03:44:00,0.5,220,2
2026-07-04 03:50:00,0.474,168,2
2026-07-04 03:56:00,0.399,175,2
2026-07-04 04:02:00,0.459,184,2
2026-07-04 04:08:00,0.482,176,2
2026-07-04 04:14:00,0.554,225,2
2026-07-04 04:20:00,0.358,194,2
2026-07-04 04:26:00,0.414,182,2
2026-07-04 04:32:00,0.314,160,2
2026-07-04 04:38:00,0.272,204,2
2026-07-04 04:44:00,0.179,258,2
2026-07-04 04:50:00,0.202,244,2
2026-07-04 04:56:00,0.267,255,2
2026-07-04 05:02:00,0.185,236,2
2026-07-04 05:08:00,0.148,278,2
2026-07-04 05:14:00,0.017,204,2
2026-07-04 05:20:00,0.082,171,2
2026-07-04 05:26:00,0.044,102,2
2026-07-04 05:32:00,0.165,102,2
2026-07-04 05:38:00,0.085,88,2
2026-07-04 05:44:00,0.165,50,2
2026-07-04 05:50:00,0.197,82,2
2026-07-04 05:56:00,0.189,78,2
2026-07-04 06:02:00,0.146,105,2
2026-07-04 06:08:00,0.241,71,2
2026-07-04 06:14:00,0.228,45,2
2026-07-04 06:20:00,0.239,49,2
2026-07-04 06:26:00,0.282,37,2
2026-07-04 06:32:00,0.283,24,2
2026-07-04 06:38:00,0.327,26,2
2026-07-04 06:44:00,0.554,37,2
2026-07-04 06:50:00,0.467,26,2
2026-07-04 06:56:00,0.479,36,2
2026-07-04 07:02:00,0.557,34,2
2026-07-04 07:08:00,0.599,23,2
2026-07-04 07:14:00,0.566,28,2
2026-07-04 07:20:00,0.511,42,2
2026-07-04 07:26:00,0.601,35,2
2026-07-04 07:32:00,0.633,31,2
2026-07-04 07:38:00,0.585,17,2
2026-07-04 07:44:00,0.61,12,2
2026-07-04 07:50:00,0.635,7,2
2026-07-04 07:56:00,0.755,3,2
2026-07-04 08:02:00,0.648,14,2
2026-07-04 08:08:00,0.624,29,2
2026-07-04 08:14:00,0.541,37,2
2026-07-04 08:20:00,0.785,37,2
2026-07-04 08:26:00,0.739,42,2
2026-07-04 08:32:00,0.669,24,2
2026-07-04 08:38:00,0.594,7,2
2026-07-04 08:44:00,0.652,11,2
2026-07-04 08:50:00,0.642,14,2
2026-07-04 08:56:00,0.646,8,2
2026-07-04 09:02:00,0.584,9,2
2026-07-04 09:08:00,0.718,10,2
2026-07-04 09:14:00,0.708,33,2
2026-07-04 09:20:00,0.733,46,2
2026-07-04 09:26:00,0.651,44,2
2026-07-04 09:32:00,0.655,24,2
2026-07-04 09:38:00,0.512,26,2
2026-07-04 09:44:00,0.567,45,2
2026-07-04 09:50:00,0.566,34,2
2026-07-04 09:56:00,0.645,29,2
2026-07-04 10:02:00,0.555,20,2
2026-07-04 10:08:00,0.597,35,2
2026-07-04 10:14:00,0.424,48,2
2026-07-04 10:20:00,0.392,6,2
2026-07-04 10:26:00,0.357,10,2
2026-07-04 10:32:00,0.355,48,2
2026-07-04 10:38:00,0.44,19,2
2026-07-04 10:44:00,0.334,34,2
2026-07-04 10:50:00,0.323,32,2
2026-07-04 10:56:00,0.254,36,2
2026-07-04 11:02:00,0.282,35,2
2026-07-04 11:08:00,0.079,57,2
2026-07-04 11:14:00,0.162,83,2
2026-07-04 11:20:00,0.176,54,2
2026-07-04 11:26:00,0.118,126,2
2026-07-04 11:32:00,0.01,348,2
2026-07-04 11:38:00,0.087,185,2
2026-07-04 11:44:00,0.181,224,2
2026-07-04 11:50:00,0.216,127,2
2026-07-04 11:56:00,0.174,157,2
2026-07-04 12:02:00,0.143,205,2
2026-07-04 12:08:00,0.268,196,2
2026-07-04 12:14:00,0.177,216,2
2026-07-04 12:20:00,0.227,220,2
2026-07-04 12:26:00,0.262,184,2
2026-07-04 12:32:00,0.255,195,2
2026-07-04 12:38:00,0.388,222,2
2026-07-04 12:50:00,0.306,223,2
2026-07-04 12:56:00,0.392,234,2
2026-07-04 13:02:00,0.435,204,2
2026-07-04 13:08:00,0.457,240,2
2026-07-04 13:14:00,0.366,251,2
2026-07-04 13:20:00,0.359,196,2
2026-07-04 13:26:00,0.412,213,2
2026-07-04 13:32:00,0.418,218,2
2026-07-04 13:38:00,0.397,212,2
2026-07-04 13:44:00,0.525,222,2
2026-07-04 13:50:00,0.543,209,2
2026-07-04 13:56:00,0.581,214,2
2026-07-04 14:02:00,0.581,232,2
2026-07-04 14:08:00,0.668,231,2
2026-07-04 14:14:00,0.612,235,2
2026-07-04 14:20:00,0.693,221,2
2026-07-04 14:26:00,0.656,223,2
2026-07-04 14:32:00,0.667,194,2
2026-07-04 14:38:00,0.828,212,2
2026-07-04 14:44:00,0.848,183,2
2026-07-04 14:50:00,0.811,190,2
2026-07-04 14:56:00,0.908,241,2
2026-07-04 15:02:00,0.818,239,2
2026-07-04 15:08:00,0.775,226,2
2026-07-04 15:14:00,0.842,248,2
2026-07-04 15:20:00,0.783,223,2
2026-07-04 15:26:00,0.706,240,2
2026-07-04 15:32:00,0.77,236,2
2026-07-04 15:38:00,0.874,233,2
2026-07-04 15:44:00,0.925,214,2
2026-07-04 15:50:00,0.865,211,2
2026-07-04 15:56:00,0.846,211,2
2026-07-04 16:02:00,0.968,235,2
2026-07-04 16:08:00,0.891,207,2
2026-07-04 16:14:00,0.896,247,2
2026-07-04 16:20:00,0.844,224,2
2026-07-04 16:26:00,0.778,195,2
2026-07-04 16:32:00,0.8,220,2
2026-07-04 16:38:00,0.83,240,2
2026-07-04 16:44:00,0.841,206,2
2026-07-04 16:50:00,0.754,198,2
2026-07-04 16:56:00,0.805,218,2
2026-07-04 17:02:00,0.826,191,2
2026-07-04 17:08:00,0.81,220,2
2026-07-04 17:14:00,0.709,198,2
2026-07-04 17:20:00,0.764,226,2
2026-07-04 17:26:00,0.643,232,2
2026-07-04 17:32:00,0.536,205,2
2026-07-04 17:38:00,0.622,231,2
2026-07-04 17:44:00,0.57,193,2
2026-07-04 17:50:00,0.664,219,2
2026-07-04 17:56:00,0.574,180,2
2026-07-04 18:02:00,0.569,213,2
2026-07-04 18:08:00,0.525,181,2
2026-07-04 18:14:00,0.311,217,2
2026-07-04 18:20:00,0.4,232,2
2026-07-04 18:26:00,0.264,247,2
2026-07-04 18:32:00,0.238,180,2
2026-07-04 18:38:00,0.212,206,2
2026-07-04 18:44:00,0.132,239,2
2026-07-04 18:50:00,0.13,185,2
2026-07-04 18:56:00,0.083,219,2
2026-07-04 19:02:00,0.076,326,2
2026-07-04 19:08:00,0.085,222,2
2026-07-04 19:14:00,0.07,324,2
2026-07-04 19:20:00,0.066,336,2
2026-07-04 19:26:00,0.091,305,2
2026-07-04 19:32:00,0.182,39,2
2026-07-04 19:38:00,0.271,300,2
2026-07-04 19:44:00,0.309,23,2
2026-07-04 19:50:00,0.409,21,2
2026-07-04 19:56:00,0.452,15,2
2026-07-04 20:02:00,0.523,14,2
2026-07-04 20:08:00,0.668,7,2
2026-07-04 20:14:00,0.652,19,2
2026-07-04 20:20:00,0.631,2,2
2026-07-04 20:26:00,0.585,13,2
2026-07-04 20:32:00,0.635,10,2
2026-07-04 20:38:00,0.657,10,2
2026-07-04 20:44:00,0.673,347,2
2026-07-04 20:50:00,0.706,26,2
2026-07-04 20:56:00,0.663,349,2
2026-07-04 21:02:00,0.739,22,2
2026-07-04 21:08:00,0.798,29,2
2026-07-04 21:14:00,0.837,351,2
2026-07-04 21:20:00,0.79,12,2
2026-07-04 21:26:00,0.741,0,2
2026-07-04 21:32:00,0.745,351,2
2026-07-04 21:38:00,0.735,5,2
2026-07-04 21:44:00,0.705,7,2
2026-07-04 21:50:00,0.812,4,2
2026-07-04 21:56:00,0.772,1,2
2026-07-04 22:02:00,0.76,22,2
2026-07-04 22:08:00,0.694,10,2
2026-07-04 22:14:00,0.759,8,2
2026-07-04 22:20:00,0.638,23,2
2026-07-04 22:26:00,0.533,2,2
2026-07-04 22:32:00,0.477,359,2
2026-07-04 22:38:00,0.449,0,2
2026-07-04 22:44:00,0.492,0,2
2026-07-04 22:50:00,0.489,2,2
2026-07-04 22:56:00,0.326,356,2
2026-07-04 23:02:00,0.358,359,2
2026-07-04 23:08:00,0.318,344,2
2026-07-04 23:14:00,0.319,1,2
2026-07-04 23:20:00,0.36,4,2
2026-07-04 23:26:00,0.25,32,2
2026-07-04 23:32:00,0.239,359,2
2026-07-04 23:38:00,0.158,76,2
2026-07-04 23:44:00,0.116,1,2
2026-07-04 23:50:00,0.115,297,2
2026-07-04 23:56:00,0.103,262,2
2026-07-05 00:02:00,0.186,214,2
2026-07-05 00:08:00,0.224,294,2
2026-07-05 00:14:00,0.159,273,2
2026-07-05 00:20:00,0.125,235,2
2026-07-05 00:26:00,0.167,239,2
2026-07-05 00:32:00,0.09,181,2
2026-07-05 00:38:00,0.089,248,2
2026-07-05 00:44:00,0.166,246,2
2026-07-05 00:50:00,0.286,266,2
2026-07-05 00:56:00,0.323,228,2
2026-07-05 01:02:00,0.355,247,2
2026-07-05 01:08:00,0.312,218,2
2026-07-05 01:14:00,0.281,227,2
2026-07-05 01:20:00,0.337,247,2
2026-07-05 01:26:00,0.381,200,2
2026-07-05 01:32:00,0.538,243,2
2026-07-05 01:38:00,0.482,200,2
2026-07-05 01:44:00,0.461,200,2
2026-07-05 01:50:00,0.481,222,2
2026-07-05 01:56:00,0.611,207,2
2026-07-05 02:02:00,0.638,246,2
2026-07-05 02:08:00,0.679,220,2
2026-07-05 02:14:00,0.708,196,2
2026-07-05 02:20:00,0.725,223,2
2026-07-05 02:26:00,0.771,246,2
2026-07-05 02:32:00,0.737,213,2
2026-07-05 02:38:00,0.755,232,2
2026-07-05 02:44:00,0.71,222,2
2026-07-05 02:50:00,0.642,207,2
2026-07-05 02:56:00,0.719,206,2
2026-07-05 03:02:00,0.737,205,2
2026-07-05 03:08:00,0.745,214,2
2026-07-05 03:14:00,0.775,207,2
2026-07-05 03:20:00,0.843,224,2
2026-07-05 03:26:00,1.031,209,2
2026-07-05 03:32:00,1.01,243,2
2026-07-05 03:38:00,0.856,220,2
2026-07-05 03:44:00,0.853,217,2
2026-07-05 03:50:00,0.848,202,2
2026-07-05 03:56:00,0.895,233,2
2026-07-05 04:02:00,0.81,207,2
2026-07-05 04:08:00,0.708,244,2
2026-07-05 04:14:00,0.904,174,2
2026-07-05 04:20:00,0.906,217,2
2026-07-05 04:26:00,0.804,202,2
2026-07-05 04:32:00,0.776,216,2
2026-07-05 04:38:00,0.884,215,2
2026-07-05 04:44:00,0.676,218,2
2026-07-05 04:50:00,0.713,222,2
2026-07-05 04:56:00,0.658,220,2
2026-07-05 05:02:00,0.637,241,2
2026-07-05 05:08:00,0.487,202,2
2026-07-05 05:14:00,0.44,236,2
2026-07-05 05:20:00,0.374,195,2
2026-07-05 05:26:00,0.432,223,2
2026-07-05 05:32:00,0.377,206,2
2026-07-05 05:38:00,0.394,241,2
2026-07-05 05:44:00,0.455,221,2
2026-07-05 05:50:00,0.35,232,2
2026-07-05 05:56:00,0.346,215,2
2026-07-05 06:02:00,0.29,214,2
2026-07-05 06:08:00,0.277,209,2
2026-07-05 06:14:00,0.224,241,2
2026-07-05 06:20:00,0.269,286,2
2026-07-05 06:26:00,0.144,239,2
2026-07-05 06:32:00,0.203,246,2
2026-07-05 06:38:00,0.189,273,2
2026-07-05 06:44:00,0.193,289,2
2026-07-05 06:50:00,0.158,328,2
2026-07-05 06:56:00,0.125,329,2
2026-07-05 07:02:00,0.123,346,2
2026-07-05 07:08:00,0.279,337,2
2026-07-05 07:14:00,0.273,5,2
2026-07-05 07:20:00,0.247,33,2
2026-07-05 07:26:00,0.327,14,2
2026-07-05 07:32:00,0.339,11,2
2026-07-05 07:38:00,0.421,18,2
2026-07-05 07:44:00,0.38,26,2
2026-07-05 07:50:00,0.443,41,2
2026-07-05 07:56:00,0.41,15,2
2026-07-05 08:02:00,0.375,19,2
2026-07-05 08:08:00,0.532,16,2
2026-07-05 08:14:00,0.546,16,2
2026-07-05 08:20:00,0.674,14,2
2026-07-05 08:26:00,0.696,18,2
2026-07-05 08:32:00,0.642,23,2
2026-07-05 08:38:00,0.779,9,2
2026-07-05 08:44:00,0.754,28,2
2026-07-05 08:50:00,0.719,10,2
2026-07-05 08:56:00,0.715,2,2
2026-07-05 09:02:00,0.787,25,2
2026-07-05 09:08:00,0.795,21,2
2026-07-05 09:14:00,0.722,14,2
2026-07-05 09:20:00,0.624,11,2
2026-07-05 09:26:00,0.68,28,2
2026-07-05 09:32:00,0.665,31,2
2026-07-05 09:38:00,0.657,30,2
2026-07-05 09:44:00,0.774,356,2
2026-07-05 09:50:00,0.698,6,2
2026-07-05 09:56:00,0.747,22,2
2026-07-05 10:02:00,0.713,23,2
2026-07-05 10:08:00,0.705,27,2
2026-07-05 10:14:00,0.623,13,2
2026-07-05 10:20:00,0.679,20,2
2026-07-05 10:26:00,0.581,1,2
2026-07-05 10:32:00,0.603,25,2
2026-07-05 10:38:00,0.563,5,2
2026-07-05 10:44:00,0.516,38,2
2026-07-05 10:50:00,0.547,23,2
2026-07-05 10:56:00,0.497,39,2
2026-07-05 11:02:00,0.44,20,2
2026-07-05 11:08:00,0.311,17,2
2026-07-05 11:14:00,0.261,33,2
2026-07-05 11:20:00,0.105,343,2
2026-07-05 11:26:00,0.128,329,2
2026-07-05 11:32:00,0.039,45,2
2026-07-05 11:38:00,0.1,92,2
2026-07-05 11:44:00,0.039,87,2
2026-07-05 11:50:00,0.082,236,2
2026-07-05 11:56:00,0.208,232,2
2026-07-05 12:02:00,0.049,168,2
2026-07-05 12:08:00,0.337,243,2
2026-07-05 12:14:00,0.045,266,2
2026-07-05 12:20:00,0.229,232,2
2026-07-05 12:26:00,0.15,239,2
2026-07-05 12:32:00,0.216,177,2
2026-07-05 12:38:00,0.285,217,2
2026-07-05 12:44:00,0.322,235,2
2026-07-05 12:50:00,0.247,228,2
2026-07-05 12:56:00,0.431,216,2
2026-07-05 13:02:00,0.478,267,2
2026-07-05 13:08:00,0.467,239,2
2026-07-05 13:14:00,0.476,221,2
2026-07-05 13:20:00,0.55,225,2
2026-07-05 13:26:00,0.529,264,2
2026-07-05 13:32:00,0.438,179,2
2026-07-05 13:38:00,0.404,238,2
2026-07-05 13:44:00,0.528,239,2
2026-07-05 13:50:00,0.559,242,2
2026-07-05 13:56:00,0.492,214,2
2026-07-05 14:02:00,0.612,222,2
2026-07-05 14:08:00,0.624,238,2
2026-07-05 14:14:00,0.683,233,2
2026-07-05 14:20:00,0.706,239,2
2026-07-05 14:26:00,0.688,242,2
2026-07-05 14:32:00,0.611,243,2
2026-07-05 14:38:00,0.809,248,2
2026-07-05 14:44:00,0.763,246,2
2026-07-05 14:50:00,0.825,235,2
2026-07-05 14:56:00,0.791,250,2
2026-07-05 15:02:00,0.909,215,2
2026-07-05 15:08:00,0.997,220,2
2026-07-05 15:14:00,0.908,195,2
2026-07-05 15:20:00,0.974,209,2
2026-07-05 15:26:00,0.807,217,2
2026-07-05 15:32:00,0.718,244,2
2026-07-05 15:38:00,0.864,233,2
2026-07-05 15:44:00,0.781,239,2
2026-07-05 15:50:00,0.85,236,2
2026-07-05 15:56:00,0.804,252,2
2026-07-05 16:02:00,0.883,216,2
2026-07-05 16:08:00,0.9,214,2
2026-07-05 16:14:00,0.948,218,2
2026-07-05 16:20:00,0.855,239,2
2026-07-05 16:26:00,0.996,227,2
2026-07-05 16:32:00,0.98,235,2
2026-07-05 16:38:00,1.07,201,2
2026-07-05 16:44:00,1.067,222,2
2026-07-05 16:50:00,1.073,224,2
2026-07-05 16:56:00,1.023,207,2
2026-07-05 17:02:00,1.071,223,2
2026-07-05 17:08:00,0.969,201,2
2026-07-05 17:14:00,0.962,191,2
2026-07-05 17:20:00,0.955,234,2
2026-07-05 17:26:00,0.757,241,2
2026-07-05 17:32:00,0.97,207,2
2026-07-05 17:38:00,0.932,190,2
2026-07-05 17:44:00,0.826,197,2
2026-07-05 17:50:00,0.747,210,2
2026-07-05 17:56:00,0.773,175,2
2026-07-05 18:02:00,0.611,220,2
2026-07-05 18:08:00,0.673,197,2
2026-07-05 18:14:00,0.45,208,2
2026-07-05 18:20:00,0.46,236,2
2026-07-05 18:26:00,0.414,184,2
2026-07-05 18:32:00,0.449,219,2
2026-07-05 18:38:00,0.411,271,2
2026-07-05 18:44:00,0.385,250,2
2026-07-05 18:50:00,0.313,282,2
2026-07-05 18:56:00,0.227,237,2
2026-07-05 19:02:00,0.28,252,2
2026-07-05 19:08:00,0.232,277,2
2026-07-05 19:14:00,0.204,293,2
2026-07-05 19:20:00,0.212,283,2
2026-07-05 19:26:00,0.145,333,2
2026-07-05 19:32:00,0.175,341,2
2026-07-05 19:38:00,0.28,339,2
2026-07-05 19:44:00,0.212,321,2
2026-07-05 19:50:00,0.211,263,2
2026-07-05 19:56:00,0.374,331,2
2026-07-05 20:02:00,0.406,4,2
2026-07-05 20:08:00,0.389,1,2
2026-07-05 20:14:00,0.426,357,2
2026-07-05 20:20:00,0.368,354,2
2026-07-05 20:26:00,0.519,11,2
2026-07-05 20:32:00,0.524,6,2
2026-07-05 20:38:00,0.605,10,2
2026-07-05 20:44:00,0.691,359,2
2026-07-05 20:50:00,0.691,17,2
2026-07-05 20:56:00,0.699,17,2
2026-07-05 21:02:00,0.7,24,2
2026-07-05 21:08:00,0.762,12,2
2026-07-05 21:14:00,0.715,11,2
2026-07-05 21:20:00,0.771,15,2
2026-07-05 21:26:00,0.768,26,2
2026-07-05 21:32:00,0.785,14,2
2026-07-05 21:38:00,0.797,18,2
2026-07-05 21:44:00,0.869,32,2
2026-07-05 21:50:00,0.849,25,2
2026-07-05 21:56:00,0.915,18,2
2026-07-05 22:02:00,0.963,26,2
2026-07-05 22:08:00,0.915,25,2
2026-07-05 22:14:00,1.016,33,2
2026-07-05 22:20:00,0.97,36,2
2026-07-05 22:26:00,1.015,35,2
2026-07-05 22:32:00,0.885,27,2
2026-07-05 22:38:00,0.951,12,2
2026-07-05 22:44:00,0.925,17,2
2026-07-05 22:50:00,0.936,16,2
2026-07-05 22:56:00,0.888,20,2
2026-07-05 23:02:00,0.919,28,2
2026-07-05 23:08:00,0.912,35,2
2026-07-05 23:14:00,0.926,31,2
2026-07-05 23:20:00,0.85,30,2
2026-07-05 23:26:00,0.809,25,2
2026-07-05 23:32:00,0.829,16,2
2026-07-05 23:38:00,0.7,22,2
2026-07-05 23:44:00,0.71,49,2
2026-07-05 23:50:00,0.663,32,2
2026-07-05 23:56:00,0.646,36,2
2026-07-06 00:02:00,0.619,34,2
2026-07-06 00:08:00,0.474,23,2
2026-07-06 00:14:00,0.444,34,2
2026-07-06 00:20:00,0.371,2,2
2026-07-06 00:26:00,0.312,10,2
2026-07-06 00:32:00,0.194,65,2
2026-07-06 00:38:00,0.123,29,2
2026-07-06 00:44:00,0.145,109,2
2026-07-06 00:50:00,0.021,147,2
2026-07-06 00:56:00,0.127,262,2
2026-07-06 01:02:00,0.179,149,2
2026-07-06 01:08:00,0.136,227,2
2026-07-06 01:14:00,0.259,222,2
2026-07-06 01:20:00,0.267,211,2
2026-07-06 01:26:00,0.253,215,2
2026-07-06 01:32:00,0.2,203,2
2026-07-06 01:38:00,0.338,202,2
2026-07-06 01:44:00,0.443,216,2
2026-07-06 01:50:00,0.544,173,2
2026-07-06 01:56:00,0.609,238,2
2026-07-06 02:02:00,0.55,228,2
2026-07-06 02:08:00,0.521,203,2
2026-07-06 02:14:00,0.545,200,2
2026-07-06 02:20:00,0.605,214,2
2026-07-06 02:26:00,0.541,226,2
2026-07-06 02:32:00,0.617,244,2
2026-07-06 02:38:00,0.671,247,2
2026-07-06 02:44:00,0.606,232,2
2026-07-06 02:50:00,0.649,206,2
2026-07-06 02:56:00,0.635,233,2
2026-07-06 03:02:00,0.581,217,2
2026-07-06 03:08:00,0.658,232,2
2026-07-06 03:14:00,0.668,218,2
2026-07-06 03:20:00,0.748,245,2
2026-07-06 03:26:00,0.803,225,2
2026-07-06 03:32:00,0.833,219,2
2026-07-06 03:38:00,0.853,231,2
2026-07-06 03:44:00,0.743,218,2
2026-07-06 03:50:00,0.775,219,2
2026-07-06 03:56:00,0.682,237,2
2026-07-06 04:02:00,0.754,197,2
2026-07-06 04:08:00,0.738,210,2
2026-07-06 04:14:00,0.746,202,2
2026-07-06 04:20:00,0.75,221,2
2026-07-06 04:26:00,0.81,213,2
2026-07-06 04:32:00,0.928,189,2
2026-07-06 04:38:00,1.067,215,2
2026-07-06 04:44:00,1.026,210,2
2026-07-06 04:50:00,0.849,242,2
2026-07-06 04:56:00,0.775,239,2
2026-07-06 05:02:00,0.762,220,2
2026-07-06 05:08:00,0.823,218,2
2026-07-06 05:14:00,0.76,237,2
2026-07-06 05:20:00,0.725,209,2
2026-07-06 05:26:00,0.683,229,2
2026-07-06 05:32:00,0.735,213,2
2026-07-06 05:38:00,0.735,218,2
2026-07-06 05:44:00,0.646,229,2
2026-07-06 05:50:00,0.644,247,2
2026-07-06 05:56:00,0.602,234,2
2026-07-06 06:02:00,0.739,219,2
2026-07-06 06:08:00,0.609,244,2
2026-07-06 06:14:00,0.745,254,2
2026-07-06 06:20:00,0.546,224,2
2026-07-06 06:26:00,0.595,217,2
2026-07-06 06:32:00,0.589,238,2
2026-07-06 06:38:00,0.558,260,2
2026-07-06 06:44:00,0.394,238,2
2026-07-06 06:50:00,0.389,216,2
2026-07-06 06:56:00,0.494,210,2
2026-07-06 07:02:00,0.379,240,2
2026-07-06 07:08:00,0.361,232,2
2026-07-06 07:14:00,0.359,222,2
2026-07-06 07:20:00,0.289,220,2
2026-07-06 07:26:00,0.284,188,2
2026-07-06 07:32:00,0.246,254,2
2026-07-06 07:38:00,0.333,266,2
2026-07-06 07:44:00,0.249,217,2
2026-07-06 07:50:00,0.197,254,2
2026-07-06 07:56:00,0.21,305,2
2026-07-06 08:02:00,0.319,359,2
2026-07-06 08:08:00,0.238,324,2
2026-07-06 08:14:00,0.218,0,2
2026-07-06 08:20:00,0.211,7,2
2026-07-06 08:32:00,0.22,19,2
2026-07-06 08:38:00,0.178,9,2
2026-07-06 08:44:00,0.221,11,2
2026-07-06 08:50:00,0.174,19,2
2026-07-06 08:56:00,0.158,46,2
2026-07-06 09:02:00,0.14,55,2
2026-07-06 09:08:00,0.08,334,2
2026-07-06 09:14:00,0.461,79,2
2026-07-06 09:20:00,0.327,51,2
2026-07-06 09:26:00,0.347,57,2
2026-07-06 09:32:00,0.31,31,2
2026-07-06 09:38:00,0.348,43,2
2026-07-06 09:44:00,0.318,34,2
2026-07-06 09:50:00,0.292,45,2
2026-07-06 09:56:00,0.203,24,2
2026-07-06 10:02:00,0.199,7,2
2026-07-06 10:08:00,0.285,25,2
2026-07-06 10:14:00,0.239,348,2
2026-07-06 10:20:00,0.309,11,2
2026-07-06 10:26:00,0.347,50,2
2026-07-06 10:32:00,0.365,42,2
2026-07-06 10:38:00,0.312,51,2
2026-07-06 10:44:00,0.363,7,2
2026-07-06 10:50:00,0.281,7,2
2026-07-06 10:56:00,0.355,22,2
2026-07-06 11:02:00,0.316,32,2
2026-07-06 11:08:00,0.331,29,2
2026-07-06 11:14:00,0.296,35,2
2026-07-06 11:20:00,0.252,15,2
2026-07-06 11:26:00,0.199,29,2
2026-07-06 11:32:00,0.2,31,2
2026-07-06 11:38:00,0.214,359,2
2026-07-06 11:44:00,0.169,10,2
2026-07-06 11:50:00,0.123,29,2
2026-07-06 12:08:00,0.096,1,2
2026-07-06 12:20:00,0.199,28,2
2026-07-06 12:26:00,0.154,351,2
2026-07-06 12:32:00,0.161,270,2
2026-07-06 12:38:00,0.068,282,2
2026-07-06 12:44:00,0.14,151,2
2026-07-06 12:50:00,0.194,232,2
2026-07-06 12:56:00,0.184,283,2
2026-07-06 13:02:00,0.253,240,2
2026-07-06 13:08:00,0.295,238,2
2026-07-06 13:14:00,0.334,235,2
2026-07-06 13:20:00,0.261,236,2
2026-07-06 13:26:00,0.334,245,2
2026-07-06 13:32:00,0.382,236,2
2026-07-06 13:38:00,0.456,250,2
2026-07-06 13:44:00,0.437,235,2
2026-07-06 13:50:00,0.383,236,2
2026-07-06 13:56:00,0.486,234,2
2026-07-06 14:02:00,0.503,240,2
2026-07-06 14:08:00,0.529,238,2
2026-07-06 14:14:00,0.531,234,2
2026-07-06 14:20:00,0.486,225,2
2026-07-06 14:26:00,0.52,192,2
2026-07-06 14:32:00,0.742,198,2
2026-07-06 14:38:00,0.619,209,2
2026-07-06 14:44:00,0.787,207,2
2026-07-06 14:50:00,0.752,210,2
2026-07-06 14:56:00,0.811,214,2
2026-07-06 15:02:00,0.651,209,2
2026-07-06 15:08:00,0.759,219,2
2026-07-06 15:14:00,0.866,226,2
2026-07-06 15:20:00,0.9,245,2
2026-07-06 15:26:00,0.823,228,2
2026-07-06 15:32:00,0.927,210,2
2026-07-06 15:38:00,1.004,224,2
2026-07-06 15:44:00,1.064,215,2
2026-07-06 15:50:00,0.891,209,2
2026-07-06 15:56:00,1.246,206,2
2026-07-06 16:02:00,1.112,187,2
2026-07-06 16:08:00,1.132,224,2
2026-07-06 16:14:00,1.136,235,2
2026-07-06 16:20:00,1.024,239,2
2026-07-06 16:26:00,1.133,218,2
2026-07-06 16:32:00,1.222,215,2
2026-07-06 16:38:00,1.288,225,2
2026-07-06 16:44:00,1.317,226,2
2026-07-06 16:50:00,1.329,231,2
2026-07-06 16:56:00,1.264,222,2
2026-07-06 17:02:00,1.54,210,2
2026-07-06 17:08:00,1.351,211,2
2026-07-06 17:14:00,1.211,218,2
2026-07-06 17:20:00,1.212,214,2
2026-07-06 17:26:00,1.137,211,2
2026-07-06 17:32:00,1.169,216,2
2026-07-06 17:38:00,1.28,219,2
2026-07-06 17:44:00,1.357,201,2
2026-07-06 17:50:00,1.123,231,2
2026-07-06 17:56:00,1.134,212,2
2026-07-06 18:02:00,1.159,201,2
2026-07-06 18:08:00,1.102,226,2
2026-07-06 18:14:00,0.911,229,2
2026-07-06 18:20:00,0.893,207,2
2026-07-06 18:26:00,0.808,192,2
2026-07-06 18:32:00,0.95,213,2
2026-07-06 18:38:00,0.799,217,2
2026-07-06 18:44:00,0.802,212,2
2026-07-06 18:50:00,0.921,222,2
2026-07-06 18:56:00,0.902,227,2
2026-07-06 19:02:00,0.718,229,2
2026-07-06 19:08:00,0.523,246,2
2026-07-06 19:14:00,0.644,232,2
2026-07-06 19:20:00,0.539,236,2
2026-07-06 19:26:00,0.614,234,2
2026-07-06 19:32:00,0.48,235,2
2026-07-06 19:38:00,0.353,274,2
2026-07-06 19:44:00,0.29,278,2
2026-07-06 19:50:00,0.357,268,2
2026-07-06 19:56:00,0.168,315,2
2026-07-06 20:02:00,0.06,328,2
2026-07-06 20:08:00,0.121,282,2
2026-07-06 20:14:00,0.191,347,2
2026-07-06 20:20:00,0.197,340,2
2026-07-06 20:26:00,0.197,37,2
2026-07-06 20:32:00,0.127,9,2
2026-07-06 20:38:00,0.176,6,2
2026-07-06 20:44:00,0.339,39,2
2026-07-06 20:50:00,0.262,39,2
2026-07-06 20:56:00,0.355,52,2
2026-07-06 21:02:00,0.366,18,2
2026-07-06 21:08:00,0.401,37,2
2026-07-06 21:14:00,0.53,39,2
2026-07-06 21:20:00,0.491,40,2
2026-07-06 21:26:00,0.437,54,2
2026-07-06 21:32:00,0.559,57,2
2026-07-06 21:38:00,0.534,56,2
2026-07-06 21:44:00,0.582,39,2
2026-07-06 21:50:00,0.538,54,2
2026-07-06 21:56:00,0.583,29,2
2026-07-06 22:02:00,0.634,35,2
2026-07-06 22:08:00,0.614,26,2
2026-07-06 22:14:00,0.584,26,2
2026-07-06 22:20:00,0.601,39,2
2026-07-06 22:26:00,0.635,25,2
2026-07-06 22:32:00,0.716,27,2
2026-07-06 22:38:00,0.769,5,2
2026-07-06 22:44:00,0.751,5,2
2026-07-06 22:50:00,0.685,38,2
2026-07-06 22:56:00,0.638,9,2
2026-07-06 23:02:00,0.597,34,2
2026-07-06 23:08:00,0.537,24,2
2026-07-06 23:14:00,0.618,8,2
2026-07-06 23:20:00,0.535,26,2
2026-07-06 23:26:00,0.533,8,2
2026-07-06 23:32:00,0.571,31,2
2026-07-06 23:38:00,0.626,35,2
2026-07-06 23:44:00,0.518,13,2
2026-07-06 23:50:00,0.545,30,2
2026-07-06 23:56:00,0.474,28,2
2026-07-07 00:02:00,0.368,34,2
2026-07-07 00:08:00,0.384,5,2
2026-07-07 00:14:00,0.233,28,2
2026-07-07 00:20:00,0.222,36,2
2026-07-07 00:26:00,0.299,49,2
2026-07-07 00:32:00,0.235,54,2
2026-07-07 00:38:00,0.066,31,2
2026-07-07 00:44:00,0.191,24,2
2026-07-07 00:50:00,0.143,104,2
2026-07-07 00:56:00,0.101,40,2
2026-07-07 01:02:00,0.064,47,2
2026-07-07 01:08:00,0.085,234,2
2026-07-07 01:14:00,0.074,71,2
2026-07-07 01:20:00,0.015,282,2
2026-07-07 01:26:00,0.072,156,2
2026-07-07 01:32:00,0.113,129,2
2026-07-07 01:38:00,0.124,211,2
2026-07-07 01:44:00,0.115,174,2
2026-07-07 01:50:00,0.076,221,2
2026-07-07 01:56:00,0.051,168,2
2026-07-07 02:02:00,0.203,190,2
2026-07-07 02:08:00,0.215,269,2
2026-07-07 02:14:00,0.191,273,2
2026-07-07 02:20:00,0.276,231,2
2026-07-07 02:26:00,0.253,207,2
2026-07-07 02:32:00,0.348,231,2
2026-07-07 02:38:00,0.423,228,2
2026-07-07 02:44:00,0.426,229,2
2026-07-07 02:50:00,0.433,212,2
2026-07-07 02:56:00,0.316,215,2
2026-07-07 03:02:00,0.303,190,2
2026-07-07 03:08:00,0.317,235,2
2026-07-07 03:14:00,0.412,237,2
2026-07-07 03:20:00,0.478,250,2
2026-07-07 03:26:00,0.568,236,2
2026-07-07 03:32:00,0.615,216,2
2026-07-07 03:38:00,0.714,229,2
2026-07-07 03:44:00,0.633,216,2
2026-07-07 03:50:00,0.69,242,2
2026-07-07 03:56:00,0.837,237,2
2026-07-07 04:02:00,0.73,210,2
2026-07-07 04:08:00,0.656,222,2
2026-07-07 04:14:00,0.715,231,2
2026-07-07 04:20:00,0.709,233,2
2026-07-07 04:26:00,0.67,242,2
2026-07-07 04:32:00,0.739,233,2
2026-07-07 04:38:00,0.745,254,2
2026-07-07 04:44:00,0.784,237,2
2026-07-07 04:50:00,0.828,232,2
2026-07-07 04:56:00,0.742,209,2
2026-07-07 05:02:00,0.734,229,2
2026-07-07 05:08:00,0.828,239,2
2026-07-07 05:14:00,0.691,235,2
2026-07-07 05:20:00,0.885,229,2
2026-07-07 05:26:00,0.903,223,2
2026-07-07 05:32:00,0.93,227,2
2026-07-07 05:38:00,0.915,234,2
2026-07-07 05:44:00,0.814,228,2
2026-07-07 05:50:00,0.828,232,2
2026-07-07 05:56:00,0.638,243,2
2026-07-07 06:02:00,0.697,214,2
2026-07-07 06:08:00,0.806,224,2
2026-07-07 06:14:00,0.818,221,2
2026-07-07 06:20:00,0.902,237,2
2026-07-07 06:26:00,0.885,216,2
2026-07-07 06:32:00,0.909,225,2
2026-07-07 06:38:00,0.76,225,2
2026-07-07 06:44:00,0.858,216,2
2026-07-07 06:50:00,0.718,211,2
2026-07-07 06:56:00,0.846,244,2
2026-07-07 07:02:00,0.721,225,2
2026-07-07 07:08:00,0.706,225,2
2026-07-07 07:14:00,0.655,211,2
2026-07-07 07:20:00,0.614,220,2
2026-07-07 07:26:00,0.641,208,2
2026-07-07 07:32:00,0.594,247,2
2026-07-07 07:38:00,0.547,241,2
2026-07-07 07:44:00,0.441,263,2
2026-07-07 07:50:00,0.418,235,2
2026-07-07 07:56:00,0.345,247,2
2026-07-07 08:02:00,0.371,270,2
2026-07-07 08:08:00,0.353,215,2
2026-07-07 08:14:00,0.388,240,2
2026-07-07 08:20:00,0.268,242,2
2026-07-07 08:26:00,0.258,278,2
2026-07-07 08:32:00,0.287,253,2
2026-07-07 08:38:00,0.272,294,2
2026-07-07 08:44:00,0.21,288,2
2026-07-07 08:50:00,0.143,342,2
2026-07-07 08:56:00,0.144,331,2
2026-07-07 09:02:00,0.193,317,2
2026-07-07 09:08:00,0.211,314,2
2026-07-07 09:14:00,0.297,16,2
2026-07-07 09:20:00,0.231,14,2
2026-07-07 09:26:00,0.281,343,2
2026-07-07 09:32:00,0.383,16,2
2026-07-07 09:38:00,0.282,7,2
2026-07-07 09:44:00,0.281,29,2
2026-07-07 09:50:00,0.37,31,2
2026-07-07 09:56:00,0.265,17,2
2026-07-07 10:02:00,0.418,22,2
2026-07-07 10:08:00,0.151,106,2
2026-07-07 10:14:00,0.315,31,2
2026-07-07 10:20:00,0.386,24,2
2026-07-07 10:26:00,0.27,348,2
2026-07-07 10:32:00,0.418,33,2
2026-07-07 10:38:00,0.41,33,2
2026-07-07 10:44:00,0.462,43,2
2026-07-07 10:50:00,0.305,49,2
2026-07-07 10:56:00,0.418,29,2
2026-07-07 11:02:00,0.394,48,2
2026-07-07 11:08:00,0.321,17,2
2026-07-07 11:14:00,0.355,55,2
2026-07-07 11:20:00,0.308,49,2
2026-07-07 11:26:00,0.424,48,2
2026-07-07 11:32:00,0.39,51,2
2026-07-07 11:38:00,0.389,42,2
2026-07-07 11:44:00,0.4,29,2
2026-07-07 11:50:00,0.393,23,2
2026-07-07 11:56:00,0.426,20,2
2026-07-07 12:14:00,0.362,66,2
2026-07-07 12:20:00,0.319,34,2
2026-07-07 12:26:00,0.207,85,2
2026-07-07 12:32:00,0.243,277,2
2026-07-07 12:38:00,0.296,5,2
2026-07-07 12:44:00,0.18,72,2
2026-07-07 12:50:00,0.109,0,2
2026-07-07 12:56:00,0.217,36,2
2026-07-07 13:02:00,0.072,42,2
2026-07-07 13:08:00,0.113,38,2
2026-07-07 13:14:00,0.062,40,2
2026-07-07 13:20:00,0.159,336,2
2026-07-07 13:26:00,0.19,64,2
2026-07-07 13:32:00,0.14,51,2
2026-07-07 13:38:00,0.17,95,2
2026-07-07 13:44:00,0.048,157,2
2026-07-07 13:50:00,0.113,121,2
2026-07-07 13:56:00,0.033,168,2
2026-07-07 14:02:00,0.186,174,2
2026-07-07 14:08:00,0.243,219,2
2026-07-07 14:14:00,0.33,231,2
2026-07-07 14:20:00,0.407,266,2
2026-07-07 14:26:00,0.403,194,2
2026-07-07 14:32:00,0.44,252,2
2026-07-07 14:38:00,0.416,235,2
2026-07-07 14:44:00,0.377,182,2
2026-07-07 14:50:00,0.363,193,2
2026-07-07 14:56:00,0.483,219,2
2026-07-07 15:02:00,0.488,256,2
2026-07-07 15:08:00,0.532,220,2
2026-07-07 15:14:00,0.589,259,2
2026-07-07 15:20:00,0.587,245,2
2026-07-07 15:26:00,0.571,212,2
2026-07-07 15:32:00,0.645,226,2
2026-07-07 15:38:00,0.619,230,2
2026-07-07 15:44:00,0.556,217,2
2026-07-07 15:50:00,0.694,210,2
2026-07-07 15:56:00,0.727,228,2
2026-07-07 16:02:00,0.762,199,2
2026-07-07 16:08:00,0.784,198,2
2026-07-07 16:14:00,0.826,212,2
2026-07-07 16:20:00,0.898,231,2
2026-07-07 16:26:00,0.79,195,2
2026-07-07 16:32:00,0.776,217,2
2026-07-07 16:38:00,0.747,223,2
2026-07-07 16:44:00,0.799,221,2
2026-07-07 16:50:00,0.864,215,2
2026-07-07 16:56:00,0.846,223,2
2026-07-07 17:02:00,0.747,238,2
2026-07-07 17:08:00,0.771,218,2
2026-07-07 17:14:00,0.741,219,2
2026-07-07 17:20:00,0.876,217,2
2026-07-07 17:26:00,0.828,206,2
2026-07-07 17:32:00,0.85,215,2
2026-07-07 17:38:00,0.888,211,2
2026-07-07 17:44:00,0.775,221,2
2026-07-07 17:50:00,0.8,219,2
2026-07-07 17:56:00,0.844,218,2
2026-07-07 18:02:00,0.748,212,2
2026-07-07 18:08:00,0.753,234,2
2026-07-07 18:14:00,0.758,219,2
2026-07-07 18:20:00,0.713,228,2
2026-07-07 18:26:00,0.806,228,2
2026-07-07 18:32:00,0.912,240,2
2026-07-07 18:38:00,0.688,230,2
2026-07-07 18:44:00,0.612,205,2
2026-07-07 18:50:00,0.659,237,2
2026-07-07 18:56:00,0.572,234,2
2026-07-07 19:02:00,0.594,226,2
2026-07-07 19:08:00,0.639,229,2
2026-07-07 19:14:00,0.475,240,2
2026-07-07 19:20:00,0.458,252,2
2026-07-07 19:26:00,0.426,236,2
2026-07-07 19:32:00,0.322,263,2
2026-07-07 19:38:00,0.347,237,2
2026-07-07 19:44:00,0.254,247,2
2026-07-07 19:50:00,0.238,247,2
2026-07-07 19:56:00,0.179,303,2
2026-07-07 20:02:00,0.228,320,2
2026-07-07 20:08:00,0.079,331,2
2026-07-07 20:14:00,0.025,191,2
2026-07-07 20:20:00,0.119,289,2
2026-07-07 20:26:00,0.112,19,2
2026-07-07 20:32:00,0.264,21,2
2026-07-07 20:38:00,0.322,50,2
2026-07-07 20:44:00,0.267,27,2
2026-07-07 20:50:00,0.314,13,2
2026-07-07 20:56:00,0.401,38,2
2026-07-07 21:02:00,0.383,26,2
2026-07-07 21:08:00,0.489,43,2
2026-07-07 21:14:00,0.533,7,2
2026-07-07 21:20:00,0.527,41,2
2026-07-07 21:26:00,0.538,30,2
2026-07-07 21:32:00,0.612,35,2
2026-07-07 21:38:00,0.654,21,2
2026-07-07 21:44:00,0.751,18,2
2026-07-07 21:50:00,0.724,36,2
2026-07-07 21:56:00,0.79,31,2
2026-07-07 22:02:00,0.785,32,2
2026-07-07 22:08:00,0.782,26,2
2026-07-07 22:14:00,0.841,33,2
2026-07-07 22:20:00,0.802,41,2
2026-07-07 22:26:00,0.801,36,2
2026-07-07 22:32:00,0.785,43,2
2026-07-07 22:38:00,0.752,31,2
2026-07-07 22:44:00,0.75,40,2
2026-07-07 22:50:00,0.809,36,2
2026-07-07 22:56:00,0.823,19,2
2026-07-07 23:02:00,0.788,38,2
2026-07-07 23:08:00,0.862,33,2
2026-07-07 23:14:00,0.927,13,2
2026-07-07 23:20:00,0.908,31,2
2026-07-07 23:26:00,0.843,28,2
2026-07-07 23:32:00,0.808,24,2
2026-07-07 23:38:00,0.872,20,2
2026-07-07 23:44:00,0.779,12,2
2026-07-07 23:50:00,0.815,22,2
2026-07-07 23:56:00,0.817,17,2
2026-07-08 00:02:00,0.846,25,2
2026-07-08 00:08:00,0.851,26,2
2026-07-08 00:14:00,0.775,23,2
2026-07-08 00:20:00,0.848,31,2
2026-07-08 00:26:00,0.804,31,2
2026-07-08 00:32:00,0.764,44,2
2026-07-08 00:38:00,0.724,16,2
2026-07-08 00:44:00,0.737,37,2
2026-07-08 00:50:00,0.703,26,2
2026-07-08 00:56:00,0.749,14,2
2026-07-08 01:02:00,0.656,43,2
2026-07-08 01:08:00,0.637,50,2
2026-07-08 01:14:00,0.604,37,2
2026-07-08 01:20:00,0.663,33,2
2026-07-08 01:26:00,0.645,39,2
2026-07-08 01:32:00,0.472,357,2
2026-07-08 01:38:00,0.449,15,2
2026-07-08 01:44:00,0.347,29,2
2026-07-08 01:50:00,0.297,25,2
2026-07-08 01:56:00,0.283,29,2
2026-07-08 02:02:00,0.288,24,2
2026-07-08 02:08:00,0.212,37,2
2026-07-08 02:14:00,0.087,357,2
2026-07-08 02:20:00,0.066,121,2
2026-07-08 02:26:00,0.123,327,2
2026-07-08 02:32:00,0.124,348,2
2026-07-08 02:38:00,0.135,199,2
2026-07-08 02:44:00,0.01,258,2
2026-07-08 02:50:00,0.081,103,2
2026-07-08 02:56:00,0.053,160,2
2026-07-08 03:02:00,0.068,345,2
2026-07-08 03:08:00,0.074,71,2
2026-07-08 03:14:00,0.066,50,2
2026-07-08 03:20:00,0.211,178,2
2026-07-08 03:26:00,0.179,146,2
2026-07-08 03:32:00,0.077,247,2
2026-07-08 03:38:00,0.153,217,2
2026-07-08 03:44:00,0.206,286,2
2026-07-08 03:50:00,0.194,207,2
2026-07-08 03:56:00,0.157,168,2
2026-07-08 04:02:00,0.092,267,2
2026-07-08 04:08:00,0.298,226,2
2026-07-08 04:14:00,0.29,224,2
2026-07-08 04:20:00,0.29,203,2
2026-07-08 04:26:00,0.478,232,2
2026-07-08 04:32:00,0.485,217,2
2026-07-08 04:38:00,0.43,255,2
2026-07-08 04:44:00,0.463,209,2
2026-07-08 04:50:00,0.611,222,2
2026-07-08 04:56:00,0.672,229,2
2026-07-08 05:02:00,0.568,216,2
2026-07-08 05:08:00,0.548,207,2
2026-07-08 05:14:00,0.588,218,2
2026-07-08 05:20:00,0.64,206,2
2026-07-08 05:26:00,0.63,206,2
2026-07-08 05:32:00,0.558,233,2
2026-07-08 05:38:00,0.633,207,2
2026-07-08 05:44:00,0.744,222,2
2026-07-08 05:50:00,0.623,218,2
2026-07-08 05:56:00,0.551,251,2
2026-07-08 06:02:00,0.621,234,2
2026-07-08 06:08:00,0.528,215,2
2026-07-08 06:14:00,0.445,228,2
2026-07-08 06:20:00,0.476,231,2
2026-07-08 06:26:00,0.485,239,2
2026-07-08 06:32:00,0.506,229,2
2026-07-08 06:38:00,0.512,237,2
2026-07-08 06:44:00,0.542,207,2
2026-07-08 06:50:00,0.778,214,2
2026-07-08 06:56:00,0.8,210,2
2026-07-08 07:02:00,0.816,193,2
2026-07-08 07:08:00,0.711,207,2
2026-07-08 07:14:00,0.708,210,2
2026-07-08 07:20:00,0.564,232,2
2026-07-08 07:26:00,0.515,223,2
2026-07-08 07:32:00,0.509,209,2
2026-07-08 07:38:00,0.508,228,2
2026-07-08 07:44:00,0.654,212,2
2026-07-08 07:50:00,0.606,214,2
2026-07-08 07:56:00,0.73,220,2
2026-07-08 08:02:00,0.755,233,2
2026-07-08 08:08:00,0.656,225,2
2026-07-08 08:14:00,0.877,214,2
2026-07-08 08:20:00,0.698,213,2
2026-07-08 08:26:00,0.768,221,2
2026-07-08 08:32:00,0.602,229,2
2026-07-08 08:38:00,0.572,225,2
2026-07-08 08:44:00,0.592,238,2
2026-07-08 08:50:00,0.49,240,2
2026-07-08 08:56:00,0.543,218,2
2026-07-08 09:02:00,0.577,237,2
2026-07-08 09:08:00,0.441,223,2
2026-07-08 09:14:00,0.426,225,2
2026-07-08 09:20:00,0.309,240,2
2026-07-08 09:26:00,0.366,218,2
2026-07-08 09:32:00,0.307,213,2
2026-07-08 09:38:00,0.284,230,2
2026-07-08 09:44:00,0.261,260,2
2026-07-08 09:50:00,0.208,255,2
2026-07-08 09:56:00,0.269,273,2
2026-07-08 10:02:00,0.079,289,2
2026-07-08 10:08:00,0.116,183,2
2026-07-08 10:14:00,0.092,330,2
2026-07-08 10:20:00,0.062,103,2
2026-07-08 10:26:00,0.025,316,2
2026-07-08 10:32:00,0.08,322,2
2026-07-08 10:38:00,0.216,348,2
2026-07-08 10:44:00,0.349,341,2
2026-07-08 10:50:00,0.328,338,2
2026-07-08 10:56:00,0.269,316,2
2026-07-08 11:02:00,0.256,355,2
2026-07-08 11:08:00,0.228,28,2
2026-07-08 11:14:00,0.229,342,2
2026-07-08 11:20:00,0.201,325,2
2026-07-08 11:26:00,0.151,37,2
2026-07-08 11:32:00,0.184,24,2
2026-07-08 11:38:00,0.234,357,2
2026-07-08 11:50:00,0.227,42,2
2026-07-08 12:02:00,0.328,53,2
2026-07-08 12:08:00,0.278,65,2
2026-07-08 12:14:00,0.178,42,2
2026-07-08 12:20:00,0.264,10,2
2026-07-08 12:26:00,0.212,347,2
2026-07-08 12:32:00,0.315,30,2
2026-07-08 12:38:00,0.273,13,2
2026-07-08 12:44:00,0.27,272,2
2026-07-08 12:50:00,0.125,109,2
2026-07-08 12:56:00,0.087,333,2
2026-07-08 13:02:00,0.228,82,2
2026-07-08 13:08:00,0.064,347,2
2026-07-08 13:14:00,0.135,85,2
2026-07-08 13:20:00,0.229,8,2
2026-07-08 13:26:00,0.093,8,2
2026-07-08 13:32:00,0.139,56,2
2026-07-08 13:38:00,0.106,327,2
2026-07-08 13:44:00,0.061,216,2
2026-07-08 13:50:00,0.097,243,2
2026-07-08 13:56:00,0.159,181,2
2026-07-08 14:02:00,0.26,145,2
2026-07-08 14:08:00,0.087,152,2
2026-07-08 14:14:00,0.238,266,2
2026-07-08 14:20:00,0.191,270,2
2026-07-08 14:26:00,0.398,243,2
2026-07-08 14:32:00,0.216,231,2
2026-07-08 14:38:00,0.214,233,2
2026-07-08 14:44:00,0.312,225,2
2026-07-08 14:50:00,0.312,267,2
2026-07-08 14:56:00,0.334,223,2
2026-07-08 15:02:00,0.32,230,2
2026-07-08 15:08:00,0.382,236,2
2026-07-08 15:14:00,0.362,259,2
2026-07-08 15:20:00,0.422,197,2
2026-07-08 15:26:00,0.468,207,2
2026-07-08 15:32:00,0.47,208,2
2026-07-08 15:38:00,0.402,258,2
2026-07-08 15:44:00,0.475,197,2
2026-07-08 15:50:00,0.458,250,2
2026-07-08 15:56:00,0.443,258,2
2026-07-08 16:02:00,0.472,238,2
2026-07-08 16:08:00,0.432,217,2
2026-07-08 16:14:00,0.546,214,2
2026-07-08 16:20:00,0.602,226,2
2026-07-08 16:26:00,0.586,212,2
2026-07-08 16:32:00,0.51,204,2
2026-07-08 16:38:00,0.636,204,2
2026-07-08 16:44:00,0.58,245,2
2026-07-08 16:50:00,0.72,232,2
2026-07-08 16:56:00,0.675,231,2
2026-07-08 17:02:00,0.869,207,2
2026-07-08 17:08:00,0.877,228,2
2026-07-08 17:14:00,0.795,201,2
2026-07-08 17:20:00,0.715,189,2
2026-07-08 17:26:00,0.748,209,2
2026-07-08 17:32:00,0.804,214,2
2026-07-08 17:38:00,0.776,203,2
2026-07-08 17:44:00,0.718,227,2
2026-07-08 17:50:00,0.654,219,2
2026-07-08 17:56:00,0.709,199,2
2026-07-08 18:02:00,0.734,231,2
2026-07-08 18:08:00,0.918,231,2
2026-07-08 18:14:00,0.79,214,2
2026-07-08 18:20:00,0.772,222,2
2026-07-08 18:26:00,0.867,220,2
2026-07-08 18:32:00,0.846,216,2
2026-07-08 18:38:00,0.744,219,2
2026-07-08 18:44:00,0.728,201,2
2026-07-08 18:50:00,0.57,220,2
2026-07-08 18:56:00,0.626,234,2
2026-07-08 19:02:00,0.592,199,2
2026-07-08 19:08:00,0.755,227,2
2026-07-08 19:14:00,0.663,237,2
2026-07-08 19:20:00,0.523,185,2
2026-07-08 19:26:00,0.697,231,2
2026-07-08 19:32:00,0.594,228,2
2026-07-08 19:38:00,0.533,214,2
2026-07-08 19:44:00,0.62,226,2
2026-07-08 19:50:00,0.562,199,2
2026-07-08 19:56:00,0.603,193,2
2026-07-08 20:02:00,0.472,235,2
2026-07-08 20:08:00,0.547,241,2
2026-07-08 20:14:00,0.436,188,2
2026-07-08 20:20:00,0.407,235,2
2026-07-08 20:26:00,0.426,244,2
2026-07-08 20:32:00,0.29,229,2
2026-07-08 20:38:00,0.342,253,2
2026-07-08 20:44:00,0.288,268,2
2026-07-08 20:50:00,0.221,235,2
2026-07-08 20:56:00,0.191,263,2
2026-07-08 21:02:00,0.177,271,2
2026-07-08 21:08:00,0.079,337,2
2026-07-08 21:14:00,0.195,343,2
2026-07-08 21:20:00,0.182,314,2
2026-07-08 21:26:00,0.288,351,2
2026-07-08 21:32:00,0.118,56,2
2026-07-08 21:38:00,0.212,16,2
2026-07-08 21:44:00,0.261,17,2
2026-07-08 21:50:00,0.4,16,2
2026-07-08 21:56:00,0.453,20,2
2026-07-08 22:02:00,0.523,20,2
2026-07-08 22:08:00,0.47,17,2
2026-07-08 22:14:00,0.61,21,2
2026-07-08 22:20:00,0.557,23,2
2026-07-08 22:26:00,0.644,31,2
2026-07-08 22:32:00,0.655,25,2
2026-07-08 22:38:00,0.674,18,2
2026-07-08 22:44:00,0.746,24,2
2026-07-08 22:50:00,0.69,16,2
2026-07-08 22:56:00,0.703,21,2
2026-07-08 23:02:00,0.709,28,2
2026-07-08 23:08:00,0.748,26,2
2026-07-08 23:14:00,0.808,28,2
2026-07-08 23:20:00,0.861,20,2
2026-07-08 23:26:00,0.891,26,2
2026-07-08 23:32:00,0.919,12,2
2026-07-08 23:38:00,0.978,13,2
2026-07-08 23:44:00,0.92,20,2
2026-07-08 23:50:00,0.934,15,2
2026-07-08 23:56:00,1.07,20,2
2026-07-09 00:02:00,0.968,24,2
2026-07-09 00:08:00,1.061,25,2
2026-07-09 00:14:00,1.001,28,2
2026-07-09 00:20:00,1.02,21,2
2026-07-09 00:26:00,1.02,19,2
2026-07-09 00:32:00,1.041,17,2
2026-07-09 00:38:00,1.052,19,2
2026-07-09 00:44:00,0.98,15,2
2026-07-09 00:50:00,0.962,20,2
2026-07-09 00:56:00,0.971,19,2
2026-07-09 01:02:00,0.899,6,2
2026-07-09 01:08:00,0.929,19,2
2026-07-09 01:14:00,0.851,10,2
2026-07-09 01:20:00,0.855,16,2
2026-07-09 01:26:00,0.912,13,2
2026-07-09 01:32:00,0.819,24,2
2026-07-09 01:38:00,0.799,32,2
2026-07-09 01:44:00,0.797,6,2
2026-07-09 01:50:00,0.653,24,2
2026-07-09 01:56:00,0.756,14,2
2026-07-09 02:02:00,0.634,13,2
2026-07-09 02:08:00,0.674,10,2
2026-07-09 02:14:00,0.656,15,2
2026-07-09 02:20:00,0.511,2,2
2026-07-09 02:26:00,0.512,5,2
2026-07-09 02:32:00,0.496,10,2
2026-07-09 02:38:00,0.442,13,2
2026-07-09 02:44:00,0.449,15,2
2026-07-09 02:50:00,0.346,350,2
2026-07-09 02:56:00,0.238,10,2
2026-07-09 03:02:00,0.203,14,2
2026-07-09 03:08:00,0.167,4,2
2026-07-09 03:14:00,0.152,5,2
2026-07-09 03:20:00,0.123,341,2
2026-07-09 03:26:00,0.105,300,2
2026-07-09 03:32:00,0.01,100,2
2026-07-09 03:38:00,0.13,276,2
2026-07-09 03:44:00,0.148,155,2
2026-07-09 03:50:00,0.054,246,2
2026-07-09 03:56:00,0.099,209,2
2026-07-09 04:02:00,0.08,284,2
2026-07-09 04:08:00,0.06,323,2
2026-07-09 04:14:00,0.105,227,2
2026-07-09 04:20:00,0.095,247,2
2026-07-09 04:26:00,0.175,291,2
2026-07-09 04:32:00,0.195,235,2
2026-07-09 04:38:00,0.19,296,2
2026-07-09 04:44:00,0.184,251,2
2026-07-09 04:50:00,0.219,175,2
2026-07-09 04:56:00,0.205,206,2
2026-07-09 05:02:00,0.297,215,2
2026-07-09 05:08:00,0.323,293,2
2026-07-09 05:14:00,0.435,281,2
2026-07-09 05:20:00,0.536,244,2
2026-07-09 05:26:00,0.464,262,2
2026-07-09 05:32:00,0.44,264,2
2026-07-09 05:38:00,0.465,244,2
2026-07-09 05:44:00,0.498,258,2
2026-07-09 05:50:00,0.486,241,2
2026-07-09 05:56:00,0.357,228,2
2026-07-09 06:02:00,0.373,254,2
2026-07-09 06:08:00,0.464,223,2
2026-07-09 06:14:00,0.521,254,2
2026-07-09 06:20:00,0.501,230,2
2026-07-09 06:26:00,0.473,244,2
2026-07-09 06:32:00,0.422,237,2
2026-07-09 06:38:00,0.394,249,2
2026-07-09 06:44:00,0.393,207,2
2026-07-09 06:50:00,0.489,210,2
2026-07-09 06:56:00,0.47,241,2
2026-07-09 07:02:00,0.4,223,2
2026-07-09 07:08:00,0.354,235,2
2026-07-09 07:14:00,0.382,233,2
2026-07-09 07:20:00,0.467,239,2
2026-07-09 07:26:00,0.544,227,2
2026-07-09 07:32:00,0.5,256,2
2026-07-09 07:38:00,0.542,233,2
2026-07-09 07:44:00,0.636,213,2
2026-07-09 07:50:00,0.652,166,2
2026-07-09 07:56:00,0.639,233,2
2026-07-09 08:02:00,0.542,198,2
2026-07-09 08:08:00,0.602,219,2
2026-07-09 08:14:00,0.462,218,2
2026-07-09 08:20:00,0.554,214,2
2026-07-09 08:26:00,0.561,226,2
2026-07-09 08:32:00,0.548,238,2
2026-07-09 08:38:00,0.585,222,2
2026-07-09 08:44:00,0.561,237,2
2026-07-09 08:50:00,0.47,217,2
2026-07-09 08:56:00,0.535,153,2
2026-07-09 09:02:00,0.408,219,2
2026-07-09 09:08:00,0.457,245,2
2026-07-09 09:14:00,0.382,229,2
2026-07-09 09:20:00,0.435,234,2
2026-07-09 09:26:00,0.378,205,2
2026-07-09 09:32:00,0.356,238,2
2026-07-09 09:38:00,0.279,250,2
2026-07-09 09:44:00,0.217,235,2
2026-07-09 09:50:00,0.176,235,2
2026-07-09 09:56:00,0.071,159,2
2026-07-09 10:02:00,0.06,238,2
2026-07-09 10:08:00,0.069,136,2
2026-07-09 10:14:00,0.017,328,2
2026-07-09 10:20:00,0.019,348,2
2026-07-09 10:26:00,0.106,267,2
2026-07-09 10:32:00,0.068,28,2
2026-07-09 10:38:00,0.073,50,2
2026-07-09 10:44:00,0.069,327,2
2026-07-09 10:50:00,0.132,21,2
2026-07-09 10:56:00,0.216,32,2
2026-07-09 11:02:00,0.135,52,2
2026-07-09 11:08:00,0.238,27,2
2026-07-09 11:14:00,0.464,31,2
2026-07-09 11:20:00,0.291,51,2
2026-07-09 11:26:00,0.172,33,2
2026-07-09 11:32:00,0.13,332,2
2026-07-09 11:38:00,0.297,1,2
2026-07-09 11:44:00,0.289,340,2
2026-07-09 11:50:00,0.326,28,2
2026-07-09 11:56:00,0.245,16,2
2026-07-09 12:02:00,0.304,20,2
2026-07-09 12:08:00,0.196,23,2
2026-07-09 12:14:00,0.451,28,2
2026-07-09 12:20:00,0.375,22,2
2026-07-09 12:26:00,0.488,17,2
2026-07-09 12:32:00,0.375,32,2
2026-07-09 12:38:00,0.414,35,2
2026-07-09 12:44:00,0.342,14,2
2026-07-09 12:50:00,0.449,30,2
2026-07-09 12:56:00,0.501,55,2
2026-07-09 13:02:00,0.432,41,2
2026-07-09 13:08:00,0.51,57,2
2026-07-09 13:14:00,0.438,29,2
2026-07-09 13:20:00,0.41,48,2
2026-07-09 13:26:00,0.459,19,2
2026-07-09 13:32:00,0.327,42,2
2026-07-09 13:38:00,0.304,20,2
2026-07-09 13:44:00,0.336,24,2
2026-07-09 13:50:00,0.279,27,2
2026-07-09 13:56:00,0.279,54,2
2026-07-09 14:02:00,0.319,9,2
2026-07-09 14:08:00,0.302,65,2
2026-07-09 14:14:00,0.294,50,2
2026-07-09 14:20:00,0.305,49,2
2026-07-09 14:26:00,0.256,49,2
2026-07-09 14:32:00,0.271,26,2
2026-07-09 14:38:00,0.344,7,2
2026-07-09 14:44:00,0.394,34,2
2026-07-09 14:50:00,0.211,28,2
2026-07-09 14:56:00,0.112,27,2
2026-07-09 15:02:00,0.315,19,2
2026-07-09 15:08:00,0.255,348,2
2026-07-09 15:14:00,0.058,65,2
2026-07-09 15:20:00,0.101,329,2
2026-07-09 15:26:00,0.036,308,2
2026-07-09 15:32:00,0.109,300,2
2026-07-09 15:38:00,0.038,228,2
2026-07-09 15:44:00,0.057,242,2
2026-07-09 15:50:00,0.049,252,2
2026-07-09 15:56:00,0.008,303,2
2026-07-09 16:02:00,0.081,243,2
2026-07-09 16:08:00,0.135,215,2
2026-07-09 16:14:00,0.222,256,2
2026-07-09 16:20:00,0.168,236,2
2026-07-09 16:26:00,0.173,241,2
2026-07-09 16:32:00,0.145,279,2
2026-07-09 16:38:00,0.161,237,2
2026-07-09 16:44:00,0.213,211,2
2026-07-09 16:50:00,0.212,202,2
2026-07-09 16:56:00,0.187,236,2
2026-07-09 17:02:00,0.228,272,2
2026-07-09 17:08:00,0.297,270,2
2026-07-09 17:14:00,0.305,208,2
2026-07-09 17:20:00,0.248,249,2
2026-07-09 17:26:00,0.22,275,2
2026-07-09 17:32:00,0.371,225,2
2026-07-09 17:38:00,0.395,172,2
2026-07-09 17:44:00,0.377,168,2
2026-07-09 17:50:00,0.453,184,2
2026-07-09 17:56:00,0.435,240,2
2026-07-09 18:02:00,0.538,197,2
2026-07-09 18:08:00,0.575,169,2
2026-07-09 18:14:00,0.594,214,2
2026-07-09 18:20:00,0.46,175,2
2026-07-09 18:26:00,0.494,188,2
2026-07-09 18:32:00,0.625,216,2
2026-07-09 18:38:00,0.68,185,2
2026-07-09 18:44:00,0.665,231,2
2026-07-09 18:50:00,0.721,178,2
2026-07-09 18:56:00,0.96,201,2
2026-07-09 19:02:00,1.054,204,2
2026-07-09 19:08:00,0.984,206,2
2026-07-09 19:14:00,0.923,218,2
2026-07-09 19:20:00,0.839,235,2
2026-07-09 19:26:00,1.054,212,2
2026-07-09 19:32:00,0.808,201,2
2026-07-09 19:38:00,0.767,207,2
2026-07-09 19:44:00,0.67,222,2
2026-07-09 19:50:00,0.651,199,2
2026-07-09 19:56:00,0.631,190,2
2026-07-09 20:02:00,0.684,195,2
2026-07-09 20:08:00,0.754,204,2
2026-07-09 20:14:00,0.735,213,2
2026-07-09 20:20:00,0.558,213,2
2026-07-09 20:26:00,0.711,230,2
2026-07-09 20:32:00,0.566,208,2
2026-07-09 20:38:00,0.696,240,2
2026-07-09 20:44:00,0.559,232,2
2026-07-09 20:50:00,0.621,229,2
2026-07-09 20:56:00,0.518,241,2
2026-07-09 21:02:00,0.456,241,2
2026-07-09 21:08:00,0.441,215,2
2026-07-09 21:14:00,0.474,246,2
2026-07-09 21:20:00,0.44,239,2
2026-07-09 21:26:00,0.398,247,2
2026-07-09 21:32:00,0.31,231,2
2026-07-09 21:38:00,0.209,243,2
2026-07-09 21:44:00,0.074,209,2
2026-07-09 21:50:00,0.19,104,2
2026-07-09 21:56:00,0.243,327,2
2026-07-09 22:02:00,0.293,335,2
2026-07-09 22:08:00,0.3,338,2
2026-07-09 22:14:00,0.368,6,2
2026-07-09 22:20:00,0.371,4,2
2026-07-09 22:26:00,0.363,354,2
2026-07-09 22:32:00,0.346,16,2
2026-07-09 22:38:00,0.358,345,2
2026-07-09 22:44:00,0.358,14,2
2026-07-09 22:50:00,0.536,7,2
2026-07-09 22:56:00,0.558,357,2
2026-07-09 23:02:00,0.653,356,2
2026-07-09 23:08:00,0.576,3,2
2026-07-09 23:14:00,0.75,4,2
2026-07-09 23:20:00,0.781,13,2
2026-07-09 23:26:00,0.766,16,2
2026-07-09 23:32:00,0.844,15,2
2026-07-09 23:38:00,0.89,4,2
2026-07-09 23:44:00,0.895,13,2
2026-07-09 23:50:00,0.769,8,2
2026-07-09 23:56:00,0.856,8,2
2026-07-10 00:02:00,0.869,21,2
2026-07-10 00:08:00,0.758,21,2
2026-07-10 00:14:00,0.817,39,2
2026-07-10 00:20:00,0.762,22,2
2026-07-10 00:26:00,0.824,23,2
2026-07-10 00:32:00,0.89,37,2
2026-07-10 00:38:00,0.866,17,2
2026-07-10 00:44:00,0.807,21,2
2026-07-10 00:50:00,0.87,25,2
2026-07-10 00:56:00,0.868,9,2
2026-07-10 01:02:00,0.834,11,2
2026-07-10 01:08:00,0.87,11,2
2026-07-10 01:14:00,0.852,25,2
2026-07-10 01:20:00,0.936,29,2
2026-07-10 01:26:00,0.884,19,2
2026-07-10 01:32:00,0.883,14,2
2026-07-10 01:38:00,0.827,15,2
2026-07-10 01:44:00,0.889,21,2
2026-07-10 01:50:00,0.846,12,2
2026-07-10 01:56:00,0.79,26,2
2026-07-10 02:02:00,0.914,22,2
2026-07-10 02:08:00,0.88,24,2
2026-07-10 02:14:00,0.792,30,2
2026-07-10 02:20:00,0.842,12,2
2026-07-10 02:26:00,0.777,25,2
2026-07-10 02:32:00,0.717,23,2
2026-07-10 02:38:00,0.675,37,2
2026-07-10 02:44:00,0.594,20,2
2026-07-10 02:50:00,0.601,12,2
2026-07-10 02:56:00,0.577,13,2
2026-07-10 03:02:00,0.494,20,2
2026-07-10 03:08:00,0.528,30,2
2026-07-10 03:14:00,0.522,20,2
2026-07-10 03:20:00,0.446,25,2
2026-07-10 03:26:00,0.409,44,2
2026-07-10 03:32:00,0.327,28,2
2026-07-10 03:38:00,0.398,2,2
2026-07-10 03:44:00,0.239,16,2
2026-07-10 03:50:00,0.249,55,2
2026-07-10 03:56:00,0.291,20,2
2026-07-10 04:02:00,0.189,40,2
2026-07-10 04:08:00,0.335,159,2
2026-07-10 04:14:00,0.134,117,2
2026-07-10 04:20:00,0.123,145,2
2026-07-10 04:26:00,0.112,118,2
2026-07-10 04:32:00,0.032,316,2
2026-07-10 04:38:00,0.029,82,2
2026-07-10 04:44:00,0.017,223,2
2026-07-10 04:50:00,0.097,138,2
2026-07-10 04:56:00,0.17,205,2
2026-07-10 05:02:00,0.221,135,2
2026-07-10 05:08:00,0.176,198,2
2026-07-10 05:14:00,0.185,193,2
2026-07-10 05:20:00,0.233,205,2
2026-07-10 05:26:00,0.327,197,2
2026-07-10 05:32:00,0.315,192,2
2026-07-10 05:38:00,0.485,187,2
2026-07-10 05:44:00,0.392,187,2
2026-07-10 05:50:00,0.552,216,2
2026-07-10 05:56:00,0.522,203,2
2026-07-10 06:02:00,0.541,206,2
2026-07-10 06:08:00,0.506,219,2
2026-07-10 06:14:00,0.561,231,2
2026-07-10 06:20:00,0.585,216,2
2026-07-10 06:26:00,0.569,190,2
2026-07-10 06:32:00,0.572,203,2
2026-07-10 06:38:00,0.703,199,2
2026-07-10 06:44:00,0.79,228,2
2026-07-10 06:50:00,0.897,205,2
2026-07-10 06:56:00,0.95,204,2
2026-07-10 07:02:00,0.942,217,2
2026-07-10 07:08:00,0.942,214,2
2026-07-10 07:14:00,0.943,210,2
2026-07-10 07:20:00,1.061,223,2
2026-07-10 07:26:00,1.086,208,2
2026-07-10 07:32:00,1.136,222,2
2026-07-10 07:38:00,1.239,223,2
2026-07-10 07:44:00,1.247,201,2
2026-07-10 07:50:00,1.327,219,2
2026-07-10 07:56:00,1.349,233,2
2026-07-10 08:02:00,1.454,201,2
2026-07-10 08:08:00,1.5,199,2
2026-07-10 08:14:00,1.776,222,2
2026-07-10 08:20:00,1.638,202,2
2026-07-10 08:26:00,1.536,205,2
2026-07-10 08:32:00,1.672,226,2
2026-07-10 08:38:00,1.483,219,2
2026-07-10 08:44:00,1.36,226,2
2026-07-10 08:50:00,1.231,238,2
2026-07-10 08:56:00,1.28,218,2
2026-07-10 09:02:00,1.236,224,2
2026-07-10 09:08:00,1.192,229,2
2026-07-10 09:14:00,1.259,200,2
2026-07-10 09:20:00,1.327,207,2
2026-07-10 09:32:00,1.259,228,2
2026-07-10 09:38:00,1.139,232,2
2026-07-10 09:44:00,1.276,228,2
2026-07-10 09:50:00,1.187,197,2
2026-07-10 09:56:00,1.151,224,2
2026-07-10 10:02:00,1.172,212,2
2026-07-10 10:08:00,1.249,222,2
2026-07-10 10:14:00,1.104,210,2
2026-07-10 10:20:00,1.089,219,2
2026-07-10 10:26:00,1.039,216,2
2026-07-10 10:32:00,0.956,200,2
2026-07-10 10:38:00,1.035,221,2
2026-07-10 10:44:00,1.021,194,2
2026-07-10 10:50:00,0.983,212,2
2026-07-10 10:56:00,1.133,210,2
2026-07-10 11:02:00,0.926,210,2
2026-07-10 11:08:00,0.834,217,2
2026-07-10 11:14:00,0.793,223,2
2026-07-10 11:20:00,0.764,189,2
2026-07-10 11:26:00,0.796,201,2
2026-07-10 11:32:00,0.675,232,2
2026-07-10 11:38:00,0.687,215,2
2026-07-10 11:44:00,0.622,206,2
2026-07-10 11:50:00,0.723,210,2
2026-07-10 11:56:00,0.769,231,2
2026-07-10 12:02:00,0.821,236,2
2026-07-10 12:08:00,0.69,238,2
2026-07-10 12:14:00,0.474,238,2
2026-07-10 12:20:00,0.466,242,2
2026-07-10 12:26:00,0.498,257,2
2026-07-10 12:32:00,0.338,227,2
2026-07-10 12:38:00,0.259,255,2
2026-07-10 12:44:00,0.299,279,2
2026-07-10 12:50:00,0.293,246,2
2026-07-10 12:56:00,0.3,270,2
2026-07-10 13:02:00,0.154,281,2
2026-07-10 13:08:00,0.25,265,2
2026-07-10 13:14:00,0.191,256,2
2026-07-10 13:20:00,0.103,332,2
2026-07-10 13:26:00,0.1,280,2
2026-07-10 13:32:00,0.049,258,2
2026-07-10 13:38:00,0.084,193,2
2026-07-10 13:44:00,0.076,210,2
2026-07-10 13:50:00,0.121,210,2
2026-07-10 13:56:00,0.041,340,2
2026-07-10 14:02:00,0.066,303,2
2026-07-10 14:08:00,0.034,158,2
2026-07-10 14:14:00,0.143,291,2
2026-07-10 14:20:00,0.064,239,2
2026-07-10 14:26:00,0.053,265,2
2026-07-10 14:32:00,0.048,302,2
2026-07-10 14:38:00,0.061,86,2
2026-07-10 14:44:00,0.088,307,2
2026-07-10 14:50:00,0.068,80,2
2026-07-10 14:56:00,0.045,32,2
2026-07-10 15:02:00,0.123,356,2
2026-07-10 15:08:00,0.132,358,2
2026-07-10 15:14:00,0.09,241,2
2026-07-10 15:20:00,0.19,293,2
2026-07-10 15:26:00,0.084,318,2
2026-07-10 15:32:00,0.305,267,2
2026-07-10 15:38:00,0.11,249,2
2026-07-10 15:44:00,0.08,246,2
2026-07-10 15:50:00,0.136,268,2
2026-07-10 15:56:00,0.11,115,2
2026-07-10 16:02:00,0.17,272,2
2026-07-10 16:08:00,0.152,255,2
2026-07-10 16:14:00,0.226,221,2
2026-07-10 16:20:00,0.186,238,2
2026-07-10 16:26:00,0.227,257,2
2026-07-10 16:32:00,0.301,240,2
2026-07-10 16:38:00,0.323,259,2
2026-07-10 16:44:00,0.301,257,2
2026-07-10 16:50:00,0.253,239,2
2026-07-10 16:56:00,0.404,259,2
2026-07-10 17:02:00,0.426,236,2
2026-07-10 17:08:00,0.461,239,2
2026-07-10 17:14:00,0.579,242,2
2026-07-10 17:20:00,0.53,240,2
2026-07-10 17:26:00,0.538,211,2
2026-07-10 17:32:00,0.651,224,2
2026-07-10 17:38:00,0.66,220,2
2026-07-10 17:44:00,0.677,221,2
2026-07-10 17:50:00,0.597,228,2
2026-07-10 17:56:00,0.735,216,2
2026-07-10 18:02:00,0.748,242,2
2026-07-10 18:08:00,0.706,247,2
2026-07-10 18:14:00,0.659,195,2
2026-07-10 18:20:00,0.619,235,2
2026-07-10 18:26:00,0.784,207,2
2026-07-10 18:32:00,0.742,242,2
2026-07-10 18:38:00,0.737,220,2
2026-07-10 18:44:00,0.736,254,2
2026-07-10 18:50:00,0.703,237,2
2026-07-10 18:56:00,0.701,254,2
2026-07-10 19:02:00,0.75,245,2
2026-07-10 19:08:00,0.671,217,2
2026-07-10 19:14:00,0.84,235,2
2026-07-10 19:20:00,0.653,246,2
2026-07-10 19:26:00,0.746,181,2
2026-07-10 19:32:00,0.768,207,2
2026-07-10 19:38:00,0.843,227,2
2026-07-10 19:44:00,0.735,222,2
2026-07-10 19:50:00,0.737,211,2
2026-07-10 19:56:00,0.672,197,2
2026-07-10 20:02:00,0.598,245,2
2026-07-10 20:08:00,0.721,194,2
2026-07-10 20:14:00,0.665,224,2
2026-07-10 20:20:00,0.602,234,2
2026-07-10 20:26:00,0.589,207,2
2026-07-10 20:32:00,0.517,220,2
2026-07-10 20:38:00,0.575,206,2
2026-07-10 20:44:00,0.748,195,2
2026-07-10 20:50:00,0.663,209,2
2026-07-10 20:56:00,0.739,248,2
2026-07-10 21:02:00,0.628,215,2
2026-07-10 21:08:00,0.618,183,2
2026-07-10 21:14:00,0.465,228,2
2026-07-10 21:20:00,0.397,233,2
2026-07-10 21:26:00,0.404,228,2
2026-07-10 21:32:00,0.454,215,2
2026-07-10 21:38:00,0.477,202,2
2026-07-10 21:44:00,0.604,220,2
2026-07-10 21:50:00,0.436,216,2
2026-07-10 21:56:00,0.374,238,2
2026-07-10 22:02:00,0.276,179,2
2026-07-10 22:08:00,0.266,182,2
2026-07-10 22:14:00,0.131,220,2
2026-07-10 22:20:00,0.134,196,2
2026-07-10 22:26:00,0.075,269,2
2026-07-10 22:32:00,0.136,31,2
2026-07-10 22:38:00,0.15,348,2
2026-07-10 22:44:00,0.218,0,2
2026-07-10 22:50:00,0.217,14,2
2026-07-10 22:56:00,0.25,321,2
2026-07-10 23:02:00,0.205,24,2
2026-07-10 23:08:00,0.262,12,2
2026-07-10 23:14:00,0.312,1,2
2026-07-10 23:20:00,0.354,354,2
2026-07-10 23:26:00,0.366,37,2
2026-07-10 23:32:00,0.438,9,2
2026-07-10 23:38:00,0.459,19,2
2026-07-10 23:44:00,0.471,22,2
2026-07-10 23:50:00,0.536,27,2
2026-07-10 23:56:00,0.687,23,2
2026-07-11 00:08:00,0.751,31,2
2026-07-11 00:14:00,0.812,33,2
2026-07-11 00:20:00,0.855,8,2
2026-07-11 00:26:00,0.883,19,2
2026-07-11 00:32:00,0.821,25,2
2026-07-11 00:38:00,0.786,24,2
2026-07-11 00:44:00,0.993,32,2
2026-07-11 00:50:00,1.121,35,2
2026-07-11 00:56:00,1.022,26,2
2026-07-11 01:02:00,0.95,36,2
2026-07-11 01:08:00,0.926,15,2
2026-07-11 01:14:00,1.043,4,2
2026-07-11 01:20:00,1.04,37,2
2026-07-11 01:26:00,1.125,8,2
2026-07-11 01:32:00,1.085,13,2
2026-07-11 01:38:00,1.011,23,2
2026-07-11 01:44:00,1.03,16,2
2026-07-11 01:50:00,1.004,10,2
2026-07-11 01:56:00,1.177,14,2
2026-07-11 02:02:00,1.098,40,2
2026-07-11 02:14:00,0.997,10,2
2026-07-11 02:20:00,1.035,9,2
2026-07-11 02:26:00,1.102,33,2
2026-07-11 02:32:00,0.989,21,2
2026-07-11 02:38:00,0.963,12,2
2026-07-11 02:44:00,1.064,12,2
2026-07-11 02:50:00,1.061,4,2
2026-07-11 02:56:00,0.947,19,2
2026-07-11 03:02:00,1.038,40,2
2026-07-11 03:08:00,0.927,29,2
2026-07-11 03:14:00,0.949,10,2
2026-07-11 03:20:00,0.864,41,2
2026-07-11 03:26:00,0.867,12,2
2026-07-11 03:32:00,0.835,37,2
2026-07-11 03:38:00,0.739,44,2
2026-07-11 03:44:00,0.813,16,2
2026-07-11 03:50:00,0.772,41,2
2026-07-11 03:56:00,0.849,50,2
2026-07-11 04:02:00,0.664,48,2
2026-07-11 04:08:00,0.585,20,2
2026-07-11 04:14:00,0.513,15,2
2026-07-11 04:20:00,0.612,14,2
2026-07-11 04:26:00,0.52,35,2
2026-07-11 04:32:00,0.43,30,2
2026-07-11 04:38:00,0.397,64,2
2026-07-11 04:44:00,0.347,43,2
2026-07-11 04:50:00,0.285,15,2
2026-07-11 04:56:00,0.202,20,2
2026-07-11 05:02:00,0.024,203,2
2026-07-11 05:08:00,0.004,348,2
2026-07-11 05:14:00,0.07,35,2
2026-07-11 05:20:00,0.021,202,2
2026-07-11 05:26:00,0.051,226,2
2026-07-11 05:32:00,0.124,223,2
2026-07-11 05:38:00,0.181,177,2
2026-07-11 05:44:00,0.173,191,2
2026-07-11 05:50:00,0.308,176,2
2026-07-11 05:56:00,0.16,197,2
2026-07-11 06:02:00,0.274,184,2
2026-07-11 06:08:00,0.226,204,2
2026-07-11 06:14:00,0.257,230,2
2026-07-11 06:20:00,0.288,165,2
2026-07-11 06:26:00,0.328,181,2
2026-07-11 06:32:00,0.396,182,2
2026-07-11 06:38:00,0.411,149,2
2026-07-11 06:44:00,0.409,200,2
2026-07-11 06:50:00,0.483,185,2
2026-07-11 06:56:00,0.503,205,2
2026-07-11 07:02:00,0.657,182,2
2026-07-11 07:08:00,0.693,228,2
2026-07-11 07:14:00,0.687,202,2
2026-07-11 07:20:00,0.798,238,2
2026-07-11 07:26:00,0.693,227,2
2026-07-11 07:32:00,0.884,216,2
2026-07-11 07:38:00,0.949,238,2
2026-07-11 07:44:00,1.077,233,2
2026-07-11 07:50:00,0.994,217,2
2026-07-11 07:56:00,0.847,237,2
2026-07-11 08:02:00,0.804,222,2
2026-07-11 08:08:00,0.855,222,2
2026-07-11 08:14:00,0.738,241,2
2026-07-11 08:20:00,0.889,223,2
2026-07-11 08:26:00,1.02,234,2
2026-07-11 08:32:00,1.07,196,2
2026-07-11 08:38:00,1.047,212,2
2026-07-11 08:44:00,0.996,226,2
2026-07-11 08:50:00,0.95,228,2
2026-07-11 08:56:00,1.269,198,2
2026-07-11 09:02:00,1.519,214,2
2026-07-11 09:08:00,1.26,196,2
2026-07-11 09:14:00,1.476,219,2
2026-07-11 09:20:00,1.361,192,2
2026-07-11 09:26:00,1.214,194,2
2026-07-11 09:32:00,1.274,227,2
2026-07-11 09:38:00,1.201,200,2
2026-07-11 09:44:00,1.19,225,2
2026-07-11 09:50:00,1.063,203,2
2026-07-11 09:56:00,1.213,203,2
2026-07-11 10:02:00,1.293,236,2
2026-07-11 10:08:00,1.496,200,2
2026-07-11 10:14:00,1.456,201,2
2026-07-11 10:20:00,1.337,205,2
2026-07-11 10:26:00,1.254,205,2
2026-07-11 10:32:00,1.405,213,2
2026-07-11 10:38:00,1.236,201,2
2026-07-11 10:44:00,1.22,219,2
2026-07-11 10:50:00,1.155,209,2
2026-07-11 10:56:00,1.209,200,2
2026-07-11 11:02:00,1.166,235,2
2026-07-11 11:08:00,1.159,221,2
2026-07-11 11:14:00,0.964,242,2
2026-07-11 11:20:00,0.924,202,2
2026-07-11 11:26:00,0.821,226,2
2026-07-11 11:32:00,0.893,196,2
2026-07-11 11:38:00,0.898,218,2
2026-07-11 11:44:00,0.766,189,2
2026-07-11 11:50:00,0.811,189,2
2026-07-11 11:56:00,0.711,197,2
2026-07-11 12:02:00,0.68,190,2
2026-07-11 12:08:00,0.602,217,2
2026-07-11 12:14:00,0.632,224,2
2026-07-11 12:20:00,0.478,177,2
2026-07-11 12:26:00,0.469,195,2
2026-07-11 12:32:00,0.488,197,2
2026-07-11 12:38:00,0.364,193,2
2026-07-11 12:44:00,0.477,209,2
2026-07-11 12:50:00,0.435,212,2
2026-07-11 12:56:00,0.331,247,2
2026-07-11 13:02:00,0.318,237,2
2026-07-11 13:08:00,0.227,244,2
2026-07-11 13:14:00,0.169,204,2
2026-07-11 13:20:00,0.062,167,2
2026-07-11 13:26:00,0.159,233,2
2026-07-11 13:32:00,0.15,264,2
2026-07-11 13:38:00,0.08,7,2
2026-07-11 13:44:00,0.237,334,2
2026-07-11 13:50:00,0.029,78,2
2026-07-11 13:56:00,0.062,348,2
2026-07-11 14:02:00,0.162,50,2
2026-07-11 14:08:00,0.103,103,2
2026-07-11 14:14:00,0.03,180,2
2026-07-11 14:20:00,0.106,358,2
2026-07-11 14:26:00,0.112,91,2
2026-07-11 14:32:00,0.223,64,2
2026-07-11 14:44:00,0.26,31,2
2026-07-11 14:50:00,0.308,51,2
2026-07-11 14:56:00,0.286,51,2
2026-07-11 15:02:00,0.325,67,2
2026-07-11 15:08:00,0.396,84,2
2026-07-11 15:14:00,0.318,46,2
2026-07-11 15:20:00,0.393,27,2
2026-07-11 15:26:00,0.347,54,2
2026-07-11 15:32:00,0.409,20,2
2026-07-11 15:38:00,0.415,56,2
2026-07-11 15:44:00,0.342,52,2
2026-07-11 15:50:00,0.436,42,2
2026-07-11 15:56:00,0.36,66,2
2026-07-11 16:02:00,0.429,59,2
2026-07-11 16:08:00,0.311,69,2
2026-07-11 16:14:00,0.313,350,2
2026-07-11 16:20:00,0.366,59,2
2026-07-11 16:26:00,0.263,89,2
2026-07-11 16:32:00,0.255,55,2
2026-07-11 16:38:00,0.191,39,2
2026-07-11 16:44:00,0.18,53,2
2026-07-11 16:50:00,0.16,83,2
2026-07-11 16:56:00,0.182,19,2
2026-07-11 17:02:00,0.261,40,2
2026-07-11 17:08:00,0.046,291,2
2026-07-11 17:14:00,0.124,77,2
2026-07-11 17:20:00,0.156,92,2
2026-07-11 17:26:00,0.261,122,2
2026-07-11 17:32:00,0.133,179,2
2026-07-11 17:38:00,0.01,115,2
2026-07-11 17:44:00,0.1,251,2
2026-07-11 17:50:00,0.068,170,2
2026-07-11 17:56:00,0.112,186,2
2026-07-11 18:02:00,0.157,206,2
2026-07-11 18:08:00,0.066,203,2
2026-07-11 18:14:00,0.192,206,2
2026-07-11 18:20:00,0.192,219,2
2026-07-11 18:26:00,0.291,173,2
2026-07-11 18:32:00,0.323,219,2
2026-07-11 18:38:00,0.35,223,2
2026-07-11 18:44:00,0.379,197,2
2026-07-11 18:50:00,0.387,244,2
2026-07-11 18:56:00,0.429,214,2
2026-07-11 19:02:00,0.47,194,2
2026-07-11 19:08:00,0.457,239,2
2026-07-11 19:14:00,0.43,212,2
2026-07-11 19:20:00,0.55,225,2
2026-07-11 19:26:00,0.656,212,2
2026-07-11 19:32:00,0.601,227,2
2026-07-11 19:38:00,0.594,212,2
2026-07-11 19:44:00,0.731,222,2
2026-07-11 19:50:00,0.719,213,2
2026-07-11 19:56:00,0.862,232,2
2026-07-11 20:02:00,0.845,195,2
2026-07-11 20:08:00,0.708,211,2
2026-07-11 20:14:00,0.865,234,2
2026-07-11 20:20:00,0.829,219,2
2026-07-11 20:26:00,0.954,235,2
2026-07-11 20:32:00,0.966,235,2
2026-07-11 20:38:00,0.951,224,2
2026-07-11 20:44:00,0.974,221,2
2026-07-11 20:50:00,0.847,214,2
2026-07-11 20:56:00,0.932,197,2
2026-07-11 21:02:00,0.942,211,2
2026-07-11 21:08:00,0.894,239,2
2026-07-11 21:14:00,0.905,223,2
2026-07-11 21:20:00,0.928,230,2
2026-07-11 21:26:00,0.849,213,2
2026-07-11 21:32:00,0.793,219,2
2026-07-11 21:38:00,0.71,223,2
2026-07-11 21:44:00,0.672,219,2
2026-07-11 21:50:00,0.637,211,2
2026-07-11 21:56:00,0.766,231,2
2026-07-11 22:02:00,0.699,225,2
2026-07-11 22:08:00,0.784,214,2
2026-07-11 22:14:00,0.781,210,2
2026-07-11 22:20:00,0.609,215,2
2026-07-11 22:26:00,0.548,226,2
2026-07-11 22:32:00,0.628,210,2
2026-07-11 22:38:00,0.609,249,2
2026-07-11 22:44:00,0.524,236,2
2026-07-11 22:50:00,0.523,239,2
2026-07-11 22:56:00,0.483,233,2
2026-07-11 23:02:00,0.37,214,2
2026-07-11 23:08:00,0.382,231,2
2026-07-11 23:14:00,0.373,249,2
2026-07-11 23:20:00,0.315,213,2
2026-07-11 23:26:00,0.333,251,2
2026-07-11 23:32:00,0.276,270,2
2026-07-11 23:38:00,0.14,236,2
2026-07-11 23:44:00,0.094,234,2
2026-07-11 23:50:00,0.07,281,2
2026-07-11 23:56:00,0.157,340,2
2026-07-12 00:02:00,0.14,56,2
2026-07-12 00:08:00,0.249,44,2
2026-07-12 00:14:00,0.337,51,2
2026-07-12 00:20:00,0.391,48,2
2026-07-12 00:26:00,0.527,60,2
2026-07-12 00:32:00,0.497,67,2
2026-07-12 00:38:00,0.59,50,2
2026-07-12 00:44:00,0.671,59,2
2026-07-12 00:50:00,0.752,30,2
2026-07-12 00:56:00,0.758,18,2
2026-07-12 01:02:00,0.812,36,2
2026-07-12 01:08:00,0.856,27,2
2026-07-12 01:14:00,0.949,32,2
2026-07-12 01:20:00,0.937,27,2
2026-07-12 01:26:00,0.833,23,2
2026-07-12 01:32:00,0.88,34,2
2026-07-12 01:38:00,0.768,41,2
2026-07-12 01:44:00,0.845,10,2
2026-07-12 01:50:00,0.829,45,2
2026-07-12 01:56:00,0.934,30,2
2026-07-12 02:02:00,0.921,24,2
2026-07-12 02:08:00,0.912,22,2
2026-07-12 02:14:00,0.9,20,2
2026-07-12 02:20:00,1.052,9,2
2026-07-12 02:26:00,0.936,34,2
2026-07-12 02:32:00,0.97,21,2
2026-07-12 02:38:00,0.979,6,2
2026-07-12 02:44:00,0.944,14,2
2026-07-12 02:50:00,0.906,30,2
2026-07-12 02:56:00,0.979,15,2
2026-07-12 03:02:00,0.961,25,2
2026-07-12 03:08:00,0.891,39,2
2026-07-12 03:14:00,0.95,24,2
2026-07-12 03:20:00,0.949,14,2
2026-07-12 03:26:00,0.96,26,2
2026-07-12 03:32:00,0.956,21,2
2026-07-12 03:38:00,0.914,34,2
2026-07-12 03:44:00,0.929,31,2
2026-07-12 03:50:00,0.936,40,2
2026-07-12 03:56:00,0.818,22,2
2026-07-12 04:02:00,0.827,30,2
2026-07-12 04:08:00,0.791,28,2
2026-07-12 04:14:00,0.698,23,2
2026-07-12 04:20:00,0.668,33,2
2026-07-12 04:26:00,0.787,20,2
2026-07-12 04:32:00,0.709,13,2
2026-07-12 04:38:00,0.636,16,2
2026-07-12 04:44:00,0.581,27,2
2026-07-12 04:50:00,0.542,19,2
2026-07-12 04:56:00,0.405,23,2
2026-07-12 05:02:00,0.399,18,2
2026-07-12 05:08:00,0.285,18,2
2026-07-12 05:14:00,0.272,44,2
2026-07-12 05:20:00,0.267,18,2
2026-07-12 05:26:00,0.223,17,2
2026-07-12 05:32:00,0.175,22,2
2026-07-12 05:38:00,0.152,348,2
2026-07-12 05:44:00,0.117,318,2
2026-07-12 05:50:00,0.132,288,2
2026-07-12 05:56:00,0.186,252,2
2026-07-12 06:02:00,0.16,299,2
2026-07-12 06:08:00,0.17,279,2
2026-07-12 06:14:00,0.184,231,2
2026-07-12 06:20:00,0.123,321,2
2026-07-12 06:26:00,0.185,258,2
2026-07-12 06:32:00,0.245,283,2
2026-07-12 06:38:00,0.284,266,2
2026-07-12 06:44:00,0.255,276,2
2026-07-12 06:50:00,0.352,248,2
2026-07-12 06:56:00,0.415,225,2
2026-07-12 07:02:00,0.521,230,2
2026-07-12 07:08:00,0.376,207,2
2026-07-12 07:14:00,0.325,230,2
2026-07-12 07:20:00,0.537,223,2
2026-07-12 07:26:00,0.475,219,2
2026-07-12 07:32:00,0.589,234,2
2026-07-12 07:38:00,0.572,219,2
2026-07-12 07:44:00,0.759,224,2
2026-07-12 07:50:00,0.652,214,2
2026-07-12 07:56:00,0.589,216,2
2026-07-12 08:02:00,0.517,204,2
2026-07-12 08:08:00,0.704,215,2
2026-07-12 08:14:00,0.768,247,2
2026-07-12 08:20:00,0.655,227,2
2026-07-12 08:26:00,0.81,221,2
2026-07-12 08:32:00,0.836,193,2
2026-07-12 08:38:00,1.011,239,2
2026-07-12 08:44:00,0.905,200,2
2026-07-12 08:50:00,0.893,240,2
2026-07-12 08:56:00,0.785,221,2
2026-07-12 09:02:00,0.889,247,2
2026-07-12 09:08:00,0.816,196,2
2026-07-12 09:14:00,0.883,237,2
2026-07-12 09:20:00,0.746,197,2
2026-07-12 09:26:00,1.041,204,2
2026-07-12 09:32:00,1.226,218,2
2026-07-12 09:38:00,1.258,217,2
2026-07-12 09:44:00,1.146,209,2
2026-07-12 09:50:00,1.433,210,2
2026-07-12 09:56:00,1.448,212,2
2026-07-12 10:02:00,1.381,230,2
2026-07-12 10:08:00,1.401,219,2
2026-07-12 10:14:00,1.294,219,2
2026-07-12 10:20:00,1.501,224,2
2026-07-12 10:26:00,1.458,219,2
2026-07-12 10:32:00,1.335,227,2
2026-07-12 10:38:00,1.347,201,2
2026-07-12 10:44:00,1.472,210,2
2026-07-12 10:50:00,1.414,213,2
2026-07-12 10:56:00,1.439,206,2
2026-07-12 11:02:00,1.549,199,2
2026-07-12 11:08:00,1.358,211,2
2026-07-12 11:14:00,1.403,226,2
2026-07-12 11:20:00,1.529,221,2
2026-07-12 11:26:00,1.34,212,2
2026-07-12 11:32:00,1.325,223,2
2026-07-12 11:38:00,1.232,236,2
2026-07-12 11:44:00,1.322,201,2
2026-07-12 11:50:00,1.23,207,2
2026-07-12 11:56:00,1.298,210,2
2026-07-12 12:02:00,1.183,212,2
2026-07-12 12:08:00,1.142,221,2
2026-07-12 12:14:00,1.072,215,2
2026-07-12 12:20:00,1.104,227,2
2026-07-12 12:26:00,0.946,210,2
2026-07-12 12:32:00,0.989,233,2
2026-07-12 12:38:00,0.976,217,2
2026-07-12 12:44:00,0.925,214,2
2026-07-12 12:50:00,0.898,221,2
2026-07-12 12:56:00,0.785,213,2
2026-07-12 13:02:00,0.803,207,2
2026-07-12 13:08:00,0.725,209,2
2026-07-12 13:14:00,0.62,213,2
2026-07-12 13:20:00,0.546,231,2
2026-07-12 13:26:00,0.501,211,2
2026-07-12 13:32:00,0.535,224,2
2026-07-12 13:38:00,0.374,223,2
2026-07-12 13:44:00,0.311,237,2
2026-07-12 13:50:00,0.28,212,2
2026-07-12 13:56:00,0.28,242,2
2026-07-12 14:02:00,0.136,245,2
2026-07-12 14:08:00,0.131,252,2
2026-07-12 14:14:00,0.154,272,2
2026-07-12 14:20:00,0.14,316,2
2026-07-12 14:26:00,0.14,335,2
2026-07-12 14:32:00,0.096,341,2
2026-07-12 14:38:00,0.217,8,2
2026-07-12 14:44:00,0.207,44,2
2026-07-12 14:50:00,0.182,68,2
2026-07-12 14:56:00,0.321,13,2
2026-07-12 15:02:00,0.337,32,2
2026-07-12 15:08:00,0.449,63,2
2026-07-12 15:14:00,0.398,23,2
2026-07-12 15:20:00,0.35,19,2
2026-07-12 15:26:00,0.247,334,2
2026-07-12 15:32:00,0.437,25,2
2026-07-12 15:38:00,0.547,38,2
2026-07-12 15:44:00,0.472,46,2
2026-07-12 15:50:00,0.532,22,2
2026-07-12 15:56:00,0.493,30,2
2026-07-12 16:02:00,0.531,50,2
2026-07-12 16:08:00,0.516,54,2
2026-07-12 16:14:00,0.462,47,2
2026-07-12 16:20:00,0.324,45,2
2026-07-12 16:26:00,0.448,53,2
2026-07-12 16:32:00,0.372,24,2
2026-07-12 16:38:00,0.444,3,2
2026-07-12 16:44:00,0.347,25,2
2026-07-12 16:50:00,0.42,22,2
2026-07-12 16:56:00,0.456,17,2
2026-07-12 17:02:00,0.394,29,2
2026-07-12 17:08:00,0.4,52,2
2026-07-12 17:14:00,0.391,23,2
2026-07-12 17:20:00,0.379,5,2
2026-07-12 17:26:00,0.406,8,2
2026-07-12 17:32:00,0.298,351,2
2026-07-12 17:38:00,0.262,36,2
2026-07-12 17:44:00,0.11,334,2
2026-07-12 17:50:00,0.106,12,2
2026-07-12 17:56:00,0.082,56,2
2026-07-12 18:02:00,0.18,341,2
2026-07-12 18:08:00,0.033,355,2
2026-07-12 18:14:00,0.072,282,2
2026-07-12 18:20:00,0.032,248,2
2026-07-12 18:26:00,0.104,341,2
2026-07-12 18:32:00,0.053,263,2
2026-07-12 18:38:00,0.17,214,2
2026-07-12 18:44:00,0.086,187,2
2026-07-12 18:50:00,0.104,213,2
2026-07-12 18:56:00,0.247,213,2
2026-07-12 19:02:00,0.151,234,2
2026-07-12 19:08:00,0.176,220,2
2026-07-12 19:14:00,0.227,145,2
2026-07-12 19:20:00,0.192,229,2
2026-07-12 19:26:00,0.297,205,2
2026-07-12 19:32:00,0.399,210,2
2026-07-12 19:38:00,0.348,222,2
2026-07-12 19:44:00,0.457,233,2
2026-07-12 19:50:00,0.401,213,2
2026-07-12 19:56:00,0.426,191,2
2026-07-12 20:02:00,0.364,182,2
2026-07-12 20:08:00,0.478,223,2
2026-07-12 20:14:00,0.543,232,2
2026-07-12 20:20:00,0.618,191,2
2026-07-12 20:26:00,0.525,203,2
2026-07-12 20:32:00,0.742,213,2
2026-07-12 20:38:00,0.835,227,2
2026-07-12 20:44:00,0.737,233,2
2026-07-12 20:50:00,0.741,201,2
2026-07-12 20:56:00,0.856,211,2
2026-07-12 21:02:00,0.756,215,2
2026-07-12 21:08:00,0.697,219,2
2026-07-12 21:14:00,0.686,222,2
2026-07-12 21:20:00,0.782,227,2
2026-07-12 21:26:00,0.771,213,2
2026-07-12 21:32:00,0.776,204,2
2026-07-12 21:38:00,0.793,233,2
2026-07-12 21:44:00,0.709,240,2
2026-07-12 21:50:00,0.623,238,2
2026-07-12 21:56:00,0.776,204,2
2026-07-12 22:02:00,0.592,233,2
2026-07-12 22:08:00,0.727,195,2
2026-07-12 22:14:00,0.757,216,2
2026-07-12 22:20:00,0.809,205,2
2026-07-12 22:26:00,0.708,222,2
2026-07-12 22:32:00,0.652,211,2
2026-07-12 22:38:00,0.553,233,2
2026-07-12 22:44:00,0.617,201,2
2026-07-12 22:50:00,0.593,237,2
2026-07-12 22:56:00,0.484,237,2
2026-07-12 23:02:00,0.417,200,2
2026-07-12 23:08:00,0.425,243,2
2026-07-12 23:14:00,0.281,244,2
2026-07-12 23:20:00,0.296,224,2
2026-07-12 23:26:00,0.251,236,2
2026-07-12 23:32:00,0.278,227,2
2026-07-12 23:38:00,0.216,221,2
2026-07-12 23:44:00,0.212,176,2
2026-07-12 23:50:00,0.212,171,2
2026-07-12 23:56:00,0.185,208,2
2026-07-13 00:02:00,0.215,147,2
2026-07-13 00:08:00,0.219,204,2
2026-07-13 00:14:00,0.104,219,2
2026-07-13 00:20:00,0.033,33,2
2026-07-13 00:26:00,0.088,146,2
2026-07-13 00:32:00,0.07,8,2
2026-07-13 00:38:00,0.148,103,2
2026-07-13 00:44:00,0.036,101,2
2026-07-13 00:50:00,0.137,116,2
2026-07-13 00:56:00,0.162,82,2
2026-07-13 01:02:00,0.347,71,2
2026-07-13 01:08:00,0.448,54,2
2026-07-13 01:14:00,0.413,37,2
2026-07-13 01:20:00,0.436,36,2
2026-07-13 01:26:00,0.536,38,2
2026-07-13 01:32:00,0.557,52,2
2026-07-13 01:38:00,0.648,35,2
2026-07-13 01:44:00,0.732,21,2
2026-07-13 01:50:00,0.66,30,2
2026-07-13 01:56:00,0.763,21,2
2026-07-13 02:02:00,0.851,16,2
2026-07-13 02:08:00,0.813,25,2
2026-07-13 02:14:00,0.819,9,2
2026-07-13 02:20:00,0.977,15,2
2026-07-13 02:26:00,0.945,13,2
2026-07-13 02:32:00,1.027,27,2
2026-07-13 02:38:00,0.98,14,2
2026-07-13 02:44:00,0.992,9,2
2026-07-13 02:50:00,1.009,18,2
2026-07-13 02:56:00,1.14,8,2
2026-07-13 03:02:00,1.092,24,2
2026-07-13 03:08:00,1.06,22,2
2026-07-13 03:14:00,1.146,20,2
2026-07-13 03:20:00,1.16,16,2
2026-07-13 03:26:00,1.354,30,2
2026-07-13 03:32:00,1.39,19,2
2026-07-13 03:38:00,1.25,22,2
2026-07-13 03:44:00,1.328,27,2
2026-07-13 03:50:00,1.373,27,2
2026-07-13 03:56:00,1.299,22,2
2026-07-13 04:02:00,1.29,20,2
2026-07-13 04:08:00,1.191,17,2
2026-07-13 04:14:00,1.131,14,2
2026-07-13 04:20:00,1.143,16,2
2026-07-13 04:26:00,1.107,24,2
2026-07-13 04:32:00,1.159,21,2
2026-07-13 04:38:00,1.063,17,2
2026-07-13 04:44:00,1.101,18,2
2026-07-13 04:50:00,1.035,10,2
2026-07-13 04:56:00,1.085,24,2
2026-07-13 05:02:00,1.141,12,2
2026-07-13 05:08:00,0.885,13,2
2026-07-13 05:14:00,1.017,12,2
2026-07-13 05:20:00,0.947,1,2
2026-07-13 05:26:00,0.868,30,2
2026-07-13 05:32:00,0.807,22,2
2026-07-13 05:38:00,0.874,8,2
2026-07-13 05:44:00,0.732,8,2
2026-07-13 05:50:00,0.61,21,2
2026-07-13 05:56:00,0.65,33,2
2026-07-13 06:02:00,0.597,21,2
2026-07-13 06:08:00,0.587,10,2
2026-07-13 06:14:00,0.451,31,2
2026-07-13 06:20:00,0.301,14,2
2026-07-13 06:26:00,0.341,0,2
2026-07-13 06:32:00,0.319,30,2
2026-07-13 06:38:00,0.198,8,2
2026-07-13 06:44:00,0.148,24,2
2026-07-13 06:50:00,0.186,68,2
2026-07-13 06:56:00,0.119,39,2
2026-07-13 07:02:00,0.078,167,2
2026-07-13 07:08:00,0.128,239,2
2026-07-13 07:14:00,0.134,220,2
2026-07-13 07:20:00,0.04,215,2
2026-07-13 07:26:00,0.096,263,2
2026-07-13 07:32:00,0.264,274,2
2026-07-13 07:38:00,0.179,323,2
2026-07-13 07:44:00,0.177,294,2
2026-07-13 07:50:00,0.174,219,2
2026-07-13 07:56:00,0.187,260,2
2026-07-13 08:02:00,0.153,230,2
2026-07-13 08:08:00,0.113,168,2
2026-07-13 08:14:00,0.1,204,2
2026-07-13 08:20:00,0.174,202,2
2026-07-13 08:26:00,0.364,227,2
2026-07-13 08:32:00,0.372,220,2
2026-07-13 08:38:00,0.396,215,2
2026-07-13 08:44:00,0.455,189,2
2026-07-13 08:50:00,0.513,240,2
2026-07-13 08:56:00,0.436,236,2
2026-07-13 09:02:00,0.547,222,2
2026-07-13 09:08:00,0.573,229,2
2026-07-13 09:14:00,0.622,208,2
2026-07-13 09:20:00,0.54,210,2
2026-07-13 09:26:00,0.595,215,2
2026-07-13 09:32:00,0.75,242,2
2026-07-13 09:38:00,0.703,203,2
2026-07-13 09:44:00,0.724,219,2
2026-07-13 09:50:00,0.898,212,2
2026-07-13 09:56:00,0.834,208,2
2026-07-13 10:02:00,0.87,209,2
2026-07-13 10:08:00,0.814,201,2
2026-07-13 10:14:00,0.878,235,2
2026-07-13 10:20:00,0.864,206,2
2026-07-13 10:26:00,1.018,238,2
2026-07-13 10:32:00,1.064,228,2
2026-07-13 10:38:00,1.122,188,2
2026-07-13 10:44:00,1.15,220,2
2026-07-13 10:50:00,1.269,215,2
2026-07-13 10:56:00,1.505,209,2
2026-07-13 11:02:00,1.422,220,2
2026-07-13 11:08:00,1.496,218,2
2026-07-13 11:14:00,1.357,213,2
2026-07-13 11:20:00,1.399,209,2
2026-07-13 11:26:00,1.324,215,2
2026-07-13 11:32:00,1.373,205,2
2026-07-13 11:38:00,1.22,237,2
2026-07-13 11:44:00,1.196,210,2
2026-07-13 11:50:00,1.13,214,2
2026-07-13 11:56:00,1.359,230,2
2026-07-13 12:02:00,1.172,215,2
2026-07-13 12:08:00,1.274,192,2
2026-07-13 12:14:00,1.29,220,2
2026-07-13 12:20:00,1.331,205,2
2026-07-13 12:26:00,1.257,218,2
2026-07-13 12:32:00,1.113,218,2
2026-07-13 12:38:00,1.154,221,2
2026-07-13 12:50:00,1.208,221,2
2026-07-13 12:56:00,1.123,218,2
2026-07-13 13:02:00,1.122,231,2
2026-07-13 13:08:00,1.057,216,2
2026-07-13 13:14:00,0.95,220,2
2026-07-13 13:20:00,1.002,240,2
2026-07-13 13:26:00,0.967,221,2
2026-07-13 13:32:00,0.872,220,2
2026-07-13 13:38:00,0.991,231,2
2026-07-13 13:44:00,0.941,201,2
2026-07-13 13:50:00,0.94,204,2
2026-07-13 13:56:00,0.79,202,2
2026-07-13 14:02:00,0.706,218,2
2026-07-13 14:08:00,0.678,208,2
2026-07-13 14:14:00,0.636,207,2
2026-07-13 14:20:00,0.548,191,2
2026-07-13 14:26:00,0.554,240,2
2026-07-13 14:32:00,0.48,213,2
2026-07-13 14:38:00,0.433,238,2
2026-07-13 14:44:00,0.37,238,2
2026-07-13 14:50:00,0.231,266,2
2026-07-13 14:56:00,0.229,238,2
2026-07-13 15:02:00,0.068,252,2
2026-07-13 15:08:00,0.146,237,2
2026-07-13 15:14:00,0.063,357,2
2026-07-13 15:20:00,0.208,351,2
2026-07-13 15:26:00,0.249,347,2
2026-07-13 15:32:00,0.247,347,2
2026-07-13 15:38:00,0.313,327,2
2026-07-13 15:44:00,0.353,2,2
2026-07-13 15:50:00,0.221,33,2
2026-07-13 15:56:00,0.331,358,2
2026-07-13 16:02:00,0.379,12,2
2026-07-13 16:08:00,0.411,12,2
2026-07-13 16:14:00,0.374,32,2
2026-07-13 16:20:00,0.395,51,2
2026-07-13 16:26:00,0.335,13,2
2026-07-13 16:32:00,0.368,353,2
2026-07-13 16:38:00,0.446,357,2
2026-07-13 16:44:00,0.57,18,2
2026-07-13 16:50:00,0.495,17,2
2026-07-13 16:56:00,0.514,8,2
2026-07-13 17:02:00,0.539,16,2
2026-07-13 17:08:00,0.482,30,2
2026-07-13 17:14:00,0.501,357,2
2026-07-13 17:20:00,0.416,24,2
2026-07-13 17:26:00,0.368,6,2
2026-07-13 17:32:00,0.435,41,2
2026-07-13 17:38:00,0.397,32,2
2026-07-13 17:44:00,0.394,4,2
2026-07-13 17:50:00,0.376,6,2
2026-07-13 17:56:00,0.31,15,2
2026-07-13 18:08:00,0.32,49,2
2026-07-13 18:14:00,0.272,17,2
2026-07-13 18:20:00,0.26,37,2
2026-07-13 18:26:00,0.336,47,2
2026-07-13 18:32:00,0.179,49,2
2026-07-13 18:38:00,0.179,53,2
2026-07-13 18:44:00,0.244,2,2
2026-07-13 18:50:00,0.153,22,2
2026-07-13 18:56:00,0.124,338,2
2026-07-13 19:02:00,0.147,326,2
2026-07-13 19:08:00,0.21,287,2
2026-07-13 19:14:00,0.021,300,2
2026-07-13 19:20:00,0.053,204,2
2026-07-13 19:26:00,0.076,244,2
2026-07-13 19:32:00,0.09,197,2
2026-07-13 19:38:00,0.112,207,2
2026-07-13 19:44:00,0.134,185,2
2026-07-13 19:50:00,0.198,169,2
2026-07-13 19:56:00,0.176,194,2
2026-07-13 20:02:00,0.237,217,2
2026-07-13 20:08:00,0.235,203,2
2026-07-13 20:14:00,0.351,193,2
2026-07-13 20:20:00,0.407,230,2
2026-07-13 20:26:00,0.506,195,2
2026-07-13 20:32:00,0.47,223,2
2026-07-13 20:38:00,0.542,236,2
2026-07-13 20:44:00,0.727,249,2
2026-07-13 20:50:00,0.726,224,2
2026-07-13 20:56:00,0.733,227,2
2026-07-13 21:02:00,0.71,244,2
2026-07-13 21:08:00,0.7,204,2
2026-07-13 21:14:00,0.697,232,2
2026-07-13 21:20:00,0.792,253,2
2026-07-13 21:26:00,0.696,228,2
2026-07-13 21:32:00,0.679,210,2
2026-07-13 21:38:00,0.719,248,2
2026-07-13 21:44:00,0.674,224,2
2026-07-13 21:50:00,0.769,252,2
2026-07-13 21:56:00,0.938,216,2
2026-07-13 22:02:00,0.772,235,2
2026-07-13 22:08:00,0.942,224,2
2026-07-13 22:14:00,0.807,241,2
2026-07-13 22:20:00,0.925,228,2
2026-07-13 22:26:00,0.82,225,2
2026-07-13 22:32:00,0.736,196,2
2026-07-13 22:38:00,0.762,219,2
2026-07-13 22:44:00,0.923,192,2
2026-07-13 22:50:00,0.795,220,2
2026-07-13 22:56:00,0.768,219,2
2026-07-13 23:02:00,0.863,213,2
2026-07-13 23:08:00,0.806,213,2
2026-07-13 23:14:00,0.745,201,2
2026-07-13 23:20:00,0.716,228,2
2026-07-13 23:26:00,0.769,221,2
2026-07-13 23:32:00,0.776,259,2
2026-07-13 23:38:00,0.795,236,2
2026-07-13 23:44:00,0.755,234,2
2026-07-13 23:50:00,0.746,240,2
2026-07-13 23:56:00,0.592,218,2
2026-07-14 00:02:00,0.681,227,2
2026-07-14 00:08:00,0.531,213,2
2026-07-14 00:14:00,0.487,228,2
2026-07-14 00:20:00,0.466,207,2
2026-07-14 00:26:00,0.442,206,2
2026-07-14 00:32:00,0.639,215,2
2026-07-14 00:38:00,0.489,226,2
2026-07-14 00:44:00,0.428,206,2
2026-07-14 00:50:00,0.247,242,2
2026-07-14 00:56:00,0.356,244,2
2026-07-14 01:02:00,0.294,221,2
2026-07-14 01:08:00,0.221,224,2
2026-07-14 01:14:00,0.255,197,2
2026-07-14 01:20:00,0.107,180,2
2026-07-14 01:26:00,0.077,158,2
2026-07-14 01:32:00,0.119,109,2
2026-07-14 01:38:00,0.088,80,2
2026-07-14 01:44:00,0.052,33,2
2026-07-14 01:50:00,0.07,35,2
2026-07-14 01:56:00,0.04,24,2
2026-07-14 02:02:00,0.125,45,2
2026-07-14 02:08:00,0.28,22,2
2026-07-14 02:14:00,0.284,18,2
2026-07-14 02:20:00,0.372,26,2
2026-07-14 02:26:00,0.449,22,2
2026-07-14 02:32:00,0.495,39,2
2026-07-14 02:38:00,0.551,25,2
2026-07-14 02:44:00,0.631,22,2
2026-07-14 02:50:00,0.677,20,2
2026-07-14 02:56:00,0.63,14,2
2026-07-14 03:02:00,0.714,37,2
2026-07-14 03:08:00,0.699,22,2
2026-07-14 03:14:00,0.722,29,2
2026-07-14 03:20:00,0.869,38,2
2026-07-14 03:26:00,0.807,28,2
2026-07-14 03:32:00,0.94,6,2
2026-07-14 03:38:00,0.956,17,2
2026-07-14 03:44:00,0.997,15,2
2026-07-14 03:50:00,0.968,4,2
2026-07-14 03:56:00,0.932,10,2
2026-07-14 04:02:00,0.954,16,2
2026-07-14 04:08:00,1.002,36,2
2026-07-14 04:14:00,1.037,18,2
2026-07-14 04:20:00,1.194,16,2
2026-07-14 04:26:00,1.094,17,2
2026-07-14 04:32:00,1.115,22,2
2026-07-14 04:38:00,1.184,17,2
2026-07-14 04:44:00,1.191,18,2
2026-07-14 04:50:00,1.279,29,2
2026-07-14 04:56:00,1.233,6,2
2026-07-14 05:02:00,1.185,30,2
2026-07-14 05:08:00,1.15,14,2
2026-07-14 05:14:00,1.089,13,2
2026-07-14 05:20:00,1.078,2,2
2026-07-14 05:26:00,1.122,13,2
2026-07-14 05:32:00,0.982,15,2
2026-07-14 05:38:00,1.011,24,2
2026-07-14 05:44:00,1.013,5,2
2026-07-14 05:50:00,0.98,25,2
2026-07-14 05:56:00,0.932,25,2
2026-07-14 06:02:00,0.87,13,2
2026-07-14 06:08:00,0.872,31,2
2026-07-14 06:14:00,0.796,13,2
2026-07-14 06:20:00,0.825,21,2
2026-07-14 06:26:00,0.791,32,2
2026-07-14 06:32:00,0.689,39,2
2026-07-14 06:38:00,0.759,13,2
2026-07-14 06:44:00,0.615,9,2
2026-07-14 06:50:00,0.671,12,2
2026-07-14 06:56:00,0.586,12,2
2026-07-14 07:02:00,0.442,9,2
2026-07-14 07:08:00,0.436,6,2
2026-07-14 07:14:00,0.468,7,2
2026-07-14 07:20:00,0.409,25,2
2026-07-14 07:26:00,0.401,5,2
2026-07-14 07:32:00,0.291,13,2
2026-07-14 07:38:00,0.223,15,2
2026-07-14 07:44:00,0.17,15,2
2026-07-14 07:50:00,0.173,12,2
2026-07-14 07:56:00,0.092,29,2
2026-07-14 08:02:00,0.068,19,2
2026-07-14 08:08:00,0.18,71,2
2026-07-14 08:14:00,0.129,217,2
2026-07-14 08:20:00,0.072,1,2
2026-07-14 08:26:00,0.068,170,2
2026-07-14 08:32:00,0.03,55,2
2026-07-14 08:38:00,0.133,227,2
2026-07-14 08:44:00,0.181,249,2
2026-07-14 08:50:00,0.19,284,2
2026-07-14 08:56:00,0.284,206,2
2026-07-14 09:02:00,0.25,216,2
2026-07-14 09:08:00,0.452,222,2
2026-07-14 09:14:00,0.428,247,2
2026-07-14 09:20:00,0.505,200,2
2026-07-14 09:26:00,0.296,263,2
2026-07-14 09:32:00,0.454,190,2
2026-07-14 09:38:00,0.716,218,2
2026-07-14 09:44:00,0.595,239,2
2026-07-14 09:50:00,0.532,234,2
2026-07-14 09:56:00,0.719,251,2
2026-07-14 10:02:00,0.786,219,2
2026-07-14 10:08:00,0.692,233,2
2026-07-14 10:14:00,0.723,238,2
2026-07-14 10:20:00,0.775,221,2
2026-07-14 10:26:00,0.727,213,2
2026-07-14 10:32:00,0.708,217,2
2026-07-14 10:38:00,0.77,247,2
2026-07-14 10:44:00,0.792,202,2
2026-07-14 10:50:00,0.874,208,2
2026-07-14 10:56:00,0.796,226,2
2026-07-14 11:02:00,0.923,234,2
2026-07-14 11:08:00,0.88,220,2
2026-07-14 11:14:00,1.047,209,2
2026-07-14 11:20:00,1.108,216,2
2026-07-14 11:26:00,1.214,206,2
2026-07-14 11:32:00,1.238,221,2
2026-07-14 11:38:00,1.143,220,2
2026-07-14 11:44:00,1.237,229,2
2026-07-14 11:50:00,1.23,211,2
2026-07-14 11:56:00,1.183,209,2
2026-07-14 12:02:00,1.254,210,2
2026-07-14 12:08:00,1.334,238,2
2026-07-14 12:14:00,1.421,215,2
2026-07-14 12:20:00,1.402,216,2
2026-07-14 12:26:00,1.405,227,2
2026-07-14 12:32:00,1.393,212,2
2026-07-14 12:38:00,1.311,222,2
2026-07-14 12:44:00,1.441,202,2
2026-07-14 12:50:00,1.38,225,2
2026-07-14 12:56:00,1.344,241,2
2026-07-14 13:02:00,1.237,238,2
2026-07-14 13:08:00,0.95,225,2
2026-07-14 13:14:00,0.986,217,2
2026-07-14 13:20:00,1.137,236,2
2026-07-14 13:26:00,1.047,234,2
2026-07-14 13:32:00,1.078,248,2
2026-07-14 13:38:00,1.131,213,2
2026-07-14 13:44:00,1.006,226,2
2026-07-14 13:50:00,1.037,204,2
2026-07-14 13:56:00,0.926,223,2
2026-07-14 14:02:00,1.042,217,2
2026-07-14 14:08:00,1.019,215,2
2026-07-14 14:14:00,0.965,212,2
2026-07-14 14:20:00,0.848,231,2
2026-07-14 14:26:00,0.851,215,2
2026-07-14 14:32:00,0.769,207,2
2026-07-14 14:38:00,0.733,230,2
2026-07-14 14:44:00,0.631,214,2
2026-07-14 14:50:00,0.726,199,2
2026-07-14 14:56:00,0.668,210,2
2026-07-14 15:02:00,0.532,214,2
2026-07-14 15:08:00,0.562,223,2
2026-07-14 15:14:00,0.45,220,2
2026-07-14 15:20:00,0.477,215,2
2026-07-14 15:26:00,0.367,242,2
2026-07-14 15:32:00,0.356,236,2
2026-07-14 15:38:00,0.166,172,2
2026-07-14 15:44:00,0.046,156,2
2026-07-14 15:50:00,0.051,158,2
2026-07-14 15:56:00,0.202,17,2
2026-07-14 16:02:00,0.181,3,2
2026-07-14 16:08:00,0.18,355,2
2026-07-14 16:14:00,0.123,12,2
2026-07-14 16:20:00,0.257,351,2
2026-07-14 16:26:00,0.312,12,2
2026-07-14 16:32:00,0.331,8,2
2026-07-14 16:38:00,0.28,356,2
2026-07-14 16:44:00,0.337,346,2
2026-07-14 16:50:00,0.501,340,2
2026-07-14 16:56:00,0.524,4,2
2026-07-14 17:02:00,0.555,356,2
2026-07-14 17:08:00,0.642,12,2
2026-07-14 17:14:00,0.676,14,2
2026-07-14 17:20:00,0.672,11,2
2026-07-14 17:26:00,0.618,16,2
2026-07-14 17:32:00,0.592,21,2
2026-07-14 17:38:00,0.56,20,2
2026-07-14 17:44:00,0.584,22,2
2026-07-14 17:50:00,0.583,39,2
2026-07-14 17:56:00,0.551,24,2
2026-07-14 18:02:00,0.65,21,2
2026-07-14 18:08:00,0.553,28,2
2026-07-14 18:14:00,0.602,25,2
2026-07-14 18:20:00,0.539,20,2
2026-07-14 18:26:00,0.577,35,2
2026-07-14 18:32:00,0.743,29,2
2026-07-14 18:38:00,0.627,18,2
2026-07-14 18:44:00,0.565,23,2
2026-07-14 18:50:00,0.572,23,2
2026-07-14 18:56:00,0.716,30,2
2026-07-14 19:02:00,0.69,27,2
2026-07-14 19:08:00,0.776,22,2
2026-07-14 19:14:00,0.727,21,2
2026-07-14 19:20:00,0.608,17,2
2026-07-14 19:26:00,0.609,18,2
2026-07-14 19:32:00,0.583,4,2
2026-07-14 19:38:00,0.643,26,2
2026-07-14 19:44:00,0.49,10,2
2026-07-14 19:50:00,0.574,357,2
2026-07-14 19:56:00,0.475,13,2
2026-07-14 20:02:00,0.477,359,2
2026-07-14 20:08:00,0.487,359,2
2026-07-14 20:14:00,0.41,347,2
2026-07-14 20:20:00,0.358,342,2
2026-07-14 20:26:00,0.343,358,2
2026-07-14 20:32:00,0.353,337,2
2026-07-14 20:38:00,0.412,348,2
2026-07-14 20:44:00,0.3,321,2
2026-07-14 20:50:00,0.082,33,2
2026-07-14 20:56:00,0.054,78,2
2026-07-14 21:02:00,0.181,8,2
2026-07-14 21:08:00,0.187,347,2
2026-07-14 21:14:00,0.15,346,2
2026-07-14 21:20:00,0.089,248,2
2026-07-14 21:26:00,0.185,261,2
2026-07-14 21:32:00,0.095,148,2
2026-07-14 21:38:00,0.132,154,2
2026-07-14 21:44:00,0.108,233,2
2026-07-14 21:50:00,0.201,157,2
2026-07-14 21:56:00,0.192,207,2
2026-07-14 22:02:00,0.219,197,2
2026-07-14 22:08:00,0.406,202,2
2026-07-14 22:14:00,0.377,177,2
2026-07-14 22:20:00,0.466,199,2
2026-07-14 22:26:00,0.44,202,2
2026-07-14 22:32:00,0.48,194,2
2026-07-14 22:38:00,0.539,205,2
2026-07-14 22:44:00,0.552,210,2
2026-07-14 22:50:00,0.677,209,2
2026-07-14 22:56:00,0.656,213,2
2026-07-14 23:02:00,0.752,222,2
2026-07-14 23:08:00,0.818,204,2
2026-07-14 23:14:00,0.771,230,2
2026-07-14 23:20:00,1.001,203,2
2026-07-14 23:26:00,1.02,214,2
2026-07-14 23:32:00,1.065,214,2
2026-07-14 23:38:00,0.965,212,2
2026-07-14 23:44:00,0.972,225,2
2026-07-14 23:50:00,0.916,242,2
2026-07-14 23:56:00,0.926,208,2
2026-07-15 00:02:00,0.855,215,2
2026-07-15 00:08:00,0.979,225,2
2026-07-15 00:14:00,0.972,216,2
2026-07-15 00:20:00,0.972,203,2
2026-07-15 00:26:00,1.021,226,2
2026-07-15 00:32:00,0.932,217,2
2026-07-15 00:38:00,0.95,214,2
2026-07-15 00:44:00,1.05,208,2
2026-07-15 00:50:00,1.005,215,2
2026-07-15 00:56:00,1.022,222,2
2026-07-15 01:02:00,1.077,217,2
2026-07-15 01:08:00,0.961,210,2
2026-07-15 01:14:00,0.866,211,2
2026-07-15 01:20:00,0.924,212,2
2026-07-15 01:26:00,0.891,206,2
2026-07-15 01:32:00,0.826,200,2
2026-07-15 01:38:00,0.767,229,2
2026-07-15 01:44:00,0.746,216,2
2026-07-15 01:50:00,0.731,232,2
2026-07-15 01:56:00,0.619,212,2
2026-07-15 02:02:00,0.471,198,2
2026-07-15 02:08:00,0.485,263,2
2026-07-15 02:14:00,0.441,246,2
2026-07-15 02:20:00,0.371,288,2
2026-07-15 02:26:00,0.289,250,2
2026-07-15 02:32:00,0.161,307,2
2026-07-15 02:38:00,0.15,97,2
2026-07-15 02:44:00,0.121,246,2
2026-07-15 02:50:00,0.175,300,2
2026-07-15 02:56:00,0.298,312,2
2026-07-15 03:02:00,0.25,322,2
2026-07-15 03:08:00,0.256,310,2
2026-07-15 03:14:00,0.38,332,2
2026-07-15 03:20:00,0.256,328,2
2026-07-15 03:26:00,0.431,1,2
2026-07-15 03:32:00,0.503,19,2
2026-07-15 03:38:00,0.549,10,2
2026-07-15 03:44:00,0.558,343,2
2026-07-15 03:50:00,0.555,2,2
2026-07-15 03:56:00,0.616,11,2
2026-07-15 04:02:00,0.725,359,2
2026-07-15 04:08:00,0.727,16,2
2026-07-15 04:14:00,0.822,4,2
2026-07-15 04:20:00,0.71,14,2
2026-07-15 04:26:00,0.711,21,2
2026-07-15 04:32:00,0.87,13,2
2026-07-15 04:38:00,0.833,21,2
2026-07-15 04:44:00,0.954,3,2
2026-07-15 04:50:00,1.015,6,2
2026-07-15 04:56:00,0.899,7,2
2026-07-15 05:02:00,0.904,11,2
2026-07-15 05:08:00,0.95,0,2
2026-07-15 05:14:00,0.945,15,2
2026-07-15 05:20:00,0.92,25,2
2026-07-15 05:26:00,1.037,1,2
2026-07-15 05:32:00,1.072,27,2
2026-07-15 05:38:00,1.056,9,2
2026-07-15 05:44:00,1.073,16,2
2026-07-15 05:50:00,1.013,25,2
2026-07-15 05:56:00,1.005,16,2
2026-07-15 06:02:00,1.112,29,2
2026-07-15 06:08:00,1.07,21,2
2026-07-15 06:14:00,1.025,22,2
2026-07-15 06:20:00,1.006,33,2
2026-07-15 06:26:00,1.006,5,2
2026-07-15 06:32:00,0.954,15,2
2026-07-15 06:38:00,1.045,8,2
2026-07-15 06:44:00,0.996,13,2
2026-07-15 06:50:00,1.003,22,2
2026-07-15 06:56:00,1.009,22,2
2026-07-15 07:02:00,0.915,14,2
2026-07-15 07:08:00,0.816,14,2
2026-07-15 07:14:00,0.931,6,2
2026-07-15 07:20:00,0.89,20,2
2026-07-15 07:26:00,0.774,14,2
2026-07-15 07:32:00,0.676,23,2
2026-07-15 07:38:00,0.781,17,2
2026-07-15 07:44:00,0.619,19,2
2026-07-15 07:50:00,0.644,10,2
2026-07-15 07:56:00,0.652,5,2
2026-07-15 08:02:00,0.542,358,2
2026-07-15 08:08:00,0.495,359,2
2026-07-15 08:14:00,0.504,9,2
2026-07-15 08:20:00,0.471,17,2
2026-07-15 08:26:00,0.361,10,2
2026-07-15 08:32:00,0.276,32,2
2026-07-15 08:38:00,0.278,7,2
2026-07-15 08:44:00,0.027,262,2
2026-07-15 08:50:00,0.09,310,2
2026-07-15 08:56:00,0.151,304,2
2026-07-15 09:02:00,0.349,353,2
2026-07-15 09:08:00,0.05,321,2
2026-07-15 09:14:00,0.193,183,2
2026-07-15 09:20:00,0.262,97,2
2026-07-15 09:26:00,0.103,214,2
2026-07-15 09:32:00,0.068,199,2
2026-07-15 09:38:00,0.147,211,2
2026-07-15 09:44:00,0.121,196,2
2026-07-15 09:50:00,0.159,159,2
2026-07-15 09:56:00,0.149,181,2
2026-07-15 10:02:00,0.236,157,2
2026-07-15 10:08:00,0.381,198,2
2026-07-15 10:14:00,0.306,207,2
2026-07-15 10:20:00,0.356,184,2
2026-07-15 10:26:00,0.322,223,2
2026-07-15 10:32:00,0.481,232,2
2026-07-15 10:38:00,0.43,223,2
2026-07-15 10:44:00,0.55,223,2
2026-07-15 10:50:00,0.653,229,2
2026-07-15 10:56:00,0.699,232,2
2026-07-15 11:02:00,0.671,216,2
2026-07-15 11:08:00,0.74,224,2
2026-07-15 11:14:00,0.816,199,2
2026-07-15 11:20:00,0.656,224,2
2026-07-15 11:26:00,0.71,206,2
2026-07-15 11:32:00,1.017,210,2
2026-07-15 11:38:00,0.907,213,2
2026-07-15 11:44:00,0.955,237,2
2026-07-15 11:50:00,1.039,205,2
2026-07-15 11:56:00,1.038,226,2
2026-07-15 12:02:00,1.134,227,2
2026-07-15 12:08:00,1.447,196,2
2026-07-15 12:14:00,1.33,196,2
2026-07-15 12:20:00,1.059,208,2
2026-07-15 12:26:00,1.264,197,2
2026-07-15 12:32:00,1.281,207,2
2026-07-15 12:38:00,1.287,204,2
2026-07-15 12:44:00,1.422,212,2
2026-07-15 12:50:00,1.371,212,2
2026-07-15 12:56:00,1.442,203,2
2026-07-15 13:02:00,1.584,219,2
2026-07-15 13:08:00,1.572,209,2
2026-07-15 13:14:00,1.562,219,2
2026-07-15 13:20:00,1.49,209,2
2026-07-15 13:26:00,1.537,206,2
2026-07-15 13:32:00,1.711,213,2
2026-07-15 13:38:00,1.62,224,2
2026-07-15 13:44:00,1.427,218,2
2026-07-15 13:50:00,1.399,204,2
2026-07-15 13:56:00,1.366,207,2
2026-07-15 14:02:00,1.406,233,2
2026-07-15 14:08:00,1.243,209,2
2026-07-15 14:14:00,1.18,226,2
2026-07-15 14:20:00,1.323,203,2
2026-07-15 14:26:00,1.211,208,2
2026-07-15 14:32:00,0.959,211,2
2026-07-15 14:38:00,1.014,215,2
2026-07-15 14:44:00,0.973,237,2
2026-07-15 14:50:00,1.073,206,2
2026-07-15 14:56:00,1.045,213,2
2026-07-15 15:02:00,1.136,229,2
2026-07-15 15:08:00,1.1,234,2
2026-07-15 15:14:00,0.981,239,2
2026-07-15 15:20:00,1.016,209,2
2026-07-15 15:26:00,0.932,205,2
2026-07-15 15:32:00,0.826,207,2
2026-07-15 15:38:00,0.867,219,2
2026-07-15 15:44:00,0.739,195,2
2026-07-15 15:50:00,0.844,219,2
2026-07-15 15:56:00,0.752,235,2
2026-07-15 16:02:00,0.63,191,2
2026-07-15 16:08:00,0.615,230,2
2026-07-15 16:14:00,0.645,226,2
2026-07-15 16:20:00,0.669,199,2
2026-07-15 16:26:00,0.609,211,2
2026-07-15 16:32:00,0.373,270,2
2026-07-15 16:38:00,0.466,225,2
2026-07-15 16:44:00,0.348,261,2
2026-07-15 16:50:00,0.191,238,2
2026-07-15 16:56:00,0.268,249,2
2026-07-15 17:02:00,0.261,236,2
2026-07-15 17:08:00,0.176,242,2
2026-07-15 17:14:00,0.095,179,2
2026-07-15 17:20:00,0.117,258,2
2026-07-15 17:26:00,0.091,260,2
2026-07-15 17:32:00,0.161,312,2
2026-07-15 17:38:00,0.102,322,2
2026-07-15 17:44:00,0.231,329,2
2026-07-15 17:50:00,0.322,353,2
2026-07-15 17:56:00,0.311,12,2
2026-07-15 18:02:00,0.227,334,2
2026-07-15 18:08:00,0.268,354,2
2026-07-15 18:14:00,0.372,359,2
2026-07-15 18:20:00,0.376,344,2
2026-07-15 18:26:00,0.391,11,2
2026-07-15 18:32:00,0.459,29,2
2026-07-15 18:38:00,0.444,13,2
2026-07-15 18:44:00,0.48,22,2
2026-07-15 18:50:00,0.517,36,2
2026-07-15 18:56:00,0.441,57,2
2026-07-15 19:02:00,0.386,26,2
2026-07-15 19:08:00,0.517,4,2
2026-07-15 19:14:00,0.538,21,2
2026-07-15 19:20:00,0.435,8,2
2026-07-15 19:26:00,0.476,10,2
2026-07-15 19:32:00,0.423,1,2
2026-07-15 19:38:00,0.515,10,2
2026-07-15 19:44:00,0.493,5,2
2026-07-15 19:50:00,0.62,3,2
2026-07-15 19:56:00,0.602,9,2
2026-07-15 20:02:00,0.658,28,2
2026-07-15 20:08:00,0.542,33,2
2026-07-15 20:14:00,0.561,44,2
2026-07-15 20:20:00,0.578,51,2
2026-07-15 20:26:00,0.545,28,2
2026-07-15 20:32:00,0.493,50,2
2026-07-15 20:38:00,0.493,51,2
2026-07-15 20:44:00,0.378,25,2
2026-07-15 20:50:00,0.441,34,2
2026-07-15 20:56:00,0.29,45,2
2026-07-15 21:02:00,0.333,32,2
2026-07-15 21:08:00,0.29,24,2
2026-07-15 21:14:00,0.22,54,2
2026-07-15 21:20:00,0.133,74,2
2026-07-15 21:26:00,0.114,58,2
2026-07-15 21:32:00,0.164,85,2
2026-07-15 21:38:00,0.122,87,2
2026-07-15 21:44:00,0.136,102,2
2026-07-15 21:50:00,0.182,85,2
2026-07-15 21:56:00,0.095,148,2
2026-07-15 22:02:00,0.186,185,2
2026-07-15 22:08:00,0.052,153,2
2026-07-15 22:14:00,0.129,156,2
2026-07-15 22:20:00,0.219,144,2
2026-07-15 22:26:00,0.289,144,2
2026-07-15 22:32:00,0.357,164,2
2026-07-15 22:38:00,0.51,193,2
2026-07-15 22:44:00,0.532,215,2
2026-07-15 22:50:00,0.594,206,2
2026-07-15 22:56:00,0.555,216,2
2026-07-15 23:02:00,0.583,212,2
2026-07-15 23:08:00,0.483,210,2
2026-07-15 23:14:00,0.598,200,2
2026-07-15 23:20:00,0.664,228,2
2026-07-15 23:26:00,0.704,195,2
2026-07-15 23:32:00,0.658,200,2
2026-07-15 23:38:00,0.815,180,2
2026-07-15 23:44:00,0.973,199,2
2026-07-15 23:50:00,0.985,223,2
2026-07-15 23:56:00,0.986,223,2
2026-07-16 00:02:00,0.91,214,2
2026-07-16 00:08:00,0.905,204,2
2026-07-16 00:14:00,0.962,202,2
2026-07-16 00:20:00,0.946,216,2
2026-07-16 00:26:00,0.913,231,2
2026-07-16 00:32:00,0.832,237,2
2026-07-16 00:38:00,0.941,243,2
2026-07-16 00:44:00,0.921,220,2
2026-07-16 00:50:00,1.018,219,2
2026-07-16 00:56:00,0.993,224,2
2026-07-16 01:02:00,0.989,219,2
2026-07-16 01:08:00,0.876,232,2
2026-07-16 01:14:00,0.913,226,2
2026-07-16 01:20:00,1.067,227,2
2026-07-16 01:26:00,0.988,238,2
2026-07-16 01:32:00,0.976,248,2
2026-07-16 01:38:00,0.984,204,2
2026-07-16 01:44:00,0.912,238,2
2026-07-16 01:50:00,0.912,246,2
2026-07-16 01:56:00,0.839,240,2
2026-07-16 02:02:00,0.844,205,2
2026-07-16 02:08:00,0.826,215,2
2026-07-16 02:14:00,0.76,225,2
2026-07-16 02:20:00,0.716,216,2
2026-07-16 02:26:00,0.661,244,2
2026-07-16 02:32:00,0.614,207,2
2026-07-16 02:38:00,0.592,250,2
2026-07-16 02:44:00,0.548,247,2
2026-07-16 02:50:00,0.595,228,2
2026-07-16 02:56:00,0.603,226,2
2026-07-16 03:02:00,0.591,225,2
2026-07-16 03:08:00,0.492,211,2
2026-07-16 03:14:00,0.403,243,2
2026-07-16 03:20:00,0.37,222,2
2026-07-16 03:26:00,0.255,234,2
2026-07-16 03:32:00,0.248,210,2
2026-07-16 03:38:00,0.215,234,2
2026-07-16 03:44:00,0.086,287,2
2026-07-16 03:50:00,0.137,317,2
2026-07-16 03:56:00,0.189,311,2
2026-07-16 04:02:00,0.15,348,2
2026-07-16 04:08:00,0.214,19,2
2026-07-16 04:14:00,0.227,24,2
2026-07-16 04:20:00,0.345,28,2
2026-07-16 04:26:00,0.393,21,2
2026-07-16 04:32:00,0.49,1,2
2026-07-16 04:38:00,0.7,23,2
2026-07-16 04:44:00,0.677,22,2
2026-07-16 04:50:00,0.762,20,2
2026-07-16 04:56:00,0.694,21,2
2026-07-16 05:02:00,0.789,29,2
2026-07-16 05:08:00,0.803,27,2
2026-07-16 05:14:00,0.74,21,2
2026-07-16 05:20:00,0.742,21,2
2026-07-16 05:26:00,0.716,22,2
2026-07-16 05:32:00,0.781,7,2
2026-07-16 05:38:00,0.91,3,2
2026-07-16 05:44:00,0.879,19,2
2026-07-16 05:50:00,0.871,11,2
2026-07-16 05:56:00,0.969,4,2
2026-07-16 06:02:00,0.885,12,2
2026-07-16 06:08:00,0.931,18,2
2026-07-16 06:14:00,0.682,28,2
2026-07-16 06:20:00,0.951,29,2
2026-07-16 06:26:00,1.054,19,2
2026-07-16 06:32:00,0.994,16,2
2026-07-16 06:38:00,0.958,16,2
2026-07-16 06:44:00,0.923,352,2
2026-07-16 06:50:00,0.928,26,2
2026-07-16 06:56:00,0.928,26,2
2026-07-16 07:02:00,0.847,26,2
2026-07-16 07:08:00,0.827,37,2
2026-07-16 07:14:00,0.915,11,2
2026-07-16 07:20:00,0.884,18,2
2026-07-16 07:26:00,0.91,21,2
2026-07-16 07:32:00,0.85,6,2
2026-07-16 07:38:00,0.959,9,2
2026-07-16 07:44:00,0.858,25,2
2026-07-16 07:50:00,0.834,33,2
2026-07-16 07:56:00,0.817,17,2
2026-07-16 08:02:00,0.797,4,2
2026-07-16 08:08:00,0.788,30,2
2026-07-16 08:14:00,0.715,23,2
2026-07-16 08:20:00,0.704,11,2
2026-07-16 08:26:00,0.696,16,2
2026-07-16 08:32:00,0.675,35,2
2026-07-16 08:38:00,0.719,16,2
2026-07-16 08:44:00,0.514,5,2
2026-07-16 08:50:00,0.551,7,2
2026-07-16 08:56:00,0.545,28,2
2026-07-16 09:02:00,0.49,9,2
2026-07-16 09:08:00,0.359,19,2
2026-07-16 09:14:00,0.427,57,2
2026-07-16 09:20:00,0.398,26,2
2026-07-16 09:26:00,0.281,38,2
2026-07-16 09:32:00,0.252,27,2
2026-07-16 09:38:00,0.18,5,2
2026-07-16 09:44:00,0.148,178,2
2026-07-16 09:50:00,0.16,95,2
2026-07-16 09:56:00,0.182,93,2
2026-07-16 10:02:00,0.113,109,2
2026-07-16 10:08:00,0.203,193,2
2026-07-16 10:14:00,0.134,159,2
2026-07-16 10:20:00,0.169,215,2
2026-07-16 10:26:00,0.181,165,2
2026-07-16 10:32:00,0.371,190,2
2026-07-16 10:38:00,0.406,178,2
2026-07-16 10:44:00,0.351,217,2
2026-07-16 10:50:00,0.429,199,2
2026-07-16 10:56:00,0.454,200,2
2026-07-16 11:02:00,0.444,218,2
2026-07-16 11:08:00,0.501,212,2
2026-07-16 11:14:00,0.413,219,2
2026-07-16 11:20:00,0.546,242,2
2026-07-16 11:26:00,0.515,194,2
2026-07-16 11:32:00,0.506,204,2
2026-07-16 11:38:00,0.532,205,2
2026-07-16 11:44:00,0.558,213,2
2026-07-16 11:50:00,0.546,203,2
2026-07-16 11:56:00,0.796,223,2
2026-07-16 12:02:00,0.698,201,2
2026-07-16 12:08:00,0.799,213,2
2026-07-16 12:14:00,0.767,215,2
2026-07-16 12:20:00,0.789,210,2
2026-07-16 12:26:00,0.766,215,2
2026-07-16 12:32:00,0.964,222,2
2026-07-16 12:38:00,0.899,229,2
2026-07-16 12:44:00,0.847,211,2
2026-07-16 12:50:00,0.852,216,2
2026-07-16 12:56:00,0.891,225,2
2026-07-16 13:02:00,0.981,205,2
2026-07-16 13:08:00,0.996,196,2
2026-07-16 13:14:00,0.974,227,2
2026-07-16 13:20:00,0.923,240,2
2026-07-16 13:26:00,1.026,215,2
2026-07-16 13:32:00,0.931,240,2
2026-07-16 13:38:00,0.947,225,2
2026-07-16 13:44:00,0.843,194,2
2026-07-16 13:50:00,1.005,201,2
2026-07-16 13:56:00,1.091,198,2
2026-07-16 14:02:00,1.184,224,2
2026-07-16 14:08:00,1.212,205,2
2026-07-16 14:14:00,1.142,227,2
2026-07-16 14:20:00,1.236,216,2
2026-07-16 14:26:00,1.142,210,2
2026-07-16 14:32:00,1.203,193,2
2026-07-16 14:38:00,1.104,220,2
2026-07-16 14:44:00,1.112,190,2
2026-07-16 14:50:00,1.193,234,2
2026-07-16 14:56:00,0.977,210,2
2026-07-16 15:02:00,1.055,203,2
2026-07-16 15:08:00,0.961,230,2
2026-07-16 15:14:00,0.996,211,2
2026-07-16 15:20:00,0.884,229,2
2026-07-16 15:26:00,0.868,230,2
2026-07-16 15:32:00,0.943,215,2
2026-07-16 15:38:00,0.926,215,2
2026-07-16 15:44:00,0.732,221,2
2026-07-16 15:50:00,0.65,210,2
2026-07-16 15:56:00,0.596,184,2
2026-07-16 16:02:00,0.654,216,2
2026-07-16 16:08:00,0.456,246,2
2026-07-16 16:14:00,0.367,204,2
2026-07-16 16:20:00,0.587,202,2
2026-07-16 16:26:00,0.568,225,2
2026-07-16 16:32:00,0.467,222,2
2026-07-16 16:38:00,0.49,211,2
2026-07-16 16:44:00,0.352,223,2
2026-07-16 16:50:00,0.395,247,2
2026-07-16 16:56:00,0.401,226,2
2026-07-16 17:02:00,0.173,261,2
2026-07-16 17:08:00,0.19,276,2
2026-07-16 17:14:00,0.3,233,2
2026-07-16 17:20:00,0.088,286,2
2026-07-16 17:26:00,0.199,279,2
2026-07-16 17:32:00,0.142,279,2
2026-07-16 17:38:00,0.15,296,2
2026-07-16 17:44:00,0.137,309,2
2026-07-16 17:50:00,0.29,348,2
2026-07-16 17:56:00,0.256,333,2
2026-07-16 18:02:00,0.437,356,2
2026-07-16 18:08:00,0.381,2,2
2026-07-16 18:14:00,0.402,3,2
2026-07-16 18:20:00,0.418,354,2
2026-07-16 18:26:00,0.534,3,2
2026-07-16 18:32:00,0.613,2,2
2026-07-16 18:38:00,0.601,5,2
2026-07-16 18:44:00,0.597,12,2
2026-07-16 18:50:00,0.651,13,2
2026-07-16 18:56:00,0.676,5,2
2026-07-16 19:02:00,0.632,4,2
2026-07-16 19:08:00,0.634,19,2
2026-07-16 19:14:00,0.728,356,2
2026-07-16 19:20:00,0.663,2,2
2026-07-16 19:26:00,0.726,355,2
2026-07-16 19:32:00,0.732,15,2
2026-07-16 19:38:00,0.761,1,2
2026-07-16 19:44:00,0.752,0,2
2026-07-16 19:50:00,0.823,357,2
2026-07-16 19:56:00,0.805,358,2
2026-07-16 20:02:00,0.81,5,2
2026-07-16 20:08:00,0.744,2,2
2026-07-16 20:14:00,0.681,5,2
2026-07-16 20:20:00,0.621,11,2
2026-07-16 20:26:00,0.612,28,2
2026-07-16 20:32:00,0.654,34,2
2026-07-16 20:38:00,0.704,28,2
2026-07-16 20:44:00,0.645,25,2
2026-07-16 20:50:00,0.599,37,2
2026-07-16 20:56:00,0.607,36,2
2026-07-16 21:02:00,0.541,11,2
2026-07-16 21:08:00,0.531,24,2
2026-07-16 21:14:00,0.441,41,2
2026-07-16 21:20:00,0.359,20,2
2026-07-16 21:26:00,0.384,34,2
2026-07-16 21:32:00,0.367,46,2
2026-07-16 21:38:00,0.355,30,2
2026-07-16 21:44:00,0.202,47,2
2026-07-16 21:50:00,0.355,33,2
2026-07-16 21:56:00,0.182,23,2
2026-07-16 22:02:00,0.088,350,2
2026-07-16 22:08:00,0.146,351,2
2026-07-16 22:14:00,0.076,21,2
2026-07-16 22:20:00,0.07,195,2
2026-07-16 22:26:00,0.109,185,2
2026-07-16 22:32:00,0.145,195,2
2026-07-16 22:38:00,0.196,198,2
2026-07-16 22:44:00,0.147,211,2
2026-07-16 22:50:00,0.122,245,2
2026-07-16 22:56:00,0.158,229,2
2026-07-16 23:02:00,0.1,275,2
2026-07-16 23:08:00,0.254,224,2
2026-07-16 23:14:00,0.244,209,2
2026-07-16 23:20:00,0.295,258,2
2026-07-16 23:26:00,0.324,220,2
2026-07-16 23:32:00,0.473,232,2
2026-07-16 23:38:00,0.351,230,2
2026-07-16 23:44:00,0.514,198,2
2026-07-16 23:50:00,0.546,249,2
2026-07-16 23:56:00,0.62,214,2
2026-07-17 00:02:00,0.73,239,2
2026-07-17 00:08:00,0.645,206,2
2026-07-17 00:14:00,0.679,261,2
2026-07-17 00:20:00,0.685,202,2
2026-07-17 00:26:00,0.814,222,2
2026-07-17 00:32:00,0.846,209,2
2026-07-17 00:38:00,0.913,212,2
2026-07-17 00:44:00,0.943,219,2
2026-07-17 00:50:00,1.03,197,2
2026-07-17 00:56:00,1.046,206,2
2026-07-17 01:02:00,0.991,195,2
2026-07-17 01:08:00,1.033,202,2
2026-07-17 01:14:00,1.13,200,2
2026-07-17 01:20:00,1.129,213,2
2026-07-17 01:26:00,1.289,214,2
2026-07-17 01:32:00,1.124,234,2
2026-07-17 01:38:00,1.3,220,2
2026-07-17 01:44:00,1.236,223,2
2026-07-17 01:50:00,1.084,219,2
2026-07-17 01:56:00,1.211,208,2
2026-07-17 02:02:00,1.144,209,2
2026-07-17 02:08:00,1.168,208,2
2026-07-17 02:14:00,1.064,207,2
2026-07-17 02:20:00,1.103,218,2
2026-07-17 02:26:00,1.205,204,2
2026-07-17 02:32:00,1.082,215,2
2026-07-17 02:38:00,1.009,231,2
2026-07-17 02:44:00,0.934,185,2
2026-07-17 02:50:00,0.931,208,2
2026-07-17 02:56:00,1.008,230,2
2026-07-17 03:02:00,1.033,230,2
2026-07-17 03:08:00,1.009,223,2
2026-07-17 03:14:00,0.969,215,2
2026-07-17 03:20:00,0.907,225,2
2026-07-17 03:26:00,0.935,210,2
2026-07-17 03:32:00,0.963,208,2
2026-07-17 03:38:00,0.944,206,2
2026-07-17 03:44:00,0.886,205,2
2026-07-17 03:50:00,0.872,215,2
2026-07-17 03:56:00,0.665,206,2
2026-07-17 04:02:00,0.552,189,2
2026-07-17 04:08:00,0.553,196,2
2026-07-17 04:14:00,0.712,199,2
2026-07-17 04:20:00,0.418,216,2
2026-07-17 04:26:00,0.329,204,2
2026-07-17 04:32:00,0.214,205,2
2026-07-17 04:38:00,0.144,211,2
2026-07-17 04:44:00,0.037,226,2
2026-07-17 04:50:00,0.096,231,2
2026-07-17 04:56:00,0.077,318,2
2026-07-17 05:02:00,0.084,340,2
2026-07-17 05:08:00,0.177,352,2
2026-07-17 05:14:00,0.128,324,2
2026-07-17 05:20:00,0.272,333,2
2026-07-17 05:26:00,0.235,336,2
2026-07-17 05:32:00,0.293,5,2
2026-07-17 05:38:00,0.244,353,2
2026-07-17 05:44:00,0.246,344,2
2026-07-17 05:50:00,0.329,1,2
2026-07-17 05:56:00,0.265,51,2
2026-07-17 06:02:00,0.276,23,2
2026-07-17 06:08:00,0.279,46,2
2026-07-17 06:14:00,0.374,54,2
2026-07-17 06:20:00,0.401,41,2
2026-07-17 06:26:00,0.332,41,2
2026-07-17 06:32:00,0.423,23,2
2026-07-17 06:38:00,0.431,16,2
2026-07-17 06:44:00,0.482,30,2
2026-07-17 06:50:00,0.546,24,2
2026-07-17 06:56:00,0.476,15,2
2026-07-17 07:02:00,0.564,359,2
2026-07-17 07:08:00,0.622,8,2
2026-07-17 07:14:00,0.685,17,2
2026-07-17 07:20:00,0.696,26,2
2026-07-17 07:26:00,0.705,16,2
2026-07-17 07:32:00,0.708,27,2
2026-07-17 07:38:00,0.798,31,2
2026-07-17 07:44:00,0.724,17,2
2026-07-17 07:50:00,0.854,12,2
2026-07-17 07:56:00,0.822,16,2
2026-07-17 08:02:00,0.825,12,2
2026-07-17 08:08:00,0.847,9,2
2026-07-17 08:14:00,0.832,17,2
2026-07-17 08:20:00,0.837,13,2
2026-07-17 08:26:00,0.851,23,2
2026-07-17 08:32:00,0.79,13,2
2026-07-17 08:38:00,0.742,1,2
2026-07-17 08:44:00,0.742,19,2
2026-07-17 08:50:00,0.679,40,2
2026-07-17 08:56:00,0.705,34,2
2026-07-17 09:02:00,0.68,20,2
2026-07-17 09:08:00,0.706,49,2
2026-07-17 09:14:00,0.668,40,2
2026-07-17 09:20:00,0.51,41,2
2026-07-17 09:26:00,0.552,17,2
2026-07-17 09:32:00,0.452,42,2
2026-07-17 09:38:00,0.493,53,2
2026-07-17 09:44:00,0.45,76,2
2026-07-17 09:50:00,0.339,62,2
2026-07-17 09:56:00,0.319,56,2
2026-07-17 10:02:00,0.21,90,2
2026-07-17 10:08:00,0.319,54,2
2026-07-17 10:14:00,0.195,76,2
2026-07-17 10:20:00,0.177,50,2
2026-07-17 10:26:00,0.108,39,2
2026-07-17 10:32:00,0.087,52,2
2026-07-17 10:38:00,0.096,154,2
2026-07-17 10:44:00,0.121,216,2
2026-07-17 10:50:00,0.207,189,2
2026-07-17 10:56:00,0.214,241,2
2026-07-17 11:02:00,0.076,182,2
2026-07-17 11:08:00,0.234,213,2
2026-07-17 11:14:00,0.169,224,2
2026-07-17 11:20:00,0.239,249,2
2026-07-17 11:26:00,0.257,231,2
2026-07-17 11:32:00,0.293,191,2
2026-07-17 11:38:00,0.426,177,2
2026-07-17 11:44:00,0.509,202,2
2026-07-17 11:50:00,0.477,206,2
2026-07-17 11:56:00,0.492,221,2
2026-07-17 12:02:00,0.624,210,2
2026-07-17 12:08:00,0.546,222,2
2026-07-17 12:14:00,0.697,210,2
2026-07-17 12:20:00,0.727,221,2
2026-07-17 12:26:00,0.623,219,2
2026-07-17 12:32:00,0.737,233,2
2026-07-17 12:38:00,0.684,209,2
2026-07-17 12:44:00,0.75,209,2
2026-07-17 12:50:00,0.784,226,2
2026-07-17 12:56:00,0.822,214,2
2026-07-17 13:02:00,0.905,199,2
2026-07-17 13:08:00,0.894,233,2
2026-07-17 13:14:00,0.83,197,2
2026-07-17 13:20:00,0.9,206,2
2026-07-17 13:26:00,1.033,242,2
2026-07-17 13:32:00,1.079,194,2
2026-07-17 13:38:00,1.104,226,2
2026-07-17 13:44:00,0.794,243,2
2026-07-17 13:50:00,0.845,240,2
2026-07-17 13:56:00,0.808,248,2
2026-07-17 14:02:00,0.874,218,2
2026-07-17 14:08:00,0.982,216,2
2026-07-17 14:14:00,1.164,240,2
2026-07-17 14:20:00,1.154,216,2
2026-07-17 14:26:00,1.131,223,2
2026-07-17 14:32:00,1.156,233,2
2026-07-17 14:38:00,1.163,227,2
2026-07-17 14:44:00,1.195,226,2
2026-07-17 14:50:00,1.245,214,2
2026-07-17 14:56:00,1.21,203,2
2026-07-17 15:02:00,1.113,197,2
2026-07-17 15:08:00,1.156,218,2
2026-07-17 15:14:00,1.08,197,2
2026-07-17 15:20:00,0.974,204,2
2026-07-17 15:26:00,1.17,198,2
2026-07-17 15:32:00,1.132,224,2
2026-07-17 15:38:00,1.134,201,2
2026-07-17 15:44:00,1.107,186,2
2026-07-17 15:50:00,1.04,207,2
2026-07-17 15:56:00,1.165,202,2
2026-07-17 16:02:00,1.07,187,2
2026-07-17 16:08:00,1.16,229,2
2026-07-17 16:14:00,1.045,219,2
2026-07-17 16:20:00,0.948,199,2
2026-07-17 16:26:00,0.935,189,2
2026-07-17 16:32:00,0.854,200,2
2026-07-17 16:38:00,0.841,199,2
2026-07-17 16:44:00,0.839,222,2
2026-07-17 16:50:00,0.751,220,2
2026-07-17 16:56:00,0.712,218,2
2026-07-17 17:02:00,0.648,183,2
2026-07-17 17:08:00,0.644,185,2
2026-07-17 17:14:00,0.532,178,2
2026-07-17 17:20:00,0.483,219,2
2026-07-17 17:26:00,0.408,245,2
2026-07-17 17:32:00,0.375,238,2
2026-07-17 17:38:00,0.425,248,2
2026-07-17 17:44:00,0.402,246,2
2026-07-17 17:50:00,0.322,244,2
2026-07-17 17:56:00,0.246,249,2
2026-07-17 18:02:00,0.219,248,2
2026-07-17 18:08:00,0.019,324,2
2026-07-17 18:14:00,0.051,283,2
2026-07-17 18:20:00,0.139,285,2
2026-07-17 18:26:00,0.063,338,2
2026-07-17 18:32:00,0.264,42,2
2026-07-17 18:38:00,0.404,22,2
2026-07-17 18:44:00,0.307,32,2
2026-07-17 18:50:00,0.382,27,2
2026-07-17 18:56:00,0.507,10,2
2026-07-17 19:02:00,0.55,30,2
2026-07-17 19:08:00,0.587,38,2
2026-07-17 19:14:00,0.615,17,2
2026-07-17 19:20:00,0.609,10,2
2026-07-17 19:26:00,0.682,16,2
2026-07-17 19:32:00,0.687,16,2
2026-07-17 19:38:00,0.726,14,2
2026-07-17 19:44:00,0.715,12,2
2026-07-17 19:50:00,0.649,18,2
2026-07-17 19:56:00,0.77,22,2
2026-07-17 20:02:00,0.63,13,2
2026-07-17 20:08:00,0.693,4,2
2026-07-17 20:14:00,0.738,32,2
2026-07-17 20:20:00,0.774,34,2
2026-07-17 20:26:00,0.859,20,2
2026-07-17 20:32:00,0.845,20,2
2026-07-17 20:38:00,0.882,29,2
2026-07-17 20:44:00,0.787,41,2
2026-07-17 20:50:00,0.844,10,2
2026-07-17 20:56:00,0.928,28,2
2026-07-17 21:02:00,0.904,45,2
2026-07-17 21:08:00,0.851,18,2
2026-07-17 21:14:00,0.855,47,2
2026-07-17 21:20:00,0.899,48,2
2026-07-17 21:26:00,0.772,30,2
2026-07-17 21:32:00,0.8,26,2
2026-07-17 21:38:00,0.728,30,2
2026-07-17 21:44:00,0.705,35,2
2026-07-17 21:50:00,0.667,18,2
2026-07-17 21:56:00,0.668,32,2
2026-07-17 22:02:00,0.678,22,2
2026-07-17 22:08:00,0.69,20,2
2026-07-17 22:14:00,0.65,41,2
2026-07-17 22:20:00,0.593,37,2
2026-07-17 22:26:00,0.568,36,2
2026-07-17 22:32:00,0.558,39,2
2026-07-17 22:38:00,0.493,50,2
2026-07-17 22:44:00,0.478,43,2
2026-07-17 22:50:00,0.405,65,2
2026-07-17 22:56:00,0.246,94,2
2026-07-17 23:02:00,0.345,75,2
2026-07-17 23:08:00,0.25,83,2
2026-07-17 23:14:00,0.095,112,2
2026-07-17 23:20:00,0.146,80,2
2026-07-17 23:26:00,0.119,78,2
2026-07-17 23:32:00,0.106,129,2
2026-07-17 23:38:00,0.144,152,2
2026-07-17 23:44:00,0.118,148,2
2026-07-17 23:50:00,0.135,161,2
2026-07-17 23:56:00,0.162,133,2
2026-07-18 00:02:00,0.159,181,2
2026-07-18 00:08:00,0.214,190,2
2026-07-18 00:14:00,0.318,193,2
2026-07-18 00:20:00,0.217,190,2
2026-07-18 00:26:00,0.267,194,2
2026-07-18 00:32:00,0.306,209,2
2026-07-18 00:38:00,0.398,216,2
2026-07-18 00:44:00,0.487,209,2
2026-07-18 00:50:00,0.505,218,2
2026-07-18 00:56:00,0.557,221,2
2026-07-18 01:02:00,0.472,242,2
2026-07-18 01:08:00,0.587,220,2
2026-07-18 01:14:00,0.63,231,2
2026-07-18 01:20:00,0.556,219,2
2026-07-18 01:26:00,0.63,216,2
2026-07-18 01:32:00,0.66,229,2
2026-07-18 01:38:00,0.682,210,2
2026-07-18 01:44:00,0.575,237,2
2026-07-18 01:50:00,0.634,230,2
2026-07-18 01:56:00,0.604,236,2
2026-07-18 02:02:00,0.696,211,2
2026-07-18 02:08:00,0.689,221,2
2026-07-18 02:14:00,0.585,219,2
2026-07-18 02:20:00,0.588,243,2
2026-07-18 02:26:00,0.717,223,2
2026-07-18 02:32:00,0.794,202,2
2026-07-18 02:38:00,0.7,209,2
2026-07-18 02:44:00,0.606,221,2
2026-07-18 02:50:00,0.621,214,2
2026-07-18 02:56:00,0.634,223,2
2026-07-18 03:02:00,0.607,242,2
2026-07-18 03:08:00,0.516,231,2
2026-07-18 03:14:00,0.502,232,2
2026-07-18 03:20:00,0.559,205,2
2026-07-18 03:26:00,0.613,188,2
2026-07-18 03:32:00,0.554,224,2
2026-07-18 03:38:00,0.497,208,2
2026-07-18 03:44:00,0.51,201,2
2026-07-18 03:50:00,0.527,210,2
2026-07-18 03:56:00,0.444,205,2
2026-07-18 04:02:00,0.468,195,2
2026-07-18 04:08:00,0.378,199,2
2026-07-18 04:14:00,0.295,189,2
2026-07-18 04:20:00,0.337,229,2
2026-07-18 04:26:00,0.33,188,2
2026-07-18 04:32:00,0.314,205,2
2026-07-18 04:38:00,0.232,213,2
2026-07-18 04:44:00,0.122,195,2
2026-07-18 04:50:00,0.255,158,2
2026-07-18 04:56:00,0.123,190,2
2026-07-18 05:02:00,0.221,162,2
2026-07-18 05:08:00,0.178,162,2
2026-07-18 05:14:00,0.082,162,2
2026-07-18 05:20:00,0.107,115,2
2026-07-18 05:26:00,0.191,129,2
2026-07-18 05:32:00,0.031,108,2
2026-07-18 05:38:00,0.195,75,2
2026-07-18 05:44:00,0.038,54,2
2026-07-18 05:50:00,0.182,67,2
2026-07-18 05:56:00,0.208,58,2
2026-07-18 06:02:00,0.197,29,2
2026-07-18 06:08:00,0.252,40,2
2026-07-18 06:14:00,0.294,17,2
2026-07-18 06:20:00,0.337,33,2
2026-07-18 06:26:00,0.37,23,2
2026-07-18 06:32:00,0.465,25,2
2026-07-18 06:38:00,0.497,28,2
2026-07-18 06:44:00,0.627,32,2
2026-07-18 06:50:00,0.52,30,2
2026-07-18 06:56:00,0.712,18,2
2026-07-18 07:02:00,0.657,13,2
2026-07-18 07:08:00,0.767,14,2
2026-07-18 07:14:00,0.706,9,2
2026-07-18 07:20:00,0.775,9,2
2026-07-18 07:26:00,0.706,20,2
2026-07-18 07:32:00,0.752,7,2
2026-07-18 07:38:00,0.731,17,2
2026-07-18 07:44:00,0.77,27,2
2026-07-18 07:50:00,0.732,26,2
2026-07-18 07:56:00,0.741,30,2
2026-07-18 08:02:00,0.801,27,2
2026-07-18 08:08:00,0.833,15,2
2026-07-18 08:14:00,0.911,16,2
2026-07-18 08:20:00,0.884,16,2
2026-07-18 08:26:00,0.938,19,2
2026-07-18 08:32:00,0.899,7,2
2026-07-18 08:38:00,0.854,20,2
2026-07-18 08:44:00,0.907,8,2
2026-07-18 08:50:00,0.825,19,2
2026-07-18 08:56:00,0.704,7,2
2026-07-18 09:02:00,0.899,20,2
2026-07-18 09:08:00,0.88,18,2
2026-07-18 09:14:00,0.893,21,2
2026-07-18 09:20:00,0.855,8,2
2026-07-18 09:26:00,0.845,12,2
2026-07-18 09:32:00,0.786,15,2
2026-07-18 09:38:00,0.825,27,2
2026-07-18 09:44:00,0.789,16,2
2026-07-18 09:50:00,0.637,25,2
2026-07-18 09:56:00,0.6,19,2
2026-07-18 10:02:00,0.562,7,2
2026-07-18 10:08:00,0.517,46,2
2026-07-18 10:14:00,0.644,21,2
2026-07-18 10:20:00,0.445,12,2
2026-07-18 10:26:00,0.533,32,2
2026-07-18 10:32:00,0.498,35,2
2026-07-18 10:38:00,0.328,357,2
2026-07-18 10:44:00,0.281,27,2
2026-07-18 10:50:00,0.324,42,2
2026-07-18 10:56:00,0.258,44,2
2026-07-18 11:02:00,0.246,47,2
2026-07-18 11:08:00,0.182,68,2
2026-07-18 11:14:00,0.124,59,2
2026-07-18 11:20:00,0.12,293,2
2026-07-18 11:26:00,0.03,105,2
2026-07-18 11:32:00,0.058,201,2
2026-07-18 11:38:00,0.111,132,2
2026-07-18 11:44:00,0.088,120,2
2026-07-18 11:50:00,0.119,173,2
2026-07-18 11:56:00,0.101,185,2
2026-07-18 12:02:00,0.142,255,2
2026-07-18 12:08:00,0.136,258,2
2026-07-18 12:14:00,0.007,22,2
2026-07-18 12:20:00,0.043,168,2
2026-07-18 12:26:00,0.18,192,2
2026-07-18 12:32:00,0.139,197,2
2026-07-18 12:38:00,0.197,256,2
2026-07-18 12:44:00,0.172,221,2
2026-07-18 12:50:00,0.313,217,2
2026-07-18 12:56:00,0.217,236,2
2026-07-18 13:02:00,0.353,205,2
2026-07-18 13:08:00,0.287,211,2
2026-07-18 13:14:00,0.476,223,2
2026-07-18 13:20:00,0.398,258,2
2026-07-18 13:26:00,0.478,243,2
2026-07-18 13:32:00,0.408,278,2
2026-07-18 13:38:00,0.475,235,2
2026-07-18 13:44:00,0.464,245,2
2026-07-18 13:50:00,0.598,240,2
2026-07-18 13:56:00,0.525,244,2
2026-07-18 14:02:00,0.642,235,2
2026-07-18 14:08:00,0.653,220,2
2026-07-18 14:14:00,0.736,240,2
2026-07-18 14:20:00,0.666,238,2
2026-07-18 14:26:00,0.687,248,2
2026-07-18 14:32:00,0.675,229,2
2026-07-18 14:38:00,0.721,228,2
2026-07-18 14:44:00,0.726,249,2
2026-07-18 14:50:00,0.672,216,2
2026-07-18 14:56:00,0.786,216,2
2026-07-18 15:02:00,0.804,244,2
2026-07-18 15:08:00,0.687,230,2
2026-07-18 15:14:00,0.788,220,2
2026-07-18 15:20:00,0.66,219,2
2026-07-18 15:26:00,0.7,211,2
2026-07-18 15:32:00,0.627,209,2
2026-07-18 15:38:00,0.666,222,2
2026-07-18 15:44:00,0.724,239,2
2026-07-18 15:50:00,0.814,223,2
2026-07-18 15:56:00,0.671,243,2
2026-07-18 16:02:00,0.732,202,2
2026-07-18 16:08:00,0.633,288,2
2026-07-18 16:14:00,0.69,215,2
2026-07-18 16:20:00,0.539,238,2
2026-07-18 16:26:00,0.674,228,2
2026-07-18 16:32:00,0.64,219,2
2026-07-18 16:38:00,0.68,237,2
2026-07-18 16:44:00,0.572,245,2
2026-07-18 16:50:00,0.564,226,2
2026-07-18 16:56:00,0.476,223,2
2026-07-18 17:02:00,0.499,229,2
2026-07-18 17:08:00,0.54,234,2
2026-07-18 17:14:00,0.515,224,2
2026-07-18 17:20:00,0.522,256,2
2026-07-18 17:26:00,0.522,245,2
2026-07-18 17:32:00,0.577,219,2
2026-07-18 17:38:00,0.553,205,2
2026-07-18 17:44:00,0.432,250,2
2026-07-18 17:50:00,0.393,257,2
2026-07-18 17:56:00,0.299,253,2
2026-07-18 18:02:00,0.289,212,2
2026-07-18 18:08:00,0.286,248,2
2026-07-18 18:14:00,0.18,245,2
2026-07-18 18:20:00,0.177,223,2
2026-07-18 18:26:00,0.057,199,2
2026-07-18 18:32:00,0.034,137,2
2026-07-18 18:38:00,0.106,307,2
2026-07-18 18:44:00,0.407,334,2
2026-07-18 18:50:00,0.386,329,2
2026-07-18 18:56:00,0.325,347,2
2026-07-18 19:02:00,0.352,339,2
2026-07-18 19:08:00,0.441,0,2
2026-07-18 19:14:00,0.542,1,2
2026-07-18 19:20:00,0.679,358,2
2026-07-18 19:26:00,0.628,342,2
2026-07-18 19:32:00,0.672,0,2
2026-07-18 19:38:00,0.676,356,2
2026-07-18 19:44:00,0.635,14,2
2026-07-18 19:50:00,0.618,4,2
2026-07-18 19:56:00,0.706,9,2
2026-07-18 20:02:00,0.722,11,2
2026-07-18 20:08:00,0.771,13,2
2026-07-18 20:14:00,0.732,0,2
2026-07-18 20:20:00,0.81,10,2
2026-07-18 20:26:00,0.865,28,2
2026-07-18 20:32:00,0.854,25,2
2026-07-18 20:38:00,0.955,27,2
2026-07-18 20:44:00,0.888,31,2
2026-07-18 20:50:00,0.964,21,2
2026-07-18 20:56:00,0.98,20,2
2026-07-18 21:02:00,0.922,26,2
2026-07-18 21:08:00,0.947,27,2
2026-07-18 21:14:00,0.896,8,2
2026-07-18 21:20:00,0.889,23,2
2026-07-18 21:26:00,0.886,13,2
2026-07-18 21:32:00,0.755,15,2
2026-07-18 21:38:00,0.671,14,2
2026-07-18 21:44:00,0.72,12,2
2026-07-18 21:50:00,0.763,22,2
2026-07-18 21:56:00,0.701,7,2
2026-07-18 22:02:00,0.65,23,2
2026-07-18 22:08:00,0.725,21,2
2026-07-18 22:14:00,0.751,19,2
2026-07-18 22:20:00,0.645,15,2
2026-07-18 22:26:00,0.656,14,2
2026-07-18 22:32:00,0.614,21,2
2026-07-18 22:38:00,0.575,26,2
2026-07-18 22:44:00,0.582,29,2
2026-07-18 22:50:00,0.562,25,2
2026-07-18 22:56:00,0.405,28,2
2026-07-18 23:02:00,0.469,32,2
2026-07-18 23:08:00,0.449,19,2
2026-07-18 23:14:00,0.329,25,2
2026-07-18 23:20:00,0.426,33,2
2026-07-18 23:26:00,0.464,23,2
2026-07-18 23:32:00,0.346,17,2
2026-07-18 23:38:00,0.331,10,2
2026-07-18 23:44:00,0.233,0,2
2026-07-18 23:50:00,0.178,343,2
2026-07-18 23:56:00,0.266,12,2
2026-07-19 00:02:00,0.145,4,2
2026-07-19 00:08:00,0.125,42,2
2026-07-19 00:14:00,0.012,220,2
2026-07-19 00:20:00,0.219,134,2
2026-07-19 00:26:00,0.18,117,2
2026-07-19 00:32:00,0.12,37,2
2026-07-19 00:38:00,0.038,192,2
2026-07-19 00:44:00,0.096,116,2
2026-07-19 00:50:00,0.028,225,2
2026-07-19 00:56:00,0.016,272,2
2026-07-19 01:02:00,0.084,151,2
2026-07-19 01:08:00,0.109,171,2
2026-07-19 01:14:00,0.183,148,2
2026-07-19 01:20:00,0.298,180,2
2026-07-19 01:26:00,0.283,187,2
2026-07-19 01:32:00,0.286,224,2
2026-07-19 01:38:00,0.356,233,2
2026-07-19 01:44:00,0.396,218,2
2026-07-19 01:50:00,0.453,251,2
2026-07-19 01:56:00,0.545,215,2
2026-07-19 02:02:00,0.558,227,2
2026-07-19 02:08:00,0.575,213,2
2026-07-19 02:14:00,0.702,189,2
2026-07-19 02:20:00,0.62,221,2
2026-07-19 02:26:00,0.612,197,2
2026-07-19 02:32:00,0.821,232,2
2026-07-19 02:38:00,0.82,194,2
2026-07-19 02:44:00,0.787,218,2
2026-07-19 02:50:00,0.946,214,2
2026-07-19 02:56:00,0.961,193,2
2026-07-19 03:02:00,0.877,202,2
2026-07-19 03:08:00,1.04,190,2
2026-07-19 03:14:00,1.072,201,2
2026-07-19 03:20:00,1.033,231,2
2026-07-19 03:26:00,1.194,233,2
2026-07-19 03:32:00,1.116,215,2
2026-07-19 03:38:00,1.233,233,2
2026-07-19 03:44:00,1.32,209,2
2026-07-19 03:50:00,1.472,209,2
2026-07-19 03:56:00,1.314,227,2
2026-07-19 04:02:00,1.309,206,2
2026-07-19 04:08:00,1.481,210,2
2026-07-19 04:14:00,1.396,199,2
2026-07-19 04:20:00,1.462,236,2
2026-07-19 04:26:00,1.463,226,2
2026-07-19 04:32:00,1.43,225,2
2026-07-19 04:38:00,1.297,226,2
2026-07-19 04:44:00,1.359,226,2
2026-07-19 04:50:00,1.277,203,2
2026-07-19 04:56:00,1.282,230,2
2026-07-19 05:02:00,1.177,204,2
2026-07-19 05:08:00,1.075,206,2
2026-07-19 05:14:00,0.986,224,2
2026-07-19 05:20:00,1.046,211,2
2026-07-19 05:26:00,1.032,202,2
2026-07-19 05:32:00,1.003,216,2
2026-07-19 05:38:00,1.019,219,2
2026-07-19 05:44:00,1.056,202,2
2026-07-19 05:50:00,0.981,217,2
2026-07-19 05:56:00,0.933,196,2
2026-07-19 06:02:00,0.837,220,2
2026-07-19 06:08:00,0.884,207,2
2026-07-19 06:14:00,0.702,221,2
2026-07-19 06:20:00,0.8,226,2
2026-07-19 06:26:00,0.709,213,2
2026-07-19 06:32:00,0.722,186,2
2026-07-19 06:38:00,0.76,174,2
2026-07-19 06:44:00,0.485,203,2
2026-07-19 06:50:00,0.52,231,2
2026-07-19 06:56:00,0.594,216,2
2026-07-19 07:02:00,0.645,208,2
2026-07-19 07:08:00,0.451,233,2
2026-07-19 07:14:00,0.59,187,2
2026-07-19 07:20:00,0.54,215,2
2026-07-19 07:26:00,0.447,220,2
2026-07-19 07:32:00,0.388,225,2
2026-07-19 07:38:00,0.42,226,2
2026-07-19 07:44:00,0.35,256,2
2026-07-19 07:50:00,0.347,255,2
2026-07-19 07:56:00,0.224,283,2
2026-07-19 08:02:00,0.199,286,2
2026-07-19 08:08:00,0.338,296,2
2026-07-19 08:14:00,0.246,304,2
2026-07-19 08:20:00,0.231,319,2
2026-07-19 08:26:00,0.205,330,2
2026-07-19 08:32:00,0.237,35,2
2026-07-19 08:38:00,0.268,348,2
2026-07-19 08:44:00,0.335,315,2
2026-07-19 08:50:00,0.313,339,2
2026-07-19 08:56:00,0.183,26,2
2026-07-19 09:02:00,0.176,325,2
2026-07-19 09:08:00,0.297,1,2
2026-07-19 09:14:00,0.18,19,2
2026-07-19 09:20:00,0.118,33,2
2026-07-19 09:26:00,0.222,126,2
2026-07-19 09:32:00,0.165,26,2
2026-07-19 09:38:00,0.114,290,2
2026-07-19 09:44:00,0.297,26,2
2026-07-19 09:50:00,0.212,57,2
2026-07-19 09:56:00,0.312,27,2
2026-07-19 10:02:00,0.286,32,2
2026-07-19 10:08:00,0.185,39,2
2026-07-19 10:14:00,0.102,23,2
2026-07-19 10:20:00,0.076,39,2
2026-07-19 10:26:00,0.12,11,2
2026-07-19 10:32:00,0.341,7,2
2026-07-19 10:44:00,0.026,96,2
2026-07-19 10:50:00,0.073,356,2
2026-07-19 10:56:00,0.165,106,2
2026-07-19 11:02:00,0.107,24,2
2026-07-19 11:08:00,0.119,85,2
2026-07-19 11:14:00,0.051,18,2
2026-07-19 11:20:00,0.087,95,2
2026-07-19 11:26:00,0.133,83,2
2026-07-19 11:32:00,0.056,99,2
2026-07-19 11:38:00,0.072,111,2
2026-07-19 11:44:00,0.179,124,2
2026-07-19 11:50:00,0.1,213,2
2026-07-19 11:56:00,0.171,153,2
2026-07-19 12:02:00,0.068,115,2
2026-07-19 12:08:00,0.111,138,2
2026-07-19 12:14:00,0.041,137,2
2026-07-19 12:20:00,0.095,328,2
2026-07-19 12:26:00,0.047,293,2
2026-07-19 12:32:00,0.208,136,2
2026-07-19 12:38:00,0.081,152,2
2026-07-19 12:44:00,0.021,315,2
2026-07-19 12:50:00,0.1,69,2
2026-07-19 12:56:00,0.117,282,2
2026-07-19 13:02:00,0.07,112,2
2026-07-19 13:08:00,0.031,224,2
2026-07-19 13:14:00,0.055,191,2
2026-07-19 13:20:00,0.02,242,2
2026-07-19 13:26:00,0.197,221,2
2026-07-19 13:32:00,0.185,222,2
2026-07-19 13:38:00,0.197,199,2
2026-07-19 13:44:00,0.213,229,2
2026-07-19 13:50:00,0.673,225,2
2026-07-19 13:56:00,0.686,236,2
2026-07-19 14:02:00,0.618,221,2
2026-07-19 14:08:00,0.716,209,2
2026-07-19 14:14:00,0.718,232,2
2026-07-19 14:20:00,0.662,218,2
2026-07-19 14:26:00,0.705,215,2
2026-07-19 14:32:00,0.729,235,2
2026-07-19 14:38:00,0.762,220,2
2026-07-19 14:44:00,0.764,231,2
2026-07-19 14:50:00,0.832,221,2
2026-07-19 14:56:00,0.914,219,2
2026-07-19 15:02:00,0.92,214,2
2026-07-19 15:08:00,1.104,223,2
2026-07-19 15:14:00,1.119,229,2
2026-07-19 15:20:00,1.203,226,2
2026-07-19 15:26:00,1.124,229,2
2026-07-19 15:32:00,1.262,203,2
2026-07-19 15:38:00,1.273,205,2
2026-07-19 15:44:00,1.358,222,2
2026-07-19 15:50:00,1.276,220,2
2026-07-19 15:56:00,1.233,213,2
2026-07-19 16:02:00,1.292,227,2
2026-07-19 16:08:00,1.301,239,2
2026-07-19 16:14:00,1.342,213,2
2026-07-19 16:20:00,1.426,231,2
2026-07-19 16:26:00,1.359,216,2
2026-07-19 16:32:00,1.198,233,2
2026-07-19 16:38:00,1.268,202,2
2026-07-19 16:44:00,1.162,209,2
2026-07-19 16:50:00,1.131,201,2
2026-07-19 16:56:00,1.161,204,2
2026-07-19 17:02:00,1.222,211,2
2026-07-19 17:08:00,1.285,219,2
2026-07-19 17:14:00,1.19,228,2
2026-07-19 17:20:00,1.232,212,2
2026-07-19 17:26:00,1.191,195,2
2026-07-19 17:32:00,1.123,226,2
2026-07-19 17:38:00,1.205,204,2
2026-07-19 17:44:00,1.063,200,2
2026-07-19 17:50:00,1.101,204,2
2026-07-19 17:56:00,0.905,201,2
2026-07-19 18:02:00,0.996,216,2
2026-07-19 18:08:00,0.906,211,2
2026-07-19 18:14:00,0.729,206,2
2026-07-19 18:20:00,0.889,204,2
2026-07-19 18:26:00,0.847,217,2
2026-07-19 18:32:00,0.679,222,2
2026-07-19 18:38:00,0.855,206,2
2026-07-19 18:44:00,0.763,218,2
2026-07-19 18:50:00,0.589,195,2
2026-07-19 18:56:00,0.514,246,2
2026-07-19 19:02:00,0.384,225,2
2026-07-19 19:08:00,0.478,218,2
2026-07-19 19:14:00,0.393,219,2
2026-07-19 19:20:00,0.371,216,2
2026-07-19 19:26:00,0.291,250,2
2026-07-19 19:32:00,0.11,273,2
2026-07-19 19:38:00,0.145,318,2
2026-07-19 19:44:00,0.257,286,2
2026-07-19 19:50:00,0.246,323,2
2026-07-19 19:56:00,0.152,345,2
2026-07-19 20:02:00,0.159,24,2
2026-07-19 20:08:00,0.141,66,2
2026-07-19 20:14:00,0.341,26,2
2026-07-19 20:20:00,0.296,344,2
2026-07-19 20:26:00,0.315,352,2
2026-07-19 20:32:00,0.433,48,2
2026-07-19 20:38:00,0.41,14,2
2026-07-19 20:44:00,0.454,29,2
2026-07-19 20:50:00,0.571,28,2
2026-07-19 20:56:00,0.562,32,2
2026-07-19 21:02:00,0.662,40,2
2026-07-19 21:08:00,0.625,28,2
2026-07-19 21:14:00,0.795,37,2
2026-07-19 21:20:00,0.809,30,2
2026-07-19 21:26:00,0.745,22,2
2026-07-19 21:32:00,0.837,32,2
2026-07-19 21:38:00,0.687,21,2
2026-07-19 21:44:00,0.756,11,2
2026-07-19 21:50:00,0.725,6,2
2026-07-19 21:56:00,0.755,11,2
2026-07-19 22:02:00,0.797,21,2
2026-07-19 22:08:00,0.792,17,2
2026-07-19 22:14:00,0.707,35,2
2026-07-19 22:20:00,0.76,19,2
2026-07-19 22:26:00,0.751,28,2
2026-07-19 22:32:00,0.898,19,2
2026-07-19 22:38:00,0.863,30,2
2026-07-19 22:44:00,0.844,11,2
2026-07-19 22:50:00,0.844,35,2
2026-07-19 22:56:00,0.745,40,2
2026-07-19 23:02:00,0.822,32,2
2026-07-19 23:08:00,0.777,40,2
2026-07-19 23:14:00,0.708,27,2
2026-07-19 23:20:00,0.748,34,2
2026-07-19 23:26:00,0.733,25,2
2026-07-19 23:32:00,0.593,28,2
2026-07-19 23:38:00,0.631,41,2
2026-07-19 23:44:00,0.602,20,2
2026-07-19 23:50:00,0.71,25,2
2026-07-19 23:56:00,0.554,27,2
2026-07-20 00:02:00,0.655,13,2
2026-07-20 00:08:00,0.578,13,2
2026-07-20 00:14:00,0.555,7,2
2026-07-20 00:20:00,0.449,21,2
2026-07-20 00:26:00,0.364,30,2
2026-07-20 00:32:00,0.356,25,2
2026-07-20 00:38:00,0.311,35,2
2026-07-20 00:44:00,0.206,40,2
2026-07-20 00:50:00,0.2,323,2
2026-07-20 00:56:00,0.083,95,2
2026-07-20 01:02:00,0.056,45,2
2026-07-20 01:08:00,0.035,168,2
2026-07-20 01:14:00,0.03,298,2
2026-07-20 01:20:00,0.02,242,2
2026-07-20 01:26:00,0.16,189,2
2026-07-20 01:32:00,0.113,227,2
2026-07-20 01:38:00,0.08,256,2
2026-07-20 01:44:00,0.081,214,2
2026-07-20 01:50:00,0.217,227,2
2026-07-20 01:56:00,0.313,220,2
2026-07-20 02:02:00,0.155,226,2
2026-07-20 02:08:00,0.256,253,2
2026-07-20 02:14:00,0.278,225,2
2026-07-20 02:20:00,0.265,206,2
2026-07-20 02:26:00,0.342,231,2
2026-07-20 02:32:00,0.301,214,2
2026-07-20 02:38:00,0.339,200,2
2026-07-20 02:44:00,0.416,226,2
2026-07-20 02:50:00,0.378,227,2
2026-07-20 02:56:00,0.322,216,2
2026-07-20 03:02:00,0.445,244,2
2026-07-20 03:08:00,0.48,204,2
2026-07-20 03:14:00,0.503,210,2
2026-07-20 03:20:00,0.602,203,2
2026-07-20 03:26:00,0.666,210,2
2026-07-20 03:32:00,0.694,212,2
2026-07-20 03:38:00,0.839,215,2
2026-07-20 03:44:00,0.775,209,2
2026-07-20 03:50:00,0.765,236,2
2026-07-20 03:56:00,0.854,216,2
2026-07-20 04:02:00,0.653,207,2
2026-07-20 04:08:00,0.691,190,2
2026-07-20 04:14:00,0.68,233,2
2026-07-20 04:20:00,0.719,229,2
2026-07-20 04:26:00,0.702,244,2
2026-07-20 04:32:00,0.817,223,2
2026-07-20 04:38:00,0.751,230,2
2026-07-20 04:44:00,0.683,236,2
2026-07-20 04:50:00,0.718,213,2
2026-07-20 04:56:00,0.644,246,2
2026-07-20 05:02:00,0.715,224,2
2026-07-20 05:08:00,0.639,229,2
2026-07-20 05:14:00,0.69,238,2
2026-07-20 05:20:00,0.716,206,2
2026-07-20 05:26:00,0.586,209,2
2026-07-20 05:32:00,0.615,246,2
2026-07-20 05:38:00,0.489,232,2
2026-07-20 05:44:00,0.53,217,2
2026-07-20 05:50:00,0.589,236,2
2026-07-20 05:56:00,0.553,216,2
2026-07-20 06:02:00,0.559,234,2
2026-07-20 06:08:00,0.623,233,2
2026-07-20 06:14:00,0.559,244,2
2026-07-20 06:20:00,0.448,252,2
2026-07-20 06:26:00,0.605,201,2
2026-07-20 06:32:00,0.621,193,2
2026-07-20 06:38:00,0.506,207,2
2026-07-20 06:44:00,0.609,211,2
2026-07-20 06:50:00,0.449,210,2
2026-07-20 06:56:00,0.472,222,2
2026-07-20 07:02:00,0.426,205,2
2026-07-20 07:08:00,0.385,219,2
2026-07-20 07:14:00,0.318,213,2
2026-07-20 07:20:00,0.318,228,2
2026-07-20 07:26:00,0.268,208,2
2026-07-20 07:32:00,0.217,236,2
2026-07-20 07:38:00,0.231,234,2
2026-07-20 07:44:00,0.237,240,2
2026-07-20 07:50:00,0.181,233,2
2026-07-20 07:56:00,0.142,258,2
2026-07-20 08:02:00,0.201,240,2
2026-07-20 08:08:00,0.144,278,2
2026-07-20 08:14:00,0.247,295,2
2026-07-20 08:20:00,0.22,270,2
2026-07-20 08:26:00,0.156,288,2
2026-07-20 08:32:00,0.152,348,2
2026-07-20 08:38:00,0.031,251,2
2026-07-20 08:44:00,0.093,290,2
2026-07-20 08:50:00,0.162,353,2
2026-07-20 08:56:00,0.181,317,2
2026-07-20 09:02:00,0.191,7,2
2026-07-20 09:08:00,0.278,2,2
2026-07-20 09:14:00,0.235,347,2
2026-07-20 09:20:00,0.278,10,2
2026-07-20 09:26:00,0.237,14,2
2026-07-20 09:32:00,0.279,49,2
2026-07-20 09:38:00,0.348,348,2
2026-07-20 09:44:00,0.352,10,2
2026-07-20 09:50:00,0.378,8,2
2026-07-20 09:56:00,0.346,355,2
2026-07-20 10:02:00,0.455,350,2
2026-07-20 10:08:00,0.465,354,2
2026-07-20 10:14:00,0.486,31,2
2026-07-20 10:20:00,0.538,32,2
2026-07-20 10:26:00,0.512,7,2
2026-07-20 10:32:00,0.453,20,2
2026-07-20 10:38:00,0.527,8,2
2026-07-20 10:44:00,0.476,33,2
2026-07-20 10:50:00,0.514,44,2
2026-07-20 10:56:00,0.512,36,2
2026-07-20 11:02:00,0.433,17,2
2026-07-20 11:08:00,0.52,19,2
2026-07-20 11:14:00,0.498,22,2
2026-07-20 11:20:00,0.466,26,2
2026-07-20 11:26:00,0.425,7,2
2026-07-20 11:32:00,0.414,28,2
2026-07-20 11:38:00,0.408,18,2
2026-07-20 11:44:00,0.29,19,2
2026-07-20 11:50:00,0.4,35,2
2026-07-20 11:56:00,0.358,27,2
2026-07-20 12:02:00,0.281,46,2
2026-07-20 12:08:00,0.193,36,2
2026-07-20 12:14:00,0.163,69,2
2026-07-20 12:20:00,0.197,358,2
2026-07-20 12:26:00,0.174,15,2
2026-07-20 12:32:00,0.144,40,2
2026-07-20 12:38:00,0.277,7,2
2026-07-20 12:44:00,0.126,25,2
2026-07-20 12:50:00,0.029,161,2
2026-07-20 12:56:00,0.133,162,2
2026-07-20 13:02:00,0.117,175,2
2026-07-20 13:08:00,0.181,165,2
2026-07-20 13:14:00,0.032,211,2
2026-07-20 13:20:00,0.063,248,2
2026-07-20 13:26:00,0.122,195,2
2026-07-20 13:32:00,0.096,217,2
2026-07-20 13:38:00,0.157,192,2
2026-07-20 13:44:00,0.223,207,2
2026-07-20 13:50:00,0.291,219,2
2026-07-20 13:56:00,0.276,198,2
2026-07-20 14:02:00,0.322,219,2
2026-07-20 14:08:00,0.392,225,2
2026-07-20 14:14:00,0.436,203,2
2026-07-20 14:20:00,0.44,212,2
2026-07-20 14:26:00,0.522,208,2
2026-07-20 14:32:00,0.449,224,2
2026-07-20 14:38:00,0.501,199,2
2026-07-20 14:44:00,0.601,207,2
2026-07-20 14:50:00,0.621,230,2
2026-07-20 14:56:00,0.576,214,2
2026-07-20 15:02:00,0.643,204,2
2026-07-20 15:08:00,0.695,196,2
2026-07-20 15:14:00,0.81,225,2
2026-07-20 15:20:00,0.795,198,2
2026-07-20 15:26:00,0.788,238,2
2026-07-20 15:32:00,0.8,225,2
2026-07-20 15:38:00,0.72,240,2
2026-07-20 15:44:00,0.757,203,2
2026-07-20 15:50:00,0.761,194,2
2026-07-20 15:56:00,0.652,208,2
2026-07-20 16:02:00,0.724,229,2
2026-07-20 16:08:00,0.729,257,2
2026-07-20 16:14:00,0.717,228,2
2026-07-20 16:20:00,0.676,214,2
2026-07-20 16:26:00,0.728,242,2
2026-07-20 16:32:00,0.69,236,2
2026-07-20 16:38:00,0.652,239,2
2026-07-20 16:44:00,0.617,249,2
2026-07-20 16:50:00,0.659,239,2
2026-07-20 16:56:00,0.642,219,2
2026-07-20 17:02:00,0.724,223,2
2026-07-20 17:08:00,0.777,242,2
2026-07-20 17:14:00,0.693,191,2
2026-07-20 17:20:00,0.739,240,2
2026-07-20 17:26:00,0.669,240,2
2026-07-20 17:32:00,0.728,213,2
2026-07-20 17:38:00,0.595,250,2
2026-07-20 17:44:00,0.702,219,2
2026-07-20 17:50:00,0.735,219,2
2026-07-20 17:56:00,0.62,249,2
2026-07-20 18:02:00,0.543,242,2
2026-07-20 18:08:00,0.622,229,2
2026-07-20 18:14:00,0.545,233,2
2026-07-20 18:20:00,0.478,229,2
2026-07-20 18:26:00,0.501,248,2
2026-07-20 18:32:00,0.476,218,2
2026-07-20 18:38:00,0.381,205,2
2026-07-20 18:44:00,0.24,237,2
2026-07-20 18:50:00,0.323,211,2
2026-07-20 18:56:00,0.516,235,2
2026-07-20 19:02:00,0.399,233,2
2026-07-20 19:08:00,0.291,209,2
2026-07-20 19:14:00,0.326,263,2
2026-07-20 19:20:00,0.242,250,2
2026-07-20 19:26:00,0.172,269,2
2026-07-20 19:32:00,0.127,265,2
2026-07-20 19:38:00,0.205,275,2
2026-07-20 19:44:00,0.199,294,2
2026-07-20 19:50:00,0.126,348,2
2026-07-20 19:56:00,0.149,342,2
2026-07-20 20:02:00,0.15,345,2
2026-07-20 20:08:00,0.282,345,2
2026-07-20 20:14:00,0.382,341,2
2026-07-20 20:20:00,0.318,17,2
2026-07-20 20:26:00,0.372,12,2
2026-07-20 20:32:00,0.454,11,2
2026-07-20 20:38:00,0.498,27,2
2026-07-20 20:44:00,0.499,355,2
2026-07-20 20:50:00,0.556,13,2
2026-07-20 20:56:00,0.568,23,2
2026-07-20 21:02:00,0.684,18,2
2026-07-20 21:08:00,0.715,33,2
2026-07-20 21:14:00,0.829,16,2
2026-07-20 21:20:00,0.964,27,2
2026-07-20 21:26:00,0.942,29,2
2026-07-20 21:32:00,0.941,22,2
2026-07-20 21:38:00,0.972,18,2
2026-07-20 21:44:00,1.05,5,2
2026-07-20 21:50:00,1.054,13,2
2026-07-20 21:56:00,1.069,19,2
2026-07-20 22:02:00,1.048,15,2
2026-07-20 22:08:00,1.167,8,2
2026-07-20 22:14:00,1.232,19,2
2026-07-20 22:20:00,1.237,11,2
2026-07-20 22:26:00,1.22,13,2
2026-07-20 22:32:00,1.274,15,2
2026-07-20 22:38:00,1.195,9,2
2026-07-20 22:44:00,1.072,14,2
2026-07-20 22:50:00,1.032,11,2
2026-07-20 22:56:00,1.002,23,2
2026-07-20 23:02:00,1.235,22,2
2026-07-20 23:08:00,1.383,22,2
2026-07-20 23:14:00,1.38,15,2
2026-07-20 23:20:00,1.223,18,2
2026-07-20 23:26:00,1.299,33,2
2026-07-20 23:32:00,1.296,26,2
2026-07-20 23:38:00,1.203,16,2
2026-07-20 23:44:00,1.233,37,2
2026-07-20 23:50:00,1.108,24,2
2026-07-20 23:56:00,1.104,29,2
2026-07-21 00:02:00,1.079,14,2
2026-07-21 00:08:00,1.011,41,2
2026-07-21 00:14:00,1.002,32,2
2026-07-21 00:20:00,1.022,37,2
2026-07-21 00:26:00,1.002,43,2
2026-07-21 00:32:00,0.995,24,2
2026-07-21 00:38:00,1.013,22,2
2026-07-21 00:44:00,0.991,19,2
2026-07-21 00:50:00,0.9,20,2
2026-07-21 00:56:00,0.987,22,2
2026-07-21 01:02:00,0.901,23,2
2026-07-21 01:08:00,0.879,31,2
2026-07-21 01:14:00,0.858,35,2
2026-07-21 01:20:00,0.812,40,2
2026-07-21 01:26:00,0.826,10,2
2026-07-21 01:32:00,0.78,19,2
2026-07-21 01:38:00,0.791,26,2
2026-07-21 01:44:00,0.752,27,2
2026-07-21 01:50:00,0.705,28,2
2026-07-21 01:56:00,0.665,15,2
2026-07-21 02:02:00,0.574,7,2
2026-07-21 02:08:00,0.6,13,2
2026-07-21 02:14:00,0.561,19,2
2026-07-21 02:20:00,0.486,17,2
2026-07-21 02:26:00,0.512,30,2
2026-07-21 02:32:00,0.349,5,2
2026-07-21 02:38:00,0.285,1,2
2026-07-21 02:44:00,0.27,18,2
2026-07-21 02:50:00,0.222,2,2
2026-07-21 02:56:00,0.172,29,2
2026-07-21 03:02:00,0.196,15,2
2026-07-21 03:08:00,0.195,10,2
2026-07-21 03:14:00,0.094,15,2
2026-07-21 03:20:00,0.134,38,2
2026-07-21 03:26:00,0.122,56,2
2026-07-21 03:32:00,0.159,24,2
2026-07-21 03:38:00,0.202,50,2
2026-07-21 03:44:00,0.055,89,2
2026-07-21 03:50:00,0.055,126,2
2026-07-21 03:56:00,0.081,153,2
2026-07-21 04:02:00,0.068,345,2
2026-07-21 04:08:00,0.189,239,2
2026-07-21 04:14:00,0.171,257,2
2026-07-21 04:20:00,0.123,179,2
2026-07-21 04:26:00,0.181,233,2
2026-07-21 04:38:00,0.342,241,2
2026-07-21 04:44:00,0.339,245,2
2026-07-21 04:50:00,0.231,291,2
2026-07-21 04:56:00,0.344,212,2
2026-07-21 05:02:00,0.389,205,2
2026-07-21 05:08:00,0.429,236,2
2026-07-21 05:14:00,0.324,222,2
2026-07-21 05:20:00,0.344,203,2
2026-07-21 05:26:00,0.352,231,2
2026-07-21 05:32:00,0.321,197,2
2026-07-21 05:38:00,0.388,193,2
2026-07-21 05:44:00,0.384,226,2
2026-07-21 05:50:00,0.315,223,2
2026-07-21 05:56:00,0.392,205,2
2026-07-21 06:02:00,0.443,200,2
2026-07-21 06:08:00,0.369,199,2
2026-07-21 06:14:00,0.451,168,2
2026-07-21 06:20:00,0.46,173,2
2026-07-21 06:26:00,0.303,189,2
2026-07-21 06:32:00,0.334,169,2
2026-07-21 06:38:00,0.263,185,2
2026-07-21 06:44:00,0.405,144,2
2026-07-21 06:50:00,0.455,190,2
2026-07-21 06:56:00,0.549,172,2
2026-07-21 07:02:00,0.504,209,2
2026-07-21 07:08:00,0.471,193,2
2026-07-21 07:14:00,0.426,234,2
2026-07-21 07:20:00,0.429,195,2
2026-07-21 07:26:00,0.401,215,2
2026-07-21 07:32:00,0.416,235,2
2026-07-21 07:38:00,0.291,207,2
2026-07-21 07:44:00,0.325,217,2
2026-07-21 07:50:00,0.374,210,2
2026-07-21 07:56:00,0.427,237,2
2026-07-21 08:02:00,0.301,131,2
2026-07-21 08:08:00,0.345,244,2
2026-07-21 08:14:00,0.37,230,2
2026-07-21 08:20:00,0.25,195,2
2026-07-21 08:26:00,0.199,262,2
2026-07-21 08:32:00,0.274,261,2
2026-07-21 08:38:00,0.133,266,2
2026-07-21 08:44:00,0.082,276,2
2026-07-21 08:50:00,0.069,38,2
2026-07-21 08:56:00,0.045,358,2
2026-07-21 09:02:00,0.078,354,2
2026-07-21 09:08:00,0.04,305,2
2026-07-21 09:14:00,0.087,117,2
2026-07-21 09:20:00,0.051,78,2
2026-07-21 09:26:00,0.053,68,2
2026-07-21 09:32:00,0.121,93,2
2026-07-21 09:38:00,0.235,34,2
2026-07-21 09:44:00,0.236,2,2
2026-07-21 09:50:00,0.26,22,2
2026-07-21 09:56:00,0.369,3,2
2026-07-21 10:02:00,0.336,348,2
2026-07-21 10:08:00,0.188,305,2
2026-07-21 10:14:00,0.362,8,2
2026-07-21 10:20:00,0.421,330,2
2026-07-21 10:26:00,0.385,340,2
2026-07-21 10:32:00,0.236,356,2
2026-07-21 10:38:00,0.275,359,2
2026-07-21 10:44:00,0.45,355,2
2026-07-21 10:50:00,0.517,26,2
2026-07-21 10:56:00,0.566,30,2
2026-07-21 11:02:00,0.541,18,2
2026-07-21 11:08:00,0.613,30,2
2026-07-21 11:14:00,0.52,19,2
2026-07-21 11:20:00,0.598,14,2
2026-07-21 11:26:00,0.553,7,2
2026-07-21 11:32:00,0.677,36,2
2026-07-21 11:38:00,0.513,23,2
2026-07-21 11:44:00,0.497,28,2
2026-07-21 11:50:00,0.525,38,2
2026-07-21 11:56:00,0.558,20,2
2026-07-21 12:02:00,0.571,25,2
2026-07-21 12:08:00,0.619,25,2
2026-07-21 12:14:00,0.558,27,2
2026-07-21 12:20:00,0.506,21,2
2026-07-21 12:26:00,0.569,23,2
2026-07-21 12:32:00,0.511,7,2
2026-07-21 12:38:00,0.567,21,2
2026-07-21 12:44:00,0.521,14,2
2026-07-21 12:50:00,0.433,12,2
2026-07-21 12:56:00,0.48,26,2
2026-07-21 13:02:00,0.405,8,2
2026-07-21 13:08:00,0.317,17,2
2026-07-21 13:14:00,0.322,21,2
2026-07-21 13:20:00,0.282,358,2
2026-07-21 13:26:00,0.339,23,2
2026-07-21 13:32:00,0.301,19,2
2026-07-21 13:38:00,0.175,66,2
2026-07-21 13:44:00,0.198,71,2
2026-07-21 13:50:00,0.304,34,2
2026-07-21 13:56:00,0.273,18,2
2026-07-21 14:02:00,0.178,327,2
2026-07-21 14:08:00,0.224,333,2
2026-07-21 14:14:00,0.304,356,2
2026-07-21 14:20:00,0.207,16,2
2026-07-21 14:26:00,0.149,24,2
2026-07-21 14:32:00,0.171,8,2
2026-07-21 14:38:00,0.081,8,2
2026-07-21 14:44:00,0.136,338,2
2026-07-21 14:50:00,0.15,351,2
2026-07-21 14:56:00,0.133,314,2
2026-07-21 15:02:00,0.049,230,2
2026-07-21 15:08:00,0.087,270,2
2026-07-21 15:14:00,0.03,243,2
2026-07-21 15:20:00,0.104,287,2
2026-07-21 15:26:00,0.084,310,2
2026-07-21 15:32:00,0.204,224,2
2026-07-21 15:38:00,0.193,216,2
2026-07-21 15:44:00,0.099,218,2
2026-07-21 15:50:00,0.094,222,2
2026-07-21 15:56:00,0.119,242,2
2026-07-21 16:02:00,0.181,250,2
2026-07-21 16:08:00,0.173,250,2
2026-07-21 16:14:00,0.281,232,2
2026-07-21 16:20:00,0.296,241,2
2026-07-21 16:26:00,0.296,231,2
2026-07-21 16:32:00,0.219,217,2
2026-07-21 16:38:00,0.227,246,2
2026-07-21 16:44:00,0.211,211,2
2026-07-21 16:50:00,0.327,247,2
2026-07-21 16:56:00,0.27,234,2
2026-07-21 17:02:00,0.331,225,2
2026-07-21 17:08:00,0.312,239,2
2026-07-21 17:14:00,0.346,249,2
2026-07-21 17:20:00,0.137,230,2
2026-07-21 17:26:00,0.064,227,2
2026-07-21 17:32:00,0.207,173,2
2026-07-21 17:38:00,0.315,177,2
2026-07-21 17:44:00,0.32,164,2
2026-07-21 17:50:00,0.351,139,2
2026-07-21 17:56:00,0.281,186,2
2026-07-21 18:02:00,0.202,266,2
2026-07-21 18:08:00,0.435,150,2
2026-07-21 18:14:00,0.455,145,2
2026-07-21 18:20:00,0.37,171,2
2026-07-21 18:26:00,0.339,186,2
2026-07-21 18:32:00,0.411,206,2
2026-07-21 18:38:00,0.336,185,2
2026-07-21 18:44:00,0.327,196,2
2026-07-21 18:50:00,0.454,177,2
2026-07-21 18:56:00,0.56,168,2
2026-07-21 19:02:00,0.59,181,2
2026-07-21 19:08:00,0.748,168,2
2026-07-21 19:14:00,0.644,209,2
2026-07-21 19:20:00,0.695,192,2
2026-07-21 19:26:00,0.613,203,2
2026-07-21 19:32:00,0.549,182,2
2026-07-21 19:38:00,0.633,219,2
2026-07-21 19:44:00,0.575,231,2
2026-07-21 19:50:00,0.515,227,2
2026-07-21 19:56:00,0.47,214,2
2026-07-21 20:02:00,0.467,223,2
2026-07-21 20:08:00,0.36,242,2
2026-07-21 20:14:00,0.458,215,2
2026-07-21 20:20:00,0.318,239,2
2026-07-21 20:26:00,0.331,260,2
2026-07-21 20:32:00,0.32,236,2
2026-07-21 20:38:00,0.149,201,2
2026-07-21 20:44:00,0.118,194,2
2026-07-21 20:50:00,0.16,255,2
2026-07-21 20:56:00,0.121,255,2
2026-07-21 21:02:00,0.167,45,2
2026-07-21 21:08:00,0.177,345,2
2026-07-21 21:14:00,0.236,14,2
2026-07-21 21:20:00,0.204,21,2
2026-07-21 21:26:00,0.26,48,2
2026-07-21 21:32:00,0.344,36,2
2026-07-21 21:38:00,0.427,29,2
2026-07-21 21:44:00,0.341,69,2
2026-07-21 21:50:00,0.384,23,2
2026-07-21 21:56:00,0.482,39,2
2026-07-21 22:02:00,0.542,48,2
2026-07-21 22:08:00,0.543,32,2
2026-07-21 22:14:00,0.664,42,2
2026-07-21 22:20:00,0.708,38,2
2026-07-21 22:26:00,0.721,30,2
2026-07-21 22:32:00,0.795,36,2
2026-07-21 22:38:00,0.786,24,2
2026-07-21 22:44:00,0.852,30,2
2026-07-21 22:50:00,0.837,27,2
2026-07-21 22:56:00,0.845,9,2
2026-07-21 23:02:00,0.77,35,2
2026-07-21 23:14:00,0.829,21,2
2026-07-21 23:20:00,0.807,24,2
2026-07-21 23:26:00,0.82,17,2
2026-07-21 23:32:00,0.886,29,2
2026-07-21 23:38:00,0.961,38,2
2026-07-21 23:44:00,0.982,22,2
2026-07-21 23:50:00,1.033,26,2
2026-07-21 23:56:00,1.088,10,2
2026-07-22 00:02:00,1.018,20,2
2026-07-22 00:08:00,0.98,19,2
2026-07-22 00:14:00,1.043,34,2
2026-07-22 00:20:00,1.014,12,2
2026-07-22 00:26:00,0.903,33,2
2026-07-22 00:32:00,0.958,3,2
2026-07-22 00:38:00,0.934,9,2
2026-07-22 00:44:00,0.939,35,2
2026-07-22 00:50:00,0.897,18,2
2026-07-22 00:56:00,0.842,22,2
2026-07-22 01:02:00,0.823,27,2
2026-07-22 01:08:00,0.854,21,2
2026-07-22 01:14:00,0.816,16,2
2026-07-22 01:20:00,0.752,15,2
2026-07-22 01:26:00,0.695,25,2
2026-07-22 01:32:00,0.728,22,2
2026-07-22 01:38:00,0.608,20,2
2026-07-22 01:44:00,0.632,21,2
2026-07-22 01:50:00,0.591,17,2
2026-07-22 01:56:00,0.609,12,2
2026-07-22 02:02:00,0.563,23,2
2026-07-22 02:08:00,0.503,18,2
2026-07-22 02:14:00,0.41,19,2
2026-07-22 02:20:00,0.418,23,2
2026-07-22 02:26:00,0.361,22,2
2026-07-22 02:32:00,0.323,20,2
2026-07-22 02:38:00,0.217,3,2
2026-07-22 02:44:00,0.234,84,2
2026-07-22 02:50:00,0.212,124,2
2026-07-22 02:56:00,0.188,112,2
2026-07-22 03:02:00,0.151,70,2
2026-07-22 03:08:00,0.045,73,2
2026-07-22 03:14:00,0.048,327,2
2026-07-22 03:20:00,0.145,357,2
2026-07-22 03:26:00,0.208,6,2
2026-07-22 03:32:00,0.101,307,2
2026-07-22 03:38:00,0.14,334,2
2026-07-22 03:44:00,0.091,191,2
2026-07-22 03:50:00,0.061,142,2
2026-07-22 03:56:00,0.122,96,2
2026-07-22 04:02:00,0.176,158,2
2026-07-22 04:08:00,0.278,205,2
2026-07-22 04:14:00,0.299,190,2
2026-07-22 04:20:00,0.36,212,2
2026-07-22 04:26:00,0.373,207,2
2026-07-22 04:32:00,0.341,209,2
2026-07-22 04:38:00,0.455,218,2
2026-07-22 04:44:00,0.426,242,2
2026-07-22 04:50:00,0.589,228,2
2026-07-22 04:56:00,0.443,214,2
2026-07-22 05:02:00,0.443,212,2
2026-07-22 05:08:00,0.378,220,2
2026-07-22 05:14:00,0.433,211,2
2026-07-22 05:20:00,0.562,224,2
2026-07-22 05:26:00,0.632,222,2
2026-07-22 05:32:00,0.648,200,2
2026-07-22 05:38:00,0.726,236,2
2026-07-22 05:44:00,0.797,203,2
2026-07-22 05:50:00,0.746,223,2
2026-07-22 05:56:00,0.819,218,2
2026-07-22 06:02:00,0.764,221,2
2026-07-22 06:08:00,0.857,227,2
2026-07-22 06:14:00,0.869,193,2
2026-07-22 06:20:00,0.811,216,2
2026-07-22 06:26:00,0.878,214,2
2026-07-22 06:32:00,0.918,209,2
2026-07-22 06:38:00,1.01,225,2
2026-07-22 06:44:00,1.048,186,2
2026-07-22 06:50:00,0.95,226,2
2026-07-22 06:56:00,1.096,211,2
2026-07-22 07:02:00,0.926,219,2
2026-07-22 07:08:00,1.035,205,2
2026-07-22 07:14:00,0.866,215,2
2026-07-22 07:20:00,0.973,217,2
2026-07-22 07:26:00,1.115,219,2
2026-07-22 07:32:00,0.956,215,2
2026-07-22 07:38:00,0.995,192,2
2026-07-22 07:44:00,0.999,216,2
2026-07-22 07:50:00,0.945,226,2
2026-07-22 07:56:00,0.933,208,2
2026-07-22 08:02:00,0.89,224,2
2026-07-22 08:08:00,0.782,238,2
2026-07-22 08:14:00,0.934,225,2
2026-07-22 08:20:00,0.834,223,2
2026-07-22 08:26:00,0.834,201,2
2026-07-22 08:32:00,0.745,213,2
2026-07-22 08:38:00,0.753,211,2
2026-07-22 08:44:00,0.782,215,2
2026-07-22 08:50:00,0.695,200,2
2026-07-22 08:56:00,0.638,223,2
2026-07-22 09:02:00,0.617,219,2
2026-07-22 09:08:00,0.632,198,2
2026-07-22 09:14:00,0.519,197,2
2026-07-22 09:20:00,0.583,207,2
2026-07-22 09:26:00,0.6,255,2
2026-07-22 09:32:00,0.474,199,2
2026-07-22 09:38:00,0.575,236,2
2026-07-22 09:44:00,0.493,213,2
2026-07-22 09:50:00,0.461,231,2
2026-07-22 09:56:00,0.423,251,2
2026-07-22 10:02:00,0.401,203,2
2026-07-22 10:08:00,0.456,209,2
2026-07-22 10:14:00,0.217,244,2
2026-07-22 10:20:00,0.116,220,2
2026-07-22 10:26:00,0.08,265,2
2026-07-22 10:32:00,0.146,279,2
2026-07-22 10:38:00,0.184,233,2
2026-07-22 10:44:00,0.395,260,2
2026-07-22 10:50:00,0.13,229,2
2026-07-22 10:56:00,0.171,171,2
2026-07-22 11:02:00,0.051,215,2
2026-07-22 11:08:00,0.275,7,2
2026-07-22 11:14:00,0.229,317,2
2026-07-22 11:20:00,0.144,346,2
2026-07-22 11:26:00,0.098,294,2
2026-07-22 11:32:00,0.254,313,2
2026-07-22 11:38:00,0.08,326,2
2026-07-22 11:44:00,0.153,1,2
2026-07-22 11:50:00,0.131,9,2
2026-07-22 11:56:00,0.117,346,2
2026-07-22 12:02:00,0.258,320,2
2026-07-22 12:08:00,0.238,311,2
2026-07-22 12:14:00,0.171,345,2
2026-07-22 12:20:00,0.035,207,2
2026-07-22 12:26:00,0.272,278,2
2026-07-22 12:32:00,0.205,344,2
2026-07-22 12:38:00,0.231,329,2
2026-07-22 12:44:00,0.149,21,2
2026-07-22 12:50:00,0.256,355,2
2026-07-22 12:56:00,0.117,324,2
2026-07-22 13:02:00,0.055,211,2
2026-07-22 13:08:00,0.258,187,2
2026-07-22 13:14:00,0.039,87,2
2026-07-22 13:20:00,0.096,182,2
2026-07-22 13:26:00,0.073,189,2
2026-07-22 13:32:00,0.161,125,2
2026-07-22 13:38:00,0.089,338,2
2026-07-22 13:44:00,0.196,229,2
2026-07-22 13:50:00,0.007,225,2
2026-07-22 13:56:00,0.121,180,2
2026-07-22 14:02:00,0.159,310,2
2026-07-22 14:08:00,0.09,53,2
2026-07-22 14:14:00,0.176,263,2
2026-07-22 14:20:00,0.141,252,2
2026-07-22 14:26:00,0.133,247,2
2026-07-22 14:32:00,0.123,218,2
2026-07-22 14:38:00,0.225,264,2
2026-07-22 14:44:00,0.098,225,2
2026-07-22 14:50:00,0.229,197,2
2026-07-22 14:56:00,0.186,239,2
2026-07-22 15:02:00,0.228,247,2
2026-07-22 15:08:00,0.212,257,2
2026-07-22 15:14:00,0.257,214,2
2026-07-22 15:20:00,0.267,254,2
2026-07-22 15:26:00,0.342,198,2
2026-07-22 15:32:00,0.371,228,2
2026-07-22 15:38:00,0.348,250,2
2026-07-22 15:44:00,0.422,227,2
2026-07-22 15:50:00,0.323,220,2
2026-07-22 15:56:00,0.392,199,2
2026-07-22 16:02:00,0.557,226,2
2026-07-22 16:08:00,0.535,234,2
2026-07-22 16:14:00,0.749,208,2
2026-07-22 16:20:00,0.571,215,2
2026-07-22 16:26:00,0.589,210,2
2026-07-22 16:32:00,0.638,211,2
2026-07-22 16:38:00,0.541,248,2
2026-07-22 16:44:00,0.512,251,2
2026-07-22 16:50:00,0.577,224,2
2026-07-22 16:56:00,0.633,203,2
2026-07-22 17:02:00,0.649,224,2
2026-07-22 17:08:00,0.596,216,2
2026-07-22 17:14:00,0.575,254,2
2026-07-22 17:20:00,0.59,228,2
2026-07-22 17:26:00,0.561,237,2
2026-07-22 17:32:00,0.554,243,2
2026-07-22 17:38:00,0.515,225,2
2026-07-22 17:44:00,0.653,208,2
2026-07-22 17:50:00,0.625,240,2
2026-07-22 17:56:00,0.545,184,2
2026-07-22 18:02:00,0.517,214,2
2026-07-22 18:08:00,0.637,208,2
2026-07-22 18:14:00,0.633,204,2
2026-07-22 18:20:00,0.548,194,2
2026-07-22 18:26:00,0.673,178,2
2026-07-22 18:32:00,0.736,190,2
2026-07-22 18:38:00,0.6,192,2
2026-07-22 18:44:00,0.643,176,2
2026-07-22 18:50:00,0.636,214,2
2026-07-22 18:56:00,0.684,190,2
2026-07-22 19:02:00,0.638,193,2
2026-07-22 19:08:00,0.63,215,2
2026-07-22 19:14:00,0.749,202,2
2026-07-22 19:20:00,0.622,202,2
2026-07-22 19:26:00,0.643,239,2
2026-07-22 19:32:00,0.563,224,2
2026-07-22 19:38:00,0.566,214,2
2026-07-22 19:44:00,0.626,211,2
2026-07-22 19:50:00,0.645,234,2
2026-07-22 19:56:00,0.664,235,2
2026-07-22 20:02:00,0.564,211,2
2026-07-22 20:08:00,0.479,215,2
2026-07-22 20:14:00,0.514,217,2
2026-07-22 20:20:00,0.48,231,2
2026-07-22 20:26:00,0.511,226,2
2026-07-22 20:32:00,0.641,246,2
2026-07-22 20:38:00,0.598,241,2
2026-07-22 20:44:00,0.532,216,2
2026-07-22 20:50:00,0.443,216,2
2026-07-22 20:56:00,0.457,249,2
2026-07-22 21:02:00,0.365,220,2
2026-07-22 21:08:00,0.421,246,2
2026-07-22 21:14:00,0.4,238,2
2026-07-22 21:20:00,0.322,263,2
2026-07-22 21:26:00,0.293,264,2
2026-07-22 21:32:00,0.199,254,2
2026-07-22 21:38:00,0.227,268,2
2026-07-22 21:44:00,0.207,271,2
2026-07-22 21:50:00,0.182,276,2
2026-07-22 21:56:00,0.087,348,2
2026-07-22 22:02:00,0.148,263,2
2026-07-22 22:08:00,0.133,13,2
2026-07-22 22:14:00,0.109,66,2
2026-07-22 22:20:00,0.324,22,2
2026-07-22 22:26:00,0.194,318,2
2026-07-22 22:32:00,0.222,10,2
2026-07-22 22:38:00,0.033,29,2
2026-07-22 22:44:00,0.057,17,2
2026-07-22 22:50:00,0.224,4,2
2026-07-22 22:56:00,0.152,81,2
2026-07-22 23:02:00,0.204,61,2
2026-07-22 23:08:00,0.35,51,2
2026-07-22 23:14:00,0.303,15,2
2026-07-22 23:20:00,0.241,82,2
2026-07-22 23:26:00,0.278,17,2
2026-07-22 23:32:00,0.373,327,2
2026-07-22 23:38:00,0.386,75,2
2026-07-22 23:44:00,0.411,36,2
2026-07-22 23:50:00,0.366,4,2
2026-07-22 23:56:00,0.419,61,2
2026-07-23 00:02:00,0.482,36,2
2026-07-23 00:08:00,0.474,24,2
2026-07-23 00:14:00,0.566,64,2
2026-07-23 00:20:00,0.409,24,2
2026-07-23 00:26:00,0.562,32,2
2026-07-23 00:32:00,0.496,38,2
2026-07-23 00:38:00,0.416,41,2
2026-07-23 00:44:00,0.311,4,2
2026-07-23 00:50:00,0.545,16,2
2026-07-23 00:56:00,0.515,24,2
2026-07-23 01:02:00,0.537,354,2
2026-07-23 01:08:00,0.421,13,2
2026-07-23 01:14:00,0.456,14,2
2026-07-23 01:20:00,0.539,27,2
2026-07-23 01:26:00,0.42,337,2
2026-07-23 01:32:00,0.449,15,2
2026-07-23 01:38:00,0.438,1,2
2026-07-23 01:44:00,0.4,5,2
2026-07-23 01:50:00,0.333,14,2
2026-07-23 01:56:00,0.384,353,2
2026-07-23 02:02:00,0.21,34,2
2026-07-23 02:08:00,0.309,17,2
2026-07-23 02:14:00,0.175,41,2
2026-07-23 02:20:00,0.138,299,2
2026-07-23 02:26:00,0.19,63,2
2026-07-23 02:32:00,0.182,20,2
2026-07-23 02:38:00,0.268,19,2
2026-07-23 02:44:00,0.22,30,2
2026-07-23 02:50:00,0.144,348,2
2026-07-23 02:56:00,0.108,42,2
2026-07-23 03:02:00,0.099,3,2
2026-07-23 03:08:00,0.25,339,2
2026-07-23 03:14:00,0.069,40,2
2026-07-23 03:20:00,0.056,270,2
2026-07-23 03:26:00,0.059,186,2
2026-07-23 03:32:00,0.104,213,2
2026-07-23 03:38:00,0.109,247,2
2026-07-23 03:44:00,0.159,239,2
2026-07-23 03:50:00,0.072,199,2
2026-07-23 03:56:00,0.256,264,2
2026-07-23 04:02:00,0.353,195,2
2026-07-23 04:08:00,0.319,235,2
2026-07-23 04:14:00,0.383,166,2
2026-07-23 04:20:00,0.4,227,2
2026-07-23 04:26:00,0.346,194,2
2026-07-23 04:32:00,0.414,237,2
2026-07-23 04:38:00,0.446,216,2
2026-07-23 04:44:00,0.473,198,2
2026-07-23 04:50:00,0.455,258,2
2026-07-23 04:56:00,0.459,225,2
2026-07-23 05:02:00,0.614,192,2
2026-07-23 05:08:00,0.719,205,2
2026-07-23 05:14:00,0.649,209,2
2026-07-23 05:20:00,0.605,213,2
2026-07-23 05:26:00,0.55,250,2
2026-07-23 05:32:00,0.533,208,2
2026-07-23 05:38:00,0.627,194,2
2026-07-23 05:44:00,0.633,212,2
2026-07-23 05:50:00,0.715,196,2
2026-07-23 05:56:00,0.719,207,2
2026-07-23 06:02:00,0.843,217,2
2026-07-23 06:08:00,0.841,213,2
2026-07-23 06:14:00,0.731,192,2
2026-07-23 06:20:00,0.739,208,2
2026-07-23 06:26:00,0.795,208,2
2026-07-23 06:32:00,0.814,203,2
2026-07-23 06:38:00,0.854,215,2
2026-07-23 06:44:00,0.855,217,2
2026-07-23 06:50:00,0.861,217,2
2026-07-23 06:56:00,0.862,213,2
2026-07-23 07:02:00,0.938,224,2
2026-07-23 07:08:00,0.921,205,2
2026-07-23 07:14:00,0.862,236,2
2026-07-23 07:20:00,0.849,221,2
2026-07-23 07:26:00,1.095,228,2
2026-07-23 07:32:00,1.132,202,2
2026-07-23 07:38:00,1.179,209,2
2026-07-23 07:44:00,1.004,200,2
2026-07-23 07:50:00,0.978,218,2
2026-07-23 07:56:00,0.911,230,2
2026-07-23 08:02:00,1.002,214,2
2026-07-23 08:08:00,0.854,214,2
2026-07-23 08:14:00,1.043,228,2
2026-07-23 08:20:00,1.037,222,2
2026-07-23 08:26:00,1.011,202,2
2026-07-23 08:32:00,1.059,209,2
2026-07-23 08:38:00,1.128,219,2
2026-07-23 08:44:00,0.911,217,2
2026-07-23 08:50:00,0.972,217,2
2026-07-23 09:02:00,0.959,193,2
2026-07-23 09:08:00,0.849,202,2
2026-07-23 09:14:00,0.83,224,2
2026-07-23 09:20:00,0.779,218,2
2026-07-23 09:26:00,0.821,196,2
2026-07-23 09:32:00,0.951,228,2
2026-07-23 09:38:00,1.007,212,2
2026-07-23 09:44:00,1.005,214,2
2026-07-23 09:50:00,1.023,209,2
2026-07-23 09:56:00,0.966,225,2
2026-07-23 10:02:00,0.891,215,2
2026-07-23 10:08:00,0.8,217,2
2026-07-23 10:14:00,0.833,215,2
2026-07-23 10:20:00,0.776,219,2
2026-07-23 10:26:00,0.938,207,2
2026-07-23 10:32:00,0.919,227,2
2026-07-23 10:38:00,0.661,238,2
2026-07-23 10:44:00,0.619,227,2
2026-07-23 10:50:00,0.575,243,2
2026-07-23 10:56:00,0.613,236,2
2026-07-23 11:02:00,0.583,228,2
2026-07-23 11:08:00,0.615,232,2
2026-07-23 11:14:00,0.455,221,2
2026-07-23 11:20:00,0.429,249,2
2026-07-23 11:26:00,0.484,259,2
2026-07-23 11:32:00,0.413,239,2
2026-07-23 11:38:00,0.452,250,2
2026-07-23 11:44:00,0.401,243,2
2026-07-23 11:50:00,0.3,233,2
2026-07-23 11:56:00,0.27,237,2
2026-07-23 12:02:00,0.243,239,2
2026-07-23 12:08:00,0.22,205,2
2026-07-23 12:14:00,0.091,227,2
2026-07-23 12:20:00,0.113,294,2
2026-07-23 12:26:00,0.084,261,2
2026-07-23 12:32:00,0.044,274,2
2026-07-23 12:38:00,0.103,353,2
2026-07-23 12:44:00,0.106,320,2
2026-07-23 12:50:00,0.043,240,2
2026-07-23 12:56:00,0.195,33,2
2026-07-23 13:02:00,0.101,323,2
2026-07-23 13:08:00,0.21,27,2
2026-07-23 13:14:00,0.169,41,2
2026-07-23 13:20:00,0.254,54,2
2026-07-23 13:26:00,0.21,347,2
2026-07-23 13:32:00,0.2,322,2
2026-07-23 13:38:00,0.185,348,2
2026-07-23 13:44:00,0.184,35,2
2026-07-23 13:50:00,0.166,359,2
2026-07-23 13:56:00,0.168,40,2
2026-07-23 14:02:00,0.231,42,2
2026-07-23 14:08:00,0.236,10,2
2026-07-23 14:14:00,0.291,59,2
2026-07-23 14:20:00,0.127,36,2
2026-07-23 14:26:00,0.183,51,2
2026-07-23 14:32:00,0.316,39,2
2026-07-23 14:38:00,0.257,89,2
2026-07-23 14:44:00,0.186,61,2
2026-07-23 14:50:00,0.215,30,2
2026-07-23 14:56:00,0.136,32,2
2026-07-23 15:02:00,0.092,72,2
2026-07-23 15:08:00,0.171,76,2
2026-07-23 15:14:00,0.006,150,2
2026-07-23 15:20:00,0.079,184,2
2026-07-23 15:26:00,0.134,65,2
2026-07-23 15:32:00,0.119,129,2
2026-07-23 15:38:00,0.109,127,2
2026-07-23 15:44:00,0.123,85,2
2026-07-23 15:50:00,0.159,0,2
2026-07-23 15:56:00,0.018,290,2
2026-07-23 16:02:00,0.083,215,2
2026-07-23 16:08:00,0.165,222,2
2026-07-23 16:14:00,0.177,212,2
2026-07-23 16:20:00,0.169,160,2
2026-07-23 16:26:00,0.15,205,2
2026-07-23 16:32:00,0.233,216,2
2026-07-23 16:38:00,0.248,236,2
2026-07-23 16:44:00,0.03,247,2
2026-07-23 16:50:00,0.068,298,2
2026-07-23 16:56:00,0.16,287,2
2026-07-23 17:02:00,0.07,271,2
2026-07-23 17:08:00,0.106,219,2
2026-07-23 17:14:00,0.166,294,2
2026-07-23 17:20:00,0.116,236,2
2026-07-23 17:26:00,0.157,186,2
2026-07-23 17:32:00,0.17,233,2
2026-07-23 17:38:00,0.237,215,2
2026-07-23 17:44:00,0.21,215,2
2026-07-23 17:50:00,0.189,207,2
2026-07-23 17:56:00,0.224,193,2
2026-07-23 18:02:00,0.313,213,2
2026-07-23 18:08:00,0.24,186,2
2026-07-23 18:14:00,0.236,180,2
2026-07-23 18:20:00,0.229,209,2
2026-07-23 18:26:00,0.236,227,2
2026-07-23 18:32:00,0.309,203,2
2026-07-23 18:38:00,0.301,194,2
2026-07-23 18:44:00,0.328,188,2
2026-07-23 18:50:00,0.29,197,2
2026-07-23 18:56:00,0.228,182,2
2026-07-23 19:02:00,0.245,186,2
2026-07-23 19:08:00,0.335,214,2
2026-07-23 19:14:00,0.202,230,2
2026-07-23 19:20:00,0.332,230,2
2026-07-23 19:26:00,0.288,246,2
2026-07-23 19:32:00,0.253,227,2
2026-07-23 19:38:00,0.257,244,2
2026-07-23 19:44:00,0.287,200,2
2026-07-23 19:50:00,0.246,178,2
2026-07-23 19:56:00,0.253,207,2
2026-07-23 20:02:00,0.211,201,2
2026-07-23 20:08:00,0.17,185,2
2026-07-23 20:14:00,0.179,159,2
2026-07-23 20:20:00,0.146,208,2
2026-07-23 20:26:00,0.122,201,2
2026-07-23 20:32:00,0.129,215,2
2026-07-23 20:38:00,0.171,198,2
2026-07-23 20:44:00,0.08,219,2
2026-07-23 20:50:00,0.069,237,2
2026-07-23 20:56:00,0.044,226,2
2026-07-23 21:02:00,0.06,348,2
2026-07-23 21:08:00,0.078,36,2
2026-07-23 21:14:00,0.087,218,2
2026-07-23 21:20:00,0.106,222,2
2026-07-23 21:26:00,0.185,127,2
2026-07-23 21:32:00,0.156,10,2
2026-07-23 21:38:00,0.211,62,2
2026-07-23 21:44:00,0.161,53,2
2026-07-23 21:50:00,0.237,62,2
2026-07-23 21:56:00,0.276,55,2
2026-07-23 22:02:00,0.312,28,2
2026-07-23 22:08:00,0.258,45,2
2026-07-23 22:14:00,0.22,12,2
2026-07-23 22:20:00,0.061,152,2
2026-07-23 22:26:00,0.362,352,2
2026-07-23 22:32:00,0.479,21,2
2026-07-23 22:38:00,0.313,46,2
2026-07-23 22:44:00,0.489,37,2
2026-07-23 22:50:00,0.449,37,2
2026-07-23 22:56:00,0.467,25,2
2026-07-23 23:02:00,0.458,34,2
2026-07-23 23:08:00,0.49,9,2
2026-07-23 23:14:00,0.514,17,2
2026-07-23 23:20:00,0.674,24,2
2026-07-23 23:26:00,0.661,27,2
2026-07-23 23:32:00,0.679,29,2
2026-07-23 23:38:00,0.442,18,2
2026-07-23 23:44:00,0.652,35,2
2026-07-23 23:50:00,0.781,12,2
2026-07-23 23:56:00,0.709,42,2
2026-07-24 00:02:00,0.803,39,2
2026-07-24 00:08:00,0.77,40,2
2026-07-24 00:14:00,0.733,40,2
2026-07-24 00:20:00,0.776,10,2
2026-07-24 00:26:00,0.742,38,2
2026-07-24 00:32:00,0.844,10,2
2026-07-24 00:38:00,0.829,47,2
2026-07-24 00:44:00,0.915,43,2
2026-07-24 00:50:00,0.8,49,2
2026-07-24 00:56:00,0.789,15,2
2026-07-24 01:02:00,0.948,13,2
2026-07-24 01:08:00,0.884,24,2
2026-07-24 01:14:00,0.823,45,2
2026-07-24 01:20:00,0.831,22,2
2026-07-24 01:26:00,0.916,13,2
2026-07-24 01:32:00,0.872,14,2
2026-07-24 01:38:00,0.895,19,2
2026-07-24 01:44:00,0.861,16,2
2026-07-24 01:50:00,0.899,8,2
2026-07-24 01:56:00,0.888,15,2
2026-07-24 02:02:00,0.907,31,2
2026-07-24 02:08:00,0.842,18,2
2026-07-24 02:14:00,0.816,22,2
2026-07-24 02:20:00,0.845,27,2
2026-07-24 02:26:00,0.808,29,2
2026-07-24 02:32:00,0.759,12,2
2026-07-24 02:38:00,0.817,22,2
2026-07-24 02:44:00,0.815,25,2
2026-07-24 02:50:00,0.801,19,2
2026-07-24 02:56:00,0.755,38,2
2026-07-24 03:02:00,0.798,29,2
2026-07-24 03:08:00,0.768,24,2
2026-07-24 03:14:00,0.688,13,2
2026-07-24 03:20:00,0.674,11,2
2026-07-24 03:26:00,0.729,38,2
2026-07-24 03:32:00,0.602,26,2
2026-07-24 03:38:00,0.541,28,2
2026-07-24 03:44:00,0.535,55,2
2026-07-24 03:50:00,0.598,19,2
2026-07-24 03:56:00,0.637,29,2
2026-07-24 04:02:00,0.515,6,2
2026-07-24 04:08:00,0.484,24,2
2026-07-24 04:14:00,0.421,32,2
2026-07-24 04:20:00,0.359,21,2
2026-07-24 04:26:00,0.344,36,2
2026-07-24 04:32:00,0.269,52,2
2026-07-24 04:38:00,0.239,66,2
2026-07-24 04:44:00,0.095,63,2
2026-07-24 04:50:00,0.1,60,2
2026-07-24 04:56:00,0.061,44,2
2026-07-24 05:02:00,0.093,158,2
2026-07-24 05:08:00,0.096,264,2
2026-07-24 05:14:00,0.058,288,2
2026-07-24 05:20:00,0.065,281,2
2026-07-24 05:26:00,0.224,230,2
2026-07-24 05:32:00,0.217,138,2
2026-07-24 05:38:00,0.124,226,2
2026-07-24 05:44:00,0.05,94,2
2026-07-24 05:50:00,0.052,224,2
2026-07-24 05:56:00,0.123,198,2
2026-07-24 06:02:00,0.165,273,2
2026-07-24 06:08:00,0.142,237,2
2026-07-24 06:14:00,0.082,236,2
2026-07-24 06:20:00,0.162,248,2
2026-07-24 06:26:00,0.134,226,2
2026-07-24 06:32:00,0.234,213,2
2026-07-24 06:38:00,0.214,257,2
2026-07-24 06:44:00,0.297,223,2
2026-07-24 06:50:00,0.318,231,2
2026-07-24 06:56:00,0.337,212,2
2026-07-24 07:02:00,0.368,213,2
2026-07-24 07:08:00,0.359,222,2
2026-07-24 07:14:00,0.469,209,2
2026-07-24 07:20:00,0.367,205,2
2026-07-24 07:26:00,0.365,211,2
2026-07-24 07:32:00,0.37,221,2
2026-07-24 07:38:00,0.417,214,2
2026-07-24 07:44:00,0.506,212,2
2026-07-24 07:50:00,0.576,238,2
2026-07-24 07:56:00,0.532,216,2
2026-07-24 08:02:00,0.597,198,2
2026-07-24 08:08:00,0.471,208,2
2026-07-24 08:14:00,0.524,221,2
2026-07-24 08:20:00,0.424,207,2
2026-07-24 08:26:00,0.458,205,2
2026-07-24 08:32:00,0.446,188,2
2026-07-24 08:38:00,0.429,201,2
2026-07-24 08:44:00,0.43,209,2
2026-07-24 08:50:00,0.48,193,2
2026-07-24 08:56:00,0.502,210,2
2026-07-24 09:02:00,0.527,207,2
2026-07-24 09:08:00,0.492,204,2
2026-07-24 09:14:00,0.512,222,2
2026-07-24 09:20:00,0.544,191,2
2026-07-24 09:26:00,0.727,202,2
2026-07-24 09:32:00,1.172,216,2
2026-07-24 09:38:00,1.237,210,2
2026-07-24 09:44:00,1.311,234,2
2026-07-24 09:50:00,1.323,204,2
2026-07-24 09:56:00,1.138,195,2
2026-07-24 10:02:00,1.092,204,2
2026-07-24 10:08:00,0.959,200,2
2026-07-24 10:14:00,0.91,205,2
2026-07-24 10:20:00,0.884,232,2
2026-07-24 10:26:00,0.786,222,2
2026-07-24 10:32:00,0.744,220,2
2026-07-24 10:38:00,1.039,229,2
2026-07-24 10:44:00,0.888,249,2
2026-07-24 10:50:00,1.009,182,2
2026-07-24 10:56:00,0.914,241,2
2026-07-24 11:02:00,0.901,206,2
2026-07-24 11:08:00,0.732,209,2
2026-07-24 11:14:00,0.698,197,2
2026-07-24 11:20:00,0.754,222,2
2026-07-24 11:26:00,0.71,183,2
2026-07-24 11:32:00,0.728,190,2
2026-07-24 11:38:00,0.598,219,2
2026-07-24 11:44:00,0.595,184,2
2026-07-24 11:50:00,0.53,216,2
2026-07-24 11:56:00,0.532,182,2
2026-07-24 12:02:00,0.432,222,2
2026-07-24 12:08:00,0.58,199,2
2026-07-24 12:14:00,0.421,208,2
2026-07-24 12:20:00,0.484,200,2
2026-07-24 12:26:00,0.425,199,2
2026-07-24 12:32:00,0.381,213,2
2026-07-24 12:38:00,0.193,205,2
2026-07-24 12:44:00,0.271,211,2
2026-07-24 12:50:00,0.137,180,2
2026-07-24 12:56:00,0.116,200,2
2026-07-24 13:02:00,0.112,208,2
2026-07-24 13:08:00,0.089,167,2
2026-07-24 13:14:00,0.129,205,2
2026-07-24 13:20:00,0.105,227,2
2026-07-24 13:26:00,0.084,183,2
2026-07-24 13:32:00,0.123,209,2
2026-07-24 13:38:00,0.146,235,2
2026-07-24 13:44:00,0.205,275,2
2026-07-24 13:50:00,0.114,296,2
2026-07-24 13:56:00,0.145,0,2
2026-07-24 14:02:00,0.166,326,2
2026-07-24 14:08:00,0.132,336,2
2026-07-24 14:14:00,0.126,351,2
2026-07-24 14:20:00,0.06,17,2
2026-07-24 14:26:00,0.094,27,2
2026-07-24 14:32:00,0.021,237,2
2026-07-24 14:38:00,0.045,356,2
2026-07-24 14:44:00,0.144,347,2
2026-07-24 14:50:00,0.116,14,2
2026-07-24 14:56:00,0.06,63,2
2026-07-24 15:02:00,0.023,47,2
2026-07-24 15:08:00,0.082,117,2
2026-07-24 15:14:00,0.079,158,2
2026-07-24 15:20:00,0.063,118,2
2026-07-24 15:26:00,0.089,34,2
2026-07-24 15:32:00,0.127,83,2
2026-07-24 15:38:00,0.106,92,2
2026-07-24 15:44:00,0.075,207,2
2026-07-24 15:50:00,0.111,280,2
2026-07-24 15:56:00,0.132,168,2
2026-07-24 16:02:00,0.147,303,2
2026-07-24 16:08:00,0.062,324,2
2026-07-24 16:14:00,0.191,302,2
2026-07-24 16:20:00,0.143,51,2
2026-07-24 16:26:00,0.294,269,2
2026-07-24 16:32:00,0.243,269,2
2026-07-24 16:38:00,0.222,256,2
2026-07-24 16:44:00,0.15,235,2
2026-07-24 16:50:00,0.09,272,2
2026-07-24 16:56:00,0.099,326,2
2026-07-24 17:02:00,0.19,355,2
2026-07-24 17:08:00,0.132,250,2
2026-07-24 17:14:00,0.073,268,2
2026-07-24 17:20:00,0.242,270,2
2026-07-24 17:26:00,0.186,243,2
2026-07-24 17:32:00,0.218,272,2
2026-07-24 17:38:00,0.236,234,2
2026-07-24 17:44:00,0.471,220,2
2026-07-24 17:50:00,0.391,202,2
2026-07-24 17:56:00,0.307,214,2
2026-07-24 18:02:00,0.305,219,2
2026-07-24 18:08:00,0.311,228,2
2026-07-24 18:14:00,0.339,241,2
2026-07-24 18:20:00,0.364,230,2
2026-07-24 18:26:00,0.363,235,2
2026-07-24 18:32:00,0.359,211,2
2026-07-24 18:38:00,0.382,222,2
2026-07-24 18:44:00,0.373,212,2
2026-07-24 18:50:00,0.342,208,2
2026-07-24 18:56:00,0.352,212,2
2026-07-24 19:02:00,0.407,218,2
2026-07-24 19:08:00,0.41,189,2
2026-07-24 19:14:00,0.471,222,2
2026-07-24 19:20:00,0.436,204,2
2026-07-24 19:26:00,0.46,197,2
2026-07-24 19:32:00,0.497,223,2
2026-07-24 19:38:00,0.484,213,2
2026-07-24 19:44:00,0.419,203,2
2026-07-24 19:50:00,0.415,214,2
2026-07-24 19:56:00,0.438,213,2
2026-07-24 20:02:00,0.414,193,2
2026-07-24 20:08:00,0.339,184,2
2026-07-24 20:14:00,0.424,181,2
2026-07-24 20:20:00,0.434,212,2
2026-07-24 20:26:00,0.464,197,2
2026-07-24 20:32:00,0.353,186,2
2026-07-24 20:38:00,0.444,199,2
2026-07-24 20:44:00,0.463,185,2
2026-07-24 20:50:00,0.465,200,2
2026-07-24 20:56:00,0.408,188,2
2026-07-24 21:02:00,0.32,187,2
2026-07-24 21:08:00,0.422,198,2
2026-07-24 21:14:00,0.335,186,2
2026-07-24 21:20:00,0.433,221,2
2026-07-24 21:26:00,0.407,207,2
2026-07-24 21:32:00,0.236,186,2
2026-07-24 21:38:00,0.29,222,2
2026-07-24 21:44:00,0.235,175,2
2026-07-24 21:50:00,0.303,174,2
2026-07-24 21:56:00,0.228,166,2
2026-07-24 22:02:00,0.261,179,2
2026-07-24 22:08:00,0.068,155,2
2026-07-24 22:14:00,0.091,185,2
2026-07-24 22:20:00,0.166,163,2
2026-07-24 22:26:00,0.01,237,2
2026-07-24 22:32:00,0.077,45,2
2026-07-24 22:38:00,0.015,282,2
2026-07-24 22:44:00,0.139,44,2
2026-07-24 22:50:00,0.245,95,2
2026-07-24 22:56:00,0.253,55,2
2026-07-24 23:02:00,0.187,41,2
2026-07-24 23:08:00,0.095,292,2
2026-07-24 23:14:00,0.225,35,2
2026-07-24 23:20:00,0.289,73,2
2026-07-24 23:26:00,0.324,38,2
2026-07-24 23:32:00,0.329,45,2
2026-07-24 23:38:00,0.368,38,2
2026-07-24 23:44:00,0.264,42,2
2026-07-24 23:50:00,0.333,47,2
2026-07-24 23:56:00,0.407,30,2
2026-07-25 00:02:00,0.454,28,2
2026-07-25 00:08:00,0.52,27,2
2026-07-25 00:14:00,0.331,29,2
2026-07-25 00:20:00,0.449,24,2
2026-07-25 00:26:00,0.604,18,2
2026-07-25 00:32:00,0.584,30,2
2026-07-25 00:38:00,0.576,32,2
2026-07-25 00:44:00,0.559,11,2
2026-07-25 00:50:00,0.666,10,2
2026-07-25 00:56:00,0.521,7,2
2026-07-25 01:02:00,0.532,19,2
2026-07-25 01:08:00,0.651,11,2
2026-07-25 01:14:00,0.587,11,2
2026-07-25 01:20:00,0.627,3,2
2026-07-25 01:26:00,0.596,20,2
2026-07-25 01:32:00,0.725,18,2
2026-07-25 01:38:00,0.703,355,2
2026-07-25 01:44:00,0.701,6,2
2026-07-25 01:50:00,0.701,18,2
2026-07-25 01:56:00,0.758,8,2
2026-07-25 02:02:00,0.767,20,2
2026-07-25 02:08:00,0.676,16,2
2026-07-25 02:14:00,0.76,356,2
2026-07-25 02:20:00,0.656,0,2
2026-07-25 02:26:00,0.64,3,2
2026-07-25 02:32:00,0.679,17,2
2026-07-25 02:38:00,0.525,29,2
2026-07-25 02:44:00,0.661,7,2
2026-07-25 02:50:00,0.653,32,2
2026-07-25 02:56:00,0.592,30,2
2026-07-25 03:02:00,0.571,356,2
2026-07-25 03:08:00,0.653,20,2
2026-07-25 03:14:00,0.572,33,2
2026-07-25 03:20:00,0.504,40,2
2026-07-25 03:26:00,0.593,25,2
2026-07-25 03:32:00,0.53,16,2
2026-07-25 03:38:00,0.496,42,2
2026-07-25 03:44:00,0.618,9,2
2026-07-25 03:50:00,0.55,39,2
2026-07-25 03:56:00,0.39,9,2
2026-07-25 04:02:00,0.481,45,2
2026-07-25 04:08:00,0.387,22,2
2026-07-25 04:14:00,0.575,33,2
2026-07-25 04:20:00,0.382,31,2
2026-07-25 04:26:00,0.443,35,2
2026-07-25 04:32:00,0.449,11,2
2026-07-25 04:38:00,0.325,43,2
2026-07-25 04:44:00,0.347,19,2
2026-07-25 04:50:00,0.408,37,2
2026-07-25 04:56:00,0.399,47,2
2026-07-25 05:02:00,0.366,53,2
2026-07-25 05:08:00,0.323,32,2
2026-07-25 05:14:00,0.184,49,2
2026-07-25 05:20:00,0.31,37,2
2026-07-25 05:26:00,0.254,25,2
2026-07-25 05:32:00,0.102,32,2
2026-07-25 05:38:00,0.018,66,2
2026-07-25 05:44:00,0.023,137,2
2026-07-25 05:50:00,0.144,45,2
2026-07-25 05:56:00,0.082,155,2
2026-07-25 06:02:00,0.103,84,2
2026-07-25 06:08:00,0.104,123,2
2026-07-25 06:14:00,0.086,82,2
2026-07-25 06:20:00,0.058,239,2
2026-07-25 06:26:00,0.142,107,2
2026-07-25 06:32:00,0.132,191,2
2026-07-25 06:38:00,0.077,297,2
2026-07-25 06:44:00,0.262,174,2
2026-07-25 06:50:00,0.326,189,2
2026-07-25 06:56:00,0.039,135,2
2026-07-25 07:02:00,0.09,241,2
2026-07-25 07:08:00,0.109,236,2
2026-07-25 07:14:00,0.173,186,2
2026-07-25 07:20:00,0.285,231,2
2026-07-25 07:26:00,0.299,244,2
2026-07-25 07:32:00,0.391,261,2
2026-07-25 07:38:00,0.484,253,2
2026-07-25 07:44:00,0.389,261,2
2026-07-25 07:50:00,0.41,271,2
2026-07-25 07:56:00,0.378,278,2
2026-07-25 08:02:00,0.432,258,2
2026-07-25 08:08:00,0.343,239,2
2026-07-25 08:14:00,0.462,233,2
2026-07-25 08:20:00,0.525,214,2
2026-07-25 08:26:00,0.605,224,2
2026-07-25 08:32:00,0.577,225,2
2026-07-25 08:38:00,0.56,229,2
2026-07-25 08:44:00,0.646,212,2
2026-07-25 08:50:00,0.632,201,2
2026-07-25 08:56:00,0.608,190,2
2026-07-25 09:02:00,0.671,187,2
2026-07-25 09:08:00,0.65,198,2
2026-07-25 09:14:00,0.579,236,2
2026-07-25 09:20:00,0.706,205,2
2026-07-25 09:26:00,0.774,184,2
2026-07-25 09:32:00,0.753,208,2
2026-07-25 09:38:00,0.703,230,2
2026-07-25 09:44:00,0.709,220,2
2026-07-25 09:50:00,0.645,222,2
2026-07-25 09:56:00,0.566,194,2
2026-07-25 10:02:00,0.587,205,2
2026-07-25 10:08:00,0.629,239,2
2026-07-25 10:14:00,0.458,206,2
2026-07-25 10:20:00,0.535,207,2
2026-07-25 10:26:00,0.738,217,2
2026-07-25 10:32:00,0.715,220,2
2026-07-25 10:38:00,0.787,240,2
2026-07-25 10:44:00,0.681,228,2
2026-07-25 10:50:00,0.644,200,2
2026-07-25 10:56:00,0.667,223,2
2026-07-25 11:02:00,0.576,216,2
2026-07-25 11:08:00,0.579,208,2
2026-07-25 11:14:00,0.598,215,2
2026-07-25 11:20:00,0.597,234,2
2026-07-25 11:26:00,0.681,224,2
2026-07-25 11:32:00,0.585,211,2
2026-07-25 11:44:00,0.577,231,2
2026-07-25 11:50:00,0.569,232,2
2026-07-25 11:56:00,0.422,214,2
2026-07-25 12:02:00,0.47,209,2
2026-07-25 12:08:00,0.546,231,2
2026-07-25 12:14:00,0.41,223,2
2026-07-25 12:20:00,0.418,216,2
2026-07-25 12:26:00,0.434,210,2
2026-07-25 12:32:00,0.375,225,2
2026-07-25 12:38:00,0.293,233,2
2026-07-25 12:44:00,0.261,229,2
2026-07-25 12:50:00,0.299,274,2
2026-07-25 12:56:00,0.215,227,2
2026-07-25 13:02:00,0.073,208,2
2026-07-25 13:08:00,0.053,239,2
2026-07-25 13:14:00,0.081,279,2
2026-07-25 13:20:00,0.137,16,2
2026-07-25 13:26:00,0.066,253,2
2026-07-25 13:32:00,0.055,74,2
2026-07-25 13:38:00,0.101,58,2
2026-07-25 13:44:00,0.071,290,2
2026-07-25 13:50:00,0.135,292,2
2026-07-25 13:56:00,0.142,311,2
2026-07-25 14:02:00,0.25,298,2
2026-07-25 14:08:00,0.125,352,2
2026-07-25 14:14:00,0.085,339,2
2026-07-25 14:20:00,0.009,142,2
2026-07-25 14:26:00,0.112,310,2
2026-07-25 14:32:00,0.052,314,2
2026-07-25 14:38:00,0.219,304,2
2026-07-25 14:44:00,0.129,316,2
2026-07-25 14:50:00,0.285,290,2
2026-07-25 14:56:00,0.204,302,2
2026-07-25 15:02:00,0.068,312,2
2026-07-25 15:08:00,0.169,311,2
2026-07-25 15:14:00,0.087,316,2
2026-07-25 15:20:00,0.077,152,2
2026-07-25 15:26:00,0.068,286,2
2026-07-25 15:32:00,0.086,323,2
2026-07-25 15:38:00,0.147,229,2
2026-07-25 15:44:00,0.053,269,2
2026-07-25 15:50:00,0.138,267,2
2026-07-25 15:56:00,0.106,277,2
2026-07-25 16:02:00,0.129,344,2
2026-07-25 16:08:00,0.078,132,2
2026-07-25 16:14:00,0.068,277,2
2026-07-25 16:20:00,0.136,278,2
2026-07-25 16:26:00,0.137,207,2
2026-07-25 16:32:00,0.058,168,2
2026-07-25 16:38:00,0.139,31,2
2026-07-25 16:44:00,0.103,16,2
2026-07-25 16:50:00,0.181,310,2
2026-07-25 16:56:00,0.212,346,2
2026-07-25 17:02:00,0.22,27,2
2026-07-25 17:08:00,0.04,35,2
2026-07-25 17:14:00,0.075,159,2
2026-07-25 17:20:00,0.13,192,2
2026-07-25 17:26:00,0.035,252,2
2026-07-25 17:32:00,0.068,8,2
2026-07-25 17:38:00,0.186,4,2
2026-07-25 17:44:00,0.287,25,2
2026-07-25 17:50:00,0.347,356,2
2026-07-25 17:56:00,0.203,340,2
2026-07-25 18:02:00,0.088,289,2
2026-07-25 18:08:00,0.091,256,2
2026-07-25 18:14:00,0.082,258,2
2026-07-25 18:20:00,0.059,264,2
2026-07-25 18:26:00,0.061,178,2
2026-07-25 18:32:00,0.129,247,2
2026-07-25 18:38:00,0.275,248,2
2026-07-25 18:44:00,0.211,234,2
2026-07-25 18:50:00,0.18,213,2
2026-07-25 18:56:00,0.18,248,2
2026-07-25 19:02:00,0.243,235,2
2026-07-25 19:08:00,0.294,230,2
2026-07-25 19:14:00,0.351,230,2
2026-07-25 19:20:00,0.434,214,2
2026-07-25 19:26:00,0.406,223,2
2026-07-25 19:32:00,0.348,245,2
2026-07-25 19:38:00,0.343,251,2
2026-07-25 19:44:00,0.419,220,2
2026-07-25 19:50:00,0.378,196,2
2026-07-25 19:56:00,0.444,190,2
2026-07-25 20:02:00,0.452,199,2
2026-07-25 20:08:00,0.328,185,2
2026-07-25 20:14:00,0.461,231,2
2026-07-25 20:20:00,0.353,186,2
2026-07-25 20:26:00,0.433,177,2
2026-07-25 20:32:00,0.462,203,2
2026-07-25 20:38:00,0.448,199,2
2026-07-25 20:44:00,0.453,223,2
2026-07-25 20:50:00,0.485,236,2
2026-07-25 20:56:00,0.451,202,2
2026-07-25 21:02:00,0.491,207,2
2026-07-25 21:08:00,0.486,185,2
2026-07-25 21:14:00,0.464,210,2
2026-07-25 21:20:00,0.464,218,2
2026-07-25 21:26:00,0.397,193,2
2026-07-25 21:32:00,0.504,196,2
2026-07-25 21:38:00,0.394,229,2
2026-07-25 21:44:00,0.43,242,2
2026-07-25 21:50:00,0.331,241,2
2026-07-25 21:56:00,0.406,253,2
2026-07-25 22:02:00,0.391,259,2
2026-07-25 22:08:00,0.29,223,2
2026-07-25 22:14:00,0.313,212,2
2026-07-25 22:20:00,0.274,204,2
2026-07-25 22:26:00,0.246,235,2
2026-07-25 22:32:00,0.152,208,2
2026-07-25 22:38:00,0.191,178,2
2026-07-25 22:44:00,0.215,218,2
2026-07-25 22:50:00,0.08,163,2
2026-07-25 22:56:00,0.165,188,2
2026-07-25 23:02:00,0.136,196,2
2026-07-25 23:08:00,0.101,152,2
2026-07-25 23:14:00,0.169,161,2
2026-07-25 23:20:00,0.104,159,2
2026-07-25 23:26:00,0.031,57,2
2026-07-25 23:32:00,0.082,78,2
2026-07-25 23:38:00,0.08,123,2
2026-07-25 23:44:00,0.157,71,2
2026-07-25 23:50:00,0.155,71,2
2026-07-25 23:56:00,0.156,60,2
2026-07-26 00:02:00,0.062,64,2
2026-07-26 00:08:00,0.17,51,2
2026-07-26 00:14:00,0.151,40,2
2026-07-26 00:20:00,0.183,59,2
2026-07-26 00:26:00,0.13,88,2
2026-07-26 00:32:00,0.193,50,2
2026-07-26 00:38:00,0.25,36,2
2026-07-26 00:44:00,0.345,35,2
2026-07-26 00:50:00,0.285,21,2
2026-07-26 00:56:00,0.374,7,2
2026-07-26 01:02:00,0.436,32,2
2026-07-26 01:08:00,0.521,8,2
2026-07-26 01:14:00,0.579,20,2
2026-07-26 01:20:00,0.533,22,2
2026-07-26 01:26:00,0.539,25,2
2026-07-26 01:32:00,0.608,9,2
2026-07-26 01:38:00,0.492,8,2
2026-07-26 01:44:00,0.472,8,2
2026-07-26 01:50:00,0.439,24,2
2026-07-26 01:56:00,0.399,12,2
2026-07-26 02:02:00,0.483,14,2
2026-07-26 02:08:00,0.51,15,2
2026-07-26 02:14:00,0.494,3,2
2026-07-26 02:20:00,0.598,14,2
2026-07-26 02:26:00,0.484,17,2
2026-07-26 02:32:00,0.564,1,2
2026-07-26 02:38:00,0.502,18,2
2026-07-26 02:44:00,0.606,6,2
2026-07-26 02:50:00,0.567,355,2
2026-07-26 02:56:00,0.581,9,2
2026-07-26 03:02:00,0.563,8,2
2026-07-26 03:08:00,0.587,25,2
2026-07-26 03:14:00,0.664,21,2
2026-07-26 03:20:00,0.651,3,2
2026-07-26 03:26:00,0.696,8,2
2026-07-26 03:32:00,0.672,33,2
2026-07-26 03:38:00,0.718,15,2
2026-07-26 03:44:00,0.649,18,2
2026-07-26 03:50:00,0.713,27,2
2026-07-26 03:56:00,0.744,12,2
2026-07-26 04:02:00,0.597,1,2
2026-07-26 04:08:00,0.69,3,2
2026-07-26 04:14:00,0.611,36,2
2026-07-26 04:20:00,0.615,13,2
2026-07-26 04:26:00,0.638,15,2
2026-07-26 04:32:00,0.538,17,2
2026-07-26 04:38:00,0.595,28,2
2026-07-26 04:44:00,0.483,19,2
2026-07-26 04:50:00,0.448,27,2
2026-07-26 04:56:00,0.521,24,2
2026-07-26 05:02:00,0.513,10,2
2026-07-26 05:08:00,0.5,351,2
2026-07-26 05:14:00,0.409,336,2
2026-07-26 05:20:00,0.302,17,2
2026-07-26 05:26:00,0.344,36,2
2026-07-26 05:32:00,0.276,28,2
2026-07-26 05:38:00,0.294,43,2
2026-07-26 05:44:00,0.269,43,2
2026-07-26 05:50:00,0.213,48,2
2026-07-26 05:56:00,0.191,81,2
2026-07-26 06:02:00,0.125,104,2
2026-07-26 06:08:00,0.039,42,2
2026-07-26 06:14:00,0.106,52,2
2026-07-26 06:20:00,0.063,71,2
2026-07-26 06:26:00,0.066,137,2
2026-07-26 06:32:00,0.093,309,2
2026-07-26 06:38:00,0.11,311,2
2026-07-26 06:44:00,0.051,346,2
2026-07-26 06:50:00,0.033,196,2
2026-07-26 06:56:00,0.142,327,2
2026-07-26 07:02:00,0.144,259,2
2026-07-26 07:08:00,0.091,202,2
2026-07-26 07:14:00,0.226,217,2
2026-07-26 07:20:00,0.29,236,2
2026-07-26 07:26:00,0.197,275,2
2026-07-26 07:32:00,0.159,220,2
2026-07-26 07:38:00,0.239,244,2
2026-07-26 07:44:00,0.198,210,2
2026-07-26 07:50:00,0.198,236,2
2026-07-26 07:56:00,0.31,264,2
2026-07-26 08:02:00,0.338,283,2
2026-07-26 08:08:00,0.346,229,2
2026-07-26 08:14:00,0.347,227,2
2026-07-26 08:20:00,0.462,233,2
2026-07-26 08:26:00,0.331,214,2
2026-07-26 08:32:00,0.304,223,2
2026-07-26 08:38:00,0.31,220,2
2026-07-26 08:44:00,0.351,231,2
2026-07-26 08:50:00,0.291,220,2
2026-07-26 08:56:00,0.417,233,2
2026-07-26 09:02:00,0.433,192,2
2026-07-26 09:08:00,0.432,210,2
2026-07-26 09:14:00,0.514,198,2
2026-07-26 09:20:00,0.475,211,2
2026-07-26 09:26:00,0.489,208,2
2026-07-26 09:32:00,0.455,223,2
2026-07-26 09:38:00,0.499,176,2
2026-07-26 09:44:00,0.391,234,2
2026-07-26 09:50:00,0.463,233,2
2026-07-26 09:56:00,0.389,217,2
2026-07-26 10:02:00,0.429,221,2
2026-07-26 10:08:00,0.466,215,2
2026-07-26 10:14:00,0.508,202,2
2026-07-26 10:20:00,0.523,191,2
2026-07-26 10:26:00,0.407,234,2
2026-07-26 10:32:00,0.305,223,2
2026-07-26 10:38:00,0.422,235,2
2026-07-26 10:44:00,0.348,245,2
2026-07-26 10:50:00,0.294,247,2
2026-07-26 10:56:00,0.47,214,2
2026-07-26 11:02:00,0.47,225,2
2026-07-26 11:08:00,0.541,230,2
2026-07-26 11:14:00,0.578,224,2
2026-07-26 11:20:00,0.698,200,2
2026-07-26 11:26:00,0.702,210,2
2026-07-26 11:32:00,0.674,239,2
2026-07-26 11:38:00,0.544,234,2
2026-07-26 11:44:00,0.412,214,2
2026-07-26 11:50:00,0.51,209,2
2026-07-26 11:56:00,0.512,200,2
2026-07-26 12:02:00,0.564,215,2
2026-07-26 12:08:00,0.512,207,2
2026-07-26 12:14:00,0.646,224,2
2026-07-26 12:20:00,0.524,218,2
2026-07-26 12:26:00,0.657,236,2
2026-07-26 12:32:00,0.554,212,2
2026-07-26 12:38:00,0.53,221,2
2026-07-26 12:44:00,0.514,237,2
2026-07-26 12:50:00,0.499,229,2
2026-07-26 12:56:00,0.319,205,2
2026-07-26 13:02:00,0.283,231,2
2026-07-26 13:08:00,0.306,233,2
2026-07-26 13:14:00,0.296,213,2
2026-07-26 13:20:00,0.264,243,2
2026-07-26 13:26:00,0.199,231,2
2026-07-26 13:32:00,0.22,254,2
2026-07-26 13:38:00,0.19,197,2
2026-07-26 13:44:00,0.181,275,2
2026-07-26 13:50:00,0.225,297,2
2026-07-26 13:56:00,0.145,336,2
2026-07-26 14:02:00,0.115,330,2
2026-07-26 14:08:00,0.113,327,2
2026-07-26 14:14:00,0.243,257,2
2026-07-26 14:20:00,0.118,288,2
2026-07-26 14:26:00,0.125,312,2
2026-07-26 14:32:00,0.183,353,2
2026-07-26 14:38:00,0.367,344,2
2026-07-26 14:44:00,0.286,359,2
2026-07-26 14:50:00,0.276,348,2
2026-07-26 14:56:00,0.287,14,2
2026-07-26 15:02:00,0.397,346,2
2026-07-26 15:08:00,0.261,350,2
2026-07-26 15:14:00,0.329,335,2
2026-07-26 15:20:00,0.371,341,2
2026-07-26 15:26:00,0.366,347,2
2026-07-26 15:32:00,0.386,325,2
2026-07-26 15:38:00,0.319,332,2
2026-07-26 15:44:00,0.375,312,2
2026-07-26 15:50:00,0.251,332,2
2026-07-26 15:56:00,0.43,352,2
2026-07-26 16:02:00,0.432,349,2
2026-07-26 16:08:00,0.413,359,2
2026-07-26 16:14:00,0.382,359,2
2026-07-26 16:20:00,0.416,1,2
2026-07-26 16:26:00,0.376,336,2
2026-07-26 16:32:00,0.354,349,2
2026-07-26 16:38:00,0.356,346,2
2026-07-26 16:44:00,0.29,320,2
2026-07-26 16:50:00,0.278,358,2
2026-07-26 16:56:00,0.261,345,2
2026-07-26 17:02:00,0.278,335,2
2026-07-26 17:08:00,0.168,299,2
2026-07-26 17:14:00,0.154,311,2
2026-07-26 17:20:00,0.222,307,2
2026-07-26 17:26:00,0.343,289,2
2026-07-26 17:32:00,0.403,326,2
2026-07-26 17:38:00,0.337,312,2
2026-07-26 17:44:00,0.243,332,2
2026-07-26 17:50:00,0.207,0,2
2026-07-26 17:56:00,0.264,329,2
2026-07-26 18:02:00,0.204,306,2
2026-07-26 18:08:00,0.176,285,2
2026-07-26 18:14:00,0.033,299,2
2026-07-26 18:20:00,0.083,226,2
2026-07-26 18:26:00,0.108,291,2
2026-07-26 18:32:00,0.099,300,2
2026-07-26 18:38:00,0.118,272,2
2026-07-26 18:44:00,0.114,246,2
2026-07-26 18:50:00,0.204,259,2
2026-07-26 18:56:00,0.113,255,2
2026-07-26 19:02:00,0.119,320,2
2026-07-26 19:08:00,0.168,252,2
2026-07-26 19:14:00,0.115,258,2
2026-07-26 19:20:00,0.176,283,2
2026-07-26 19:26:00,0.204,289,2
2026-07-26 19:32:00,0.308,250,2
2026-07-26 19:38:00,0.303,258,2
2026-07-26 19:44:00,0.343,237,2
2026-07-26 19:50:00,0.361,236,2
2026-07-26 19:56:00,0.36,239,2
2026-07-26 20:02:00,0.385,241,2
2026-07-26 20:08:00,0.407,243,2
2026-07-26 20:14:00,0.491,254,2
2026-07-26 20:20:00,0.497,238,2
2026-07-26 20:26:00,0.532,253,2
2026-07-26 20:32:00,0.465,233,2
2026-07-26 20:38:00,0.462,226,2
2026-07-26 20:44:00,0.531,207,2
2026-07-26 20:50:00,0.551,218,2
2026-07-26 20:56:00,0.469,230,2
2026-07-26 21:02:00,0.499,187,2
2026-07-26 21:08:00,0.633,226,2
2026-07-26 21:14:00,0.548,248,2
2026-07-26 21:20:00,0.535,212,2
2026-07-26 21:26:00,0.451,220,2
2026-07-26 21:38:00,0.384,230,2
2026-07-26 21:50:00,0.396,236,2
2026-07-26 21:56:00,0.451,234,2
2026-07-26 22:02:00,0.506,236,2
2026-07-26 22:08:00,0.496,231,2
2026-07-26 22:14:00,0.589,234,2
2026-07-26 22:20:00,0.411,175,2
2026-07-26 22:26:00,0.461,220,2
2026-07-26 22:32:00,0.546,217,2
2026-07-26 22:38:00,0.551,221,2
2026-07-26 22:44:00,0.422,230,2
2026-07-26 22:50:00,0.527,234,2
2026-07-26 22:56:00,0.518,236,2
2026-07-26 23:02:00,0.508,225,2
2026-07-26 23:08:00,0.313,213,2
2026-07-26 23:14:00,0.315,261,2
2026-07-26 23:20:00,0.194,167,2
2026-07-26 23:26:00,0.283,197,2
2026-07-26 23:32:00,0.291,209,2
2026-07-26 23:38:00,0.293,184,2
2026-07-26 23:44:00,0.224,160,2
2026-07-26 23:50:00,0.164,137,2
2026-07-26 23:56:00,0.051,198,2
2026-07-27 00:02:00,0.032,201,2
2026-07-27 00:08:00,0.18,216,2
2026-07-27 00:14:00,0.294,255,2
2026-07-27 00:20:00,0.141,223,2
2026-07-27 00:26:00,0.159,232,2
2026-07-27 00:32:00,0.211,240,2
2026-07-27 00:38:00,0.121,217,2
2026-07-27 00:44:00,0.095,28,2
2026-07-27 00:50:00,0.125,16,2
2026-07-27 00:56:00,0.1,27,2
2026-07-27 01:02:00,0.276,32,2
2026-07-27 01:08:00,0.287,21,2
2026-07-27 01:14:00,0.272,18,2
2026-07-27 01:20:00,0.535,16,2
2026-07-27 01:26:00,0.526,16,2
2026-07-27 01:32:00,0.474,13,2
2026-07-27 01:38:00,0.507,26,2
2026-07-27 01:44:00,0.626,17,2
2026-07-27 01:50:00,0.715,7,2
2026-07-27 01:56:00,0.697,11,2
2026-07-27 02:02:00,0.782,11,2
2026-07-27 02:08:00,0.778,16,2
2026-07-27 02:14:00,0.78,13,2
2026-07-27 02:20:00,0.881,2,2
2026-07-27 02:26:00,0.868,11,2
2026-07-27 02:32:00,0.837,20,2
2026-07-27 02:38:00,0.85,13,2
2026-07-27 02:50:00,0.898,20,2
2026-07-27 02:56:00,0.96,20,2
2026-07-27 03:02:00,0.999,13,2
2026-07-27 03:08:00,1.004,8,2
2026-07-27 03:14:00,0.992,24,2
2026-07-27 03:20:00,1.089,9,2
2026-07-27 03:26:00,1.11,1,2
2026-07-27 03:32:00,1.076,10,2
2026-07-27 03:38:00,1.071,20,2
2026-07-27 03:44:00,1.142,30,2
2026-07-27 03:50:00,1.089,20,2
2026-07-27 03:56:00,1.246,30,2
2026-07-27 04:02:00,1.104,32,2
2026-07-27 04:08:00,1.163,27,2
2026-07-27 04:14:00,1.14,34,2
2026-07-27 04:20:00,1.024,19,2
2026-07-27 04:26:00,1.086,25,2
2026-07-27 04:32:00,1.058,15,2
2026-07-27 04:38:00,1.061,14,2
2026-07-27 04:44:00,0.988,7,2
2026-07-27 04:50:00,1.05,8,2
2026-07-27 04:56:00,0.929,8,2
2026-07-27 05:02:00,0.929,11,2
2026-07-27 05:08:00,0.824,23,2
2026-07-27 05:14:00,0.919,18,2
2026-07-27 05:20:00,0.892,8,2
2026-07-27 05:26:00,0.764,8,2
2026-07-27 05:32:00,0.829,6,2
2026-07-27 05:38:00,0.724,351,2
2026-07-27 05:44:00,0.86,16,2
2026-07-27 05:50:00,0.67,23,2
2026-07-27 05:56:00,0.586,18,2
2026-07-27 06:02:00,0.621,2,2
2026-07-27 06:08:00,0.575,28,2
2026-07-27 06:14:00,0.55,19,2
2026-07-27 06:20:00,0.465,24,2
2026-07-27 06:26:00,0.43,25,2
2026-07-27 06:32:00,0.426,6,2
2026-07-27 06:38:00,0.454,357,2
2026-07-27 06:44:00,0.438,3,2
2026-07-27 06:50:00,0.478,26,2
2026-07-27 06:56:00,0.355,11,2
2026-07-27 07:02:00,0.33,8,2
2026-07-27 07:08:00,0.231,198,2
2026-07-27 07:14:00,0.208,25,2
2026-07-27 07:20:00,0.1,343,2
2026-07-27 07:26:00,0.099,334,2
2026-07-27 07:32:00,0.063,16,2
2026-07-27 07:38:00,0.108,38,2
2026-07-27 07:44:00,0.121,24,2
2026-07-27 07:50:00,0.132,26,2
2026-07-27 07:56:00,0.122,33,2
2026-07-27 08:02:00,0.029,59,2
2026-07-27 08:08:00,0.022,274,2
2026-07-27 08:14:00,0.094,238,2
2026-07-27 08:20:00,0.102,174,2
2026-07-27 08:26:00,0.092,222,2
2026-07-27 08:32:00,0.189,191,2
2026-07-27 08:38:00,0.286,211,2
2026-07-27 08:44:00,0.304,231,2
2026-07-27 08:50:00,0.296,245,2
2026-07-27 08:56:00,0.325,232,2
2026-07-27 09:02:00,0.205,228,2
2026-07-27 09:08:00,0.395,241,2
2026-07-27 09:14:00,0.38,246,2
2026-07-27 09:20:00,0.396,242,2
2026-07-27 09:26:00,0.426,197,2
2026-07-27 09:32:00,0.399,206,2
2026-07-27 09:38:00,0.428,217,2
2026-07-27 09:44:00,0.513,237,2
2026-07-27 09:50:00,0.614,239,2
2026-07-27 09:56:00,0.68,254,2
2026-07-27 10:02:00,0.632,222,2
2026-07-27 10:08:00,0.68,214,2
2026-07-27 10:14:00,0.667,211,2
2026-07-27 10:20:00,0.512,232,2
2026-07-27 10:26:00,0.704,229,2
2026-07-27 10:32:00,0.737,240,2
2026-07-27 10:38:00,0.631,204,2
2026-07-27 10:44:00,0.644,244,2
2026-07-27 10:50:00,0.596,240,2
2026-07-27 10:56:00,0.528,207,2
2026-07-27 11:02:00,0.667,240,2
2026-07-27 11:08:00,0.757,213,2
2026-07-27 11:14:00,0.757,209,2
2026-07-27 11:20:00,1.061,226,2
2026-07-27 11:26:00,1.249,227,2
2026-07-27 11:32:00,1.452,228,2
2026-07-27 11:38:00,1.967,230,2
2026-07-27 11:44:00,2.074,205,2
2026-07-27 11:50:00,1.936,206,2
2026-07-27 11:56:00,1.723,220,2
2026-07-27 12:02:00,1.438,229,2
2026-07-27 12:08:00,1.163,235,2
2026-07-27 12:14:00,1.155,232,2
2026-07-27 12:20:00,1.154,227,2
2026-07-27 12:26:00,1.087,232,2
2026-07-27 12:32:00,1.029,233,2
2026-07-27 12:38:00,0.925,252,2
2026-07-27 12:44:00,0.92,248,2
2026-07-27 12:50:00,0.92,208,2
2026-07-27 12:56:00,1.005,200,2
2026-07-27 13:02:00,1.022,200,2
2026-07-27 13:08:00,0.984,219,2
2026-07-27 13:14:00,0.866,199,2
2026-07-27 13:20:00,0.871,216,2
2026-07-27 13:26:00,0.742,201,2
2026-07-27 13:32:00,0.765,211,2
2026-07-27 13:38:00,0.816,230,2
2026-07-27 13:44:00,0.74,239,2
2026-07-27 13:50:00,0.637,187,2
2026-07-27 13:56:00,0.736,197,2
2026-07-27 14:02:00,0.541,231,2
2026-07-27 14:08:00,0.517,184,2
2026-07-27 14:14:00,0.544,222,2
2026-07-27 14:20:00,0.464,196,2
2026-07-27 14:26:00,0.394,210,2
2026-07-27 14:32:00,0.22,232,2
2026-07-27 14:38:00,0.35,259,2
2026-07-27 14:44:00,0.364,254,2
2026-07-27 14:50:00,0.199,243,2
2026-07-27 14:56:00,0.152,257,2
2026-07-27 15:02:00,0.217,242,2
2026-07-27 15:08:00,0.208,205,2
2026-07-27 15:14:00,0.099,242,2
2026-07-27 15:20:00,0.171,256,2
2026-07-28 08:32:00,0.021,78,2
2026-07-28 08:38:00,0.019,102,2
2026-07-28 08:44:00,0.033,133,2
2026-07-28 08:50:00,0.063,123,2
2026-07-28 08:56:00,0.048,218,2
2026-07-28 09:02:00,0.037,117,2
2026-07-28 09:08:00,0.043,223,2
2026-07-28 09:14:00,0.065,241,2
2026-07-28 09:20:00,0.051,89,2
2026-07-28 09:26:00,0.186,215,2
2026-07-28 09:32:00,0.1,324,2
2026-07-28 09:38:00,0.033,328,2
2026-07-28 09:44:00,0.081,135,2
2026-07-28 10:02:00,0.084,212,2
2026-07-28 10:08:00,0.203,183,2
2026-07-28 10:20:00,0.286,249,2
2026-07-28 10:26:00,0.315,212,2
2026-07-28 10:32:00,0.276,217,2
2026-07-28 10:38:00,0.153,175,2
2026-07-28 10:44:00,0.188,245,2
2026-07-28 10:50:00,0.115,202,2
2026-07-28 10:56:00,0.167,219,2
2026-07-28 11:02:00,0.258,197,2
2026-07-28 11:08:00,0.362,232,2
2026-07-28 11:14:00,0.286,215,2
2026-07-28 11:20:00,0.197,240,2
2026-07-28 11:26:00,0.416,204,2
2026-07-28 11:32:00,0.575,214,2
2026-07-28 11:38:00,0.608,222,2
2026-07-28 11:44:00,0.557,228,2
2026-07-28 11:50:00,0.473,235,2
2026-07-28 11:56:00,0.527,211,2
2026-07-28 12:02:00,0.542,229,2
2026-07-28 12:08:00,0.531,256,2
2026-07-28 12:14:00,0.557,227,2
2026-07-28 12:20:00,0.443,218,2
2026-07-28 12:26:00,0.536,204,2
2026-07-28 12:32:00,0.589,232,2
2026-07-28 12:38:00,0.626,226,2
2026-07-28 12:44:00,0.598,221,2
2026-07-28 12:50:00,0.569,207,2
2026-07-28 12:56:00,0.511,243,2
2026-07-28 13:02:00,0.506,241,2
2026-07-28 13:08:00,0.576,217,2
2026-07-28 13:14:00,0.418,232,2
2026-07-28 13:20:00,0.36,253,2
2026-07-28 13:26:00,0.355,241,2
2026-07-28 13:32:00,0.383,273,2
2026-07-28 13:38:00,0.222,241,2
2026-07-28 13:44:00,0.258,281,2
2026-07-28 13:50:00,0.242,216,2
2026-07-28 13:56:00,0.066,196,2
2026-07-28 14:02:00,0.123,203,2
2026-07-28 14:08:00,0.052,348,2
2026-07-28 14:14:00,0.075,275,2
2026-07-28 14:20:00,0.037,258,2
2026-07-28 14:26:00,0.182,305,2
2026-07-28 14:32:00,0.025,330,2
2026-07-28 14:38:00,0.125,359,2
2026-07-28 14:44:00,0.056,9,2
2026-07-28 14:50:00,0.158,343,2
2026-07-28 14:56:00,0.257,355,2
2026-07-28 15:02:00,0.264,343,2
2026-07-28 15:08:00,0.092,340,2
2026-07-28 15:14:00,0.076,341,2
2026-07-28 15:20:00,0.166,345,2
2026-07-28 15:26:00,0.194,324,2
2026-07-28 15:32:00,0.143,29,2
2026-07-28 15:38:00,0.22,19,2
2026-07-28 15:44:00,0.037,7,2
2026-07-28 15:50:00,0.19,356,2
2026-07-28 15:56:00,0.111,8,2
2026-07-28 16:02:00,0.112,48,2
2026-07-28 16:08:00,0.181,47,2
2026-07-28 16:14:00,0.315,42,2
2026-07-28 16:20:00,0.474,29,2
2026-07-28 16:26:00,0.349,41,2
2026-07-28 16:32:00,0.477,24,2
2026-07-28 16:38:00,0.603,2,2
2026-07-28 16:44:00,0.499,34,2
2026-07-28 16:50:00,0.59,21,2
2026-07-28 16:56:00,0.621,12,2
2026-07-28 17:02:00,0.661,19,2
2026-07-28 17:08:00,0.702,22,2
2026-07-28 17:14:00,0.66,9,2
2026-07-28 17:20:00,0.678,20,2
2026-07-28 17:26:00,0.708,32,2
2026-07-28 17:32:00,0.7,6,2
2026-07-28 17:38:00,0.714,28,2
2026-07-28 17:44:00,0.746,11,2
2026-07-28 17:50:00,0.731,20,2
2026-07-28 17:56:00,0.66,7,2
2026-07-28 18:02:00,0.575,18,2
2026-07-28 18:08:00,0.64,22,2
2026-07-28 18:14:00,0.664,13,2
2026-07-28 18:20:00,0.633,14,2
2026-07-28 18:26:00,0.628,25,2
2026-07-28 18:32:00,0.763,16,2
2026-07-28 18:38:00,0.742,40,2
2026-07-28 18:44:00,0.457,333,2
2026-07-28 18:50:00,0.326,358,2
2026-07-28 18:56:00,0.306,47,2
2026-07-28 19:02:00,0.305,44,2
2026-07-28 19:08:00,0.014,94,2
2026-07-28 19:14:00,0.128,45,2
2026-07-28 19:20:00,0.298,202,2
2026-07-28 19:26:00,0.205,173,2
2026-07-28 19:32:00,0.06,183,2
2026-07-28 19:38:00,0.072,355,2
2026-07-28 19:44:00,0.146,8,2
2026-07-28 19:50:00,0.207,6,2
2026-07-28 19:56:00,0.185,347,2
2026-07-28 20:02:00,0.129,17,2
2026-07-28 20:08:00,0.141,130,2
2026-07-28 20:14:00,0.062,99,2
2026-07-28 20:20:00,0.027,74,2
2026-07-28 20:26:00,0.006,277,2
2026-07-28 20:32:00,0.056,218,2
2026-07-28 20:38:00,0.147,290,2
2026-07-28 20:44:00,0.134,236,2
2026-07-28 20:50:00,0.161,206,2
2026-07-28 20:56:00,0.144,245,2
2026-07-28 21:02:00,0.213,228,2
2026-07-28 21:08:00,0.202,213,2
2026-07-28 21:14:00,0.252,226,2
2026-07-28 21:20:00,0.175,225,2
2026-07-28 21:26:00,0.329,207,2
2026-07-28 21:32:00,0.311,217,2
2026-07-28 21:38:00,0.277,199,2
2026-07-28 21:44:00,0.393,222,2
2026-07-28 21:50:00,0.402,200,2
2026-07-28 21:56:00,0.426,199,2
2026-07-28 22:02:00,0.444,220,2
2026-07-28 22:08:00,0.488,204,2
2026-07-28 22:14:00,0.619,182,2
2026-07-28 22:20:00,0.716,219,2
2026-07-28 22:26:00,0.689,231,2
2026-07-28 22:32:00,0.663,229,2
2026-07-28 22:38:00,0.667,224,2
2026-07-28 22:44:00,0.736,222,2
2026-07-28 22:50:00,0.8,223,2
2026-07-28 22:56:00,0.801,185,2
2026-07-28 23:02:00,0.882,195,2
2026-07-28 23:08:00,0.838,228,2
2026-07-28 23:14:00,0.846,226,2
2026-07-28 23:20:00,0.919,183,2
2026-07-28 23:26:00,0.842,186,2
2026-07-28 23:32:00,0.883,191,2
2026-07-28 23:38:00,0.876,214,2
2026-07-28 23:44:00,1.018,225,2
2026-07-28 23:50:00,0.987,200,2
2026-07-28 23:56:00,1.073,210,2
2026-07-29 00:02:00,0.833,247,2
2026-07-29 00:08:00,0.96,233,2
2026-07-29 00:14:00,0.842,233,2
2026-07-29 00:20:00,0.843,230,2
2026-07-29 00:26:00,0.982,231,2
2026-07-29 00:32:00,0.922,222,2
2026-07-29 00:38:00,0.896,221,2
2026-07-29 00:44:00,0.879,196,2
2026-07-29 00:50:00,0.665,187,2
2026-07-29 00:56:00,0.733,230,2
2026-07-29 01:02:00,0.709,222,2
2026-07-29 01:08:00,0.636,200,2
2026-07-29 01:14:00,0.689,248,2
2026-07-29 01:20:00,0.658,238,2
2026-07-29 01:26:00,0.637,205,2
2026-07-29 01:32:00,0.561,209,2
2026-07-29 01:38:00,0.657,252,2
2026-07-29 01:44:00,0.579,208,2
2026-07-29 01:50:00,0.575,214,2
2026-07-29 01:56:00,0.447,222,2
2026-07-29 02:02:00,0.436,231,2
2026-07-29 02:08:00,0.34,224,2
2026-07-29 02:14:00,0.251,224,2
2026-07-29 02:20:00,0.255,238,2
2026-07-29 02:26:00,0.265,215,2
2026-07-29 02:32:00,0.12,209,2
2026-07-29 02:38:00,0.142,242,2
2026-07-29 02:44:00,0.055,290,2
2026-07-29 02:50:00,0.077,359,2
2026-07-29 02:56:00,0.049,351,2
2026-07-29 03:02:00,0.213,16,2
2026-07-29 03:08:00,0.212,348,2
2026-07-29 03:14:00,0.201,342,2
2026-07-29 03:20:00,0.203,7,2
2026-07-29 03:26:00,0.217,5,2
2026-07-29 03:32:00,0.245,336,2
2026-07-29 03:38:00,0.291,340,2
2026-07-29 03:44:00,0.42,356,2
2026-07-29 03:50:00,0.516,354,2
2026-07-29 03:56:00,0.43,351,2
2026-07-29 04:02:00,0.429,358,2
2026-07-29 04:08:00,0.49,341,2
2026-07-29 04:14:00,0.474,348,2
2026-07-29 04:20:00,0.608,5,2
2026-07-29 04:26:00,0.604,11,2
2026-07-29 04:32:00,0.563,14,2
2026-07-29 04:38:00,0.672,10,2
2026-07-29 04:44:00,0.72,4,2
2026-07-29 04:50:00,0.738,7,2
2026-07-29 04:56:00,0.728,15,2
2026-07-29 05:02:00,0.728,8,2
2026-07-29 05:08:00,0.831,8,2
2026-07-29 05:14:00,0.926,5,2
2026-07-29 05:20:00,0.819,0,2
2026-07-29 05:26:00,0.883,2,2
2026-07-29 05:32:00,0.884,359,2
2026-07-29 05:38:00,0.948,8,2
2026-07-29 05:44:00,0.788,6,2
2026-07-29 05:50:00,0.895,359,2
2026-07-29 05:56:00,0.773,11,2
2026-07-29 06:02:00,0.733,5,2
2026-07-29 06:08:00,0.807,356,2
2026-07-29 06:14:00,0.844,2,2
2026-07-29 06:20:00,0.744,4,2
2026-07-29 06:26:00,0.721,6,2
2026-07-29 06:32:00,0.709,0,2
2026-07-29 06:38:00,0.8,19,2
2026-07-29 06:44:00,0.649,23,2
2026-07-29 06:50:00,0.644,1,2
2026-07-29 06:56:00,0.575,18,2
2026-07-29 07:08:00,0.59,0,2
2026-07-29 07:14:00,0.513,24,2
2026-07-29 07:20:00,0.391,25,2
2026-07-29 07:26:00,0.311,52,2
2026-07-29 07:32:00,0.336,15,2
2026-07-29 07:38:00,0.232,11,2
2026-07-29 07:44:00,0.188,22,2
2026-07-29 07:50:00,0.144,345,2
2026-07-29 07:56:00,0.103,353,2
2026-07-29 08:02:00,0.077,37,2
2026-07-29 08:08:00,0.068,47,2
2026-07-29 08:14:00,0.143,146,2
2026-07-29 08:20:00,0.105,152,2
2026-07-29 08:26:00,0.111,147,2
2026-07-29 08:32:00,0.093,178,2
2026-07-29 08:38:00,0.097,143,2
2026-07-29 08:44:00,0.133,163,2
2026-07-29 08:50:00,0.22,191,2
2026-07-29 08:56:00,0.1,200,2
2026-07-29 09:02:00,0.138,187,2
2026-07-29 09:08:00,0.26,199,2
2026-07-29 09:14:00,0.202,210,2
2026-07-29 09:20:00,0.272,177,2
2026-07-29 09:26:00,0.28,206,2
2026-07-29 09:32:00,0.291,208,2
2026-07-29 09:38:00,0.37,238,2
2026-07-29 09:44:00,0.358,194,2
2026-07-29 09:50:00,0.426,207,2
2026-07-29 09:56:00,0.409,205,2
2026-07-29 10:02:00,0.415,204,2
2026-07-29 10:08:00,0.539,210,2
2026-07-29 10:14:00,0.416,188,2
2026-07-29 10:20:00,0.435,192,2
2026-07-29 10:26:00,0.568,192,2
2026-07-29 10:32:00,0.652,183,2
2026-07-29 10:38:00,0.666,194,2
2026-07-29 10:44:00,0.75,213,2
2026-07-29 10:50:00,0.943,213,2
2026-07-29 10:56:00,1.068,222,2
2026-07-29 11:02:00,1.05,212,2
2026-07-29 11:08:00,1.158,216,2
2026-07-29 11:14:00,1.17,226,2
2026-07-29 11:20:00,1.35,216,2
2026-07-29 11:26:00,1.241,210,2
2026-07-29 11:32:00,1.233,206,2
2026-07-29 11:38:00,1.364,208,2
2026-07-29 11:44:00,1.317,206,2
2026-07-29 11:50:00,1.354,226,2
2026-07-29 11:56:00,1.221,210,2
2026-07-29 12:02:00,1.259,204,2
2026-07-29 12:08:00,1.208,200,2
2026-07-29 12:14:00,1.216,206,2
2026-07-29 12:20:00,1.269,205,2
2026-07-29 12:26:00,1.265,223,2
2026-07-29 12:32:00,1.29,217,2
2026-07-29 12:38:00,1.379,212,2
2026-07-29 12:44:00,1.383,209,2
2026-07-29 12:50:00,1.297,212,2
2026-07-29 12:56:00,1.234,217,2
2026-07-29 13:02:00,1.253,221,2
2026-07-29 13:08:00,1.342,215,2
2026-07-29 13:14:00,1.235,218,2
2026-07-29 13:20:00,1.133,205,2
2026-07-29 13:26:00,1.322,214,2
2026-07-29 13:32:00,1.384,211,2
2026-07-29 13:38:00,1.176,197,2
2026-07-29 13:44:00,1.233,197,2
2026-07-29 13:50:00,1.17,228,2
2026-07-29 13:56:00,1.203,230,2
2026-07-29 14:02:00,1.142,227,2
2026-07-29 14:08:00,1.095,228,2
2026-07-29 14:14:00,0.985,226,2
2026-07-29 14:20:00,1.516,225,2
2026-07-29 14:26:00,1.304,195,2
2026-07-29 14:32:00,1.332,216,2
2026-07-29 14:38:00,1.55,215,2
2026-07-29 14:44:00,1.581,205,2
2026-07-29 14:50:00,1.514,199,2
2026-07-29 14:56:00,1.409,204,2
2026-07-29 15:02:00,1.433,230,2
2026-07-29 15:08:00,1.325,201,2
2026-07-29 15:14:00,1.264,211,2
2026-07-29 15:20:00,1.3,204,2
2026-07-29 15:26:00,1.225,198,2
2026-07-29 15:32:00,1.209,205,2
2026-07-29 15:38:00,1.118,195,2
2026-07-29 15:44:00,0.941,199,2
2026-07-29 15:50:00,0.814,226,2
2026-07-29 15:56:00,0.572,217,2
2026-07-29 16:02:00,0.508,202,2
2026-07-29 16:08:00,0.372,197,2
2026-07-29 16:14:00,0.309,217,2
2026-07-29 16:20:00,0.414,201,2
2026-07-29 16:26:00,0.687,231,2
2026-07-29 16:32:00,0.507,196,2
2026-07-29 16:38:00,0.148,208,2
2026-07-29 16:44:00,0.199,212,2
2026-07-29 16:50:00,0.124,191,2
2026-07-29 16:56:00,0.103,239,2
2026-07-29 17:02:00,0.054,258,2
2026-07-29 17:08:00,0.012,7,2
2026-07-29 17:14:00,0.102,209,2
2026-07-29 17:20:00,0.033,303,2
2026-07-29 17:26:00,0.012,240,2
2026-07-29 17:32:00,0.049,252,2
2026-07-29 17:38:00,0.063,25,2
2026-07-29 17:44:00,0.06,167,2
2026-07-29 17:50:00,0.073,356,2
2026-07-29 17:56:00,0.024,358,2
2026-07-29 18:02:00,0.012,258,2
2026-07-29 18:08:00,0.072,345,2
2026-07-29 18:14:00,0.16,339,2
2026-07-29 18:20:00,0.146,5,2
2026-07-29 18:26:00,0.13,308,2
2026-07-29 18:32:00,0.172,356,2
2026-07-29 18:38:00,0.11,20,2
2026-07-29 18:44:00,0.225,9,2
2026-07-29 18:50:00,0.319,20,2
2026-07-29 18:56:00,0.155,10,2
2026-07-29 19:02:00,0.302,332,2
2026-07-29 19:08:00,0.164,328,2
2026-07-29 19:14:00,0.316,327,2
2026-07-29 19:20:00,0.152,2,2
2026-07-29 19:26:00,0.222,345,2
2026-07-29 19:32:00,0.191,315,2
2026-07-29 19:38:00,0.203,219,2
2026-07-29 19:44:00,0.136,292,2
2026-07-29 19:50:00,0.128,24,2
2026-07-29 19:56:00,0.19,14,2
2026-07-29 20:02:00,0.103,351,2
2026-07-29 20:08:00,0.068,317,2
2026-07-29 20:14:00,0.07,307,2
2026-07-29 20:20:00,0.057,241,2
2026-07-29 20:26:00,0.157,331,2
2026-07-29 20:32:00,0.168,236,2
2026-07-29 20:38:00,0.095,278,2
2026-07-29 20:44:00,0.085,222,2
2026-07-29 20:50:00,0.116,310,2
2026-07-29 20:56:00,0.125,321,2
2026-07-29 21:02:00,0.013,142,2
2026-07-29 21:08:00,0.069,275,2
2026-07-29 21:14:00,0.183,260,2
2026-07-29 21:20:00,0.176,269,2
2026-07-29 21:26:00,0.212,229,2
2026-07-29 21:32:00,0.237,229,2
2026-07-29 21:38:00,0.219,248,2
2026-07-29 21:44:00,0.257,261,2
2026-07-29 21:50:00,0.382,213,2
2026-07-29 21:56:00,0.331,246,2
2026-07-29 22:02:00,0.357,240,2
2026-07-29 22:08:00,0.338,237,2
2026-07-29 22:14:00,0.553,215,2
2026-07-29 22:20:00,0.475,223,2
2026-07-29 22:26:00,0.63,217,2
2026-07-29 22:32:00,0.556,218,2
2026-07-29 22:38:00,0.709,249,2
2026-07-29 22:44:00,0.554,222,2
2026-07-29 22:50:00,0.679,215,2
2026-07-29 22:56:00,0.582,211,2
2026-07-29 23:02:00,0.659,235,2
2026-07-29 23:08:00,0.668,228,2
2026-07-29 23:14:00,0.613,238,2
2026-07-29 23:20:00,0.752,245,2
2026-07-29 23:26:00,0.571,242,2
2026-07-29 23:32:00,0.675,248,2
2026-07-29 23:38:00,0.685,218,2
2026-07-29 23:44:00,0.712,223,2
2026-07-29 23:50:00,0.662,221,2
2026-07-29 23:56:00,0.644,218,2
2026-07-30 00:02:00,0.771,228,2
2026-07-30 00:08:00,0.612,228,2
2026-07-30 00:14:00,0.816,221,2
2026-07-30 00:20:00,0.75,226,2
2026-07-30 00:26:00,0.712,231,2
2026-07-30 00:32:00,0.789,210,2
2026-07-30 00:38:00,0.981,222,2
2026-07-30 00:44:00,0.909,208,2
2026-07-30 00:50:00,0.837,216,2
2026-07-30 00:56:00,0.66,217,2
2026-07-30 01:02:00,0.706,201,2
2026-07-30 01:08:00,0.601,195,2
2026-07-30 01:14:00,0.626,205,2
2026-07-30 01:20:00,0.612,204,2
2026-07-30 01:26:00,0.575,211,2
2026-07-30 01:32:00,0.4,198,2
2026-07-30 01:38:00,0.444,232,2
2026-07-30 01:44:00,0.495,219,2
2026-07-30 01:50:00,0.509,227,2
2026-07-30 01:56:00,0.596,204,2
2026-07-30 02:02:00,0.513,232,2
2026-07-30 02:08:00,0.451,202,2
2026-07-30 02:14:00,0.337,211,2
2026-07-30 02:20:00,0.281,216,2
2026-07-30 02:26:00,0.158,232,2
2026-07-30 02:32:00,0.266,228,2
2026-07-30 02:38:00,0.176,272,2
2026-07-30 02:44:00,0.235,226,2
2026-07-30 02:50:00,0.172,245,2
2026-07-30 02:56:00,0.082,352,2
2026-07-30 03:02:00,0.014,242,2
2026-07-30 03:08:00,0.026,271,2
2026-07-30 03:14:00,0.06,40,2
2026-07-30 03:20:00,0.095,345,2
2026-07-30 03:26:00,0.143,356,2
2026-07-30 03:32:00,0.252,340,2
2026-07-30 03:38:00,0.262,4,2
2026-07-30 03:44:00,0.259,349,2
2026-07-30 03:50:00,0.186,359,2
2026-07-30 03:56:00,0.264,30,2
2026-07-30 04:02:00,0.405,7,2
2026-07-30 04:08:00,0.536,5,2
2026-07-30 04:14:00,0.579,3,2
2026-07-30 04:20:00,0.544,22,2
2026-07-30 04:26:00,0.51,6,2
2026-07-30 04:32:00,0.572,12,2
2026-07-30 04:38:00,0.514,359,2
2026-07-30 04:44:00,0.641,4,2
2026-07-30 04:50:00,0.67,11,2
2026-07-30 04:56:00,0.582,4,2
2026-07-30 05:02:00,0.669,15,2
2026-07-30 05:08:00,0.662,21,2
2026-07-30 05:14:00,0.619,16,2
2026-07-30 05:20:00,0.63,10,2
2026-07-30 05:26:00,0.64,4,2
2026-07-30 05:32:00,0.661,13,2
2026-07-30 05:38:00,0.618,18,2
2026-07-30 05:44:00,0.744,17,2
2026-07-30 05:50:00,0.766,7,2
2026-07-30 05:56:00,0.741,5,2
2026-07-30 06:02:00,0.749,16,2
2026-07-30 06:08:00,0.843,20,2
2026-07-30 06:14:00,0.709,12,2
2026-07-30 06:20:00,0.718,13,2
2026-07-30 06:26:00,0.555,15,2
2026-07-30 06:32:00,0.557,25,2
2026-07-30 06:38:00,0.543,12,2
2026-07-30 06:44:00,0.578,17,2
2026-07-30 06:50:00,0.671,28,2
2026-07-30 06:56:00,0.616,22,2
2026-07-30 07:02:00,0.58,3,2
2026-07-30 07:08:00,0.625,19,2
2026-07-30 07:14:00,0.543,16,2
2026-07-30 07:20:00,0.573,6,2
2026-07-30 07:26:00,0.57,13,2
2026-07-30 07:32:00,0.519,26,2
2026-07-30 07:38:00,0.518,15,2
2026-07-30 07:44:00,0.39,4,2
2026-07-30 07:50:00,0.454,21,2
2026-07-30 07:56:00,0.362,12,2
2026-07-30 08:02:00,0.322,26,2
2026-07-30 08:08:00,0.29,28,2
2026-07-30 08:14:00,0.221,33,2
2026-07-30 08:20:00,0.156,28,2
2026-07-30 08:26:00,0.259,15,2
2026-07-30 08:32:00,0.134,21,2
2026-07-30 08:38:00,0.1,33,2
2026-07-30 08:44:00,0.184,36,2
2026-07-30 08:50:00,0.104,339,2
2026-07-30 08:56:00,0.078,354,2
2026-07-30 09:02:00,0.07,348,2
2026-07-30 09:08:00,0.022,285,2
2026-07-30 09:14:00,0.083,178,2
2026-07-30 09:20:00,0.163,190,2
2026-07-30 09:26:00,0.369,184,2
2026-07-30 09:32:00,0.117,213,2
2026-07-30 09:38:00,0.023,217,2
2026-07-30 09:44:00,0.043,168,2
2026-07-30 09:50:00,0.156,224,2
2026-07-30 09:56:00,0.167,219,2
2026-07-30 10:02:00,0.239,219,2
2026-07-30 10:08:00,0.308,205,2
2026-07-30 10:14:00,0.371,193,2
2026-07-30 10:20:00,0.287,225,2
2026-07-30 10:26:00,0.347,211,2
2026-07-30 10:32:00,0.413,221,2
2026-07-30 10:38:00,0.491,212,2
2026-07-30 10:44:00,0.396,211,2
2026-07-30 10:50:00,0.538,236,2
2026-07-30 10:56:00,0.744,206,2
2026-07-30 11:02:00,0.64,198,2
2026-07-30 11:08:00,0.745,224,2
2026-07-30 11:14:00,0.667,213,2
2026-07-30 11:20:00,0.646,202,2
2026-07-30 11:26:00,0.667,203,2
2026-07-30 11:38:00,0.556,202,2
2026-07-30 11:44:00,0.622,193,2
2026-07-30 11:50:00,0.658,196,2
2026-07-30 11:56:00,0.774,217,2
2026-07-30 12:02:00,0.935,211,2
2026-07-30 12:08:00,0.994,223,2
2026-07-30 12:14:00,0.909,204,2
2026-07-30 12:20:00,1.177,220,2
2026-07-30 12:26:00,1.201,190,2
2026-07-30 12:32:00,1.271,213,2
2026-07-30 12:38:00,1.098,206,2
2026-07-30 12:44:00,1.175,211,2
2026-07-30 12:50:00,1.129,178,2
2026-07-30 12:56:00,0.958,213,2
2026-07-30 13:02:00,1.056,210,2
2026-07-30 13:08:00,1.034,228,2
2026-07-30 13:14:00,1.089,194,2
2026-07-30 13:20:00,1.109,198,2
2026-07-30 13:26:00,0.998,210,2
2026-07-30 13:32:00,0.846,215,2
2026-07-30 13:38:00,0.954,207,2
2026-07-30 13:44:00,1.039,204,2
2026-07-30 13:50:00,1.085,218,2
2026-07-30 13:56:00,1.038,206,2
2026-07-30 14:02:00,1.049,201,2
2026-07-30 14:08:00,1.129,202,2
2026-07-30 14:14:00,1.057,214,2
2026-07-30 14:20:00,1.133,205,2
2026-07-30 14:26:00,1.125,217,2
2026-07-30 14:32:00,0.915,231,2
2026-07-30 14:38:00,0.9,190,2
2026-07-30 14:44:00,0.919,194,2
2026-07-30 14:50:00,0.915,221,2
2026-07-30 14:56:00,0.846,198,2
2026-07-30 15:02:00,0.841,203,2
2026-07-30 15:08:00,0.834,230,2
2026-07-30 15:14:00,0.665,238,2
2026-07-30 15:20:00,0.721,223,2
2026-07-30 15:26:00,0.645,216,2
2026-07-30 15:32:00,0.646,232,2
2026-07-30 15:38:00,0.676,201,2
2026-07-30 15:44:00,0.597,215,2
2026-07-30 15:50:00,0.488,202,2
2026-07-30 15:56:00,0.606,184,2
2026-07-30 16:02:00,0.403,194,2
2026-07-30 16:08:00,0.487,227,2
2026-07-30 16:14:00,0.435,207,2
2026-07-30 16:20:00,0.457,225,2
2026-07-30 16:26:00,0.371,238,2
2026-07-30 16:32:00,0.246,217,2
2026-07-30 16:38:00,0.427,247,2
2026-07-30 16:44:00,0.259,235,2
2026-07-30 16:50:00,0.228,250,2
2026-07-30 16:56:00,0.18,263,2
2026-07-30 17:02:00,0.11,267,2
2026-07-30 17:08:00,0.156,238,2
2026-07-30 17:14:00,0.132,285,2
2026-07-30 17:20:00,0.136,288,2
2026-07-30 17:26:00,0.092,326,2
2026-07-30 17:32:00,0.109,13,2
2026-07-30 17:38:00,0.072,59,2
2026-07-30 17:44:00,0.111,67,2
2026-07-30 17:50:00,0.176,343,2
2026-07-30 17:56:00,0.202,334,2
2026-07-30 18:02:00,0.169,8,2
2026-07-30 18:08:00,0.16,5,2
2026-07-30 18:14:00,0.291,22,2
2026-07-30 18:20:00,0.184,51,2
2026-07-30 18:26:00,0.357,55,2
2026-07-30 18:32:00,0.277,4,2
2026-07-30 18:38:00,0.292,351,2
2026-07-30 18:44:00,0.421,26,2
2026-07-30 18:50:00,0.321,21,2
2026-07-30 18:56:00,0.356,14,2
2026-07-30 19:02:00,0.363,33,2
2026-07-30 19:08:00,0.265,47,2
2026-07-30 19:14:00,0.331,44,2
2026-07-30 19:20:00,0.242,31,2
2026-07-30 19:26:00,0.322,353,2
2026-07-30 19:32:00,0.346,348,2
2026-07-30 19:38:00,0.346,15,2
2026-07-30 19:44:00,0.334,7,2
2026-07-30 19:50:00,0.22,39,2
2026-07-30 19:56:00,0.23,35,2
2026-07-30 20:02:00,0.239,62,2
2026-07-30 20:08:00,0.308,46,2
2026-07-30 20:14:00,0.211,37,2
2026-07-30 20:20:00,0.268,30,2
2026-07-30 20:26:00,0.148,39,2
2026-07-30 20:32:00,0.22,350,2
2026-07-30 20:38:00,0.026,65,2
2026-07-30 20:44:00,0.102,6,2
2026-07-30 20:50:00,0.126,326,2
2026-07-30 20:56:00,0.063,22,2
2026-07-30 21:02:00,0.066,270,2
2026-07-30 21:08:00,0.035,45,2
2026-07-30 21:14:00,0.033,223,2
2026-07-30 21:20:00,0.063,229,2
2026-07-30 21:26:00,0.223,241,2
2026-07-30 21:32:00,0.143,246,2
2026-07-30 21:38:00,0.271,253,2
2026-07-30 21:44:00,0.129,252,2
2026-07-30 21:50:00,0.153,227,2
2026-07-30 21:56:00,0.214,239,2
2026-07-30 22:08:00,0.285,224,2
2026-07-30 22:14:00,0.353,201,2
2026-07-30 22:20:00,0.442,216,2
2026-07-30 22:26:00,0.448,250,2
2026-07-30 22:32:00,0.561,223,2
2026-07-30 22:38:00,0.569,219,2
2026-07-30 22:44:00,0.635,189,2
2026-07-30 22:50:00,0.516,231,2
2026-07-30 22:56:00,0.606,210,2
2026-07-30 23:02:00,0.587,217,2
2026-07-30 23:08:00,0.558,213,2
2026-07-30 23:14:00,0.589,216,2
2026-07-30 23:20:00,0.599,217,2
2026-07-30 23:26:00,0.583,213,2
2026-07-30 23:32:00,0.602,203,2
2026-07-30 23:38:00,0.684,244,2
2026-07-30 23:44:00,0.854,206,2
2026-07-30 23:50:00,0.757,220,2
2026-07-30 23:56:00,0.697,227,2
2026-07-31 00:02:00,0.747,197,2
2026-07-31 00:08:00,0.735,244,2
2026-07-31 00:14:00,0.701,194,2
2026-07-31 00:20:00,0.646,244,2
2026-07-31 00:26:00,0.733,232,2
2026-07-31 00:32:00,0.788,227,2
2026-07-31 00:38:00,0.636,207,2
2026-07-31 00:44:00,0.891,238,2
2026-07-31 00:50:00,0.839,205,2
2026-07-31 00:56:00,0.803,213,2
2026-07-31 01:02:00,0.775,228,2
2026-07-31 01:08:00,0.673,206,2
2026-07-31 01:14:00,0.74,216,2
2026-07-31 01:20:00,0.882,208,2
2026-07-31 01:26:00,0.833,220,2
2026-07-31 01:32:00,0.845,218,2
2026-07-31 01:38:00,0.714,219,2
2026-07-31 01:44:00,0.655,198,2
2026-07-31 01:50:00,0.641,211,2
2026-07-31 01:56:00,0.554,187,2
2026-07-31 02:02:00,0.687,237,2
2026-07-31 02:08:00,0.566,233,2
2026-07-31 02:14:00,0.43,203,2
2026-07-31 02:20:00,0.43,237,2
2026-07-31 02:26:00,0.487,217,2
2026-07-31 02:32:00,0.492,259,2
2026-07-31 02:38:00,0.237,217,2
2026-07-31 02:44:00,0.451,212,2
2026-07-31 02:50:00,0.504,232,2
2026-07-31 02:56:00,0.44,220,2
2026-07-31 03:02:00,0.416,209,2
2026-07-31 03:08:00,0.234,212,2
2026-07-31 03:14:00,0.355,251,2
2026-07-31 03:20:00,0.477,216,2
2026-07-31 03:26:00,0.519,210,2
2026-07-31 03:32:00,0.426,226,2
2026-07-31 03:38:00,0.249,199,2
2026-07-31 03:44:00,0.245,210,2
2026-07-31 03:50:00,0.203,262,2
2026-07-31 03:56:00,0.206,258,2
2026-07-31 04:02:00,0.13,262,2
2026-07-31 04:08:00,0.226,327,2
2026-07-31 04:14:00,0.121,305,2
2026-07-31 04:20:00,0.068,348,2
2026-07-31 04:26:00,0.157,328,2
2026-07-31 04:32:00,0.204,335,2
2026-07-31 04:38:00,0.147,14,2
2026-07-31 04:44:00,0.187,24,2
2026-07-31 04:50:00,0.18,47,2
2026-07-31 04:56:00,0.227,11,2
2026-07-31 05:02:00,0.333,341,2
2026-07-31 05:08:00,0.408,0,2
2026-07-31 05:14:00,0.448,1,2
2026-07-31 05:20:00,0.525,2,2
2026-07-31 05:26:00,0.506,12,2
2026-07-31 05:32:00,0.537,3,2
2026-07-31 05:38:00,0.607,18,2
2026-07-31 05:44:00,0.64,10,2
2026-07-31 05:50:00,0.655,43,2
2026-07-31 05:56:00,0.687,7,2
2026-07-31 06:02:00,0.859,17,2
2026-07-31 06:08:00,0.775,20,2
2026-07-31 06:14:00,0.753,21,2
2026-07-31 06:32:00,0.734,7,2
2026-07-31 06:38:00,0.646,8,2
2026-07-31 06:44:00,0.595,0,2
2026-07-31 06:50:00,0.631,9,2
2026-07-31 06:56:00,0.646,18,2
2026-07-31 07:02:00,0.667,10,2
2026-07-31 07:08:00,0.648,0,2
2026-07-31 07:14:00,0.678,17,2
2026-07-31 07:20:00,0.683,18,2
2026-07-31 07:26:00,0.715,14,2
2026-07-31 07:32:00,0.642,10,2
2026-07-31 07:38:00,0.704,5,2
2026-07-31 07:44:00,0.739,17,2
2026-07-31 07:50:00,0.68,11,2
2026-07-31 07:56:00,0.651,18,2
2026-07-31 08:02:00,0.609,23,2
2026-07-31 08:08:00,0.562,45,2
2026-07-31 08:14:00,0.604,29,2
2026-07-31 08:20:00,0.545,22,2
2026-07-31 08:26:00,0.409,26,2
2026-07-31 08:32:00,0.404,15,2
2026-07-31 08:38:00,0.292,18,2
2026-07-31 08:44:00,0.359,14,2
2026-07-31 08:50:00,0.239,46,2
2026-07-31 08:56:00,0.231,54,2
2026-07-31 09:02:00,0.238,26,2
2026-07-31 09:08:00,0.15,35,2
2026-07-31 09:14:00,0.168,0,2
2026-07-31 09:20:00,0.131,111,2
2026-07-31 09:26:00,0.068,47,2
2026-07-31 09:32:00,0.068,97,2
2026-07-31 09:38:00,0.115,134,2
2026-07-31 09:44:00,0.148,173,2
2026-07-31 09:50:00,0.263,216,2
2026-07-31 09:56:00,0.029,278,2
2026-07-31 10:02:00,0.203,353,2
2026-07-31 10:08:00,0.154,199,2
2026-07-31 10:14:00,0.086,181,2
2026-07-31 10:20:00,0.1,161,2
2026-07-31 10:26:00,0.102,225,2
2026-07-31 10:32:00,0.241,212,2
2026-07-31 10:38:00,0.191,171,2
2026-07-31 10:44:00,0.229,202,2
2026-07-31 10:50:00,0.202,155,2
2026-07-31 10:56:00,0.242,197,2
2026-07-31 11:02:00,0.33,187,2
2026-07-31 11:08:00,0.423,183,2
2026-07-31 11:14:00,0.528,198,2
2026-07-31 11:20:00,0.533,217,2
2026-07-31 11:26:00,0.467,234,2
2026-07-31 11:32:00,0.635,221,2
2026-07-31 11:38:00,0.67,199,2
2026-07-31 11:44:00,0.65,196,2
2026-07-31 11:50:00,0.704,223,2
2026-07-31 11:56:00,0.683,232,2
2026-07-31 12:02:00,0.515,238,2
2026-07-31 12:08:00,0.653,197,2
2026-07-31 12:14:00,0.549,227,2
2026-07-31 12:20:00,0.449,206,2
2026-07-31 12:26:00,0.43,184,2
2026-07-31 12:32:00,0.529,205,2
2026-07-31 12:38:00,0.53,219,2
2026-07-31 12:44:00,0.52,212,2
2026-07-31 12:50:00,0.574,206,2
2026-07-31 12:56:00,0.606,217,2
2026-07-31 13:02:00,0.55,193,2
2026-07-31 13:08:00,0.605,218,2
2026-07-31 13:14:00,0.566,195,2
2026-07-31 13:20:00,0.523,201,2
2026-07-31 13:26:00,0.48,222,2
2026-07-31 13:32:00,0.648,192,2
2026-07-31 13:38:00,0.534,187,2
2026-07-31 13:44:00,0.623,186,2
2026-07-31 13:50:00,0.619,221,2
2026-07-31 13:56:00,0.677,197,2
2026-07-31 14:02:00,0.747,195,2
2026-07-31 14:08:00,0.872,206,2
2026-07-31 14:14:00,0.939,220,2
2026-07-31 14:20:00,0.991,229,2
2026-07-31 14:26:00,0.884,225,2
2026-07-31 14:32:00,0.988,223,2
2026-07-31 14:38:00,0.939,201,2
2026-07-31 14:44:00,1.026,192,2
2026-07-31 14:50:00,0.884,198,2
2026-07-31 14:56:00,0.776,219,2
2026-07-31 15:02:00,0.78,228,2
2026-07-31 15:08:00,0.747,209,2
2026-07-31 15:14:00,0.676,200,2
2026-07-31 15:20:00,0.654,200,2
2026-07-31 15:26:00,0.566,221,2
2026-07-31 15:32:00,0.552,210,2
2026-07-31 15:38:00,0.362,191,2
2026-07-31 15:44:00,0.258,191,2
2026-07-31 15:50:00,0.298,173,2
2026-07-31 15:56:00,0.242,153,2
2026-07-31 16:02:00,0.434,208,2
2026-07-31 16:08:00,0.276,223,2
2026-07-31 16:14:00,0.346,191,2
2026-07-31 16:20:00,0.265,245,2
2026-07-31 16:26:00,0.151,200,2
2026-07-31 16:32:00,0.181,192,2
2026-07-31 16:38:00,0.176,248,2
2026-07-31 16:44:00,0.119,232,2
2026-07-31 16:50:00,0.048,322,2
2026-07-31 16:56:00,0.006,97,2
2026-07-31 17:02:00,0.091,359,2
2026-07-31 17:08:00,0.038,44,2
2026-07-31 17:20:00,0.134,8,2
2026-07-31 17:26:00,0.227,32,2
2026-07-31 17:32:00,0.246,12,2
2026-07-31 17:38:00,0.159,21,2
2026-07-31 17:44:00,0.221,17,2
2026-07-31 17:50:00,0.236,37,2
2026-07-31 17:56:00,0.138,39,2
2026-07-31 18:02:00,0.239,27,2
2026-07-31 18:08:00,0.272,4,2
2026-07-31 18:14:00,0.419,18,2
2026-07-31 18:20:00,0.29,17,2
2026-07-31 18:26:00,0.26,348,2
2026-07-31 18:32:00,0.212,0,2
2026-07-31 18:38:00,0.496,356,2
2026-07-31 18:44:00,0.348,3,2
2026-07-31 18:50:00,0.497,2,2
2026-07-31 18:56:00,0.523,6,2
2026-07-31 19:02:00,0.578,352,2
2026-07-31 19:08:00,0.451,15,2
2026-07-31 19:14:00,0.377,6,2
2026-07-31 19:20:00,0.345,1,2
2026-07-31 19:26:00,0.485,7,2
2026-07-31 19:32:00,0.491,11,2
2026-07-31 19:38:00,0.396,10,2
2026-07-31 19:44:00,0.637,7,2
2026-07-31 19:50:00,0.59,13,2
2026-07-31 19:56:00,0.466,38,2
2026-07-31 20:02:00,0.643,1,2
2026-07-31 20:08:00,0.632,16,2
2026-07-31 20:14:00,0.575,31,2
2026-07-31 20:20:00,0.529,32,2
2026-07-31 20:26:00,0.562,29,2
2026-07-31 20:32:00,0.46,9,2
2026-07-31 20:38:00,0.395,30,2
2026-07-31 20:44:00,0.305,58,2
2026-07-31 20:50:00,0.324,14,2
2026-07-31 20:56:00,0.308,46,2
2026-07-31 21:02:00,0.325,22,2
2026-07-31 21:08:00,0.249,40,2
2026-07-31 21:14:00,0.378,38,2
2026-07-31 21:20:00,0.2,53,2
2026-07-31 21:26:00,0.202,44,2
2026-07-31 21:32:00,0.216,52,2
2026-07-31 21:38:00,0.11,41,2
2026-07-31 21:44:00,0.214,57,2
2026-07-31 21:50:00,0.119,78,2
2026-07-31 21:56:00,0.025,101,2
2026-07-31 22:02:00,0.124,91,2
2026-07-31 22:08:00,0.088,138,2
2026-07-31 22:14:00,0.101,112,2
2026-07-31 22:20:00,0.074,165,2
2026-07-31 22:26:00,0.056,170,2
2026-07-31 22:32:00,0.241,122,2
2026-07-31 22:38:00,0.308,164,2
2026-07-31 22:44:00,0.333,219,2
2026-07-31 22:50:00,0.383,259,2
2026-07-31 22:56:00,0.327,220,2
2026-07-31 23:02:00,0.491,218,2
2026-07-31 23:08:00,0.464,196,2
2026-07-31 23:14:00,0.477,218,2
2026-07-31 23:20:00,0.486,220,2
2026-07-31 23:26:00,0.507,184,2
2026-07-31 23:32:00,0.526,189,2
2026-07-31 23:38:00,0.508,194,2
2026-07-31 23:44:00,0.489,201,2
2026-07-31 23:50:00,0.515,191,2
2026-07-31 23:56:00,0.658,224,2
2026-08-01 00:02:00,0.786,234,2
2026-08-01 00:08:00,0.668,223,2
2026-08-01 00:14:00,0.701,242,2
2026-08-01 00:20:00,0.805,178,2
2026-08-01 00:26:00,0.906,223,2
2026-08-01 00:32:00,0.74,235,2
2026-08-01 00:38:00,0.734,217,2
2026-08-01 00:44:00,0.795,233,2
2026-08-01 00:50:00,0.651,209,2
2026-08-01 00:56:00,0.538,225,2
2026-08-01 01:02:00,0.761,238,2
2026-08-01 01:08:00,0.745,215,2
2026-08-01 01:14:00,0.721,190,2
2026-08-01 01:20:00,0.64,216,2
2026-08-01 01:26:00,0.781,221,2
2026-08-01 01:32:00,0.837,195,2
2026-08-01 01:38:00,0.857,230,2
2026-08-01 01:44:00,0.696,239,2
2026-08-01 01:50:00,0.641,232,2
2026-08-01 01:56:00,0.661,237,2
2026-08-01 02:02:00,0.586,213,2
2026-08-01 02:08:00,0.444,239,2
2026-08-01 02:14:00,0.494,223,2
2026-08-01 02:20:00,0.65,233,2
2026-08-01 02:26:00,0.47,206,2
2026-08-01 02:32:00,0.377,211,2
2026-08-01 02:38:00,0.454,225,2
2026-08-01 02:44:00,0.468,210,2
2026-08-01 02:50:00,0.546,220,2
2026-08-01 02:56:00,0.355,215,2
2026-08-01 03:02:00,0.373,219,2
2026-08-01 03:08:00,0.3,182,2
2026-08-01 03:14:00,0.21,195,2
2026-08-01 03:20:00,0.268,228,2
2026-08-01 03:26:00,0.212,233,2
2026-08-01 03:32:00,0.198,224,2
2026-08-01 03:38:00,0.188,215,2
2026-08-01 03:44:00,0.041,168,2
2026-08-01 03:50:00,0.15,232,2
2026-08-01 03:56:00,0.079,128,2
2026-08-01 04:02:00,0.169,142,2
2026-08-01 04:08:00,0.077,148,2
2026-08-01 04:14:00,0.101,82,2
2026-08-01 04:20:00,0.017,15,2
2026-08-01 04:26:00,0.166,21,2
2026-08-01 04:32:00,0.113,337,2
2026-08-01 04:38:00,0.198,32,2
2026-08-01 04:44:00,0.181,6,2
2026-08-01 04:50:00,0.168,22,2
2026-08-01 04:56:00,0.234,343,2
2026-08-01 05:02:00,0.228,359,2
2026-08-01 05:08:00,0.214,356,2
2026-08-01 05:14:00,0.328,13,2
2026-08-01 05:20:00,0.304,20,2
2026-08-01 05:26:00,0.472,19,2
2026-08-01 05:32:00,0.396,18,2
2026-08-01 05:38:00,0.344,12,2
2026-08-01 05:44:00,0.549,12,2
2026-08-01 05:50:00,0.736,24,2
2026-08-01 05:56:00,0.746,34,2
2026-08-01 06:02:00,0.738,14,2
2026-08-01 06:08:00,0.581,358,2
2026-08-01 06:14:00,0.787,11,2
2026-08-01 06:20:00,0.795,1,2
2026-08-01 06:26:00,0.776,5,2
2026-08-01 06:32:00,0.785,5,2
2026-08-01 06:38:00,0.847,359,2
2026-08-01 06:44:00,0.899,7,2
2026-08-01 06:50:00,0.848,17,2
2026-08-01 06:56:00,0.747,8,2
2026-08-01 07:02:00,0.773,15,2
2026-08-01 07:08:00,0.845,9,2
2026-08-01 07:14:00,0.811,14,2
2026-08-01 07:20:00,0.802,8,2
2026-08-01 07:26:00,0.732,3,2
2026-08-01 07:32:00,0.821,30,2
2026-08-01 07:38:00,0.793,13,2
2026-08-01 07:44:00,0.884,7,2
2026-08-01 07:50:00,0.538,4,2
2026-08-01 07:56:00,0.753,23,2
2026-08-01 08:02:00,0.797,19,2
2026-08-01 08:08:00,0.679,22,2
2026-08-01 08:14:00,0.661,1,2
2026-08-01 08:20:00,0.73,15,2
2026-08-01 08:26:00,0.556,24,2
2026-08-01 08:32:00,0.608,13,2
2026-08-01 08:38:00,0.595,32,2
2026-08-01 08:44:00,0.549,21,2
2026-08-01 08:50:00,0.601,18,2
2026-08-01 08:56:00,0.505,12,2
2026-08-01 09:02:00,0.486,24,2
2026-08-01 09:08:00,0.395,10,2
2026-08-01 09:14:00,0.362,28,2
2026-08-01 09:20:00,0.432,21,2
2026-08-01 09:26:00,0.431,22,2
2026-08-01 09:32:00,0.408,19,2
2026-08-01 09:38:00,0.369,26,2
2026-08-01 09:56:00,0.091,317,2
2026-08-01 10:02:00,0.115,348,2
2026-08-01 10:08:00,0.077,9,2
2026-08-01 10:14:00,0.078,273,2
2026-08-01 10:20:00,0.179,44,2
2026-08-01 10:26:00,0.083,183,2
2026-08-01 10:32:00,0.061,264,2
2026-08-01 10:38:00,0.05,65,2
2026-08-01 10:44:00,0.089,230,2
2026-08-01 10:50:00,0.055,164,2
2026-08-01 10:56:00,0.101,263,2
2026-08-01 11:02:00,0.119,207,2
2026-08-01 11:08:00,0.137,195,2
2026-08-01 11:14:00,0.22,193,2
2026-08-01 11:20:00,0.185,218,2
2026-08-01 11:26:00,0.141,243,2
2026-08-01 11:32:00,0.041,256,2
2026-08-01 11:38:00,0.114,246,2
2026-08-01 11:44:00,0.143,234,2
2026-08-01 11:50:00,0.173,225,2
2026-08-01 11:56:00,0.328,220,2
2026-08-01 12:02:00,0.353,204,2
2026-08-01 12:08:00,0.38,197,2
2026-08-01 12:14:00,0.386,212,2
2026-08-01 12:20:00,0.449,213,2
2026-08-01 12:26:00,0.468,204,2
2026-08-01 12:32:00,0.423,223,2
2026-08-01 12:38:00,0.502,204,2
2026-08-01 12:44:00,0.605,190,2
2026-08-01 12:50:00,0.472,215,2
2026-08-01 12:56:00,0.596,209,2
2026-08-01 13:02:00,0.424,193,2
2026-08-01 13:08:00,0.559,220,2
2026-08-01 13:14:00,0.406,189,2
2026-08-01 13:20:00,0.349,192,2
2026-08-01 13:26:00,0.431,217,2
2026-08-01 13:32:00,0.457,210,2
2026-08-01 13:38:00,0.464,203,2
2026-08-01 13:44:00,0.441,202,2
2026-08-01 13:50:00,0.484,200,2
2026-08-01 13:56:00,0.666,226,2
2026-08-01 14:08:00,0.572,205,2
2026-08-01 14:14:00,0.641,216,2
2026-08-01 14:20:00,0.572,201,2
2026-08-01 14:26:00,0.588,207,2
2026-08-01 14:32:00,0.618,219,2
2026-08-01 14:38:00,0.708,237,2
2026-08-01 14:44:00,0.78,220,2
2026-08-01 14:50:00,0.675,214,2
2026-08-01 14:56:00,0.72,203,2
2026-08-01 15:02:00,0.541,221,2
2026-08-01 15:08:00,0.538,222,2
2026-08-01 15:14:00,0.637,227,2
2026-08-01 15:20:00,0.464,197,2
2026-08-01 15:26:00,0.499,211,2
2026-08-01 15:32:00,0.597,197,2
2026-08-01 15:38:00,0.632,212,2
2026-08-01 15:44:00,0.71,230,2
2026-08-01 15:50:00,0.578,235,2
2026-08-01 15:56:00,0.554,215,2
2026-08-01 16:02:00,0.483,239,2
2026-08-01 16:08:00,0.366,226,2
2026-08-01 16:14:00,0.318,214,2
2026-08-01 16:20:00,0.358,231,2
2026-08-01 16:26:00,0.325,235,2
2026-08-01 16:32:00,0.331,226,2
2026-08-01 16:38:00,0.245,225,2
2026-08-01 16:44:00,0.328,252,2
2026-08-01 16:50:00,0.301,188,2
2026-08-01 16:56:00,0.22,190,2
2026-08-01 17:02:00,0.239,265,2
2026-08-01 17:08:00,0.113,209,2
2026-08-01 17:14:00,0.126,166,2
2026-08-01 17:20:00,0.046,183,2
2026-08-01 17:26:00,0.02,343,2
2026-08-01 17:32:00,0.04,207,2
2026-08-01 17:38:00,0.19,359,2
2026-08-01 17:44:00,0.043,330,2
2026-08-01 17:50:00,0.079,24,2
2026-08-01 17:56:00,0.225,23,2
2026-08-01 18:02:00,0.323,8,2
2026-08-01 18:08:00,0.401,22,2
2026-08-01 18:14:00,0.588,23,2
2026-08-01 18:20:00,0.596,31,2
2026-08-01 18:26:00,0.605,15,2
2026-08-01 18:32:00,0.626,6,2
2026-08-01 18:38:00,0.661,21,2
2026-08-01 18:44:00,0.66,8,2
2026-08-01 18:50:00,0.66,27,2
2026-08-01 18:56:00,0.621,24,2
2026-08-01 19:02:00,0.595,3,2
2026-08-01 19:08:00,0.646,20,2
2026-08-01 19:14:00,0.736,17,2
2026-08-01 19:20:00,0.616,21,2
2026-08-01 19:26:00,0.693,13,2
2026-08-01 19:32:00,0.81,12,2
2026-08-01 19:38:00,0.741,7,2
2026-08-01 19:44:00,0.794,28,2
2026-08-01 19:50:00,0.797,25,2
2026-08-01 19:56:00,0.817,37,2
2026-08-01 20:02:00,0.884,15,2
2026-08-01 20:14:00,1.037,24,2
2026-08-01 20:20:00,0.93,21,2
2026-08-01 20:26:00,0.895,43,2
2026-08-01 20:32:00,0.95,26,2
2026-08-01 20:38:00,0.996,29,2
2026-08-01 20:44:00,0.877,9,2
2026-08-01 20:50:00,0.944,16,2
2026-08-01 20:56:00,0.88,15,2
2026-08-01 21:02:00,0.822,22,2
2026-08-01 21:08:00,0.877,21,2
2026-08-01 21:14:00,0.861,23,2
2026-08-01 21:20:00,0.782,25,2
2026-08-01 21:26:00,0.705,15,2
2026-08-01 21:32:00,0.756,27,2
2026-08-01 21:38:00,0.633,8,2
2026-08-01 21:44:00,0.567,5,2
2026-08-01 21:50:00,0.607,359,2
2026-08-01 21:56:00,0.75,24,2
2026-08-01 22:02:00,0.746,21,2
2026-08-01 22:08:00,0.674,10,2
2026-08-01 22:14:00,0.508,25,2
2026-08-01 22:20:00,0.601,16,2
2026-08-01 22:26:00,0.544,37,2
2026-08-01 22:32:00,0.614,15,2
2026-08-01 22:38:00,0.55,26,2
2026-08-01 22:44:00,0.454,37,2
2026-08-01 22:50:00,0.54,4,2
2026-08-01 22:56:00,0.512,39,2
2026-08-01 23:02:00,0.552,24,2
2026-08-01 23:08:00,0.483,36,2
2026-08-01 23:14:00,0.275,25,2
2026-08-01 23:20:00,0.381,355,2
2026-08-01 23:26:00,0.407,14,2
2026-08-01 23:32:00,0.403,4,2
2026-08-01 23:38:00,0.316,31,2
2026-08-01 23:44:00,0.264,0,2
2026-08-01 23:50:00,0.242,31,2
2026-08-01 23:56:00,0.327,11,2
2026-08-02 00:02:00,0.195,22,2
2026-08-02 00:08:00,0.244,13,2
2026-08-02 00:14:00,0.104,39,2
2026-08-02 00:20:00,0.122,62,2
2026-08-02 00:26:00,0.067,11,2
2026-08-02 00:32:00,0.118,29,2
2026-08-02 00:38:00,0.116,121,2
2026-08-02 00:44:00,0.019,258,2
2026-08-02 00:50:00,0.14,40,2
2026-08-02 00:56:00,0.142,2,2
2026-08-02 01:02:00,0.112,23,2
2026-08-02 01:08:00,0.034,12,2
2026-08-02 01:14:00,0.082,2,2
2026-08-02 01:20:00,0.168,60,2
2026-08-02 01:26:00,0.088,60,2
2026-08-02 01:32:00,0.09,87,2
2026-08-02 01:38:00,0.087,68,2
2026-08-02 01:44:00,0.06,78,2
2026-08-02 01:50:00,0.116,28,2
2026-08-02 01:56:00,0.083,339,2
2026-08-02 02:02:00,0.033,78,2
2026-08-02 02:08:00,0.085,58,2
2026-08-02 02:14:00,0.121,57,2
2026-08-02 02:20:00,0.055,36,2
2026-08-02 02:26:00,0.082,357,2
2026-08-02 02:32:00,0.127,47,2
2026-08-02 02:38:00,0.045,168,2
2026-08-02 02:44:00,0.101,74,2
2026-08-02 02:50:00,0.117,74,2
2026-08-02 02:56:00,0.047,127,2
2026-08-02 03:02:00,0.128,68,2
2026-08-02 03:08:00,0.122,54,2
2026-08-02 03:14:00,0.14,69,2
2026-08-02 03:20:00,0.152,49,2
2026-08-02 03:26:00,0.164,54,2
2026-08-02 03:32:00,0.135,52,2
2026-08-02 03:38:00,0.185,19,2
2026-08-02 03:44:00,0.139,66,2
2026-08-02 03:50:00,0.156,65,2
2026-08-02 03:56:00,0.145,106,2
2026-08-02 04:02:00,0.135,63,2
2026-08-02 04:08:00,0.148,34,2
2026-08-02 04:14:00,0.183,86,2
2026-08-02 04:20:00,0.163,351,2
2026-08-02 04:26:00,0.293,7,2
2026-08-02 04:32:00,0.261,40,2
2026-08-02 04:38:00,0.257,24,2
2026-08-02 04:44:00,0.179,44,2
2026-08-02 04:50:00,0.224,48,2
2026-08-02 04:56:00,0.218,17,2
2026-08-02 05:02:00,0.29,15,2
2026-08-02 05:08:00,0.322,33,2
2026-08-02 05:14:00,0.328,8,2
2026-08-02 05:20:00,0.244,4,2
2026-08-02 05:26:00,0.344,24,2
2026-08-02 05:32:00,0.496,19,2
2026-08-02 05:38:00,0.442,26,2
2026-08-02 05:44:00,0.356,25,2
2026-08-02 05:50:00,0.454,20,2
2026-08-02 05:56:00,0.515,36,2
2026-08-02 06:02:00,0.482,27,2
2026-08-02 06:08:00,0.493,4,2
2026-08-02 06:14:00,0.504,6,2
2026-08-02 06:20:00,0.606,8,2
2026-08-02 06:26:00,0.663,18,2
2026-08-02 06:32:00,0.581,12,2
2026-08-02 06:38:00,0.693,17,2
2026-08-02 06:44:00,0.67,23,2
2026-08-02 06:50:00,0.728,15,2
2026-08-02 06:56:00,0.754,20,2
2026-08-02 07:02:00,0.798,19,2
2026-08-02 07:08:00,0.691,8,2
2026-08-02 07:14:00,0.659,24,2
2026-08-02 07:20:00,0.692,15,2
2026-08-02 07:26:00,0.694,17,2
2026-08-02 07:32:00,0.795,26,2
2026-08-02 07:38:00,0.81,22,2
2026-08-02 07:44:00,0.835,21,2
2026-08-02 07:50:00,0.968,20,2
2026-08-02 07:56:00,0.855,13,2
2026-08-02 08:02:00,0.955,24,2
2026-08-02 08:08:00,0.872,22,2
2026-08-02 08:14:00,0.949,23,2
2026-08-02 08:20:00,0.873,27,2
2026-08-02 08:26:00,0.846,11,2
2026-08-02 08:32:00,0.906,16,2
2026-08-02 08:38:00,0.874,8,2
2026-08-02 08:44:00,0.868,23,2
2026-08-02 08:50:00,0.775,30,2
2026-08-02 08:56:00,0.947,8,2
2026-08-02 09:02:00,0.868,23,2
2026-08-02 09:08:00,0.781,9,2
2026-08-02 09:14:00,0.926,29,2
2026-08-02 09:20:00,0.859,14,2
2026-08-02 09:26:00,0.802,16,2
2026-08-02 09:32:00,0.81,20,2
2026-08-02 09:38:00,0.804,4,2
2026-08-02 09:44:00,0.734,12,2
2026-08-02 09:50:00,0.708,5,2
2026-08-02 09:56:00,0.625,33,2
2026-08-02 10:02:00,0.587,19,2
2026-08-02 10:08:00,0.558,38,2
2026-08-02 10:14:00,0.513,21,2
2026-08-02 10:20:00,0.427,14,2
2026-08-02 10:26:00,0.377,10,2
2026-08-02 10:32:00,0.279,3,2
2026-08-02 10:38:00,0.33,8,2
2026-08-02 10:44:00,0.301,24,2
2026-08-02 10:50:00,0.221,45,2
2026-08-02 10:56:00,0.272,10,2
2026-08-02 11:02:00,0.185,25,2
2026-08-02 11:08:00,0.29,0,2
2026-08-02 11:14:00,0.128,356,2
2026-08-02 11:20:00,0.085,6,2
2026-08-02 11:26:00,0.127,359,2
2026-08-02 11:32:00,0.155,63,2
2026-08-02 11:38:00,0.088,199,2
2026-08-02 11:44:00,0.114,294,2
2026-08-02 11:50:00,0.051,229,2
2026-08-02 11:56:00,0.109,170,2
2026-08-02 12:02:00,0.046,181,2
2026-08-02 12:08:00,0.064,188,2
2026-08-02 12:14:00,0.109,158,2
2026-08-02 12:20:00,0.077,215,2
2026-08-02 12:26:00,0.048,195,2
2026-08-02 12:32:00,0.091,199,2
2026-08-02 12:38:00,0.175,187,2
2026-08-02 12:44:00,0.194,228,2
2026-08-02 12:50:00,0.097,140,2
2026-08-02 12:56:00,0.231,215,2
2026-08-02 13:02:00,0.229,258,2
2026-08-02 13:08:00,0.31,201,2
2026-08-02 13:14:00,0.323,224,2
2026-08-02 13:20:00,0.246,227,2
2026-08-02 13:26:00,0.333,227,2
2026-08-02 13:32:00,0.33,246,2
2026-08-02 13:38:00,0.24,236,2
2026-08-02 13:44:00,0.304,240,2
2026-08-02 13:50:00,0.245,244,2
2026-08-02 13:56:00,0.311,237,2
2026-08-02 14:02:00,0.316,226,2
2026-08-02 14:08:00,0.361,246,2
2026-08-02 14:14:00,0.412,227,2
2026-08-02 14:20:00,0.494,245,2
2026-08-02 14:26:00,0.454,240,2
2026-08-02 14:32:00,0.597,229,2
2026-08-02 14:38:00,0.595,239,2
2026-08-02 14:44:00,0.696,210,2
2026-08-02 14:50:00,0.695,231,2
2026-08-02 14:56:00,0.742,217,2
2026-08-02 15:02:00,0.701,226,2
2026-08-02 15:08:00,0.805,217,2
2026-08-02 15:14:00,1.046,213,2
2026-08-02 15:20:00,1.277,201,2
2026-08-02 15:26:00,1.373,199,2
2026-08-02 15:32:00,1.498,224,2
2026-08-02 15:38:00,1.422,206,2
2026-08-02 15:44:00,1.211,226,2
2026-08-02 15:50:00,1.302,213,2
2026-08-02 15:56:00,1.354,204,2
2026-08-02 16:02:00,1.341,202,2
2026-08-02 16:08:00,1.251,224,2
2026-08-02 16:14:00,1.073,215,2
2026-08-02 16:20:00,1.166,206,2
2026-08-02 16:26:00,1.118,215,2
2026-08-02 16:32:00,1.104,196,2
2026-08-02 16:38:00,1.13,228,2
2026-08-02 16:44:00,1.185,216,2
2026-08-02 16:50:00,1.124,222,2
2026-08-02 16:56:00,1.091,222,2
2026-08-02 17:02:00,0.913,220,2
2026-08-02 17:08:00,0.766,223,2
2026-08-02 17:14:00,0.642,207,2
2026-08-02 17:26:00,0.621,210,2
2026-08-02 17:32:00,0.502,214,2
2026-08-02 17:38:00,0.347,222,2
2026-08-02 17:44:00,0.24,267,2
2026-08-02 17:50:00,0.255,246,2
2026-08-02 17:56:00,0.195,310,2
2026-08-02 18:02:00,0.323,322,2
2026-08-02 18:08:00,0.402,340,2
2026-08-02 18:14:00,0.513,353,2
2026-08-02 18:20:00,0.437,332,2
2026-08-02 18:26:00,0.467,342,2
2026-08-02 18:32:00,0.632,350,2
2026-08-02 18:38:00,0.622,350,2
2026-08-02 18:44:00,0.717,353,2
2026-08-02 18:50:00,0.711,2,2
2026-08-02 18:56:00,0.629,0,2
2026-08-02 19:02:00,0.767,3,2
2026-08-02 19:08:00,0.845,352,2
2026-08-02 19:14:00,0.909,6,2
2026-08-02 19:20:00,0.849,357,2
2026-08-02 19:26:00,0.814,4,2
2026-08-02 19:32:00,0.844,16,2
2026-08-02 19:38:00,0.77,348,2
2026-08-02 19:44:00,0.748,8,2
2026-08-02 19:50:00,0.705,3,2
2026-08-02 19:56:00,0.833,25,2
2026-08-02 20:08:00,0.806,19,2
2026-08-02 20:14:00,0.854,22,2
2026-08-02 20:20:00,0.772,37,2
2026-08-02 20:26:00,0.758,49,2
2026-08-02 20:32:00,0.899,36,2
2026-08-02 20:38:00,1.073,18,2
2026-08-02 20:44:00,0.972,30,2
2026-08-02 20:50:00,0.961,40,2
2026-08-02 20:56:00,1.048,27,2
2026-08-02 21:02:00,0.984,14,2
2026-08-02 21:08:00,1.034,26,2
2026-08-02 21:14:00,1.058,12,2
2026-08-02 21:20:00,1.08,24,2
2026-08-02 21:26:00,0.985,14,2
2026-08-02 21:32:00,0.944,29,2
2026-08-02 21:38:00,0.882,16,2
2026-08-02 21:44:00,0.891,21,2
2026-08-02 21:50:00,0.849,14,2
2026-08-02 21:56:00,0.852,14,2
2026-08-02 22:02:00,0.857,29,2
2026-08-02 22:08:00,0.876,35,2
2026-08-02 22:14:00,0.719,14,2
2026-08-02 22:20:00,0.626,20,2
2026-08-02 22:26:00,0.691,29,2
2026-08-02 22:32:00,0.655,23,2
2026-08-02 22:38:00,0.533,26,2
2026-08-02 22:44:00,0.508,40,2
2026-08-02 22:50:00,0.432,18,2
2026-08-02 22:56:00,0.363,14,2
2026-08-02 23:02:00,0.33,23,2
2026-08-02 23:08:00,0.435,25,2
2026-08-02 23:14:00,0.344,32,2
2026-08-02 23:20:00,0.318,12,2
2026-08-02 23:26:00,0.208,19,2
2026-08-02 23:32:00,0.248,40,2
2026-08-02 23:38:00,0.264,2,2
2026-08-02 23:44:00,0.237,17,2
2026-08-02 23:50:00,0.153,10,2
2026-08-02 23:56:00,0.199,41,2
2026-08-03 00:02:00,0.186,9,2
2026-08-03 00:08:00,0.105,24,2
2026-08-03 00:14:00,0.144,13,2
2026-08-03 00:20:00,0.128,29,2
2026-08-03 00:26:00,0.096,91,2
2026-08-03 00:32:00,0.087,59,2
2026-08-03 00:38:00,0.098,47,2
2026-08-03 00:44:00,0.065,210,2
2026-08-03 00:50:00,0.106,85,2
2026-08-03 00:56:00,0.09,51,2
2026-08-03 01:02:00,0.116,93,2
2026-08-03 01:08:00,0.184,136,2
2026-08-03 01:14:00,0.171,132,2
2026-08-03 01:20:00,0.211,136,2
2026-08-03 01:26:00,0.192,150,2
2026-08-03 01:32:00,0.221,150,2
2026-08-03 01:38:00,0.202,137,2
2026-08-03 01:44:00,0.169,156,2
2026-08-03 01:50:00,0.181,171,2
2026-08-03 01:56:00,0.203,193,2
2026-08-03 02:02:00,0.21,171,2
2026-08-03 02:08:00,0.272,182,2
2026-08-03 02:14:00,0.197,183,2
2026-08-03 02:20:00,0.219,196,2
2026-08-03 02:26:00,0.216,187,2
2026-08-03 02:32:00,0.205,183,2
2026-08-03 02:38:00,0.227,183,2
2026-08-03 02:44:00,0.191,165,2
2026-08-03 02:50:00,0.25,173,2
2026-08-03 02:56:00,0.224,235,2
2026-08-03 03:02:00,0.548,154,2
2026-08-03 03:08:00,0.74,221,2
2026-08-03 03:14:00,0.707,200,2
2026-08-03 03:20:00,0.804,196,2
2026-08-03 03:26:00,0.69,202,2
2026-08-03 03:32:00,0.772,209,2
2026-08-03 03:38:00,0.832,178,2
2026-08-03 03:44:00,0.785,205,2
2026-08-03 03:50:00,0.736,233,2
2026-08-03 03:56:00,0.696,203,2
2026-08-03 04:02:00,0.828,220,2
2026-08-03 04:08:00,0.767,236,2
2026-08-03 04:14:00,0.872,225,2
2026-08-03 04:20:00,0.812,226,2
2026-08-03 04:26:00,0.817,202,2
2026-08-03 04:32:00,0.74,239,2
2026-08-03 04:38:00,0.673,209,2
2026-08-03 04:44:00,0.713,194,2
2026-08-03 04:50:00,0.679,224,2
2026-08-03 04:56:00,0.716,221,2
2026-08-03 05:02:00,0.671,217,2
2026-08-03 05:08:00,0.586,213,2
2026-08-03 05:14:00,0.57,267,2
2026-08-03 05:20:00,0.402,199,2
2026-08-03 05:26:00,0.218,257,2
2026-08-03 05:32:00,0.205,193,2
2026-08-03 05:38:00,0.113,243,2
2026-08-03 05:44:00,0.057,227,2
2026-08-03 05:50:00,0.258,187,2
2026-08-03 05:56:00,0.123,237,2
2026-08-03 06:02:00,0.245,257,2
2026-08-03 06:08:00,0.101,296,2
2026-08-03 06:14:00,0.134,281,2
2026-08-03 06:20:00,0.174,300,2
2026-08-03 06:26:00,0.101,278,2
2026-08-03 06:32:00,0.175,29,2
2026-08-03 06:38:00,0.179,340,2
2026-08-03 06:44:00,0.127,40,2
2026-08-03 06:50:00,0.117,1,2
2026-08-03 06:56:00,0.209,358,2
2026-08-03 07:02:00,0.163,350,2
2026-08-03 07:08:00,0.272,19,2
2026-08-03 07:14:00,0.262,335,2
2026-08-03 07:20:00,0.262,296,2
2026-08-03 07:26:00,0.179,345,2
2026-08-03 07:32:00,0.15,350,2
2026-08-03 07:38:00,0.202,39,2
2026-08-03 07:44:00,0.186,30,2
2026-08-03 07:50:00,0.362,0,2
2026-08-03 07:56:00,0.278,32,2
2026-08-03 08:02:00,0.331,28,2
2026-08-03 08:08:00,0.337,9,2
2026-08-03 08:14:00,0.503,10,2
2026-08-03 08:20:00,0.533,30,2
2026-08-03 08:26:00,0.47,31,2
2026-08-03 08:32:00,0.523,17,2
2026-08-03 08:38:00,0.432,11,2
2026-08-03 08:44:00,0.467,11,2
2026-08-03 08:50:00,0.48,25,2
2026-08-03 08:56:00,0.585,13,2
2026-08-03 09:02:00,0.43,13,2
2026-08-03 09:08:00,0.552,2,2
2026-08-03 09:14:00,0.589,28,2
2026-08-03 09:20:00,0.532,33,2
2026-08-03 09:26:00,0.541,37,2
2026-08-03 09:32:00,0.55,31,2
2026-08-03 09:38:00,0.49,19,2
2026-08-03 09:44:00,0.469,34,2
2026-08-03 09:50:00,0.515,21,2
2026-08-03 09:56:00,0.611,13,2
2026-08-03 10:02:00,0.524,16,2
2026-08-03 10:08:00,0.449,20,2
2026-08-03 10:14:00,0.436,13,2
2026-08-03 10:20:00,0.488,26,2
2026-08-03 10:26:00,0.404,9,2
2026-08-03 10:32:00,0.389,17,2
2026-08-03 10:38:00,0.39,28,2
2026-08-03 10:44:00,0.327,20,2
2026-08-03 10:50:00,0.198,356,2
2026-08-03 10:56:00,0.21,25,2
2026-08-03 11:02:00,0.177,352,2
2026-08-03 11:08:00,0.24,49,2
2026-08-03 11:14:00,0.09,351,2
2026-08-03 11:20:00,0.176,27,2
2026-08-03 11:26:00,0.109,59,2
2026-08-03 11:32:00,0.088,345,2
2026-08-03 11:38:00,0.059,110,2
2026-08-03 11:44:00,0.101,112,2
2026-08-03 11:50:00,0.078,113,2
2026-08-03 11:56:00,0.109,171,2
2026-08-03 12:02:00,0.075,141,2
2026-08-03 12:08:00,0.14,149,2
2026-08-03 12:14:00,0.118,132,2
2026-08-03 12:20:00,0.062,212,2
2026-08-03 12:26:00,0.121,180,2
2026-08-03 12:32:00,0.279,120,2
2026-08-03 12:38:00,0.377,175,2
2026-08-03 12:44:00,0.411,182,2
2026-08-03 12:50:00,0.422,204,2
2026-08-03 12:56:00,0.57,190,2
2026-08-03 13:02:00,0.549,219,2
2026-08-03 13:08:00,0.594,200,2
2026-08-03 13:14:00,0.549,199,2
2026-08-03 13:20:00,0.689,211,2
2026-08-03 13:26:00,0.771,206,2
2026-08-03 13:32:00,0.816,205,2
2026-08-03 13:38:00,0.745,210,2
2026-08-03 13:44:00,0.998,204,2
2026-08-03 13:50:00,1.028,213,2
2026-08-03 13:56:00,0.912,188,2
2026-08-03 14:02:00,0.937,199,2
2026-08-03 14:08:00,1.066,210,2
2026-08-03 14:14:00,1.032,216,2
2026-08-03 14:20:00,1.282,199,2
2026-08-03 14:26:00,1.369,217,2
2026-08-03 14:32:00,1.313,195,2
2026-08-03 14:38:00,1.373,204,2
2026-08-03 14:44:00,1.199,227,2
2026-08-03 14:50:00,1.29,205,2
2026-08-03 14:56:00,1.179,207,2
2026-08-03 15:02:00,1.123,218,2
2026-08-03 15:08:00,1.391,226,2
2026-08-03 15:14:00,1.393,203,2
2026-08-03 15:20:00,1.418,206,2
2026-08-03 15:26:00,1.392,198,2
2026-08-03 15:32:00,1.47,208,2
2026-08-03 15:38:00,1.433,224,2
2026-08-03 15:44:00,1.361,200,2
2026-08-03 15:50:00,1.375,209,2
2026-08-03 15:56:00,1.068,225,2
2026-08-03 16:02:00,1.168,202,2
2026-08-03 16:08:00,1.08,215,2
2026-08-03 16:14:00,0.944,232,2
2026-08-03 16:20:00,1.07,226,2
2026-08-03 16:26:00,0.877,226,2
2026-08-03 16:32:00,0.89,202,2
2026-08-03 16:38:00,1.019,210,2
2026-08-03 16:44:00,1.207,207,2
2026-08-03 16:50:00,1.103,222,2
2026-08-03 16:56:00,1.13,209,2
2026-08-03 17:02:00,1.036,229,2
2026-08-03 17:08:00,1.085,224,2
2026-08-03 17:14:00,1.114,212,2
2026-08-03 17:20:00,1.067,206,2
2026-08-03 17:26:00,0.824,210,2
2026-08-03 17:32:00,0.907,215,2
2026-08-03 17:38:00,0.897,204,2
2026-08-03 17:44:00,0.89,219,2
2026-08-03 17:50:00,0.987,228,2
2026-08-03 17:56:00,0.883,238,2
2026-08-03 18:02:00,0.845,213,2
2026-08-03 18:08:00,0.672,250,2
2026-08-03 18:14:00,0.658,228,2
2026-08-03 18:20:00,0.602,202,2
2026-08-03 18:26:00,0.507,250,2
2026-08-03 18:32:00,0.443,225,2
2026-08-03 18:38:00,0.395,231,2
2026-08-03 18:44:00,0.321,244,2
2026-08-03 18:50:00,0.351,242,2
2026-08-03 18:56:00,0.247,255,2
2026-08-03 19:02:00,0.265,275,2
2026-08-03 19:08:00,0.199,291,2
2026-08-03 19:14:00,0.272,333,2
2026-08-03 19:20:00,0.311,325,2
2026-08-03 19:26:00,0.268,5,2
2026-08-03 19:32:00,0.269,359,2
2026-08-03 19:38:00,0.268,337,2
2026-08-03 19:44:00,0.291,333,2
2026-08-03 19:50:00,0.287,1,2
2026-08-03 19:56:00,0.368,350,2
2026-08-03 20:02:00,0.414,351,2
2026-08-03 20:08:00,0.469,9,2
2026-08-03 20:14:00,0.575,352,2
2026-08-03 20:20:00,0.606,14,2
2026-08-03 20:26:00,0.663,13,2
2026-08-03 20:32:00,0.615,19,2
2026-08-03 20:38:00,0.696,4,2
2026-08-03 20:44:00,0.665,353,2
2026-08-03 20:50:00,0.68,7,2
2026-08-03 20:56:00,0.665,8,2
2026-08-03 21:02:00,0.601,14,2
2026-08-03 21:08:00,0.551,351,2
2026-08-03 21:14:00,0.564,351,2
2026-08-03 21:20:00,0.573,348,2
2026-08-03 21:26:00,0.609,351,2
2026-08-03 21:32:00,0.54,347,2
2026-08-03 21:38:00,0.54,348,2
2026-08-03 21:44:00,0.523,3,2
2026-08-03 21:56:00,0.542,25,2
2026-08-03 22:02:00,0.588,6,2
2026-08-03 22:08:00,0.57,22,2
2026-08-03 22:14:00,0.604,11,2
2026-08-03 22:20:00,0.666,14,2
2026-08-03 22:26:00,0.592,39,2
2026-08-03 22:32:00,0.542,19,2
2026-08-03 22:38:00,0.612,7,2
2026-08-03 22:44:00,0.52,9,2
2026-08-03 22:50:00,0.429,29,2
2026-08-03 22:56:00,0.345,7,2
2026-08-03 23:02:00,0.376,7,2
2026-08-03 23:08:00,0.377,30,2
2026-08-03 23:14:00,0.436,32,2
2026-08-03 23:20:00,0.351,189,2
2026-08-03 23:26:00,0.265,22,2
2026-08-03 23:32:00,0.206,28,2
2026-08-03 23:38:00,0.098,70,2
2026-08-03 23:44:00,0.237,175,2
2026-08-03 23:50:00,0.121,175,2
2026-08-03 23:56:00,0.131,266,2
2026-08-04 00:02:00,0.213,289,2
2026-08-04 00:08:00,0.051,198,2
2026-08-04 00:14:00,0.063,112,2
2026-08-04 00:20:00,0.071,274,2
2026-08-04 00:26:00,0.008,334,2
2026-08-04 00:32:00,0.124,143,2
2026-08-04 00:38:00,0.119,147,2
2026-08-04 00:44:00,0.239,240,2
2026-08-04 00:50:00,0.239,212,2
2026-08-04 00:56:00,0.331,241,2
2026-08-04 01:02:00,0.352,236,2
2026-08-04 01:08:00,0.349,178,2
2026-08-04 01:14:00,0.441,196,2
2026-08-04 01:20:00,0.5,206,2
2026-08-04 01:26:00,0.535,211,2
2026-08-04 01:32:00,0.589,206,2
2026-08-04 01:38:00,0.701,210,2
2026-08-04 01:44:00,0.878,218,2
2026-08-04 01:50:00,0.878,216,2
2026-08-04 01:56:00,0.959,170,2
2026-08-04 02:02:00,1.035,217,2
2026-08-04 02:08:00,1.069,184,2
2026-08-04 02:14:00,1.079,185,2
2026-08-04 02:20:00,1.07,201,2
2026-08-04 02:26:00,1.234,189,2
2026-08-04 02:32:00,1.161,189,2
2026-08-04 02:38:00,1.224,217,2
2026-08-04 02:44:00,1.22,225,2
2026-08-04 02:50:00,1.123,218,2
2026-08-04 02:56:00,1.237,204,2
2026-08-04 03:02:00,1.148,203,2
2026-08-04 03:08:00,1.285,200,2
2026-08-04 03:14:00,1.256,220,2
2026-08-04 03:20:00,1.293,221,2
2026-08-04 03:26:00,1.41,233,2
2026-08-04 03:32:00,1.531,209,2
2026-08-04 03:38:00,1.399,211,2
2026-08-04 03:44:00,1.531,199,2
2026-08-04 03:50:00,1.475,194,2
2026-08-04 03:56:00,1.467,189,2
2026-08-04 04:02:00,1.522,217,2
2026-08-04 04:08:00,1.41,203,2
2026-08-04 04:14:00,1.358,199,2
2026-08-04 04:20:00,1.381,231,2
2026-08-04 04:26:00,1.385,205,2
2026-08-04 04:32:00,1.419,237,2
2026-08-04 04:38:00,1.337,220,2
2026-08-04 04:44:00,1.409,216,2
2026-08-04 04:50:00,1.298,220,2
2026-08-04 04:56:00,1.298,201,2
2026-08-04 05:02:00,1.364,215,2
2026-08-04 05:08:00,1.318,211,2
2026-08-04 05:14:00,1.186,211,2
2026-08-04 05:20:00,1.274,219,2
2026-08-04 05:26:00,1.222,224,2
2026-08-04 05:32:00,1.071,215,2
2026-08-04 05:38:00,1.183,213,2
2026-08-04 05:44:00,1.186,211,2
2026-08-04 05:50:00,1.098,223,2
2026-08-04 05:56:00,1.116,194,2
2026-08-04 06:02:00,1.087,184,2
2026-08-04 06:08:00,1.035,190,2
2026-08-04 06:14:00,0.899,227,2
2026-08-04 06:20:00,1.003,208,2
2026-08-04 06:26:00,0.839,215,2
2026-08-04 06:32:00,0.792,218,2
2026-08-04 06:38:00,0.814,205,2
2026-08-04 06:44:00,0.831,194,2
2026-08-04 06:50:00,0.682,228,2
2026-08-04 06:56:00,0.63,194,2
2026-08-04 07:02:00,0.488,224,2
2026-08-04 07:08:00,0.517,224,2
2026-08-04 07:14:00,0.514,208,2
2026-08-04 07:20:00,0.455,227,2
2026-08-04 07:26:00,0.416,227,2
2026-08-04 07:32:00,0.389,214,2
2026-08-04 07:38:00,0.289,219,2
2026-08-04 07:44:00,0.144,242,2
2026-08-04 07:50:00,0.128,242,2
2026-08-04 07:56:00,0.097,239,2
2026-08-04 08:02:00,0.031,78,2
2026-08-04 08:08:00,0.031,168,2
2026-08-04 08:14:00,0.006,97,2
2026-08-04 08:20:00,0.042,10,2
2026-08-04 08:26:00,0.155,341,2
2026-08-04 08:32:00,0.136,303,2
2026-08-04 08:38:00,0.237,355,2
2026-08-04 08:44:00,0.227,8,2
2026-08-04 08:50:00,0.293,11,2
2026-08-04 08:56:00,0.245,348,2
2026-08-04 09:02:00,0.25,55,2
2026-08-04 09:08:00,0.343,57,2
2026-08-04 09:20:00,0.292,12,2
2026-08-04 09:26:00,0.295,27,2
2026-08-04 09:32:00,0.288,24,2
2026-08-04 09:38:00,0.306,54,2
2026-08-04 09:44:00,0.298,33,2
2026-08-04 09:50:00,0.269,43,2
2026-08-04 09:56:00,0.278,17,2
2026-08-04 10:02:00,0.341,40,2
2026-08-04 10:08:00,0.33,57,2
2026-08-04 10:14:00,0.237,7,2
2026-08-04 10:20:00,0.296,31,2
2026-08-04 10:26:00,0.158,25,2
2026-08-04 10:32:00,0.182,85,2
2026-08-04 10:38:00,0.211,50,2
2026-08-04 10:44:00,0.251,359,2
2026-08-04 10:50:00,0.222,36,2
2026-08-04 10:56:00,0.136,348,2
2026-08-04 11:02:00,0.191,51,2
2026-08-04 11:08:00,0.074,18,2
2026-08-04 11:14:00,0.077,43,2
2026-08-04 11:20:00,0.037,72,2
2026-08-04 11:26:00,0.053,294,2
2026-08-04 11:32:00,0.105,346,2
2026-08-04 11:38:00,0.053,346,2
2026-08-04 11:44:00,0.116,292,2
2026-08-04 11:50:00,0.098,317,2
2026-08-04 11:56:00,0.041,33,2
2026-08-04 12:02:00,0.064,20,2
2026-08-04 12:08:00,0.061,343,2
2026-08-04 12:14:00,0.1,192,2
2026-08-04 12:20:00,0.143,131,2
2026-08-04 12:26:00,0.234,205,2
2026-08-04 12:32:00,0.2,195,2
2026-08-04 12:38:00,0.2,175,2
2026-08-04 12:44:00,0.123,208,2
2026-08-04 12:50:00,0.17,226,2
2026-08-04 12:56:00,0.183,223,2
2026-08-04 13:02:00,0.109,200,2
2026-08-04 13:08:00,0.182,218,2
2026-08-04 13:14:00,0.254,189,2
2026-08-04 13:20:00,0.274,222,2
2026-08-04 13:26:00,0.292,194,2
2026-08-04 13:32:00,0.35,222,2
2026-08-04 13:38:00,0.458,213,2
2026-08-04 13:44:00,0.395,210,2
2026-08-04 13:50:00,0.311,216,2
2026-08-04 13:56:00,0.521,225,2
2026-08-04 14:02:00,0.463,214,2
2026-08-04 14:08:00,0.485,221,2
2026-08-04 14:14:00,0.465,196,2
2026-08-04 14:20:00,0.364,197,2
2026-08-04 14:26:00,0.536,197,2
2026-08-04 14:32:00,0.549,210,2
2026-08-04 14:38:00,0.604,228,2
2026-08-04 14:44:00,0.568,195,2
2026-08-04 14:50:00,0.608,208,2
2026-08-04 14:56:00,0.643,228,2
2026-08-04 15:02:00,0.705,189,2
2026-08-04 15:08:00,0.712,187,2
2026-08-04 15:14:00,0.691,190,2
2026-08-04 15:20:00,0.748,192,2
2026-08-04 15:26:00,0.716,200,2
2026-08-04 15:32:00,0.725,202,2
2026-08-04 15:38:00,0.633,217,2
2026-08-04 15:44:00,0.679,210,2
2026-08-04 15:50:00,0.645,212,2
2026-08-04 15:56:00,0.587,201,2
2026-08-04 16:02:00,0.604,223,2
2026-08-04 16:08:00,0.625,208,2
2026-08-04 16:14:00,0.646,192,2
2026-08-04 16:20:00,0.587,186,2
2026-08-04 16:26:00,0.673,219,2
2026-08-04 16:32:00,0.604,197,2
2026-08-04 16:38:00,0.662,203,2
2026-08-04 16:44:00,0.465,211,2
2026-08-04 16:50:00,0.461,188,2
2026-08-04 16:56:00,0.545,190,2
2026-08-04 17:02:00,0.471,181,2
2026-08-04 17:08:00,0.547,213,2
2026-08-04 17:14:00,0.339,188,2
2026-08-04 17:20:00,0.391,217,2
2026-08-04 17:26:00,0.448,189,2
2026-08-04 17:32:00,0.387,189,2
2026-08-04 17:38:00,0.49,174,2
2026-08-04 17:44:00,0.362,221,2
2026-08-04 17:50:00,0.423,206,2
2026-08-04 17:56:00,0.438,191,2
2026-08-04 18:02:00,0.396,176,2
2026-08-04 18:08:00,0.322,223,2
2026-08-04 18:14:00,0.342,222,2
2026-08-04 18:20:00,0.327,187,2
2026-08-04 18:26:00,0.286,224,2
2026-08-04 18:32:00,0.252,202,2
2026-08-04 18:38:00,0.117,253,2
2026-08-04 18:44:00,0.039,312,2
2026-08-04 18:50:00,0.037,345,2
2026-08-04 18:56:00,0.061,359,2
2026-08-04 19:02:00,0.102,30,2
2026-08-04 19:08:00,0.151,33,2
2026-08-04 19:14:00,0.297,25,2
2026-08-04 19:20:00,0.186,325,2
2026-08-04 19:26:00,0.288,272,2
2026-08-04 19:32:00,0.398,13,2
2026-08-04 19:38:00,0.429,12,2
2026-08-04 19:44:00,0.457,6,2
2026-08-04 19:50:00,0.538,13,2
2026-08-04 19:56:00,0.581,10,2
2026-08-04 20:02:00,0.713,17,2
2026-08-04 20:08:00,0.57,6,2
2026-08-04 20:14:00,0.535,0,2
2026-08-04 20:20:00,0.661,7,2
2026-08-04 20:26:00,0.59,11,2
2026-08-04 20:32:00,0.632,21,2
2026-08-04 20:38:00,0.708,8,2
2026-08-04 20:44:00,0.859,27,2
2026-08-04 20:50:00,0.851,9,2
2026-08-04 20:56:00,0.75,9,2
2026-08-04 21:02:00,0.736,10,2
2026-08-04 21:08:00,0.772,358,2
2026-08-04 21:14:00,0.718,3,2
2026-08-04 21:20:00,0.793,20,2
2026-08-04 21:26:00,0.815,22,2
2026-08-04 21:32:00,0.878,27,2
2026-08-04 21:38:00,0.863,14,2
2026-08-04 21:44:00,0.861,8,2
2026-08-04 21:50:00,0.959,37,2
2026-08-04 21:56:00,0.909,37,2
2026-08-04 22:02:00,0.852,39,2
2026-08-04 22:08:00,0.895,35,2
2026-08-04 22:14:00,0.964,17,2
2026-08-04 22:20:00,0.902,9,2
2026-08-04 22:26:00,1.003,34,2
2026-08-04 22:32:00,0.95,28,2
2026-08-04 22:38:00,0.982,8,2
2026-08-04 22:44:00,0.941,17,2
2026-08-04 22:50:00,0.9,28,2
2026-08-04 22:56:00,0.893,27,2
2026-08-04 23:02:00,0.948,16,2
2026-08-04 23:08:00,0.942,24,2
2026-08-04 23:14:00,0.801,28,2
2026-08-04 23:20:00,0.805,8,2
2026-08-04 23:26:00,0.766,1,2
2026-08-04 23:32:00,0.714,20,2
2026-08-04 23:38:00,0.711,11,2
2026-08-04 23:44:00,0.637,37,2
2026-08-04 23:50:00,0.632,38,2
2026-08-04 23:56:00,0.589,14,2
2026-08-05 00:02:00,0.559,16,2
2026-08-05 00:08:00,0.562,4,2
2026-08-05 00:14:00,0.5,8,2
2026-08-05 00:20:00,0.471,45,2
2026-08-05 00:26:00,0.418,34,2
2026-08-05 00:32:00,0.423,25,2
2026-08-05 00:38:00,0.396,31,2
2026-08-05 00:44:00,0.32,41,2
2026-08-05 00:50:00,0.206,54,2
2026-08-05 00:56:00,0.171,41,2
2026-08-05 01:02:00,0.128,79,2
2026-08-05 01:08:00,0.071,62,2
2026-08-05 01:14:00,0.066,13,2
2026-08-05 01:20:00,0.028,193,2
2026-08-05 01:26:00,0.178,245,2
2026-08-05 01:32:00,0.043,212,2
2026-08-05 01:38:00,0.203,249,2
2026-08-05 01:44:00,0.406,275,2
2026-08-05 01:50:00,0.205,238,2
2026-08-05 01:56:00,0.17,252,2
2026-08-05 02:02:00,0.107,231,2
2026-08-05 02:08:00,0.232,232,2
2026-08-05 02:14:00,0.17,212,2
2026-08-05 02:20:00,0.134,204,2
2026-08-05 02:26:00,0.19,217,2
2026-08-05 02:32:00,0.224,227,2
2026-08-05 02:38:00,0.219,236,2
2026-08-05 02:44:00,0.239,191,2
2026-08-05 02:50:00,0.28,186,2
2026-08-05 02:56:00,0.336,245,2
2026-08-05 03:02:00,0.298,185,2
2026-08-05 03:08:00,0.245,213,2
2026-08-05 03:14:00,0.458,205,2
2026-08-05 03:20:00,0.344,197,2
2026-08-05 03:26:00,0.452,220,2
2026-08-05 03:32:00,0.442,191,2
2026-08-05 03:38:00,0.453,221,2
2026-08-05 03:44:00,0.47,231,2
2026-08-05 03:50:00,0.497,201,2
2026-08-05 03:56:00,0.452,226,2
2026-08-05 04:02:00,0.384,200,2
2026-08-05 04:08:00,0.465,216,2
2026-08-05 04:14:00,0.596,184,2
2026-08-05 04:20:00,0.62,224,2
2026-08-05 04:26:00,0.507,221,2
2026-08-05 04:32:00,0.464,222,2
2026-08-05 04:38:00,0.424,217,2
2026-08-05 04:44:00,0.597,206,2
2026-08-05 04:50:00,0.56,209,2
2026-08-05 04:56:00,0.531,213,2
2026-08-05 05:02:00,0.499,208,2
2026-08-05 05:08:00,0.541,202,2
2026-08-05 05:14:00,0.618,208,2
2026-08-05 05:20:00,0.55,231,2
2026-08-05 05:26:00,0.454,229,2
2026-08-05 05:32:00,0.87,213,2
2026-08-05 05:38:00,0.853,221,2
2026-08-05 05:44:00,0.956,202,2
2026-08-05 05:50:00,1.367,216,2
2026-08-05 05:56:00,1.174,185,2
2026-08-05 06:02:00,1.189,209,2
2026-08-05 06:08:00,1.258,203,2
2026-08-05 06:14:00,1.19,192,2
2026-08-05 06:20:00,0.967,210,2
2026-08-05 06:26:00,0.943,202,2
2026-08-05 06:32:00,0.928,238,2
2026-08-05 06:38:00,0.752,213,2
2026-08-05 06:44:00,0.59,226,2
2026-08-05 06:50:00,0.546,227,2
2026-08-05 06:56:00,0.657,226,2
2026-08-05 07:02:00,0.514,233,2
2026-08-05 07:08:00,0.472,210,2
2026-08-05 07:14:00,0.479,216,2
2026-08-05 07:20:00,0.479,225,2
2026-08-05 07:26:00,0.326,215,2
2026-08-05 07:32:00,0.357,227,2
2026-08-05 07:38:00,0.285,221,2
2026-08-05 07:44:00,0.24,208,2
2026-08-05 07:50:00,0.22,261,2
2026-08-05 07:56:00,0.26,249,2
2026-08-05 08:02:00,0.116,279,2
2026-08-05 08:08:00,0.126,272,2
2026-08-05 08:14:00,0.129,341,2
2026-08-05 08:20:00,0.1,252,2
2026-08-05 08:26:00,0.033,213,2
2026-08-05 08:32:00,0.107,338,2
2026-08-05 08:38:00,0.119,355,2
2026-08-05 08:44:00,0.099,351,2
2026-08-05 08:50:00,0.21,2,2
2026-08-05 08:56:00,0.148,348,2
2026-08-05 09:02:00,0.228,335,2
2026-08-05 09:14:00,0.231,356,2
2026-08-05 09:20:00,0.181,350,2
2026-08-05 09:32:00,0.181,7,2
2026-08-05 09:38:00,0.084,352,2
2026-08-05 09:44:00,0.108,336,2
2026-08-05 09:50:00,0.118,6,2
2026-08-05 09:56:00,0.098,355,2
2026-08-05 10:02:00,0.119,10,2
2026-08-05 10:08:00,0.13,8,2
2026-08-05 10:14:00,0.238,15,2
2026-08-05 10:20:00,0.134,21,2
2026-08-05 10:26:00,0.291,39,2
2026-08-05 10:32:00,0.218,37,2
2026-08-05 10:38:00,0.342,27,2
2026-08-05 10:44:00,0.238,21,2
2026-08-05 10:50:00,0.265,16,2
2026-08-05 10:56:00,0.225,44,2
2026-08-05 11:02:00,0.271,11,2
2026-08-05 11:08:00,0.157,30,2
2026-08-05 11:14:00,0.286,32,2
2026-08-05 11:20:00,0.278,36,2
2026-08-05 11:26:00,0.351,3,2
2026-08-05 11:32:00,0.163,27,2
2026-08-05 11:38:00,0.17,9,2
2026-08-05 11:44:00,0.247,48,2
2026-08-05 11:50:00,0.186,57,2
2026-08-05 11:56:00,0.14,68,2
2026-08-05 12:02:00,0.187,78,2
2026-08-05 12:08:00,0.112,70,2
2026-08-05 12:14:00,0.091,217,2
2026-08-05 12:20:00,0.109,207,2
2026-08-05 12:26:00,0.041,227,2
2026-08-05 12:32:00,0.11,178,2
2026-08-05 12:38:00,0.053,70,2
2026-08-05 12:44:00,0.127,38,2
2026-08-05 12:50:00,0.033,123,2
2026-08-05 12:56:00,0.059,227,2
2026-08-05 13:02:00,0.019,303,2
2026-08-05 13:08:00,0.063,284,2
2026-08-05 13:14:00,0.073,197,2
2026-08-05 13:20:00,0.056,254,2
2026-08-05 13:26:00,0.031,190,2
2026-08-05 13:32:00,0.099,210,2
2026-08-05 13:38:00,0.156,219,2
2026-08-05 13:44:00,0.214,205,2
2026-08-05 13:50:00,0.161,221,2
2026-08-05 13:56:00,0.186,206,2
2026-08-05 14:02:00,0.076,170,2
2026-08-05 14:08:00,0.254,153,2
2026-08-05 14:14:00,0.095,138,2
2026-08-05 14:20:00,0.12,195,2
2026-08-05 14:26:00,0.025,78,2
2026-08-05 14:32:00,0.248,239,2
2026-08-05 14:38:00,0.202,262,2
2026-08-05 14:44:00,0.208,239,2
2026-08-05 14:50:00,0.367,213,2
2026-08-05 14:56:00,0.512,233,2
2026-08-05 15:02:00,0.463,240,2
2026-08-05 15:08:00,0.359,231,2
2026-08-05 15:14:00,0.376,217,2
2026-08-05 15:20:00,0.411,233,2
2026-08-05 15:26:00,0.369,223,2
2026-08-05 15:32:00,0.485,224,2
2026-08-05 15:38:00,0.523,231,2
2026-08-05 15:44:00,0.572,202,2
2026-08-05 15:50:00,0.596,203,2
2026-08-05 15:56:00,0.582,196,2
2026-08-05 16:02:00,0.498,204,2
2026-08-05 16:08:00,0.641,198,2
2026-08-05 16:14:00,0.541,228,2
2026-08-05 16:20:00,0.528,223,2
2026-08-05 16:26:00,0.726,216,2
2026-08-05 16:32:00,0.588,213,2
2026-08-05 16:38:00,0.672,223,2
2026-08-05 16:44:00,0.574,198,2
2026-08-05 16:50:00,0.566,182,2
2026-08-05 16:56:00,0.625,216,2
2026-08-05 17:02:00,0.588,243,2
2026-08-05 17:08:00,0.66,188,2
2026-08-05 17:14:00,0.632,204,2
2026-08-05 17:20:00,0.615,189,2
2026-08-05 17:26:00,0.626,205,2
2026-08-05 17:32:00,0.63,210,2
2026-08-05 17:38:00,0.672,225,2
2026-08-05 17:44:00,0.6,225,2
2026-08-05 17:50:00,0.471,236,2
2026-08-05 17:56:00,0.589,225,2
2026-08-05 18:02:00,0.563,227,2
2026-08-05 18:08:00,0.488,225,2
2026-08-05 18:14:00,0.4,221,2
2026-08-05 18:20:00,0.418,235,2
2026-08-05 18:26:00,0.449,264,2
2026-08-05 18:32:00,0.359,220,2
2026-08-05 18:38:00,0.387,235,2
2026-08-05 18:44:00,0.329,247,2
2026-08-05 18:50:00,0.276,238,2
2026-08-05 18:56:00,0.255,258,2
2026-08-05 19:02:00,0.23,291,2
2026-08-05 19:08:00,0.201,228,2
2026-08-05 19:14:00,0.214,313,2
2026-08-05 19:20:00,0.443,328,2
2026-08-05 19:26:00,0.274,316,2
2026-08-05 19:32:00,0.137,230,2
2026-08-05 19:38:00,0.161,244,2
2026-08-05 19:44:00,0.293,252,2
2026-08-05 19:50:00,0.194,258,2
2026-08-05 19:56:00,0.201,294,2
2026-08-05 20:02:00,0.187,326,2
2026-08-05 20:08:00,0.239,340,2
2026-08-05 20:14:00,0.185,346,2
2026-08-05 20:20:00,0.155,356,2
2026-08-05 20:26:00,0.181,340,2
2026-08-05 20:32:00,0.303,14,2
2026-08-05 20:38:00,0.329,30,2
2026-08-05 20:44:00,0.301,334,2
2026-08-05 20:50:00,0.403,350,2
2026-08-05 20:56:00,0.536,12,2
2026-08-05 21:02:00,0.579,5,2
2026-08-05 21:08:00,0.629,19,2
2026-08-05 21:14:00,0.514,10,2
2026-08-05 21:20:00,0.675,20,2
2026-08-05 21:26:00,0.775,31,2
2026-08-05 21:32:00,0.741,32,2
2026-08-05 21:38:00,0.685,10,2
2026-08-05 21:44:00,0.718,23,2
2026-08-05 21:50:00,0.901,9,2
2026-08-05 21:56:00,0.853,13,2
2026-08-05 22:02:00,0.867,30,2
2026-08-05 22:08:00,0.847,28,2
2026-08-05 22:14:00,0.884,15,2
2026-08-05 22:20:00,0.923,30,2
2026-08-05 22:26:00,1.022,26,2
2026-08-05 22:32:00,0.899,11,2
2026-08-05 22:38:00,0.982,6,2
2026-08-05 22:44:00,0.901,18,2
2026-08-05 22:50:00,1.019,7,2
2026-08-05 22:56:00,1.049,27,2
2026-08-05 23:02:00,1.035,15,2
2026-08-05 23:08:00,1.016,26,2
2026-08-05 23:14:00,1.084,23,2
2026-08-05 23:20:00,1.082,21,2
2026-08-05 23:26:00,0.94,24,2
2026-08-05 23:32:00,1.041,17,2
2026-08-05 23:38:00,1.075,34,2
2026-08-05 23:44:00,0.99,37,2
2026-08-05 23:50:00,1.042,26,2
2026-08-05 23:56:00,0.812,20,2
2026-08-06 00:02:00,0.865,14,2
2026-08-06 00:08:00,0.864,20,2
2026-08-06 00:14:00,0.807,18,2
2026-08-06 00:20:00,0.882,23,2
2026-08-06 00:26:00,0.755,34,2
2026-08-06 00:32:00,0.707,20,2
2026-08-06 00:38:00,0.747,22,2
2026-08-06 00:44:00,0.602,28,2
2026-08-06 00:50:00,0.646,35,2
2026-08-06 00:56:00,0.521,16,2
2026-08-06 01:02:00,0.453,25,2
2026-08-06 01:08:00,0.442,15,2
2026-08-06 01:14:00,0.325,14,2
2026-08-06 01:32:00,0.183,19,2
2026-08-06 01:38:00,0.112,326,2
2026-08-06 01:44:00,0.089,17,2
2026-08-06 01:50:00,0.212,41,2
2026-08-06 01:56:00,0.307,7,2
2026-08-06 02:02:00,0.088,10,2
2026-08-06 02:08:00,0.157,225,2
2026-08-06 02:14:00,0.028,66,2
2026-08-06 02:20:00,0.081,19,2
2026-08-06 02:26:00,0.091,93,2
2026-08-06 02:32:00,0.01,132,2
2026-08-06 02:38:00,0.098,176,2
2026-08-06 02:44:00,0.055,160,2
2026-08-06 02:50:00,0.121,211,2
2026-08-06 02:56:00,0.195,183,2
2026-08-06 03:02:00,0.174,182,2
2026-08-06 03:08:00,0.123,194,2
2026-08-06 03:14:00,0.156,190,2
2026-08-06 03:20:00,0.268,205,2
2026-08-06 03:26:00,0.276,201,2
2026-08-06 03:32:00,0.362,259,2
2026-08-06 03:38:00,0.328,202,2
2026-08-06 03:44:00,0.384,242,2
2026-08-06 03:50:00,0.309,237,2
2026-08-06 03:56:00,0.362,252,2
2026-08-06 04:02:00,0.397,212,2
2026-08-06 04:08:00,0.468,207,2
2026-08-06 04:14:00,0.522,232,2
2026-08-06 04:20:00,0.44,216,2
2026-08-06 04:26:00,0.511,239,2
2026-08-06 04:32:00,0.538,202,2
2026-08-06 04:38:00,0.603,230,2
2026-08-06 04:44:00,0.541,203,2
2026-08-06 04:50:00,0.789,212,2
2026-08-06 04:56:00,0.9,232,2
2026-08-06 05:02:00,0.994,205,2
2026-08-06 05:08:00,1.044,211,2
2026-08-06 05:14:00,1.062,207,2
2026-08-06 05:20:00,1.09,235,2
2026-08-06 05:26:00,1.03,200,2
2026-08-06 05:32:00,1.192,220,2
2026-08-06 05:38:00,1.197,210,2
2026-08-06 05:44:00,1.202,220,2
2026-08-06 05:50:00,1.35,210,2
2026-08-06 05:56:00,1.346,235,2
2026-08-06 06:02:00,1.339,210,2
2026-08-06 06:08:00,1.371,228,2
2026-08-06 06:14:00,1.308,215,2
2026-08-06 06:20:00,1.342,214,2
2026-08-06 06:26:00,1.314,242,2
2026-08-06 06:32:00,1.257,227,2
2026-08-06 06:38:00,1.312,220,2
2026-08-06 06:44:00,1.236,196,2
2026-08-06 06:50:00,1.157,225,2
2026-08-06 06:56:00,1.002,212,2
2026-08-06 07:02:00,0.993,212,2
2026-08-06 07:08:00,0.988,213,2
2026-08-06 07:14:00,0.864,211,2
2026-08-06 07:20:00,0.882,233,2
2026-08-06 07:26:00,0.724,209,2
2026-08-06 07:32:00,0.846,221,2
2026-08-06 07:38:00,0.79,210,2
2026-08-06 07:44:00,0.696,205,2
2026-08-06 07:50:00,0.775,206,2
2026-08-06 07:56:00,0.718,227,2
2026-08-06 08:02:00,0.698,208,2
2026-08-06 08:08:00,0.561,233,2
2026-08-06 08:14:00,0.644,217,2
2026-08-06 08:20:00,0.533,231,2
2026-08-06 08:26:00,0.611,228,2
2026-08-06 08:32:00,0.467,219,2
2026-08-06 08:38:00,0.429,218,2
2026-08-06 08:44:00,0.472,223,2
2026-08-06 09:20:00,0.192,266,2
2026-08-06 09:26:00,0.275,254,2
2026-08-06 09:32:00,0.151,243,2
2026-08-06 09:38:00,0.114,235,2
2026-08-06 09:44:00,0.144,227,2
2026-08-06 09:50:00,0.163,274,2
2026-08-06 09:56:00,0.077,284,2
2026-08-06 10:02:00,0.132,293,2
2026-08-06 10:08:00,0.165,283,2
2026-08-06 10:14:00,0.089,274,2
2026-08-06 10:20:00,0.092,255,2
2026-08-06 10:26:00,0.061,354,2
2026-08-06 10:32:00,0.088,352,2
2026-08-06 10:38:00,0.135,355,2
2026-08-06 10:44:00,0.119,10,2
2026-08-06 10:50:00,0.14,327,2
2026-08-06 10:56:00,0.202,346,2
2026-08-06 11:02:00,0.168,358,2
2026-08-06 11:08:00,0.085,0,2
2026-08-06 11:14:00,0.091,348,2
2026-08-06 11:20:00,0.125,12,2
2026-08-06 11:26:00,0.129,354,2
2026-08-06 11:32:00,0.106,36,2
2026-08-06 11:38:00,0.035,255,2
2026-08-06 11:44:00,0.059,321,2
2026-08-06 11:50:00,0.075,295,2
2026-08-06 11:56:00,0.057,310,2
2026-08-06 12:02:00,0.051,308,2
2026-08-06 12:08:00,0.122,348,2
2026-08-06 12:14:00,0.043,15,2
2026-08-06 12:20:00,0.171,16,2
2026-08-06 12:26:00,0.204,26,2
2026-08-06 12:32:00,0.166,7,2
2026-08-06 12:38:00,0.071,337,2
2026-08-06 12:44:00,0.063,86,2
2026-08-06 12:50:00,0.047,351,2
2026-08-06 12:56:00,0.014,292,2
2026-08-06 13:02:00,0.044,55,2
2026-08-06 13:08:00,0.08,257,2
2026-08-06 13:14:00,0.108,42,2
2026-08-06 13:20:00,0.103,15,2
2026-08-06 13:26:00,0.098,51,2
2026-08-06 13:32:00,0.066,99,2
2026-08-06 13:38:00,0.115,75,2
2026-08-06 13:44:00,0.074,52,2
2026-08-06 13:50:00,0.08,81,2
2026-08-06 13:56:00,0.092,86,2
2026-08-06 14:02:00,0.014,94,2
2026-08-06 14:08:00,0.066,274,2
2026-08-06 14:14:00,0.149,162,2
2026-08-06 14:20:00,0.156,115,2
2026-08-06 14:26:00,0.112,6,2
2026-08-06 14:32:00,0.13,359,2
2026-08-06 14:38:00,0.129,251,2
2026-08-06 14:44:00,0.025,316,2
2026-08-06 14:50:00,0.058,226,2
2026-08-06 14:56:00,0.029,255,2
2026-08-06 15:02:00,0.077,31,2
2026-08-06 15:08:00,0.1,181,2
2026-08-06 15:14:00,0.056,112,2
2026-08-06 15:20:00,0.079,283,2
2026-08-06 15:26:00,0.068,164,2
2026-08-06 15:32:00,0.1,41,2
2026-08-06 15:38:00,0.081,109,2
2026-08-06 15:44:00,0.056,238,2
2026-08-06 15:50:00,0.076,273,2
2026-08-06 15:56:00,0.087,168,2
2026-08-06 16:02:00,0.063,14,2
2026-08-06 16:14:00,0.203,253,2
2026-08-06 16:20:00,0.137,219,2
2026-08-06 16:26:00,0.164,325,2
2026-08-06 16:32:00,0.192,238,2
2026-08-06 16:38:00,0.294,249,2
2026-08-06 16:44:00,0.321,209,2
2026-08-06 16:50:00,0.318,240,2
2026-08-06 16:56:00,0.177,250,2
2026-08-06 17:02:00,0.214,256,2
2026-08-06 17:08:00,0.193,270,2
2026-08-06 17:14:00,0.3,249,2
2026-08-06 17:20:00,0.218,254,2
2026-08-06 17:26:00,0.178,245,2
2026-08-06 17:32:00,0.084,266,2
2026-08-06 17:38:00,0.177,260,2
2026-08-06 17:44:00,0.299,210,2
2026-08-06 17:50:00,0.301,223,2
2026-08-06 17:56:00,0.262,237,2
2026-08-06 18:02:00,0.193,249,2
2026-08-06 18:08:00,0.247,228,2
2026-08-06 18:14:00,0.242,211,2
2026-08-06 18:20:00,0.237,219,2
2026-08-06 18:26:00,0.237,225,2
2026-08-06 18:32:00,0.15,212,2
2026-08-06 18:38:00,0.308,251,2
2026-08-06 18:44:00,0.184,213,2
2026-08-06 18:50:00,0.135,247,2
2026-08-06 18:56:00,0.199,162,2
2026-08-06 19:02:00,0.122,112,2
2026-08-06 19:08:00,0.248,162,2
2026-08-06 19:14:00,0.171,147,2
2026-08-06 19:20:00,0.173,154,2
2026-08-06 19:26:00,0.144,145,2
2026-08-06 19:32:00,0.191,171,2
2026-08-06 19:38:00,0.234,151,2
2026-08-06 19:44:00,0.144,139,2
2026-08-06 19:50:00,0.105,133,2
2026-08-06 19:56:00,0.126,109,2
2026-08-06 20:02:00,0.065,100,2
2026-08-06 20:08:00,0.07,105,2
2026-08-06 20:14:00,0.015,12,2
2026-08-06 20:20:00,0.03,227,2
2026-08-06 20:26:00,0.053,173,2
2026-08-06 20:32:00,0.062,40,2
2026-08-06 20:38:00,0.086,80,2
2026-08-06 20:44:00,0.099,81,2
2026-08-06 20:50:00,0.137,45,2
2026-08-06 20:56:00,0.281,66,2
2026-08-06 21:02:00,0.234,61,2
2026-08-06 21:08:00,0.335,40,2
2026-08-06 21:14:00,0.353,49,2
2026-08-06 21:20:00,0.393,29,2
2026-08-06 21:26:00,0.407,23,2
2026-08-06 21:32:00,0.355,41,2
2026-08-06 21:38:00,0.523,38,2
2026-08-06 21:44:00,0.479,35,2
2026-08-06 21:50:00,0.508,16,2
2026-08-06 21:56:00,0.485,30,2
2026-08-06 22:02:00,0.457,19,2
2026-08-06 22:08:00,0.501,10,2
2026-08-06 22:14:00,0.627,7,2
2026-08-06 22:20:00,0.603,18,2
2026-08-06 22:26:00,0.676,21,2
2026-08-06 22:32:00,0.677,23,2
2026-08-06 22:38:00,0.636,8,2
2026-08-06 22:44:00,0.679,28,2
2026-08-06 22:50:00,0.738,29,2
2026-08-06 22:56:00,0.761,6,2
2026-08-06 23:02:00,0.724,4,2
2026-08-06 23:08:00,0.68,17,2
2026-08-06 23:14:00,0.825,13,2
2026-08-06 23:20:00,0.795,5,2
2026-08-06 23:26:00,0.789,25,2
2026-08-06 23:32:00,0.811,15,2
2026-08-06 23:38:00,0.835,26,2
2026-08-06 23:44:00,0.922,16,2
2026-08-06 23:50:00,0.874,18,2
2026-08-06 23:56:00,0.891,17,2
2026-08-07 00:02:00,0.862,33,2
2026-08-07 00:08:00,0.87,28,2
2026-08-07 00:14:00,0.793,19,2
2026-08-07 00:20:00,0.789,13,2
2026-08-07 00:26:00,0.79,25,2
2026-08-07 00:32:00,0.769,30,2
2026-08-07 00:38:00,0.693,9,2
2026-08-07 00:44:00,0.674,17,2
2026-08-07 00:50:00,0.766,27,2
2026-08-07 00:56:00,0.66,32,2
2026-08-07 01:02:00,0.792,22,2
2026-08-07 01:08:00,0.688,17,2
2026-08-07 01:14:00,0.56,26,2
2026-08-07 01:20:00,0.577,22,2
2026-08-07 01:26:00,0.618,17,2
2026-08-07 01:32:00,0.563,38,2
2026-08-07 01:38:00,0.497,37,2
2026-08-07 01:44:00,0.544,21,2
2026-08-07 01:50:00,0.565,5,2
2026-08-07 01:56:00,0.51,6,2
2026-08-07 02:02:00,0.42,24,2
2026-08-07 02:08:00,0.303,51,2
2026-08-07 02:14:00,0.373,23,2
2026-08-07 02:20:00,0.315,40,2
2026-08-07 02:26:00,0.162,44,2
2026-08-07 02:32:00,0.209,11,2
2026-08-07 02:38:00,0.137,45,2
2026-08-07 02:44:00,0.18,40,2
2026-08-07 02:50:00,0.169,47,2
2026-08-07 02:56:00,0.101,42,2
2026-08-07 03:02:00,0.077,53,2
2026-08-07 03:08:00,0.052,1,2
2026-08-07 03:14:00,0.055,177,2
2026-08-07 03:20:00,0.097,232,2
2026-08-07 03:26:00,0.043,266,2
2026-08-07 03:32:00,0.241,246,2
2026-08-07 03:38:00,0.117,253,2
2026-08-07 03:44:00,0.346,304,2
2026-08-07 03:50:00,0.112,279,2
2026-08-07 03:56:00,0.157,276,2
2026-08-07 04:02:00,0.244,253,2
2026-08-07 04:08:00,0.308,254,2
2026-08-07 04:14:00,0.266,243,2
2026-08-07 04:20:00,0.391,225,2
2026-08-07 04:26:00,0.342,258,2
2026-08-07 04:32:00,0.331,197,2
2026-08-07 04:38:00,0.401,261,2
2026-08-07 04:44:00,0.429,214,2
2026-08-07 04:50:00,0.485,201,2
2026-08-07 04:56:00,0.587,191,2
2026-08-07 05:02:00,0.547,193,2
2026-08-07 05:08:00,0.545,188,2
2026-08-07 05:14:00,0.604,212,2
2026-08-07 05:20:00,0.629,200,2
2026-08-07 05:26:00,0.78,228,2
2026-08-07 05:32:00,0.823,248,2
2026-08-07 05:38:00,0.703,193,2
2026-08-07 05:44:00,0.793,224,2
2026-08-07 05:50:00,0.762,223,2
2026-08-07 05:56:00,0.997,229,2
2026-08-07 06:02:00,1.047,233,2
2026-08-07 06:08:00,1.025,245,2
2026-08-07 06:14:00,1.059,240,2
2026-08-07 06:20:00,1.146,219,2
2026-08-07 06:26:00,1.092,200,2
2026-08-07 06:32:00,1.119,195,2
2026-08-07 06:38:00,0.927,213,2
2026-08-07 06:44:00,0.858,222,2
2026-08-07 06:50:00,0.893,199,2
2026-08-07 06:56:00,0.947,207,2
2026-08-07 07:02:00,0.934,191,2
2026-08-07 07:08:00,0.893,228,2
2026-08-07 07:14:00,0.832,201,2
2026-08-07 07:20:00,0.859,183,2
2026-08-07 07:26:00,0.753,199,2
2026-08-07 07:32:00,0.63,198,2
2026-08-07 07:38:00,0.795,226,2
2026-08-07 07:44:00,0.85,220,2
2026-08-07 07:50:00,0.776,231,2
2026-08-07 07:56:00,0.663,208,2
2026-08-07 08:02:00,0.69,189,2
2026-08-07 08:08:00,0.676,220,2
2026-08-07 08:14:00,0.719,211,2
2026-08-07 08:20:00,0.731,175,2
2026-08-07 08:26:00,0.564,192,2
2026-08-07 08:32:00,0.662,229,2
2026-08-07 08:38:00,0.618,189,2
2026-08-07 08:44:00,0.698,193,2
2026-08-07 08:50:00,0.605,210,2
2026-08-07 08:56:00,0.618,193,2
2026-08-07 09:02:00,0.577,196,2
2026-08-07 09:08:00,0.536,164,2
2026-08-07 09:14:00,0.5,207,2
2026-08-07 09:20:00,0.459,167,2
2026-08-07 09:26:00,0.381,174,2
2026-08-07 09:32:00,0.372,210,2
2026-08-07 09:38:00,0.434,175,2
2026-08-07 09:44:00,0.439,181,2
2026-08-07 09:50:00,0.429,203,2
2026-08-07 09:56:00,0.375,193,2
2026-08-07 10:02:00,0.413,197,2
2026-08-07 10:08:00,0.28,183,2
2026-08-07 10:14:00,0.274,196,2
2026-08-07 10:20:00,0.227,252,2
2026-08-07 10:26:00,0.261,235,2
2026-08-07 10:32:00,0.241,200,2
2026-08-07 10:38:00,0.174,189,2
2026-08-07 10:44:00,0.133,227,2
2026-08-07 10:50:00,0.205,244,2
2026-08-07 10:56:00,0.145,217,2
2026-08-07 11:02:00,0.078,257,2
2026-08-07 11:08:00,0.148,248,2
2026-08-07 11:14:00,0.129,251,2
2026-08-07 11:20:00,0.105,326,2
2026-08-07 11:26:00,0.156,353,2
2026-08-07 11:32:00,0.093,52,2
2026-08-07 11:38:00,0.074,258,2
2026-08-07 11:44:00,0.091,346,2
2026-08-07 11:50:00,0.077,89,2
2026-08-07 11:56:00,0.084,3,2
2026-08-07 12:02:00,0.087,18,2
2026-08-07 12:08:00,0.103,345,2
2026-08-07 12:14:00,0.021,343,2
2026-08-07 12:20:00,0.115,41,2
2026-08-07 12:26:00,0.156,5,2
2026-08-07 12:32:00,0.064,50,2
2026-08-07 12:38:00,0.107,64,2
2026-08-07 12:44:00,0.146,73,2
2026-08-07 12:50:00,0.15,21,2
2026-08-07 12:56:00,0.26,16,2
2026-08-07 13:02:00,0.2,8,2
2026-08-07 13:08:00,0.122,21,2
2026-08-07 13:14:00,0.238,37,2
2026-08-07 13:20:00,0.122,65,2
2026-08-07 13:26:00,0.111,13,2
2026-08-07 13:32:00,0.146,33,2
2026-08-07 13:38:00,0.072,102,2
2026-08-07 13:44:00,0.054,104,2
2026-08-07 13:50:00,0.166,36,2
2026-08-07 13:56:00,0.205,35,2
2026-08-07 14:02:00,0.173,35,2
2026-08-07 14:08:00,0.094,42,2
2026-08-07 14:14:00,0.162,11,2
2026-08-07 14:20:00,0.052,348,2
2026-08-07 14:26:00,0.103,73,2
2026-08-07 14:32:00,0.025,46,2
2026-08-07 14:38:00,0.107,68,2
2026-08-07 14:44:00,0.004,52,2
2026-08-07 14:50:00,0.15,119,2
2026-08-07 14:56:00,0.147,127,2
2026-08-07 15:02:00,0.023,13,2
2026-08-07 15:08:00,0.178,94,2
2026-08-07 15:14:00,0.173,117,2
2026-08-07 15:20:00,0.145,150,2
2026-08-07 15:26:00,0.062,136,2
2026-08-07 15:32:00,0.14,229,2
2026-08-07 15:38:00,0.086,204,2
2026-08-07 15:44:00,0.058,182,2
2026-08-07 15:50:00,0.075,247,2
2026-08-07 15:56:00,0.075,327,2
2026-08-07 16:02:00,0.106,282,2
2026-08-07 16:08:00,0.148,204,2
2026-08-07 16:14:00,0.11,285,2
2026-08-07 16:20:00,0.132,255,2
2026-08-07 16:26:00,0.073,194,2
2026-08-07 16:32:00,0.154,179,2
2026-08-07 16:38:00,0.167,115,2
2026-08-07 16:44:00,0.207,207,2
2026-08-07 16:50:00,0.261,138,2
2026-08-07 16:56:00,0.352,146,2
2026-08-07 17:02:00,0.28,286,2
2026-08-07 17:08:00,0.356,231,2
2026-08-07 17:14:00,0.486,216,2
2026-08-07 17:20:00,0.463,250,2
2026-08-07 17:26:00,0.316,199,2
2026-08-07 17:32:00,0.429,237,2
2026-08-07 17:38:00,0.382,237,2
2026-08-07 17:44:00,0.344,219,2
2026-08-07 17:50:00,0.458,222,2
2026-08-07 17:56:00,0.401,255,2
2026-08-07 18:02:00,0.366,243,2
2026-08-07 18:08:00,0.374,227,2
2026-08-07 18:14:00,0.404,234,2
2026-08-07 18:20:00,0.49,198,2
2026-08-07 18:26:00,0.584,182,2
2026-08-07 18:32:00,0.601,211,2
2026-08-07 18:38:00,0.562,200,2
2026-08-07 18:44:00,0.651,198,2
2026-08-07 18:50:00,0.7,197,2
2026-08-07 18:56:00,0.737,173,2
2026-08-07 19:02:00,0.61,189,2
2026-08-07 19:08:00,0.72,186,2
2026-08-07 19:14:00,0.709,197,2
2026-08-07 19:20:00,0.633,207,2
2026-08-07 19:26:00,0.615,206,2
2026-08-07 19:32:00,0.552,202,2
2026-08-07 19:38:00,0.666,202,2
2026-08-07 19:44:00,0.69,204,2
2026-08-07 19:50:00,0.685,202,2
2026-08-07 19:56:00,0.697,238,2
2026-08-07 20:02:00,0.715,182,2
2026-08-07 20:08:00,0.727,210,2
2026-08-07 20:14:00,0.668,203,2
2026-08-07 20:20:00,0.7,225,2
2026-08-07 20:26:00,0.542,231,2
2026-08-07 20:32:00,0.472,225,2
2026-08-07 20:38:00,0.473,236,2
2026-08-07 20:44:00,0.463,223,2
2026-08-07 20:50:00,0.374,216,2
2026-08-07 20:56:00,0.234,233,2
2026-08-07 21:02:00,0.251,206,2
2026-08-07 21:08:00,0.227,197,2
2026-08-07 21:14:00,0.226,256,2
2026-08-07 21:20:00,0.273,207,2
2026-08-07 21:26:00,0.365,242,2
2026-08-07 21:32:00,0.242,240,2
2026-08-07 21:38:00,0.346,235,2
2026-08-07 21:44:00,0.185,259,2
2026-08-07 21:50:00,0.246,309,2
2026-08-07 21:56:00,0.311,312,2
2026-08-07 22:02:00,0.282,325,2
2026-08-07 22:08:00,0.26,315,2
2026-08-07 22:14:00,0.295,328,2
2026-08-07 22:20:00,0.345,356,2
2026-08-07 22:26:00,0.359,2,2
2026-08-07 22:32:00,0.319,346,2
2026-08-07 22:38:00,0.41,13,2
2026-08-07 22:44:00,0.405,6,2
2026-08-07 22:50:00,0.565,28,2
2026-08-07 22:56:00,0.49,12,2
2026-08-07 23:02:00,0.607,9,2
2026-08-07 23:08:00,0.623,14,2
2026-08-07 23:14:00,0.608,14,2
2026-08-07 23:20:00,0.701,358,2
2026-08-07 23:26:00,0.644,26,2
2026-08-07 23:32:00,0.718,16,2
2026-08-07 23:38:00,0.757,11,2
2026-08-07 23:44:00,0.862,18,2
2026-08-07 23:50:00,0.989,31,2
2026-08-07 23:56:00,0.94,17,2
2026-08-08 00:02:00,0.882,14,2
2026-08-08 00:08:00,0.918,18,2
2026-08-08 00:14:00,0.992,8,2
2026-08-08 00:20:00,1.067,12,2
2026-08-08 00:26:00,0.987,8,2
2026-08-08 00:32:00,0.933,20,2
2026-08-08 00:38:00,0.972,39,2
2026-08-08 00:44:00,0.94,21,2
2026-08-08 00:50:00,0.907,7,2
2026-08-08 00:56:00,0.933,29,2
2026-08-08 01:02:00,0.904,28,2
2026-08-08 01:08:00,0.903,27,2
2026-08-08 01:14:00,0.963,13,2
2026-08-08 01:20:00,0.966,12,2
2026-08-08 01:26:00,0.901,36,2
2026-08-08 01:32:00,0.917,14,2
2026-08-08 01:38:00,0.822,34,2
2026-08-08 01:44:00,0.893,36,2
2026-08-08 01:50:00,0.83,4,2
2026-08-08 01:56:00,0.78,30,2
2026-08-08 02:02:00,0.781,31,2
2026-08-08 02:08:00,0.738,34,2
2026-08-08 02:14:00,0.729,32,2
2026-08-08 02:20:00,0.628,19,2
2026-08-08 02:26:00,0.639,25,2
2026-08-08 02:32:00,0.637,42,2
2026-08-08 02:38:00,0.553,32,2
2026-08-08 02:44:00,0.532,34,2
2026-08-08 02:50:00,0.531,21,2
2026-08-08 02:56:00,0.435,20,2
2026-08-08 03:02:00,0.359,33,2
2026-08-08 03:08:00,0.299,30,2
2026-08-08 03:14:00,0.3,12,2
2026-08-08 03:20:00,0.252,18,2
2026-08-08 03:26:00,0.171,22,2
2026-08-08 03:32:00,0.194,359,2
2026-08-08 03:38:00,0.2,349,2
2026-08-08 03:44:00,0.096,357,2
2026-08-08 03:50:00,0.073,58,2
2026-08-08 03:56:00,0.111,62,2
2026-08-08 04:02:00,0.043,168,2
2026-08-08 04:08:00,0.045,122,2
2026-08-08 04:14:00,0.061,179,2
2026-08-08 04:20:00,0.126,168,2
2026-08-08 04:26:00,0.111,139,2
2026-08-08 04:32:00,0.058,123,2
2026-08-08 04:38:00,0.139,224,2
2026-08-08 04:44:00,0.121,165,2
2026-08-08 04:50:00,0.085,13,2
2026-08-08 05:02:00,0.245,202,2
2026-08-08 05:08:00,0.126,250,2
2026-08-08 05:14:00,0.252,182,2
2026-08-08 05:20:00,0.201,180,2
2026-08-08 05:26:00,0.22,190,2
2026-08-08 05:32:00,0.214,213,2
2026-08-08 05:38:00,0.155,194,2
2026-08-08 05:44:00,0.231,231,2
2026-08-08 05:50:00,0.22,186,2
2026-08-08 05:56:00,0.473,200,2
2026-08-08 06:02:00,0.415,183,2
2026-08-08 06:08:00,0.502,204,2
2026-08-08 06:14:00,0.602,202,2
2026-08-08 06:20:00,0.495,198,2
2026-08-08 06:26:00,0.692,196,2
2026-08-08 06:32:00,0.795,226,2
2026-08-08 06:38:00,0.749,215,2
2026-08-08 06:44:00,0.709,218,2
2026-08-08 06:50:00,0.664,180,2
2026-08-08 06:56:00,0.693,226,2
2026-08-08 07:02:00,0.617,205,2
2026-08-08 07:08:00,0.59,181,2
2026-08-08 07:14:00,0.551,205,2
2026-08-08 07:20:00,0.575,216,2
2026-08-08 07:26:00,0.802,224,2
2026-08-08 07:32:00,0.801,221,2
2026-08-08 07:38:00,1.04,210,2
2026-08-08 07:44:00,0.853,195,2
2026-08-08 07:50:00,0.887,202,2
2026-08-08 07:56:00,0.926,204,2
2026-08-08 08:02:00,1.328,224,2
2026-08-08 08:08:00,1.042,202,2
2026-08-08 08:14:00,1.229,193,2
2026-08-08 08:20:00,1.204,225,2
2026-08-08 08:26:00,1.063,197,2
2026-08-08 08:32:00,0.857,186,2
2026-08-08 08:38:00,0.883,224,2
2026-08-08 08:44:00,0.826,199,2
2026-08-08 08:50:00,0.822,203,2
2026-08-08 08:56:00,1.077,211,2
2026-08-08 09:02:00,0.926,200,2
2026-08-08 09:08:00,0.951,204,2
2026-08-08 09:14:00,0.86,192,2
2026-08-08 09:20:00,0.888,201,2
2026-08-08 09:26:00,0.725,216,2
2026-08-08 09:32:00,0.708,185,2
2026-08-08 09:38:00,0.582,181,2
2026-08-08 09:44:00,0.705,210,2
2026-08-08 09:50:00,0.699,196,2
2026-08-08 09:56:00,0.6,196,2
2026-08-08 10:02:00,0.592,190,2
2026-08-08 10:08:00,0.504,193,2
2026-08-08 10:14:00,0.473,208,2
2026-08-08 10:20:00,0.346,179,2
2026-08-08 10:26:00,0.462,211,2
2026-08-08 10:32:00,0.346,213,2
2026-08-08 10:38:00,0.37,249,2
2026-08-08 10:44:00,0.365,237,2
2026-08-08 10:50:00,0.318,211,2
2026-08-08 10:56:00,0.26,216,2
2026-08-08 11:02:00,0.291,184,2
2026-08-08 11:08:00,0.401,236,2
2026-08-08 11:14:00,0.267,205,2
2026-08-08 11:20:00,0.219,220,2
2026-08-08 11:26:00,0.202,214,2
2026-08-08 11:32:00,0.208,255,2
2026-08-08 11:38:00,0.251,244,2
2026-08-08 11:44:00,0.254,264,2
2026-08-08 11:56:00,0.11,295,2
2026-08-08 12:02:00,0.158,290,2
2026-08-08 12:08:00,0.139,322,2
2026-08-08 12:14:00,0.09,266,2
2026-08-08 12:20:00,0.117,324,2
2026-08-08 12:26:00,0.088,356,2
2026-08-08 12:32:00,0.116,341,2
2026-08-08 12:38:00,0.149,306,2
2026-08-08 12:44:00,0.078,335,2
2026-08-08 12:50:00,0.097,337,2
2026-08-08 12:56:00,0.091,118,2
2026-08-08 13:02:00,0.027,199,2
2026-08-08 13:08:00,0.045,302,2
2026-08-08 13:14:00,0.072,348,2
2026-08-08 13:20:00,0.066,347,2
2026-08-08 13:26:00,0.113,38,2
2026-08-08 13:32:00,0.1,322,2
2026-08-08 13:38:00,0.026,271,2
2026-08-08 13:44:00,0.188,2,2
2026-08-08 13:50:00,0.222,357,2
2026-08-08 13:56:00,0.023,54,2
2026-08-08 14:02:00,0.092,352,2
2026-08-08 14:08:00,0.111,67,2
2026-08-08 14:14:00,0.166,40,2
2026-08-08 14:20:00,0.085,4,2
2026-08-08 14:26:00,0.204,38,2
2026-08-08 14:32:00,0.124,91,2
2026-08-08 14:38:00,0.054,9,2
2026-08-08 14:44:00,0.06,213,2
2026-08-08 14:50:00,0.109,298,2
2026-08-08 14:56:00,0.09,229,2
2026-08-08 15:02:00,0.058,100,2
2026-08-08 15:08:00,0.138,348,2
2026-08-08 15:14:00,0.039,111,2
2026-08-08 15:20:00,0.068,240,2
2026-08-08 15:26:00,0.022,123,2
2026-08-08 15:32:00,0.071,23,2
2026-08-08 15:38:00,0.118,119,2
2026-08-08 15:44:00,0.072,81,2
2026-08-08 15:50:00,0.105,332,2
2026-08-08 15:56:00,0.017,232,2
2026-08-08 16:02:00,0.081,199,2
2026-08-08 16:08:00,0.099,201,2
2026-08-08 16:14:00,0.146,159,2
2026-08-08 16:20:00,0.119,144,2
2026-08-08 16:26:00,0.1,177,2
2026-08-08 16:32:00,0.151,190,2
2026-08-08 16:38:00,0.132,183,2
2026-08-08 16:44:00,0.257,181,2
2026-08-08 16:50:00,0.197,196,2
2026-08-08 16:56:00,0.208,172,2
2026-08-08 17:02:00,0.208,190,2
2026-08-08 17:08:00,0.326,189,2
2026-08-08 17:14:00,0.384,186,2
2026-08-08 17:20:00,0.324,201,2
2026-08-08 17:26:00,0.333,197,2
2026-08-08 17:32:00,0.393,215,2
2026-08-08 17:38:00,0.402,196,2
2026-08-08 17:44:00,0.465,183,2
2026-08-08 17:50:00,0.396,199,2
2026-08-08 17:56:00,0.553,208,2
2026-08-08 18:02:00,0.614,211,2
2026-08-08 18:08:00,0.613,203,2
2026-08-08 18:14:00,0.519,210,2
2026-08-08 18:20:00,0.637,208,2
2026-08-08 18:26:00,0.681,206,2
2026-08-08 18:32:00,0.779,204,2
2026-08-08 18:38:00,0.804,206,2
2026-08-08 18:44:00,0.628,190,2
2026-08-08 18:50:00,0.639,204,2
2026-08-08 18:56:00,0.608,213,2
2026-08-08 19:02:00,0.639,225,2
2026-08-08 19:08:00,0.712,215,2
2026-08-08 19:14:00,0.808,209,2
2026-08-08 19:20:00,0.774,216,2
2026-08-08 19:26:00,0.774,199,2
2026-08-08 19:32:00,0.856,221,2
2026-08-08 19:38:00,0.873,211,2
2026-08-08 19:44:00,0.83,192,2
2026-08-08 19:50:00,0.915,209,2
2026-08-08 19:56:00,0.854,233,2
2026-08-08 20:02:00,0.833,215,2
2026-08-08 20:08:00,0.768,207,2
2026-08-08 20:14:00,0.897,208,2
2026-08-08 20:20:00,0.81,213,2
2026-08-08 20:26:00,0.831,209,2
2026-08-08 20:32:00,0.801,196,2
2026-08-08 20:38:00,0.848,209,2
2026-08-08 20:44:00,0.706,220,2
2026-08-08 20:50:00,0.818,213,2
2026-08-08 20:56:00,0.686,228,2
2026-08-08 21:02:00,0.607,224,2
2026-08-08 21:08:00,0.672,214,2
2026-08-08 21:14:00,0.6,198,2
2026-08-08 21:20:00,0.466,213,2
2026-08-08 21:26:00,0.44,193,2
2026-08-08 21:32:00,0.481,224,2
2026-08-08 21:38:00,0.416,203,2
2026-08-08 21:44:00,0.387,238,2
2026-08-08 21:50:00,0.297,260,2
2026-08-08 21:56:00,0.246,219,2
2026-08-08 22:08:00,0.215,281,2
2026-08-08 22:14:00,0.171,283,2
2026-08-08 22:20:00,0.071,269,2
2026-08-08 22:26:00,0.148,335,2
2026-08-08 22:32:00,0.226,335,2
2026-08-08 22:38:00,0.25,0,2
2026-08-08 22:44:00,0.299,27,2
2026-08-08 22:50:00,0.349,358,2
2026-08-08 22:56:00,0.319,0,2
2026-08-08 23:02:00,0.484,18,2
2026-08-08 23:08:00,0.48,9,2
2026-08-08 23:14:00,0.581,18,2
2026-08-08 23:20:00,0.555,22,2
2026-08-08 23:26:00,0.557,22,2
2026-08-08 23:32:00,0.56,13,2
2026-08-08 23:38:00,0.588,15,2
2026-08-08 23:44:00,0.647,20,2
2026-08-08 23:50:00,0.691,18,2
2026-08-08 23:56:00,0.765,17,2
2026-08-09 00:02:00,0.765,2,2
2026-08-09 00:08:00,0.857,18,2
2026-08-09 00:14:00,0.88,15,2
2026-08-09 00:20:00,0.909,9,2
2026-08-09 00:26:00,0.895,24,2
2026-08-09 00:32:00,0.896,14,2
2026-08-09 00:38:00,0.896,5,2
2026-08-09 00:44:00,0.985,15,2
2026-08-09 00:50:00,1.036,19,2
2026-08-09 00:56:00,0.996,28,2
2026-08-09 01:02:00,1.046,18,2
2026-08-09 01:08:00,1.086,14,2
2026-08-09 01:14:00,1.024,22,2
2026-08-09 01:20:00,1.091,23,2
2026-08-09 01:26:00,1.087,19,2
2026-08-09 01:32:00,1.074,22,2
2026-08-09 01:38:00,1.109,28,2
2026-08-09 01:44:00,1.037,19,2
2026-08-09 01:50:00,1.077,20,2
2026-08-09 01:56:00,1.062,25,2
2026-08-09 02:02:00,1.083,30,2
2026-08-09 02:08:00,0.943,18,2
2026-08-09 02:14:00,1.04,17,2
2026-08-09 02:20:00,1.008,24,2
2026-08-09 02:26:00,0.941,20,2
2026-08-09 02:32:00,0.967,10,2
2026-08-09 02:38:00,0.879,22,2
2026-08-09 02:44:00,0.888,24,2
2026-08-09 02:50:00,0.968,22,2
2026-08-09 02:56:00,0.962,22,2
2026-08-09 03:02:00,0.871,14,2
2026-08-09 03:08:00,0.892,18,2
2026-08-09 03:14:00,0.838,21,2
2026-08-09 03:20:00,0.843,18,2
2026-08-09 03:26:00,0.748,24,2
2026-08-09 03:32:00,0.739,16,2
2026-08-09 03:38:00,0.799,15,2
2026-08-09 03:44:00,0.631,14,2
2026-08-09 03:50:00,0.633,25,2
2026-08-09 03:56:00,0.558,27,2
2026-08-09 04:02:00,0.542,16,2
2026-08-09 04:08:00,0.468,28,2
2026-08-09 04:14:00,0.363,24,2
2026-08-09 04:20:00,0.356,18,2
2026-08-09 04:26:00,0.403,11,2
2026-08-09 04:32:00,0.307,9,2
2026-08-09 04:38:00,0.147,356,2
2026-08-09 04:44:00,0.23,37,2
2026-08-09 04:50:00,0.057,56,2
2026-08-09 05:02:00,0.056,92,2
2026-08-09 05:08:00,0.021,225,2
2026-08-09 05:14:00,0.122,92,2
2026-08-09 05:20:00,0.047,95,2
2026-08-09 05:26:00,0.049,107,2
2026-08-09 05:32:00,0.104,103,2
2026-08-09 05:44:00,0.104,215,2
2026-08-09 05:50:00,0.106,216,2
2026-08-09 05:56:00,0.114,249,2
2026-08-09 06:02:00,0.14,280,2
2026-08-09 06:08:00,0.066,187,2
2026-08-09 06:14:00,0.129,235,2
2026-08-09 06:20:00,0.15,200,2
2026-08-09 06:26:00,0.17,198,2
2026-08-09 06:32:00,0.268,180,2
2026-08-09 06:38:00,0.232,217,2
2026-08-09 06:44:00,0.373,206,2
2026-08-09 06:50:00,0.392,187,2
2026-08-09 06:56:00,0.508,179,2
2026-08-09 07:02:00,0.488,229,2
2026-08-09 07:08:00,0.4,209,2
2026-08-09 07:14:00,0.488,201,2
2026-08-09 07:20:00,0.501,188,2
2026-08-09 07:26:00,0.496,188,2
2026-08-09 07:32:00,0.474,192,2
2026-08-09 07:38:00,0.557,201,2
2026-08-09 07:44:00,0.552,195,2
2026-08-09 07:50:00,0.572,206,2
2026-08-09 07:56:00,0.507,193,2
2026-08-09 08:02:00,0.51,243,2
2026-08-09 08:08:00,0.562,203,2
2026-08-09 08:14:00,0.605,196,2
2026-08-09 08:20:00,0.655,223,2
2026-08-09 08:26:00,0.755,227,2
2026-08-09 08:32:00,0.64,221,2
2026-08-09 08:38:00,0.6,231,2
2026-08-09 08:44:00,0.572,214,2
2026-08-09 08:50:00,0.628,204,2
2026-08-09 08:56:00,0.801,196,2
2026-08-09 09:02:00,0.76,214,2
2026-08-09 09:08:00,1.31,213,2
2026-08-09 09:14:00,1.005,219,2
2026-08-09 09:20:00,0.939,215,2
2026-08-09 09:26:00,0.747,190,2
2026-08-09 09:32:00,0.972,222,2
2026-08-09 09:38:00,0.908,204,2
2026-08-09 09:44:00,0.79,214,2
2026-08-09 09:50:00,1.002,221,2
2026-08-09 09:56:00,1.119,228,2
2026-08-09 10:02:00,0.996,217,2
2026-08-09 10:08:00,0.916,226,2
2026-08-09 10:20:00,1.128,202,2
2026-08-09 10:26:00,1.07,234,2
2026-08-09 10:32:00,0.962,223,2
2026-08-09 10:38:00,0.849,207,2
2026-08-09 10:44:00,0.883,215,2
2026-08-09 10:50:00,0.858,221,2
2026-08-09 10:56:00,0.773,208,2
2026-08-09 11:02:00,0.776,209,2
2026-08-09 11:08:00,0.743,207,2
2026-08-09 11:14:00,0.805,226,2
2026-08-09 11:20:00,0.658,214,2
2026-08-09 11:26:00,0.528,193,2
2026-08-09 11:32:00,0.63,212,2
2026-08-09 11:38:00,0.571,218,2
2026-08-09 11:44:00,0.556,203,2
2026-08-09 11:50:00,0.581,204,2
2026-08-09 11:56:00,0.485,207,2
2026-08-09 12:02:00,0.489,194,2
2026-08-09 12:08:00,0.514,181,2
2026-08-09 12:14:00,0.513,192,2
2026-08-09 12:20:00,0.453,189,2
2026-08-09 12:26:00,0.499,155,2
2026-08-09 12:32:00,0.43,162,2
2026-08-09 12:38:00,0.251,200,2
2026-08-09 12:44:00,0.316,209,2
2026-08-09 12:50:00,0.243,196,2
2026-08-09 12:56:00,0.17,198,2
2026-08-09 13:02:00,0.19,220,2
2026-08-09 13:08:00,0.197,241,2
2026-08-09 13:14:00,0.224,231,2
2026-08-09 13:20:00,0.296,252,2
2026-08-09 13:26:00,0.187,254,2
2026-08-09 13:32:00,0.193,208,2
2026-08-09 13:38:00,0.28,264,2
2026-08-09 13:44:00,0.114,284,2
2026-08-09 13:50:00,0.098,277,2
2026-08-09 13:56:00,0.105,338,2
2026-08-09 14:02:00,0.069,310,2
2026-08-09 14:08:00,0.034,227,2
2026-08-09 14:14:00,0.033,328,2
2026-08-09 14:20:00,0.049,265,2
2026-08-09 14:26:00,0.035,85,2
2026-08-09 14:32:00,0.012,60,2
2026-08-09 14:38:00,0.051,29,2
2026-08-09 14:44:00,0.07,329,2
2026-08-09 14:50:00,0.118,18,2
2026-08-09 14:56:00,0.082,172,2
2026-08-09 15:02:00,0.103,56,2
2026-08-09 15:08:00,0.063,31,2
2026-08-09 15:14:00,0.069,287,2
2026-08-09 15:20:00,0.043,176,2
2026-08-09 15:26:00,0.043,266,2
2026-08-09 15:32:00,0.098,335,2
2026-08-09 15:38:00,0.041,233,2
2026-08-09 15:44:00,0.162,332,2
2026-08-09 15:50:00,0.031,266,2
2026-08-09 15:56:00,0.059,264,2
2026-08-09 16:02:00,0.095,36,2
2026-08-09 16:08:00,0.056,212,2
2026-08-09 16:14:00,0.045,71,2
2026-08-09 16:20:00,0.086,78,2
2026-08-09 16:26:00,0.21,67,2
2026-08-09 16:32:00,0.315,64,2
2026-08-09 16:38:00,0.144,84,2
2026-08-09 16:44:00,0.352,92,2
2026-08-09 16:50:00,0.065,63,2
2026-08-09 16:56:00,0.144,41,2
2026-08-09 17:02:00,0.044,189,2
2026-08-09 17:08:00,0.119,260,2
2026-08-09 17:14:00,0.16,175,2
2026-08-09 17:20:00,0.018,72,2
2026-08-09 17:26:00,0.233,168,2
2026-08-09 17:32:00,0.11,233,2
2026-08-09 17:38:00,0.168,222,2
2026-08-09 17:44:00,0.174,219,2
2026-08-09 17:50:00,0.21,194,2
2026-08-09 17:56:00,0.138,192,2
2026-08-09 18:02:00,0.233,210,2
2026-08-09 18:08:00,0.196,232,2
2026-08-09 18:14:00,0.194,176,2
2026-08-09 18:20:00,0.233,203,2
2026-08-09 18:26:00,0.133,203,2
2026-08-09 18:32:00,0.156,256,2
2026-08-09 18:38:00,0.147,183,2
2026-08-09 18:44:00,0.273,205,2
2026-08-09 18:50:00,0.253,176,2
2026-08-09 18:56:00,0.445,209,2
2026-08-09 19:02:00,0.59,227,2
2026-08-09 19:08:00,0.536,193,2
2026-08-09 19:14:00,0.586,218,2
2026-08-09 19:20:00,0.602,196,2
2026-08-09 19:26:00,0.797,197,2
2026-08-09 19:32:00,0.588,224,2
2026-08-09 19:38:00,0.718,202,2
2026-08-09 19:44:00,0.729,224,2
2026-08-09 19:50:00,0.679,205,2
2026-08-09 19:56:00,0.674,200,2
2026-08-09 20:02:00,0.718,219,2
2026-08-09 20:08:00,0.71,176,2
2026-08-09 20:14:00,0.733,212,2
2026-08-09 20:20:00,0.731,216,2
2026-08-09 20:26:00,0.78,208,2
2026-08-09 20:32:00,0.755,235,2
2026-08-09 20:38:00,0.71,221,2
2026-08-09 20:44:00,0.765,209,2
2026-08-09 20:50:00,0.774,210,2
2026-08-09 20:56:00,0.715,210,2
2026-08-09 21:02:00,0.742,236,2
2026-08-09 21:08:00,0.673,234,2
2026-08-09 21:14:00,0.574,234,2
2026-08-09 21:20:00,0.629,231,2
2026-08-09 21:26:00,0.62,230,2
2026-08-09 21:32:00,0.614,227,2
2026-08-09 21:38:00,0.598,228,2
2026-08-09 21:44:00,0.568,220,2
2026-08-09 21:50:00,0.692,216,2
2026-08-09 21:56:00,0.602,232,2
2026-08-09 22:02:00,0.561,203,2
2026-08-09 22:08:00,0.629,238,2
2026-08-09 22:14:00,0.505,197,2
2026-08-09 22:20:00,0.639,205,2
2026-08-09 22:26:00,0.569,255,2
2026-08-09 22:32:00,0.571,216,2
2026-08-09 22:38:00,0.559,252,2
2026-08-09 22:44:00,0.466,203,2
2026-08-09 22:50:00,0.441,211,2
2026-08-09 22:56:00,0.387,230,2
2026-08-09 23:02:00,0.398,221,2
2026-08-09 23:08:00,0.293,213,2
2026-08-09 23:14:00,0.185,189,2
2026-08-09 23:20:00,0.224,258,2
2026-08-09 23:26:00,0.143,238,2
2026-08-09 23:32:00,0.179,267,2
2026-08-09 23:38:00,0.092,267,2
2026-08-09 23:44:00,0.069,268,2
2026-08-09 23:50:00,0.222,351,2
2026-08-09 23:56:00,0.138,19,2
2026-08-10 00:02:00,0.18,8,2
2026-08-10 00:08:00,0.166,19,2
2026-08-10 00:14:00,0.338,13,2
2026-08-10 00:20:00,0.229,3,2
2026-08-10 00:26:00,0.397,30,2
2026-08-10 00:32:00,0.422,34,2
2026-08-10 00:38:00,0.538,56,2
2026-08-10 00:44:00,0.636,49,2
2026-08-10 00:50:00,0.713,39,2
2026-08-10 00:56:00,0.603,29,2
2026-08-10 01:02:00,0.795,42,2
2026-08-10 01:08:00,0.852,45,2
2026-08-10 01:14:00,0.925,29,2
2026-08-10 01:20:00,0.969,42,2
2026-08-10 01:26:00,0.914,45,2
2026-08-10 01:32:00,1.003,45,2
2026-08-10 01:38:00,1.002,23,2
2026-08-10 01:44:00,1.075,14,2
2026-08-10 01:50:00,1.064,17,2
2026-08-10 01:56:00,1.146,25,2
2026-08-10 02:02:00,1.176,22,2
2026-08-10 02:08:00,1.167,16,2
2026-08-10 02:14:00,1.222,38,2
2026-08-10 02:20:00,1.158,16,2
2026-08-10 02:26:00,1.215,26,2
2026-08-10 02:32:00,1.256,24,2
2026-08-10 02:38:00,1.192,13,2
2026-08-10 02:44:00,1.3,17,2
2026-08-10 02:50:00,1.264,13,2
2026-08-10 02:56:00,1.335,26,2
2026-08-10 03:02:00,1.228,37,2
2026-08-10 03:08:00,1.154,15,2
2026-08-10 03:14:00,1.133,12,2
2026-08-10 03:20:00,1.155,17,2
2026-08-10 03:26:00,1.001,14,2
2026-08-10 03:32:00,1.098,17,2
2026-08-10 03:38:00,0.977,27,2
2026-08-10 03:44:00,1.076,33,2
2026-08-10 03:50:00,0.967,14,2
2026-08-10 03:56:00,0.942,13,2
2026-08-10 04:02:00,0.949,9,2
2026-08-10 04:08:00,0.892,38,2
2026-08-10 04:14:00,0.851,37,2
2026-08-10 04:20:00,0.853,31,2
2026-08-10 04:26:00,0.891,28,2
2026-08-10 04:32:00,0.825,30,2
2026-08-10 04:38:00,0.844,41,2
2026-08-10 04:44:00,0.861,16,2
2026-08-10 04:50:00,0.71,26,2
2026-08-10 05:02:00,0.666,18,2
2026-08-10 05:08:00,0.647,34,2
2026-08-10 05:14:00,0.533,28,2
2026-08-10 05:20:00,0.433,25,2
2026-08-10 05:26:00,0.471,25,2
2026-08-10 05:32:00,0.298,29,2
2026-08-10 05:38:00,0.397,30,2
2026-08-10 05:44:00,0.218,23,2
2026-08-10 05:50:00,0.126,32,2
2026-08-10 05:56:00,0.058,76,2
2026-08-10 06:02:00,0.112,65,2
2026-08-10 06:08:00,0.003,33,2
2026-08-10 06:14:00,0.213,213,2
2026-08-10 06:20:00,0.097,262,2
2026-08-10 06:26:00,0.138,204,2
2026-08-10 06:32:00,0.206,196,2
2026-08-10 06:38:00,0.08,202,2
2026-08-10 06:44:00,0.121,263,2
2026-08-10 06:50:00,0.172,200,2
2026-08-10 06:56:00,0.11,209,2
2026-08-10 07:02:00,0.171,237,2
2026-08-10 07:08:00,0.298,234,2
2026-08-10 07:14:00,0.241,216,2
2026-08-10 07:20:00,0.329,250,2
2026-08-10 07:26:00,0.444,178,2
2026-08-10 07:32:00,0.349,232,2
2026-08-10 07:38:00,0.374,215,2
2026-08-10 07:44:00,0.443,187,2
2026-08-10 07:50:00,0.53,198,2
2026-08-10 07:56:00,0.568,198,2
2026-08-10 08:02:00,0.604,219,2
2026-08-10 08:08:00,0.642,244,2
2026-08-10 08:14:00,0.636,197,2
2026-08-10 08:20:00,0.628,205,2
2026-08-10 08:26:00,0.647,253,2
2026-08-10 08:32:00,0.762,187,2
2026-08-10 08:38:00,0.71,216,2
2026-08-10 08:44:00,0.665,212,2
2026-08-10 08:50:00,0.733,214,2
2026-08-10 08:56:00,0.628,231,2
2026-08-10 09:02:00,0.743,223,2
2026-08-10 09:08:00,0.829,236,2
2026-08-10 09:14:00,0.913,220,2
2026-08-10 09:20:00,1.112,214,2
2026-08-10 09:26:00,1.1,213,2
2026-08-10 09:32:00,1.019,233,2
2026-08-10 09:38:00,0.978,217,2
2026-08-10 09:44:00,0.902,216,2
2026-08-10 09:50:00,1.027,224,2
2026-08-10 09:56:00,0.958,219,2
2026-08-10 10:02:00,0.943,212,2
2026-08-10 10:08:00,1.157,221,2
2026-08-10 10:14:00,1.092,207,2
2026-08-10 10:20:00,1.113,187,2
2026-08-10 10:26:00,1.15,202,2
2026-08-10 10:32:00,1.258,191,2
2026-08-10 10:38:00,1.172,197,2
2026-08-10 10:44:00,1.18,218,2
2026-08-10 10:50:00,1.236,199,2
2026-08-10 10:56:00,1.233,209,2
2026-08-10 11:02:00,1.085,226,2
2026-08-10 11:08:00,1.299,208,2
2026-08-10 11:14:00,1.306,229,2
2026-08-10 11:20:00,1.212,233,2
2026-08-10 11:26:00,0.942,202,2
2026-08-10 11:32:00,0.969,203,2
2026-08-10 11:38:00,0.929,215,2
2026-08-10 11:44:00,1.022,196,2
2026-08-10 11:50:00,0.956,201,2
2026-08-10 11:56:00,0.986,228,2
2026-08-10 12:02:00,0.943,228,2
2026-08-10 12:08:00,0.851,212,2
2026-08-10 12:14:00,0.862,205,2
2026-08-10 12:20:00,0.803,203,2
2026-08-10 12:26:00,0.806,207,2
2026-08-10 12:32:00,0.654,185,2
2026-08-10 12:38:00,0.66,178,2
2026-08-10 12:44:00,0.602,196,2
2026-08-10 12:50:00,0.496,187,2
2026-08-10 12:56:00,0.5,185,2
2026-08-10 13:02:00,0.308,190,2
2026-08-10 13:08:00,0.426,190,2
2026-08-10 13:14:00,0.124,186,2
2026-08-10 13:20:00,0.07,168,2
2026-08-10 13:26:00,0.038,183,2
2026-08-10 13:32:00,0.116,227,2
2026-08-10 13:38:00,0.102,73,2
2026-08-10 13:44:00,0.238,73,2
2026-08-10 13:50:00,0.053,59,2
2026-08-10 13:56:00,0.087,34,2
2026-08-10 14:02:00,0.189,38,2
2026-08-10 14:08:00,0.138,48,2
2026-08-10 14:14:00,0.19,54,2
2026-08-10 14:20:00,0.245,47,2
2026-08-10 14:26:00,0.17,62,2
2026-08-10 14:32:00,0.102,32,2
2026-08-10 14:38:00,0.19,201,2
2026-08-10 14:44:00,0.148,131,2
2026-08-10 14:50:00,0.074,97,2
2026-08-10 14:56:00,0.311,334,2
2026-08-10 15:02:00,0.214,14,2
2026-08-10 15:08:00,0.538,349,2
2026-08-10 15:14:00,0.43,351,2
2026-08-10 15:20:00,0.442,4,2
2026-08-10 15:26:00,0.446,12,2
2026-08-10 15:32:00,0.333,350,2
2026-08-10 15:38:00,0.286,0,2
2026-08-10 15:44:00,0.335,352,2
2026-08-10 15:50:00,0.378,353,2
2026-08-10 15:56:00,0.358,347,2
2026-08-10 16:02:00,0.288,11,2
2026-08-10 16:08:00,0.203,16,2
2026-08-10 16:14:00,0.231,329,2
2026-08-10 16:20:00,0.41,348,2
2026-08-10 16:26:00,0.35,29,2
2026-08-10 16:32:00,0.574,42,2
2026-08-10 16:38:00,0.511,26,2
2026-08-10 16:44:00,0.343,42,2
2026-08-10 16:50:00,0.344,31,2
2026-08-10 16:56:00,0.413,30,2
2026-08-10 17:02:00,0.366,46,2
2026-08-10 17:08:00,0.348,11,2
2026-08-10 17:14:00,0.293,22,2
2026-08-10 17:20:00,0.096,83,2
2026-08-10 17:26:00,0.251,81,2
2026-08-10 17:32:00,0.102,43,2
2026-08-10 17:38:00,0.151,3,2
2026-08-10 17:44:00,0.125,307,2
2026-08-10 17:50:00,0.058,75,2
2026-08-10 17:56:00,0.283,172,2
2026-08-10 18:02:00,0.206,149,2
2026-08-10 18:08:00,0.173,275,2
2026-08-10 18:14:00,0.105,209,2
2026-08-10 18:20:00,0.138,188,2
2026-08-10 18:26:00,0.215,174,2
2026-08-10 18:32:00,0.336,185,2
2026-08-10 18:38:00,0.341,180,2
2026-08-10 18:44:00,0.22,184,2
2026-08-10 18:50:00,0.326,210,2
2026-08-10 18:56:00,0.385,207,2
2026-08-10 19:02:00,0.325,201,2
2026-08-10 19:08:00,0.446,224,2
2026-08-10 19:14:00,0.509,209,2
2026-08-10 19:20:00,0.46,223,2
2026-08-10 19:26:00,0.572,209,2
2026-08-10 19:32:00,0.622,198,2
2026-08-10 19:38:00,0.539,195,2
2026-08-10 19:44:00,0.598,230,2
2026-08-10 19:50:00,0.627,210,2
2026-08-10 19:56:00,0.619,201,2
2026-08-10 20:02:00,0.763,197,2
2026-08-10 20:08:00,0.569,203,2
2026-08-10 20:14:00,0.699,206,2
2026-08-10 20:20:00,0.645,220,2
2026-08-10 20:26:00,0.637,224,2
2026-08-10 20:32:00,0.909,218,2
2026-08-10 20:38:00,0.78,216,2
2026-08-10 20:44:00,0.831,229,2
2026-08-10 20:50:00,0.91,207,2
2026-08-10 20:56:00,0.954,203,2
2026-08-10 21:02:00,0.83,221,2
2026-08-10 21:08:00,0.87,271,2
2026-08-10 21:14:00,0.961,210,2
2026-08-10 21:20:00,0.857,218,2
2026-08-10 21:26:00,0.829,229,2
2026-08-10 21:32:00,0.926,224,2
2026-08-10 21:38:00,0.716,220,2
2026-08-10 21:44:00,0.778,224,2
2026-08-10 21:50:00,0.749,231,2
2026-08-10 21:56:00,0.98,225,2
2026-08-10 22:02:00,0.986,243,2
2026-08-10 22:08:00,1.045,236,2
2026-08-10 22:14:00,0.953,221,2
2026-08-10 22:20:00,0.834,220,2
2026-08-10 22:26:00,0.692,210,2
2026-08-10 22:32:00,0.66,229,2
2026-08-10 22:38:00,0.668,206,2
2026-08-10 22:44:00,0.674,206,2
2026-08-10 22:50:00,0.589,222,2
2026-08-10 22:56:00,0.576,209,2
2026-08-10 23:02:00,0.579,217,2
2026-08-10 23:08:00,0.537,225,2
2026-08-10 23:14:00,0.482,246,2
2026-08-10 23:20:00,0.425,229,2
2026-08-10 23:26:00,0.454,203,2
2026-08-10 23:38:00,0.424,220,2
2026-08-10 23:44:00,0.399,183,2
2026-08-10 23:50:00,0.236,178,2
2026-08-10 23:56:00,0.133,197,2
2026-08-11 00:02:00,0.183,178,2
2026-08-11 00:08:00,0.099,235,2
2026-08-11 00:14:00,0.11,176,2
2026-08-11 00:20:00,0.106,124,2
2026-08-11 00:26:00,0.119,89,2
2026-08-11 00:32:00,0.132,195,2
2026-08-11 00:38:00,0.115,197,2
2026-08-11 00:44:00,0.049,135,2
2026-08-11 00:50:00,0.189,64,2
2026-08-11 00:56:00,0.162,44,2
2026-08-11 01:02:00,0.19,13,2
2026-08-11 01:08:00,0.209,30,2
2026-08-11 01:14:00,0.412,13,2
2026-08-11 01:20:00,0.388,9,2
2026-08-11 01:26:00,0.523,5,2
2026-08-11 01:32:00,0.509,5,2
2026-08-11 01:38:00,0.527,8,2
2026-08-11 01:44:00,0.578,20,2
2026-08-11 01:50:00,0.584,27,2
2026-08-11 01:56:00,0.55,14,2
2026-08-11 02:02:00,0.614,0,2
2026-08-11 02:08:00,0.609,16,2
2026-08-11 02:14:00,0.607,15,2
2026-08-11 02:20:00,0.67,7,2
2026-08-11 02:26:00,0.728,2,2
2026-08-11 02:32:00,0.752,359,2
2026-08-11 02:38:00,0.777,9,2
2026-08-11 02:44:00,0.834,5,2
2026-08-11 02:50:00,0.882,11,2
2026-08-11 02:56:00,0.968,3,2
2026-08-11 03:02:00,0.926,7,2
2026-08-11 03:08:00,0.831,16,2
2026-08-11 03:14:00,0.886,14,2
2026-08-11 03:20:00,0.893,16,2
2026-08-11 03:26:00,0.92,15,2
2026-08-11 03:32:00,0.839,12,2
2026-08-11 03:38:00,0.802,17,2
2026-08-11 03:44:00,0.862,11,2
2026-08-11 03:50:00,0.794,22,2
2026-08-11 03:56:00,0.89,15,2
2026-08-11 04:02:00,0.787,17,2
2026-08-11 04:08:00,0.737,14,2
2026-08-11 04:14:00,0.697,15,2
2026-08-11 04:20:00,0.736,15,2
2026-08-11 04:26:00,0.778,20,2
2026-08-11 04:32:00,0.821,21,2
2026-08-11 04:38:00,0.9,22,2
2026-08-11 04:44:00,0.802,13,2
2026-08-11 04:50:00,0.671,13,2
2026-08-11 04:56:00,0.74,6,2
2026-08-11 05:02:00,0.688,12,2
2026-08-11 05:08:00,0.752,11,2
2026-08-11 05:14:00,0.704,14,2
2026-08-11 05:20:00,0.729,5,2
2026-08-11 05:26:00,0.649,5,2
2026-08-11 05:32:00,0.646,16,2
2026-08-11 05:38:00,0.538,21,2
2026-08-11 05:44:00,0.464,28,2
2026-08-11 05:50:00,0.361,18,2
2026-08-11 05:56:00,0.37,4,2
2026-08-11 06:02:00,0.371,33,2
2026-08-11 06:08:00,0.289,354,2
2026-08-11 06:14:00,0.234,357,2
2026-08-11 06:20:00,0.198,346,2
2026-08-11 06:26:00,0.056,22,2
2026-08-11 06:32:00,0.142,33,2
2026-08-11 06:38:00,0.052,52,2
2026-08-11 06:44:00,0.012,207,2
2026-08-11 06:50:00,0.135,197,2
2026-08-11 06:56:00,0.267,119,2
2026-08-11 07:02:00,0.06,292,2
2026-08-11 07:08:00,0.017,294,2
2026-08-11 07:14:00,0.144,257,2
2026-08-11 07:20:00,0.094,164,2
2026-08-11 07:26:00,0.093,219,2
2026-08-11 07:32:00,0.059,241,2
2026-08-11 07:38:00,0.091,133,2
2026-08-11 07:44:00,0.136,212,2
2026-08-11 07:50:00,0.189,181,2
2026-08-11 07:56:00,0.417,205,2
2026-08-11 08:02:00,0.316,205,2
2026-08-11 08:08:00,0.269,204,2
2026-08-11 08:14:00,0.456,230,2
2026-08-11 08:20:00,0.522,223,2
2026-08-11 08:26:00,0.43,217,2
2026-08-11 08:32:00,0.597,227,2
2026-08-11 08:38:00,0.426,222,2
2026-08-11 08:44:00,0.473,212,2
2026-08-11 08:50:00,0.492,214,2
2026-08-11 08:56:00,0.503,210,2
2026-08-11 09:02:00,0.854,213,2
2026-08-11 09:08:00,0.936,212,2
2026-08-11 09:14:00,1.042,213,2
2026-08-11 09:20:00,0.93,216,2
2026-08-11 09:26:00,0.854,238,2
2026-08-11 09:32:00,0.929,219,2
2026-08-11 09:38:00,0.839,221,2
2026-08-11 09:44:00,0.932,213,2
2026-08-11 09:50:00,1.215,220,2
2026-08-11 09:56:00,1.191,207,2
2026-08-11 10:02:00,1.157,221,2
2026-08-11 10:08:00,1.183,204,2
2026-08-11 10:14:00,1.034,220,2
2026-08-11 10:20:00,0.759,202,2
2026-08-11 10:26:00,0.873,214,2
2026-08-11 10:32:00,1.072,213,2
2026-08-11 10:38:00,1.19,217,2
2026-08-11 10:44:00,1.182,214,2
2026-08-11 10:50:00,1.253,210,2
2026-08-11 10:56:00,1.198,199,2
2026-08-11 11:02:00,1.192,201,2
2026-08-11 11:08:00,1.238,218,2
2026-08-11 11:14:00,1.197,213,2
2026-08-11 11:20:00,1.196,223,2
2026-08-11 11:26:00,1.199,199,2
2026-08-11 11:32:00,1.228,209,2
2026-08-11 11:38:00,1.214,201,2
2026-08-11 11:44:00,1.181,206,2
2026-08-11 11:50:00,1.097,198,2
2026-08-11 11:56:00,1.116,219,2
2026-08-11 12:02:00,1.192,214,2
2026-08-11 12:08:00,1.19,205,2
2026-08-11 12:14:00,1.071,209,2
2026-08-11 12:20:00,1.029,198,2
2026-08-11 12:26:00,1.007,204,2
2026-08-11 12:32:00,0.95,202,2
2026-08-11 12:38:00,0.88,200,2
2026-08-11 12:44:00,0.783,203,2
2026-08-11 12:50:00,0.871,188,2
2026-08-11 12:56:00,0.911,191,2
2026-08-11 13:02:00,0.903,211,2
2026-08-11 13:08:00,0.807,193,2
2026-08-11 13:14:00,0.629,207,2
2026-08-11 13:20:00,0.662,180,2
2026-08-11 13:26:00,0.531,189,2
2026-08-11 13:32:00,0.414,167,2
2026-08-11 13:38:00,0.438,186,2
2026-08-11 13:44:00,0.368,139,2
2026-08-11 13:50:00,0.272,174,2
2026-08-11 13:56:00,0.234,188,2
2026-08-11 14:02:00,0.119,173,2
2026-08-11 14:08:00,0.049,205,2
2026-08-11 14:14:00,0.079,137,2
2026-08-11 14:20:00,0.038,100,2
2026-08-11 14:26:00,0.212,71,2
2026-08-11 14:32:00,0.2,64,2
2026-08-11 14:38:00,0.394,110,2
2026-08-11 14:44:00,0.286,30,2
2026-08-11 14:50:00,0.28,44,2
2026-08-11 14:56:00,0.311,30,2
2026-08-11 15:02:00,0.305,31,2
2026-08-11 15:08:00,0.283,35,2
2026-08-11 15:14:00,0.528,28,2
2026-08-11 15:20:00,0.429,33,2
2026-08-11 15:26:00,0.424,28,2
2026-08-11 15:32:00,0.489,21,2
2026-08-11 15:38:00,0.547,26,2
2026-08-11 15:44:00,0.503,32,2
2026-08-11 15:50:00,0.621,33,2
2026-08-11 15:56:00,0.646,35,2
2026-08-11 16:02:00,0.605,35,2
2026-08-11 16:08:00,0.645,22,2
2026-08-11 16:14:00,0.383,46,2
2026-08-11 16:20:00,0.637,37,2
2026-08-11 16:26:00,0.635,34,2
2026-08-11 16:32:00,0.515,43,2
2026-08-11 16:38:00,0.584,32,2
2026-08-11 16:44:00,0.561,28,2
2026-08-11 16:50:00,0.639,24,2
2026-08-11 16:56:00,0.407,29,2
2026-08-11 17:02:00,0.37,39,2
2026-08-11 17:08:00,0.562,34,2
2026-08-11 17:14:00,0.478,38,2
2026-08-11 17:20:00,0.424,27,2
2026-08-11 17:26:00,0.538,17,2
2026-08-11 17:32:00,0.444,23,2
2026-08-11 17:38:00,0.425,36,2
2026-08-11 17:44:00,0.434,27,2
2026-08-11 17:50:00,0.443,26,2
2026-08-11 17:56:00,0.432,29,2
2026-08-11 18:02:00,0.308,22,2
2026-08-11 18:08:00,0.425,23,2
2026-08-11 18:14:00,0.315,30,2
2026-08-11 18:20:00,0.321,17,2
2026-08-11 18:26:00,0.337,31,2
2026-08-11 18:32:00,0.278,28,2
2026-08-11 18:38:00,0.252,31,2
2026-08-11 18:44:00,0.169,36,2
2026-08-11 18:50:00,0.152,19,2
2026-08-11 18:56:00,0.147,57,2
2026-08-11 19:02:00,0.113,50,2
2026-08-11 19:08:00,0.07,64,2
2026-08-11 19:14:00,0.051,70,2
2026-08-11 19:20:00,0.159,198,2
2026-08-11 19:26:00,0.213,121,2
2026-08-11 19:32:00,0.067,198,2
2026-08-11 19:38:00,0.079,231,2
2026-08-11 19:44:00,0.023,254,2
2026-08-11 19:50:00,0.214,304,2
2026-08-11 19:56:00,0.239,239,2
2026-08-11 20:02:00,0.196,218,2
2026-08-11 20:08:00,0.278,193,2
2026-08-11 20:14:00,0.574,195,2
2026-08-11 20:20:00,0.418,171,2
2026-08-11 20:26:00,0.343,196,2
2026-08-11 20:32:00,0.554,215,2
2026-08-11 20:38:00,0.615,220,2
2026-08-11 20:44:00,0.475,186,2
2026-08-11 20:50:00,0.561,201,2
2026-08-11 20:56:00,0.581,203,2
2026-08-11 21:02:00,0.648,184,2
2026-08-11 21:08:00,0.676,215,2
2026-08-11 21:14:00,0.69,221,2
2026-08-11 21:20:00,0.566,207,2
2026-08-11 21:26:00,0.48,208,2
2026-08-11 21:32:00,0.493,220,2
2026-08-11 21:38:00,0.603,206,2
2026-08-11 21:44:00,0.588,214,2
2026-08-11 21:50:00,0.614,228,2
2026-08-11 21:56:00,0.76,228,2
2026-08-11 22:02:00,0.747,232,2
2026-08-11 22:08:00,0.615,212,2
2026-08-11 22:14:00,0.642,206,2
2026-08-11 22:20:00,0.82,206,2
2026-08-11 22:26:00,0.842,204,2
2026-08-11 22:32:00,0.877,233,2
2026-08-11 22:38:00,0.814,213,2
2026-08-11 22:44:00,0.86,200,2
2026-08-11 22:50:00,0.77,208,2
2026-08-11 22:56:00,0.72,223,2
2026-08-11 23:02:00,0.75,226,2
2026-08-11 23:08:00,0.8,226,2
2026-08-11 23:14:00,0.96,205,2
2026-08-11 23:20:00,0.883,222,2
2026-08-11 23:26:00,0.912,226,2
2026-08-11 23:32:00,0.866,228,2
2026-08-11 23:38:00,0.759,225,2
2026-08-11 23:44:00,0.784,219,2
2026-08-11 23:50:00,0.803,217,2
2026-08-11 23:56:00,0.77,211,2
2026-08-12 00:02:00,0.822,208,2
2026-08-12 00:08:00,0.744,237,2
2026-08-12 00:14:00,0.58,208,2
2026-08-12 00:20:00,0.592,217,2
2026-08-12 00:26:00,0.446,221,2
2026-08-12 00:32:00,0.59,214,2
2026-08-12 00:38:00,0.556,226,2
2026-08-12 00:44:00,0.552,217,2
2026-08-12 00:50:00,0.51,238,2
2026-08-12 00:56:00,0.561,238,2
2026-08-12 01:02:00,0.356,239,2
2026-08-12 01:08:00,0.309,230,2
2026-08-12 01:14:00,0.146,241,2
2026-08-12 01:20:00,0.119,269,2
2026-08-12 01:26:00,0.073,290,2
2026-08-12 01:32:00,0.088,286,2
2026-08-12 01:38:00,0.096,312,2
2026-08-12 01:44:00,0.087,319,2
2026-08-12 01:50:00,0.285,354,2
2026-08-12 01:56:00,0.237,3,2
2026-08-12 02:02:00,0.173,0,2
2026-08-12 02:08:00,0.228,353,2
2026-08-12 02:14:00,0.233,350,2
2026-08-12 02:20:00,0.261,336,2
2026-08-12 02:26:00,0.263,356,2
2026-08-12 02:32:00,0.283,343,2
2026-08-12 02:38:00,0.215,1,2
2026-08-12 02:44:00,0.228,357,2
2026-08-12 02:50:00,0.127,336,2
2026-08-12 02:56:00,0.31,341,2
2026-08-12 03:02:00,0.378,345,2
2026-08-12 03:08:00,0.428,347,2
2026-08-12 03:14:00,0.535,354,2
2026-08-12 03:20:00,0.673,358,2
2026-08-12 03:26:00,0.712,6,2
2026-08-12 03:32:00,0.682,0,2
2026-08-12 03:38:00,0.608,2,2
2026-08-12 03:44:00,0.682,354,2
2026-08-12 03:50:00,0.731,13,2
2026-08-12 03:56:00,0.721,2,2
2026-08-12 04:02:00,0.755,7,2
2026-08-12 04:08:00,0.81,353,2
2026-08-12 04:14:00,0.727,12,2
2026-08-12 04:20:00,0.781,13,2
2026-08-12 04:26:00,0.641,4,2
2026-08-12 04:32:00,0.696,5,2
2026-08-12 04:38:00,0.711,2,2
2026-08-12 04:44:00,0.759,10,2
2026-08-12 04:50:00,0.886,12,2
2026-08-12 05:02:00,0.871,16,2
2026-08-12 05:08:00,0.761,22,2
2026-08-12 05:14:00,0.83,7,2
2026-08-12 05:20:00,0.637,8,2
2026-08-12 05:26:00,0.714,9,2
2026-08-12 05:32:00,0.715,15,2
2026-08-12 05:38:00,0.703,21,2
2026-08-12 05:44:00,0.524,19,2
2026-08-12 05:50:00,0.465,26,2
2026-08-12 05:56:00,0.58,23,2
2026-08-12 06:02:00,0.699,37,2
2026-08-12 06:08:00,0.587,29,2
2026-08-12 06:14:00,0.6,42,2
2026-08-12 06:20:00,0.605,25,2
2026-08-12 06:26:00,0.546,22,2
2026-08-12 06:32:00,0.502,24,2
2026-08-12 06:38:00,0.545,29,2
2026-08-12 06:44:00,0.446,6,2
2026-08-12 06:50:00,0.429,48,2
2026-08-12 06:56:00,0.387,23,2
2026-08-12 07:02:00,0.267,28,2
2026-08-12 07:08:00,0.219,48,2
2026-08-12 07:14:00,0.19,52,2
2026-08-12 07:20:00,0.192,17,2
2026-08-12 07:26:00,0.069,96,2
2026-08-12 07:32:00,0.031,23,2
2026-08-12 07:38:00,0.097,98,2
2026-08-12 07:44:00,0.039,174,2
2026-08-12 07:50:00,0.066,258,2
2026-08-12 07:56:00,0.143,189,2
2026-08-12 08:02:00,0.151,236,2
2026-08-12 08:08:00,0.083,185,2
2026-08-12 08:14:00,0.083,235,2
2026-08-12 08:20:00,0.047,239,2
2026-08-12 08:26:00,0.172,190,2
2026-08-12 08:32:00,0.112,238,2
2026-08-12 08:38:00,0.031,187,2
2026-08-12 08:44:00,0.13,192,2
2026-08-12 08:50:00,0.031,187,2
2026-08-12 08:56:00,0.145,190,2
2026-08-12 09:02:00,0.178,248,2
2026-08-12 09:08:00,0.158,228,2
2026-08-12 09:14:00,0.096,227,2
2026-08-12 09:20:00,0.017,148,2
2026-08-12 09:26:00,0.696,202,2
2026-08-12 09:32:00,0.619,209,2
2026-08-12 09:38:00,0.524,211,2
2026-08-12 09:44:00,0.536,215,2
2026-08-12 09:50:00,0.955,230,2
2026-08-12 09:56:00,0.619,244,2
2026-08-12 10:02:00,0.813,217,2
2026-08-12 10:08:00,0.795,212,2
2026-08-12 10:14:00,0.767,199,2
2026-08-12 10:20:00,0.795,221,2
2026-08-12 10:26:00,0.767,229,2
2026-08-12 10:32:00,1.079,230,2
2026-08-12 10:38:00,0.784,220,2
2026-08-12 10:44:00,0.822,212,2
2026-08-12 10:50:00,0.757,223,2
2026-08-12 10:56:00,0.799,213,2
2026-08-12 11:02:00,0.837,216,2
2026-08-12 11:08:00,0.903,222,2
2026-08-12 11:14:00,0.824,226,2
2026-08-12 11:20:00,0.811,214,2
2026-08-12 11:26:00,0.906,210,2
2026-08-12 11:32:00,0.939,215,2
2026-08-12 11:38:00,1.018,205,2
2026-08-12 11:44:00,1.124,204,2
2026-08-12 11:50:00,1.123,217,2
2026-08-12 11:56:00,1.096,228,2
2026-08-12 12:02:00,1.007,232,2
2026-08-12 12:08:00,1.056,210,2
2026-08-12 12:14:00,0.975,213,2
2026-08-12 12:20:00,1.074,211,2
2026-08-12 12:26:00,0.989,204,2
2026-08-12 12:32:00,0.919,204,2
2026-08-12 12:38:00,0.996,211,2
2026-08-12 12:44:00,0.904,225,2
2026-08-12 12:50:00,0.943,194,2
2026-08-12 12:56:00,0.956,229,2
2026-08-12 13:02:00,0.843,213,2
2026-08-12 13:08:00,1.033,227,2
2026-08-12 13:14:00,0.978,186,2
2026-08-12 13:20:00,0.936,224,2
2026-08-12 13:26:00,0.92,200,2
2026-08-12 13:32:00,0.872,219,2
2026-08-12 13:38:00,0.862,225,2
2026-08-12 13:44:00,0.998,197,2
2026-08-12 13:50:00,0.897,203,2
2026-08-12 13:56:00,0.881,198,2
2026-08-12 14:02:00,0.76,213,2
2026-08-12 14:08:00,0.585,236,2
2026-08-12 14:14:00,0.661,245,2
2026-08-12 14:20:00,0.618,205,2
2026-08-12 14:26:00,0.538,225,2
2026-08-12 14:32:00,0.44,203,2
2026-08-12 14:38:00,0.389,238,2
2026-08-12 14:44:00,0.451,212,2
2026-08-12 14:50:00,0.257,211,2
2026-08-12 14:56:00,0.257,197,2
2026-08-12 15:02:00,0.128,214,2
2026-08-12 15:08:00,0.178,222,2
2026-08-12 15:14:00,0.125,224,2
2026-08-12 15:20:00,0.13,259,2
2026-08-12 15:26:00,0.221,271,2
2026-08-12 15:32:00,0.13,276,2
2026-08-12 15:38:00,0.137,284,2
2026-08-12 15:44:00,0.23,323,2
2026-08-12 15:50:00,0.14,32,2
2026-08-12 15:56:00,0.172,25,2
2026-08-12 16:02:00,0.159,34,2
2026-08-12 16:08:00,0.338,22,2
2026-08-12 16:14:00,0.224,61,2
2026-08-12 16:20:00,0.366,55,2
2026-08-12 16:26:00,0.337,52,2
2026-08-12 16:32:00,0.244,43,2
2026-08-12 16:38:00,0.381,26,2
2026-08-12 16:44:00,0.419,25,2
2026-08-12 16:50:00,0.471,13,2
2026-08-12 16:56:00,0.508,17,2
2026-08-12 17:02:00,0.591,24,2
2026-08-12 17:08:00,0.552,24,2
2026-08-12 17:14:00,0.692,27,2
2026-08-12 17:20:00,0.548,21,2
2026-08-12 17:26:00,0.616,19,2
2026-08-12 17:32:00,0.601,26,2
2026-08-12 17:38:00,0.39,42,2
2026-08-12 17:44:00,0.529,38,2
2026-08-12 17:50:00,0.567,24,2
2026-08-12 17:56:00,0.457,23,2
2026-08-12 18:02:00,0.453,19,2
2026-08-12 18:08:00,0.472,20,2
2026-08-12 18:14:00,0.493,24,2
2026-08-12 18:20:00,0.457,16,2
2026-08-12 18:26:00,0.396,31,2
2026-08-12 18:32:00,0.471,6,2
2026-08-12 18:38:00,0.419,3,2
2026-08-12 18:44:00,0.458,30,2
2026-08-12 18:50:00,0.39,7,2
2026-08-12 18:56:00,0.369,15,2
2026-08-12 19:02:00,0.446,25,2
2026-08-12 19:08:00,0.38,22,2
2026-08-12 19:14:00,0.262,26,2
2026-08-12 19:20:00,0.222,43,2
2026-08-12 19:26:00,0.262,38,2
2026-08-12 19:32:00,0.174,16,2
2026-08-12 19:38:00,0.195,28,2
2026-08-12 19:44:00,0.16,74,2
2026-08-12 19:50:00,0.194,41,2
2026-08-12 19:56:00,0.259,44,2
2026-08-12 20:02:00,0.108,99,2
2026-08-12 20:26:00,0.055,281,2
2026-08-12 20:38:00,0.204,236,2
2026-08-12 20:44:00,0.243,249,2
2026-08-12 20:50:00,0.195,264,2
2026-08-12 20:56:00,0.392,245,2
2026-08-12 21:02:00,0.409,240,2
2026-08-12 21:08:00,0.502,221,2
2026-08-12 21:14:00,0.496,227,2
2026-08-12 21:20:00,0.572,215,2
2026-08-12 21:26:00,0.655,208,2
2026-08-12 21:32:00,0.589,203,2
2026-08-12 21:38:00,0.681,191,2
2026-08-12 21:44:00,0.61,227,2
2026-08-12 21:50:00,0.646,238,2
2026-08-12 21:56:00,0.692,209,2
2026-08-12 22:02:00,0.622,232,2
2026-08-12 22:08:00,0.673,220,2
2026-08-12 22:14:00,0.755,221,2
2026-08-12 22:20:00,0.749,208,2
2026-08-12 22:26:00,0.759,210,2
2026-08-12 22:32:00,0.723,237,2
2026-08-12 22:38:00,0.734,225,2
2026-08-12 22:44:00,0.623,222,2
2026-08-12 22:50:00,0.669,241,2
2026-08-12 22:56:00,0.818,210,2
2026-08-12 23:02:00,0.967,228,2
2026-08-12 23:08:00,0.969,240,2
2026-08-12 23:14:00,0.935,204,2
2026-08-12 23:20:00,0.965,239,2
2026-08-12 23:26:00,0.908,209,2
2026-08-12 23:32:00,0.916,224,2
2026-08-12 23:38:00,0.897,223,2
2026-08-12 23:44:00,0.791,231,2
2026-08-12 23:50:00,0.498,226,2
2026-08-12 23:56:00,0.609,228,2
2026-08-13 00:02:00,0.649,239,2
2026-08-13 00:08:00,0.807,232,2
2026-08-13 00:14:00,0.742,226,2
2026-08-13 00:20:00,0.837,232,2
2026-08-13 00:26:00,0.851,215,2
2026-08-13 00:32:00,0.67,237,2
2026-08-13 00:38:00,0.6,220,2
2026-08-13 00:44:00,0.62,233,2
2026-08-13 00:50:00,0.603,225,2
2026-08-13 00:56:00,0.639,212,2
2026-08-13 01:02:00,0.646,229,2
2026-08-13 01:08:00,0.646,233,2
2026-08-13 01:14:00,0.492,230,2
2026-08-13 01:20:00,0.502,216,2
2026-08-13 01:26:00,0.475,223,2
2026-08-13 01:32:00,0.412,214,2
2026-08-13 01:38:00,0.286,245,2
2026-08-13 01:44:00,0.36,207,2
2026-08-13 01:50:00,0.307,200,2
2026-08-13 01:56:00,0.261,204,2
2026-08-13 02:02:00,0.158,192,2
2026-08-13 02:08:00,0.099,170,2
2026-08-13 02:14:00,0.077,157,2
2026-08-13 02:20:00,0.019,258,2
2026-08-13 02:26:00,0.087,108,2
2026-08-13 02:32:00,0.155,0,2
2026-08-13 02:38:00,0.194,347,2
2026-08-13 02:44:00,0.22,349,2
2026-08-13 02:50:00,0.29,8,2
2026-08-13 02:56:00,0.286,355,2
2026-08-13 03:02:00,0.349,352,2
2026-08-13 03:08:00,0.393,9,2
2026-08-13 03:14:00,0.478,353,2
2026-08-13 03:20:00,0.47,344,2
2026-08-13 03:26:00,0.56,8,2
2026-08-13 03:32:00,0.56,16,2
2026-08-13 03:38:00,0.586,356,2
2026-08-13 03:44:00,0.622,353,2
2026-08-13 03:50:00,0.724,12,2
2026-08-13 03:56:00,0.633,9,2
2026-08-13 04:02:00,0.659,12,2
2026-08-13 04:08:00,0.664,3,2
2026-08-13 04:14:00,0.753,16,2
2026-08-13 04:20:00,0.786,17,2
2026-08-13 04:26:00,0.778,12,2
2026-08-13 04:32:00,0.735,19,2
2026-08-13 04:38:00,0.729,18,2
2026-08-13 04:44:00,0.756,17,2
2026-08-13 04:50:00,0.829,13,2
2026-08-13 04:56:00,0.701,18,2
2026-08-13 05:14:00,0.822,9,2
2026-08-13 05:20:00,0.976,7,2
2026-08-13 05:26:00,0.961,4,2
2026-08-13 05:32:00,0.929,4,2
2026-08-13 05:38:00,0.934,3,2
2026-08-13 05:44:00,0.869,6,2
2026-08-13 05:50:00,0.864,13,2
2026-08-13 05:56:00,0.804,18,2
2026-08-13 06:02:00,0.799,13,2
2026-08-13 06:08:00,0.789,12,2
2026-08-13 06:14:00,0.721,16,2
2026-08-13 06:20:00,0.812,12,2
2026-08-13 06:26:00,0.976,11,2
2026-08-13 06:32:00,0.697,13,2
2026-08-13 06:38:00,0.793,21,2
2026-08-13 06:44:00,0.715,26,2
2026-08-13 06:50:00,0.799,14,2
2026-08-13 06:56:00,0.701,25,2
2026-08-13 07:02:00,0.667,11,2
2026-08-13 07:08:00,0.586,21,2
2026-08-13 07:14:00,0.663,28,2
2026-08-13 07:20:00,0.582,18,2
2026-08-13 07:26:00,0.649,12,2
2026-08-13 07:32:00,0.445,22,2
2026-08-13 07:38:00,0.412,24,2
2026-08-13 07:44:00,0.469,9,2
2026-08-13 07:50:00,0.39,10,2
2026-08-13 07:56:00,0.276,4,2
2026-08-13 08:02:00,0.244,24,2
2026-08-13 08:08:00,0.215,1,2
2026-08-13 08:14:00,0.185,19,2
2026-08-13 08:20:00,0.067,358,2
2026-08-13 08:26:00,0.213,25,2
2026-08-13 08:32:00,0.123,83,2
2026-08-13 08:38:00,0.242,239,2
2026-08-13 08:44:00,0.091,229,2
2026-08-13 08:50:00,0.306,268,2
2026-08-13 08:56:00,0.122,239,2
2026-08-13 09:02:00,0.171,206,2
2026-08-13 09:08:00,0.163,201,2
2026-08-13 09:14:00,0.175,188,2
2026-08-13 09:20:00,0.189,177,2
2026-08-13 09:26:00,0.155,160,2
2026-08-13 09:32:00,0.146,205,2
2026-08-13 09:38:00,0.149,156,2
2026-08-13 09:44:00,0.121,174,2
2026-08-13 09:50:00,0.217,139,2
2026-08-13 09:56:00,0.253,173,2
2026-08-13 10:02:00,0.349,208,2
2026-08-13 10:08:00,0.381,183,2
2026-08-13 10:14:00,0.482,200,2
2026-08-13 10:20:00,0.543,201,2
2026-08-13 10:26:00,0.586,195,2
2026-08-13 10:32:00,0.596,207,2
2026-08-13 10:38:00,0.628,214,2
2026-08-13 10:44:00,0.651,197,2
2026-08-13 10:50:00,0.621,207,2
2026-08-13 10:56:00,0.832,214,2
2026-08-13 11:02:00,1.004,205,2
2026-08-13 11:08:00,0.832,193,2
2026-08-13 11:14:00,0.763,215,2
2026-08-13 11:20:00,0.78,216,2
2026-08-13 11:26:00,0.777,211,2
2026-08-13 11:32:00,0.816,215,2
2026-08-13 11:38:00,0.928,206,2
2026-08-13 11:44:00,0.909,201,2
2026-08-13 11:50:00,0.746,204,2
2026-08-13 11:56:00,1.043,197,2
2026-08-13 12:02:00,0.931,213,2
2026-08-13 12:08:00,0.964,207,2
2026-08-13 12:14:00,0.954,203,2
2026-08-13 12:20:00,0.998,208,2
2026-08-13 12:26:00,1.135,214,2
2026-08-13 12:32:00,1.156,192,2
2026-08-13 12:38:00,0.913,211,2
2026-08-13 12:44:00,0.967,212,2
2026-08-13 12:50:00,0.851,204,2
2026-08-13 12:56:00,1.012,214,2
2026-08-13 13:02:00,1.152,201,2
2026-08-13 13:08:00,1.077,230,2
2026-08-13 13:14:00,1.031,226,2
2026-08-13 13:20:00,1.082,212,2
2026-08-13 13:26:00,0.945,226,2
2026-08-13 13:32:00,1.008,216,2
2026-08-13 13:38:00,0.89,219,2
2026-08-13 13:44:00,0.918,235,2
2026-08-13 13:50:00,0.857,234,2
2026-08-13 13:56:00,0.888,227,2
2026-08-13 14:08:00,0.735,214,2
2026-08-13 14:14:00,0.838,207,2
2026-08-13 14:20:00,0.941,221,2
2026-08-13 14:26:00,0.798,208,2
2026-08-13 14:32:00,0.826,208,2
2026-08-13 14:38:00,0.814,210,2
2026-08-13 14:44:00,0.661,209,2
2026-08-13 14:50:00,0.781,207,2
2026-08-13 14:56:00,0.646,201,2
2026-08-13 15:02:00,0.724,211,2
2026-08-13 15:08:00,0.755,210,2
2026-08-13 15:14:00,0.498,219,2
2026-08-13 15:20:00,0.454,214,2
2026-08-13 15:26:00,0.42,193,2
2026-08-13 15:32:00,0.299,217,2
2026-08-13 15:38:00,0.16,172,2
2026-08-13 15:44:00,0.127,108,2
2026-08-13 15:50:00,0.223,91,2
2026-08-13 15:56:00,0.325,78,2
2026-08-13 16:02:00,0.217,66,2
2026-08-13 16:08:00,0.051,103,2
2026-08-13 16:14:00,0.051,258,2
2026-08-13 16:20:00,0.032,269,2
2026-08-13 16:26:00,0.031,203,2
2026-08-13 16:32:00,0.114,55,2
2026-08-13 16:38:00,0.161,53,2
2026-08-13 16:44:00,0.296,92,2
2026-08-13 16:50:00,0.146,62,2
2026-08-13 16:56:00,0.26,21,2
2026-08-13 17:02:00,0.326,40,2
2026-08-13 17:08:00,0.208,40,2
2026-08-13 17:14:00,0.254,19,2
2026-08-13 17:20:00,0.393,47,2
2026-08-13 17:26:00,0.337,33,2
2026-08-13 17:32:00,0.532,324,2
2026-08-13 17:38:00,0.314,0,2
2026-08-13 17:44:00,0.372,359,2
2026-08-13 17:50:00,0.319,32,2
2026-08-13 17:56:00,0.235,44,2
2026-08-13 18:02:00,0.387,19,2
2026-08-13 18:08:00,0.436,14,2
2026-08-13 18:14:00,0.318,17,2
2026-08-13 18:20:00,0.23,7,2
2026-08-13 18:26:00,0.422,15,2
2026-08-13 18:32:00,0.42,20,2
2026-08-13 18:38:00,0.472,27,2
2026-08-13 18:44:00,0.286,358,2
2026-08-13 18:50:00,0.347,19,2
2026-08-13 18:56:00,0.201,25,2
2026-08-13 19:02:00,0.423,10,2
2026-08-13 19:08:00,0.441,6,2
2026-08-13 19:14:00,0.433,5,2
2026-08-13 19:20:00,0.31,356,2
2026-08-13 19:26:00,0.335,23,2
2026-08-13 19:32:00,0.243,16,2
2026-08-13 19:38:00,0.298,24,2
2026-08-13 19:44:00,0.336,22,2
2026-08-13 19:50:00,0.308,36,2
2026-08-13 19:56:00,0.293,39,2
2026-08-13 20:02:00,0.361,29,2
2026-08-13 20:08:00,0.247,33,2
2026-08-13 20:14:00,0.166,19,2
2026-08-13 20:20:00,0.044,9,2
2026-08-13 20:26:00,0.153,56,2
2026-08-13 20:32:00,0.205,99,2
2026-08-13 20:38:00,0.116,88,2
2026-08-13 20:44:00,0.024,107,2
2026-08-13 20:50:00,0.069,123,2
2026-08-13 20:56:00,0.084,218,2
2026-08-13 21:02:00,0.149,246,2
2026-08-13 21:08:00,0.077,192,2
2026-08-13 21:14:00,0.241,186,2
2026-08-13 21:20:00,0.233,146,2
2026-08-13 21:26:00,0.371,192,2
2026-08-13 21:32:00,0.412,208,2
2026-08-13 21:38:00,0.484,212,2
2026-08-13 21:44:00,0.494,204,2
2026-08-13 21:50:00,0.686,182,2
2026-08-13 21:56:00,0.575,169,2
2026-08-13 22:02:00,0.629,201,2
2026-08-13 22:08:00,0.698,171,2
2026-08-13 22:14:00,0.708,168,2
2026-08-13 22:20:00,0.726,227,2
2026-08-13 22:26:00,0.71,170,2
2026-08-13 22:32:00,0.89,220,2
2026-08-13 22:38:00,0.801,213,2
2026-08-13 22:44:00,0.817,217,2
2026-08-13 22:50:00,0.831,197,2
2026-08-13 22:56:00,0.881,205,2
2026-08-13 23:02:00,0.79,207,2
2026-08-13 23:08:00,0.825,203,2
2026-08-13 23:14:00,0.84,212,2
2026-08-13 23:20:00,0.897,208,2
2026-08-13 23:26:00,0.831,232,2
2026-08-13 23:32:00,1.016,226,2
2026-08-13 23:38:00,0.894,204,2
2026-08-13 23:44:00,0.989,216,2
2026-08-13 23:50:00,1.167,194,2
2026-08-13 23:56:00,0.978,204,2
2026-08-14 00:02:00,0.772,223,2
2026-08-14 00:08:00,0.899,222,2
2026-08-14 00:14:00,0.933,216,2
2026-08-14 00:20:00,0.888,231,2
2026-08-14 00:26:00,0.993,234,2
2026-08-14 00:32:00,0.901,209,2
2026-08-14 00:38:00,0.87,217,2
2026-08-14 00:44:00,0.806,215,2
2026-08-14 00:50:00,0.988,218,2
2026-08-14 00:56:00,0.83,230,2
2026-08-14 01:02:00,0.914,217,2
2026-08-14 01:08:00,0.895,205,2
2026-08-14 01:14:00,0.909,228,2
2026-08-14 01:20:00,0.979,226,2
2026-08-14 01:26:00,0.933,205,2
2026-08-14 01:32:00,0.749,215,2
2026-08-14 01:38:00,0.972,224,2
2026-08-14 01:44:00,0.939,203,2
2026-08-14 01:50:00,1.059,199,2
2026-08-14 01:56:00,1.063,220,2
2026-08-14 02:02:00,0.838,235,2
2026-08-14 02:08:00,0.794,223,2
2026-08-14 02:14:00,0.909,214,2
2026-08-14 02:20:00,0.708,227,2
2026-08-14 02:26:00,0.674,227,2
2026-08-14 02:32:00,0.422,235,2
2026-08-14 02:38:00,0.5,256,2
2026-08-14 02:44:00,0.465,211,2
2026-08-14 02:50:00,0.383,234,2
2026-08-14 02:56:00,0.399,255,2
2026-08-14 03:02:00,0.362,236,2
2026-08-14 03:08:00,0.199,227,2
2026-08-14 03:14:00,0.14,293,2
2026-08-14 03:20:00,0.1,240,2
2026-08-14 03:26:00,0.216,260,2
2026-08-14 03:32:00,0.151,250,2
2026-08-14 03:38:00,0.023,47,2
2026-08-14 03:44:00,0.074,119,2
2026-08-14 03:50:00,0.153,355,2
2026-08-14 03:56:00,0.31,10,2
2026-08-14 04:02:00,0.327,23,2
2026-08-14 04:08:00,0.439,9,2
2026-08-14 04:14:00,0.373,21,2
2026-08-14 04:20:00,0.4,5,2
2026-08-14 04:26:00,0.438,13,2
2026-08-14 04:32:00,0.507,353,2
2026-08-14 04:38:00,0.596,358,2
2026-08-14 04:44:00,0.609,13,2
2026-08-14 04:50:00,0.633,2,2
2026-08-14 04:56:00,0.697,14,2
2026-08-14 05:02:00,0.808,15,2
2026-08-14 05:08:00,0.827,8,2
2026-08-14 05:14:00,0.888,25,2
2026-08-14 05:20:00,0.905,24,2
2026-08-14 05:26:00,1.033,18,2
2026-08-14 05:32:00,1.125,26,2
2026-08-14 05:38:00,1.094,17,2
2026-08-14 05:44:00,1.122,15,2
2026-08-14 05:50:00,1.045,23,2
2026-08-14 05:56:00,0.984,23,2
2026-08-14 06:02:00,1.042,27,2
2026-08-14 06:08:00,1.02,25,2
2026-08-14 06:14:00,0.978,11,2
2026-08-14 06:20:00,0.977,19,2
2026-08-14 06:26:00,0.99,18,2
2026-08-14 06:32:00,0.858,21,2
2026-08-14 06:38:00,0.859,21,2
2026-08-14 06:44:00,0.693,18,2
2026-08-14 06:50:00,0.866,15,2
2026-08-14 06:56:00,0.809,0,2
2026-08-14 07:02:00,0.873,16,2
2026-08-14 07:08:00,0.85,25,2
2026-08-14 07:14:00,0.744,19,2
2026-08-14 07:20:00,0.788,14,2
2026-08-14 07:26:00,0.797,11,2
2026-08-14 07:32:00,0.714,26,2
2026-08-14 07:38:00,0.619,33,2
2026-08-14 07:44:00,0.654,27,2
2026-08-14 07:50:00,0.659,14,2
2026-08-14 07:56:00,0.567,30,2
2026-08-14 08:02:00,0.422,20,2
2026-08-14 08:08:00,0.24,28,2
2026-08-14 08:14:00,0.281,45,2
2026-08-14 08:20:00,0.483,297,2
2026-08-14 08:26:00,0.39,103,2
2026-08-14 08:32:00,0.236,141,2
2026-08-14 08:38:00,0.306,345,2
2026-08-14 08:44:00,0.219,86,2
2026-08-14 08:50:00,0.156,57,2
2026-08-14 08:56:00,0.144,6,2
2026-08-14 09:02:00,0.119,45,2
2026-08-14 09:08:00,0.091,120,2
2026-08-14 09:14:00,0.084,117,2
2026-08-14 09:20:00,0.103,156,2
2026-08-14 09:26:00,0.123,29,2
2026-08-14 09:32:00,0.095,107,2
2026-08-14 09:38:00,0.089,78,2
2026-08-14 09:44:00,0.06,168,2
2026-08-14 09:50:00,0.085,123,2
2026-08-14 09:56:00,0.026,151,2
2026-08-14 10:02:00,0.081,193,2
2026-08-14 10:08:00,0.173,203,2
2026-08-14 10:14:00,0.137,174,2
2026-08-14 10:20:00,0.106,237,2
2026-08-14 10:26:00,0.107,216,2
2026-08-14 10:32:00,0.277,220,2
2026-08-14 10:38:00,0.078,181,2
2026-08-14 10:44:00,0.029,222,2
2026-08-14 10:50:00,0.381,202,2
2026-08-14 10:56:00,0.489,194,2
2026-08-14 11:02:00,0.538,197,2
2026-08-14 11:08:00,0.443,192,2
2026-08-14 11:14:00,0.585,208,2
2026-08-14 11:20:00,0.53,202,2
2026-08-14 11:26:00,0.354,218,2
2026-08-14 11:32:00,0.412,208,2
2026-08-14 11:38:00,0.478,219,2
2026-08-14 11:44:00,0.68,204,2
2026-08-14 11:50:00,0.627,203,2
2026-08-14 11:56:00,0.596,195,2
2026-08-14 12:02:00,0.59,209,2
2026-08-14 12:08:00,0.566,217,2
2026-08-14 12:14:00,0.73,213,2
2026-08-14 12:20:00,0.606,191,2
2026-08-14 12:26:00,0.712,205,2
2026-08-14 12:32:00,0.758,227,2
2026-08-14 12:38:00,0.714,206,2
2026-08-14 12:44:00,0.761,206,2
2026-08-14 12:50:00,0.819,227,2
2026-08-14 12:56:00,0.756,206,2
2026-08-14 13:02:00,0.812,220,2
2026-08-14 13:08:00,0.736,217,2
2026-08-14 13:14:00,0.835,204,2
2026-08-14 13:20:00,1.049,222,2
2026-08-14 13:26:00,1.088,209,2
2026-08-14 13:32:00,1.142,222,2
2026-08-14 13:38:00,1.237,224,2
2026-08-14 13:44:00,1.139,202,2
2026-08-14 13:50:00,1.1,217,2
2026-08-14 13:56:00,1.029,195,2
2026-08-14 14:02:00,1.028,190,2
2026-08-14 14:08:00,0.972,200,2
2026-08-14 14:14:00,0.863,198,2
2026-08-14 14:20:00,1.03,219,2
2026-08-14 14:26:00,1.092,222,2
2026-08-14 14:32:00,1.12,200,2
2026-08-14 14:38:00,1.019,212,2
2026-08-14 14:44:00,0.977,218,2
2026-08-14 14:50:00,0.996,208,2
2026-08-14 14:56:00,0.953,185,2
2026-08-14 15:02:00,0.91,222,2
2026-08-14 15:08:00,0.993,205,2
2026-08-14 15:14:00,0.951,186,2
2026-08-14 15:20:00,0.859,199,2
2026-08-14 15:26:00,0.73,201,2
2026-08-14 15:32:00,0.751,207,2
2026-08-14 15:38:00,0.64,206,2
2026-08-14 15:44:00,0.521,191,2
2026-08-14 15:50:00,0.456,184,2
2026-08-14 15:56:00,0.348,169,2
2026-08-14 16:02:00,0.307,166,2
2026-08-14 16:08:00,0.301,168,2
2026-08-14 16:14:00,0.337,185,2
2026-08-14 16:20:00,0.34,179,2
2026-08-14 16:26:00,0.368,188,2
2026-08-14 16:32:00,0.366,171,2
2026-08-14 16:38:00,0.252,185,2
2026-08-14 16:44:00,0.121,215,2
2026-08-14 16:50:00,0.133,202,2
2026-08-14 16:56:00,0.054,209,2
2026-08-14 17:02:00,0.029,348,2
2026-08-14 17:08:00,0.036,336,2
2026-08-14 17:14:00,0.18,15,2
2026-08-14 17:20:00,0.201,57,2
2026-08-14 17:26:00,0.19,42,2
2026-08-14 17:32:00,0.162,16,2
2026-08-14 17:38:00,0.238,22,2
2026-08-14 17:44:00,0.284,55,2
2026-08-14 17:50:00,0.397,15,2
2026-08-14 17:56:00,0.252,23,2
2026-08-14 18:02:00,0.345,21,2
2026-08-14 18:08:00,0.368,17,2
2026-08-14 18:14:00,0.511,19,2
2026-08-14 18:20:00,0.529,16,2
2026-08-14 18:26:00,0.623,8,2
2026-08-14 18:32:00,0.638,8,2
2026-08-14 18:38:00,0.571,12,2
2026-08-14 18:44:00,0.697,28,2
2026-08-14 18:50:00,0.6,29,2
2026-08-14 18:56:00,0.572,29,2
2026-08-14 19:02:00,0.626,16,2
2026-08-14 19:08:00,0.563,20,2
2026-08-14 19:14:00,0.583,31,2
2026-08-14 19:20:00,0.691,42,2
2026-08-14 19:26:00,0.619,18,2
2026-08-14 19:32:00,0.674,16,2
2026-08-14 19:38:00,0.608,24,2
2026-08-14 19:44:00,0.555,33,2
2026-08-14 19:50:00,0.613,43,2
2026-08-14 19:56:00,0.566,30,2
2026-08-14 20:02:00,0.652,27,2
2026-08-14 20:08:00,0.575,24,2
2026-08-14 20:14:00,0.515,27,2
2026-08-14 20:20:00,0.476,30,2
2026-08-14 20:26:00,0.499,18,2
2026-08-14 20:32:00,0.436,38,2
2026-08-14 20:38:00,0.465,32,2
2026-08-14 20:44:00,0.238,17,2
2026-08-14 20:50:00,0.286,33,2
2026-08-14 20:56:00,0.269,30,2
2026-08-14 21:02:00,0.144,33,2
2026-08-14 21:08:00,0.231,51,2
2026-08-14 21:14:00,0.142,50,2
2026-08-14 21:20:00,0.047,86,2
2026-08-14 21:26:00,0.191,91,2
2026-08-14 21:32:00,0.259,154,2
2026-08-14 21:38:00,0.198,123,2
2026-08-14 21:44:00,0.132,120,2
2026-08-14 21:50:00,0.169,142,2
2026-08-14 21:56:00,0.087,202,2
2026-08-14 22:02:00,0.073,159,2
2026-08-14 22:08:00,0.246,226,2
2026-08-14 22:14:00,0.275,191,2
2026-08-14 22:20:00,0.327,206,2
2026-08-14 22:26:00,0.316,194,2
2026-08-14 22:32:00,0.306,208,2
2026-08-14 22:38:00,0.448,188,2
2026-08-14 22:44:00,0.418,188,2
2026-08-14 22:50:00,0.521,218,2
2026-08-14 22:56:00,0.532,185,2
2026-08-14 23:02:00,0.565,202,2
2026-08-14 23:08:00,0.536,203,2
2026-08-14 23:14:00,0.603,244,2
2026-08-14 23:20:00,0.674,216,2
2026-08-14 23:26:00,0.645,205,2
2026-08-14 23:32:00,0.764,201,2
2026-08-14 23:38:00,0.793,213,2
2026-08-14 23:44:00,0.798,221,2
2026-08-14 23:50:00,0.846,216,2
2026-08-14 23:56:00,0.958,214,2
2026-08-15 00:02:00,0.912,211,2
2026-08-15 00:08:00,0.823,219,2
2026-08-15 00:14:00,0.856,218,2
2026-08-15 00:20:00,0.883,215,2
2026-08-15 00:26:00,0.971,221,2
2026-08-15 00:32:00,0.944,208,2
2026-08-15 00:38:00,1.059,217,2
2026-08-15 00:44:00,1.063,217,2
2026-08-15 00:50:00,0.933,219,2
2026-08-15 00:56:00,0.995,220,2
2026-08-15 01:02:00,1.078,217,2
2026-08-15 01:08:00,1.32,228,2
2026-08-15 01:14:00,1.37,214,2
2026-08-15 01:20:00,1.206,219,2
2026-08-15 01:26:00,1.481,212,2
2026-08-15 01:32:00,1.33,228,2
2026-08-15 01:38:00,1.217,209,2
2026-08-15 01:44:00,1.443,224,2
2026-08-15 01:50:00,1.345,219,2
2026-08-15 01:56:00,1.55,211,2
2026-08-15 02:02:00,1.573,215,2
2026-08-15 02:08:00,1.575,220,2
2026-08-15 02:14:00,1.407,222,2
2026-08-15 02:20:00,1.566,215,2
2026-08-15 02:26:00,1.374,217,2
2026-08-15 02:32:00,1.304,204,2
2026-08-15 02:38:00,1.467,219,2
2026-08-15 02:44:00,1.056,209,2
2026-08-15 02:50:00,1.02,200,2
2026-08-15 02:56:00,1.186,195,2
2026-08-15 03:02:00,1.237,200,2
2026-08-15 03:08:00,1.296,210,2
2026-08-15 03:14:00,1.212,207,2
2026-08-15 03:20:00,1.186,217,2
2026-08-15 03:26:00,1.242,220,2
2026-08-15 03:32:00,1.039,213,2
2026-08-15 03:38:00,1.003,211,2
2026-08-15 03:44:00,0.935,212,2
2026-08-15 03:50:00,0.917,210,2
2026-08-15 03:56:00,0.839,223,2
2026-08-15 04:02:00,0.867,225,2
2026-08-15 04:08:00,0.829,215,2
2026-08-15 04:14:00,0.657,224,2
2026-08-15 04:20:00,0.606,218,2
2026-08-15 04:26:00,0.37,224,2
2026-08-15 04:32:00,0.417,221,2
2026-08-15 04:38:00,0.338,215,2
2026-08-15 04:44:00,0.344,202,2
2026-08-15 04:50:00,0.294,226,2
2026-08-15 04:56:00,0.326,227,2
2026-08-15 05:02:00,0.281,194,2
2026-08-15 05:08:00,0.241,215,2
2026-08-15 05:14:00,0.14,261,2
2026-08-15 05:20:00,0.145,220,2
2026-08-15 05:26:00,0.077,238,2
2026-08-15 05:32:00,0.036,295,2
2026-08-15 05:38:00,0.095,358,2
2026-08-15 05:44:00,0.125,338,2
2026-08-15 05:50:00,0.22,347,2
2026-08-15 05:56:00,0.279,4,2
2026-08-15 06:02:00,0.297,348,2
2026-08-15 06:08:00,0.397,3,2
2026-08-15 06:14:00,0.382,10,2
2026-08-15 06:20:00,0.396,18,2
2026-08-15 06:26:00,0.301,335,2
2026-08-15 06:32:00,0.306,46,2
2026-08-15 06:38:00,0.442,47,2
2026-08-15 06:44:00,0.348,22,2
2026-08-15 06:50:00,0.288,0,2
2026-08-15 06:56:00,0.196,355,2
2026-08-15 07:02:00,0.227,27,2
2026-08-15 07:08:00,0.182,39,2
2026-08-15 07:14:00,0.259,47,2
2026-08-15 07:20:00,0.369,20,2
2026-08-15 07:26:00,0.264,32,2
2026-08-15 07:32:00,0.231,32,2
2026-08-15 07:38:00,0.284,29,2
2026-08-15 07:44:00,0.241,1,2
2026-08-15 07:50:00,0.366,10,2
2026-08-15 07:56:00,0.173,3,2
2026-08-15 08:02:00,0.296,35,2
2026-08-15 08:08:00,0.294,13,2
2026-08-15 08:26:00,0.113,19,2
2026-08-15 08:38:00,0.178,25,2
2026-08-15 08:44:00,0.208,16,2
2026-08-15 08:50:00,0.155,12,2
2026-08-15 08:56:00,0.164,60,2
2026-08-15 09:02:00,0.146,74,2
2026-08-15 09:08:00,0.162,117,2
2026-08-15 09:14:00,0.182,134,2
2026-08-15 09:20:00,0.296,2,2
2026-08-15 09:26:00,0.204,35,2
2026-08-15 09:32:00,0.238,74,2
2026-08-15 09:38:00,0.216,75,2
2026-08-15 09:44:00,0.16,88,2
2026-08-15 09:50:00,0.127,130,2
2026-08-15 09:56:00,0.209,123,2
2026-08-15 10:02:00,0.108,93,2
2026-08-15 10:08:00,0.132,88,2
2026-08-15 10:14:00,0.124,139,2
2026-08-15 10:20:00,0.179,133,2
2026-08-15 10:26:00,0.192,119,2
2026-08-15 10:32:00,0.109,170,2
2026-08-15 10:38:00,0.153,184,2
2026-08-15 10:44:00,0.047,213,2
2026-08-15 10:50:00,0.115,201,2
2026-08-15 10:56:00,0.185,199,2
2026-08-15 11:02:00,0.173,183,2
2026-08-15 11:08:00,0.132,181,2
2026-08-15 11:14:00,0.142,185,2
2026-08-15 11:20:00,0.201,184,2
2026-08-15 11:26:00,0.168,213,2
2026-08-15 11:32:00,0.022,333,2
2026-08-15 11:38:00,0.217,205,2
2026-08-15 11:44:00,0.194,199,2
2026-08-15 11:50:00,0.141,180,2
2026-08-15 11:56:00,0.158,195,2
2026-08-15 12:02:00,0.129,238,2
2026-08-15 12:08:00,0.082,203,2
2026-08-15 12:14:00,0.443,214,2
2026-08-15 12:20:00,0.362,221,2
2026-08-15 12:26:00,0.351,205,2
2026-08-15 12:32:00,0.348,205,2
2026-08-15 12:38:00,0.383,201,2
2026-08-15 12:44:00,0.514,209,2
2026-08-15 12:50:00,0.517,201,2
2026-08-15 12:56:00,0.718,212,2
2026-08-15 13:02:00,0.517,199,2
2026-08-15 13:08:00,0.529,196,2
2026-08-15 13:14:00,0.586,198,2
2026-08-15 13:20:00,0.614,206,2
2026-08-15 13:26:00,0.575,204,2
2026-08-15 13:32:00,0.631,204,2
2026-08-15 13:38:00,0.623,201,2
2026-08-15 13:44:00,0.737,222,2
2026-08-15 14:02:00,0.82,204,2
2026-08-15 14:08:00,0.943,205,2
2026-08-15 14:14:00,1.024,209,2
2026-08-15 14:20:00,0.946,206,2
2026-08-15 14:26:00,0.931,203,2
2026-08-15 14:32:00,0.796,215,2
2026-08-15 14:38:00,0.709,211,2
2026-08-15 14:44:00,0.765,190,2
2026-08-15 14:50:00,0.713,195,2
2026-08-15 14:56:00,0.774,204,2
2026-08-15 15:02:00,0.633,207,2
2026-08-15 15:08:00,0.547,226,2
2026-08-15 15:14:00,0.424,187,2
2026-08-15 15:20:00,0.313,208,2
2026-08-15 15:26:00,0.209,204,2
2026-08-15 15:32:00,0.206,194,2
2026-08-15 15:38:00,0.308,215,2
2026-08-15 15:44:00,0.223,220,2
2026-08-15 15:50:00,0.274,252,2
2026-08-15 15:56:00,0.195,253,2
2026-08-15 16:02:00,0.157,238,2
2026-08-15 16:08:00,0.146,258,2
2026-08-15 16:14:00,0.067,275,2
2026-08-15 16:20:00,0.039,264,2
2026-08-15 16:26:00,0.1,232,2
2026-08-15 16:32:00,0.103,286,2
2026-08-15 16:38:00,0.044,303,2
2026-08-15 16:44:00,0.121,259,2
2026-08-15 16:50:00,0.099,222,2
2026-08-15 16:56:00,0.198,245,2
2026-08-15 17:02:00,0.075,247,2
2026-08-15 17:08:00,0.205,13,2
2026-08-15 17:14:00,0.117,348,2
2026-08-15 17:20:00,0.184,320,2
2026-08-15 17:26:00,0.199,337,2
2026-08-15 17:32:00,0.164,29,2
2026-08-15 17:38:00,0.068,42,2
2026-08-15 17:44:00,0.129,321,2
2026-08-15 17:50:00,0.148,345,2
2026-08-15 17:56:00,0.275,352,2
2026-08-15 18:02:00,0.173,31,2
2026-08-15 18:08:00,0.117,54,2
2026-08-15 18:14:00,0.179,83,2
2026-08-15 18:20:00,0.099,0,2
2026-08-15 18:26:00,0.195,333,2
2026-08-15 18:32:00,0.436,343,2
2026-08-15 18:38:00,0.332,353,2
2026-08-15 18:44:00,0.392,6,2
2026-08-15 18:50:00,0.416,7,2
2026-08-15 18:56:00,0.586,18,2
2026-08-15 19:02:00,0.488,15,2
2026-08-15 19:08:00,0.603,16,2
2026-08-15 19:14:00,0.565,23,2
2026-08-15 19:20:00,0.633,14,2
2026-08-15 19:26:00,0.599,7,2
2026-08-15 19:32:00,0.524,359,2
2026-08-15 19:38:00,0.533,358,2
2026-08-15 19:44:00,0.543,6,2
2026-08-15 19:50:00,0.432,0,2
2026-08-15 19:56:00,0.466,0,2
2026-08-15 20:02:00,0.458,355,2
2026-08-15 20:08:00,0.529,1,2
2026-08-15 20:14:00,0.522,9,2
2026-08-15 20:20:00,0.499,5,2
2026-08-15 20:26:00,0.444,7,2
2026-08-15 20:32:00,0.475,4,2
2026-08-15 20:38:00,0.567,20,2
2026-08-15 20:44:00,0.458,11,2
2026-08-15 20:50:00,0.543,24,2
2026-08-15 20:56:00,0.461,18,2
2026-08-15 21:02:00,0.545,22,2
2026-08-15 21:08:00,0.452,30,2
2026-08-15 21:14:00,0.45,28,2
2026-08-15 21:20:00,0.461,30,2
2026-08-15 21:26:00,0.417,42,2
2026-08-15 21:32:00,0.456,19,2
2026-08-15 21:38:00,0.412,40,2
2026-08-15 21:44:00,0.316,65,2
2026-08-15 21:50:00,0.217,32,2
2026-08-15 21:56:00,0.168,40,2
2026-08-15 22:02:00,0.134,78,2
2026-08-15 22:08:00,0.233,80,2
2026-08-15 22:14:00,0.216,81,2
2026-08-15 22:20:00,0.175,87,2
2026-08-15 22:26:00,0.159,100,2
2026-08-15 22:32:00,0.18,97,2
2026-08-15 22:38:00,0.134,62,2
2026-08-15 22:44:00,0.129,67,2
2026-08-15 22:50:00,0.127,102,2
2026-08-15 22:56:00,0.132,114,2
2026-08-15 23:02:00,0.145,99,2
2026-08-15 23:08:00,0.089,121,2
2026-08-15 23:14:00,0.109,50,2
2026-08-15 23:20:00,0.041,188,2
2026-08-15 23:26:00,0.099,115,2
2026-08-15 23:32:00,0.063,308,2
2026-08-15 23:38:00,0.095,208,2
2026-08-15 23:44:00,0.111,222,2
2026-08-15 23:50:00,0.242,247,2
2026-08-15 23:56:00,0.238,230,2
2026-08-16 00:02:00,0.2,236,2
2026-08-16 00:08:00,0.268,221,2
2026-08-16 00:14:00,0.304,216,2
2026-08-16 00:20:00,0.467,217,2
2026-08-16 00:26:00,0.425,225,2
2026-08-16 00:32:00,0.242,194,2
2026-08-16 00:38:00,0.433,231,2
2026-08-16 00:44:00,0.4,237,2
2026-08-16 00:50:00,0.561,225,2
2026-08-16 00:56:00,0.488,214,2
2026-08-16 01:02:00,0.546,207,2
2026-08-16 01:08:00,0.51,188,2
2026-08-16 01:14:00,0.454,215,2
2026-08-16 01:20:00,0.521,227,2
2026-08-16 01:26:00,0.572,195,2
2026-08-16 01:32:00,0.588,210,2
2026-08-16 01:38:00,0.578,238,2
2026-08-16 01:44:00,0.435,231,2
2026-08-16 01:50:00,0.411,232,2
2026-08-16 01:56:00,0.551,214,2
2026-08-16 02:02:00,0.704,231,2
2026-08-16 02:08:00,0.544,214,2
2026-08-16 02:14:00,0.659,208,2
2026-08-16 02:20:00,0.465,206,2
2026-08-16 02:26:00,0.599,202,2
2026-08-16 02:32:00,0.577,214,2
2026-08-16 02:38:00,0.443,225,2
2026-08-16 02:44:00,0.529,204,2
2026-08-16 02:50:00,0.588,214,2
2026-08-16 02:56:00,0.516,210,2
2026-08-16 03:02:00,0.619,212,2
2026-08-16 03:08:00,0.62,195,2
2026-08-16 03:14:00,0.702,210,2
2026-08-16 03:20:00,0.694,224,2
2026-08-16 03:26:00,0.686,218,2
2026-08-16 03:32:00,0.571,209,2
2026-08-16 03:38:00,0.425,220,2
2026-08-16 03:44:00,0.47,210,2
2026-08-16 03:50:00,0.4,236,2
2026-08-16 03:56:00,0.336,208,2
2026-08-16 04:02:00,0.31,218,2
2026-08-16 04:08:00,0.472,193,2
2026-08-16 04:14:00,0.55,215,2
2026-08-16 04:20:00,0.505,201,2
2026-08-16 04:26:00,0.405,185,2
2026-08-16 04:32:00,0.414,210,2
2026-08-16 04:38:00,0.518,202,2
2026-08-16 04:44:00,0.484,188,2
2026-08-16 04:50:00,0.535,224,2
2026-08-16 04:56:00,0.582,218,2
2026-08-16 05:02:00,0.501,200,2
2026-08-16 05:08:00,0.507,242,2
2026-08-16 05:14:00,0.384,244,2
2026-08-16 05:20:00,0.362,228,2
2026-08-16 05:26:00,0.373,247,2
2026-08-16 05:32:00,0.339,219,2
2026-08-16 05:38:00,0.234,263,2
2026-08-16 05:44:00,0.117,309,2
2026-08-16 05:50:00,0.117,207,2
2026-08-16 05:56:00,0.122,291,2
2026-08-16 06:02:00,0.108,355,2
2026-08-16 06:08:00,0.143,19,2
2026-08-16 06:14:00,0.089,17,2
2026-08-16 06:20:00,0.217,10,2
2026-08-16 06:26:00,0.169,348,2
2026-08-16 06:32:00,0.279,344,2
2026-08-16 06:38:00,0.178,12,2
2026-08-16 06:44:00,0.271,10,2
2026-08-16 06:50:00,0.265,22,2
2026-08-16 06:56:00,0.253,15,2
2026-08-16 07:02:00,0.214,43,2
2026-08-16 07:08:00,0.319,30,2
2026-08-16 07:14:00,0.306,20,2
2026-08-16 07:20:00,0.444,10,2
2026-08-16 07:26:00,0.457,11,2
2026-08-16 07:32:00,0.339,5,2
2026-08-16 07:38:00,0.501,355,2
2026-08-16 07:44:00,0.419,12,2
2026-08-16 07:50:00,0.497,1,2
2026-08-16 07:56:00,0.481,16,2
2026-08-16 08:02:00,0.675,18,2
2026-08-16 08:08:00,0.676,8,2
2026-08-16 08:14:00,0.707,20,2
2026-08-16 08:20:00,0.667,12,2
2026-08-16 08:26:00,0.664,0,2
2026-08-16 08:32:00,0.657,6,2
2026-08-16 08:38:00,0.694,5,2
2026-08-16 08:44:00,0.667,10,2
2026-08-16 08:50:00,0.546,348,2
2026-08-16 08:56:00,0.542,5,2
2026-08-16 09:02:00,0.455,26,2
2026-08-16 09:08:00,0.476,6,2
2026-08-16 09:14:00,0.497,359,2
2026-08-16 09:20:00,0.475,7,2
2026-08-16 09:26:00,0.593,5,2
2026-08-16 09:32:00,0.523,18,2
2026-08-16 09:38:00,0.524,16,2
2026-08-16 09:44:00,0.516,355,2
2026-08-16 09:50:00,0.424,1,2
2026-08-16 09:56:00,0.488,25,2
2026-08-16 10:02:00,0.411,355,2
2026-08-16 10:08:00,0.318,10,2
2026-08-16 10:14:00,0.303,13,2
2026-08-16 10:20:00,0.38,2,2
2026-08-16 10:26:00,0.186,31,2
2026-08-16 10:32:00,0.387,16,2
2026-08-16 10:38:00,0.217,33,2
2026-08-16 10:44:00,0.141,28,2
2026-08-16 10:50:00,0.182,35,2
2026-08-16 10:56:00,0.247,6,2
2026-08-16 11:02:00,0.107,67,2
2026-08-16 11:08:00,0.238,18,2
2026-08-16 11:14:00,0.103,24,2
2026-08-16 11:20:00,0.167,357,2
2026-08-16 11:26:00,0.19,33,2
2026-08-16 11:32:00,0.094,72,2
2026-08-16 11:38:00,0.156,1,2
2026-08-16 11:44:00,0.022,322,2
2026-08-16 11:50:00,0.06,82,2
2026-08-16 11:56:00,0.101,40,2
2026-08-16 12:02:00,0.051,254,2
2026-08-16 12:08:00,0.032,316,2
2026-08-16 12:14:00,0.047,263,2
2026-08-16 12:20:00,0.062,246,2
2026-08-16 12:26:00,0.069,216,2
2026-08-16 12:32:00,0.051,248,2
2026-08-16 12:38:00,0.1,290,2
2026-08-16 12:44:00,0.118,286,2
2026-08-16 12:50:00,0.013,232,2
2026-08-16 12:56:00,0.057,220,2
2026-08-16 13:02:00,0.157,208,2
2026-08-16 13:08:00,0.119,248,2
2026-08-16 13:14:00,0.115,260,2
2026-08-16 13:20:00,0.096,206,2
2026-08-16 13:26:00,0.073,189,2
2026-08-16 13:32:00,0.1,234,2
2026-08-16 13:38:00,0.004,105,2
2026-08-16 13:44:00,0.138,233,2
2026-08-16 13:50:00,0.238,270,2
2026-08-16 13:56:00,0.118,224,2
2026-08-16 14:02:00,0.216,204,2
2026-08-16 14:08:00,0.162,187,2
2026-08-16 14:14:00,0.138,185,2
2026-08-16 14:20:00,0.114,176,2
2026-08-16 14:26:00,0.146,171,2
2026-08-16 14:32:00,0.143,232,2
2026-08-16 14:38:00,0.162,162,2
2026-08-16 14:44:00,0.187,146,2
2026-08-16 14:50:00,0.152,163,2
2026-08-16 14:56:00,0.059,137,2
2026-08-16 15:02:00,0.149,138,2
2026-08-16 15:08:00,0.028,112,2
2026-08-16 15:14:00,0.192,147,2
2026-08-16 15:20:00,0.103,171,2
2026-08-16 15:26:00,0.197,135,2
2026-08-16 15:32:00,0.195,154,2
2026-08-16 15:38:00,0.2,203,2
2026-08-16 15:44:00,0.25,157,2
2026-08-16 15:50:00,0.217,147,2
2026-08-16 15:56:00,0.205,200,2
2026-08-16 16:02:00,0.243,114,2
2026-08-16 16:08:00,0.175,184,2
2026-08-16 16:14:00,0.219,154,2
2026-08-16 16:20:00,0.215,121,2
2026-08-16 16:26:00,0.15,142,2
2026-08-16 16:32:00,0.224,139,2
2026-08-16 16:38:00,0.171,142,2
2026-08-16 16:44:00,0.125,111,2
2026-08-16 16:50:00,0.181,171,2
2026-08-16 16:56:00,0.121,127,2
2026-08-16 17:02:00,0.201,123,2
2026-08-16 17:08:00,0.178,105,2
2026-08-16 17:14:00,0.235,104,2
2026-08-16 17:20:00,0.191,105,2
2026-08-16 17:26:00,0.186,96,2
2026-08-16 17:32:00,0.251,68,2
2026-08-16 17:38:00,0.226,76,2
2026-08-16 17:44:00,0.241,34,2
2026-08-16 17:50:00,0.252,20,2
2026-08-16 17:56:00,0.261,47,2
2026-08-16 18:02:00,0.295,26,2
2026-08-16 18:08:00,0.3,10,2
2026-08-16 18:14:00,0.321,25,2
2026-08-16 18:20:00,0.376,14,2
2026-08-16 18:26:00,0.35,5,2
2026-08-16 18:32:00,0.586,15,2
2026-08-16 18:38:00,0.603,14,2
2026-08-16 18:44:00,0.66,13,2
2026-08-16 18:50:00,0.665,16,2
2026-08-16 18:56:00,0.7,1,2
2026-08-16 19:02:00,0.729,18,2
2026-08-16 19:08:00,0.747,1,2
2026-08-16 19:14:00,0.744,4,2
2026-08-16 19:20:00,0.945,8,2
2026-08-16 19:26:00,0.839,8,2
2026-08-16 19:32:00,0.804,6,2
2026-08-16 19:38:00,0.762,12,2
2026-08-16 19:44:00,0.857,15,2
2026-08-16 19:50:00,0.978,12,2
2026-08-16 19:56:00,1.119,18,2
2026-08-16 20:02:00,1.205,10,2
2026-08-16 20:08:00,1.223,13,2
2026-08-16 20:14:00,1.214,16,2
2026-08-16 20:20:00,1.376,9,2
2026-08-16 20:26:00,1.339,23,2
2026-08-16 20:32:00,1.479,24,2
2026-08-16 20:38:00,1.595,16,2
2026-08-16 20:44:00,1.522,18,2
2026-08-16 20:50:00,1.561,12,2
2026-08-16 20:56:00,1.515,12,2
2026-08-16 21:02:00,1.434,29,2
2026-08-16 21:08:00,1.553,28,2
2026-08-16 21:14:00,1.448,14,2
2026-08-16 21:20:00,1.61,14,2
2026-08-16 21:26:00,1.57,10,2
2026-08-16 21:32:00,1.63,18,2
2026-08-16 21:38:00,1.464,20,2
2026-08-16 21:44:00,1.56,15,2
2026-08-16 21:50:00,1.535,22,2
2026-08-16 21:56:00,1.467,22,2
2026-08-16 22:02:00,1.438,13,2
2026-08-16 22:08:00,1.282,16,2
2026-08-16 22:14:00,1.268,20,2
2026-08-16 22:20:00,1.294,23,2
2026-08-16 22:26:00,1.165,19,2
2026-08-16 22:32:00,1.189,20,2
2026-08-16 22:38:00,1.145,25,2
2026-08-16 22:44:00,1.059,22,2
2026-08-16 22:50:00,0.947,30,2
2026-08-16 22:56:00,0.966,21,2
2026-08-16 23:02:00,0.877,24,2
2026-08-16 23:08:00,0.901,22,2
2026-08-16 23:14:00,0.85,20,2
2026-08-16 23:20:00,0.78,30,2
2026-08-16 23:26:00,0.822,28,2
2026-08-16 23:32:00,0.765,26,2
2026-08-16 23:38:00,0.562,16,2
2026-08-16 23:44:00,0.578,12,2
2026-08-16 23:50:00,0.438,12,2
2026-08-16 23:56:00,0.404,26,2
2026-08-17 00:02:00,0.369,10,2
2026-08-17 00:08:00,0.371,0,2
2026-08-17 00:14:00,0.458,355,2
2026-08-17 00:20:00,0.433,22,2
2026-08-17 00:26:00,0.471,42,2
2026-08-17 00:32:00,0.315,36,2
2026-08-17 00:38:00,0.266,355,2
2026-08-17 00:44:00,0.31,3,2
2026-08-17 00:50:00,0.221,354,2
2026-08-17 00:56:00,0.127,355,2
2026-08-17 01:02:00,0.095,14,2
2026-08-17 01:08:00,0.014,357,2
2026-08-17 01:14:00,0.106,42,2
2026-08-17 01:20:00,0.079,114,2
2026-08-17 01:26:00,0.071,178,2
2026-08-17 01:32:00,0.136,168,2
2026-08-17 01:38:00,0.154,150,2
2026-08-17 01:44:00,0.13,232,2
2026-08-17 01:50:00,0.212,215,2
2026-08-17 01:56:00,0.273,235,2
2026-08-17 02:02:00,0.247,130,2
2026-08-17 02:08:00,0.251,210,2
2026-08-17 02:14:00,0.255,221,2
2026-08-17 02:20:00,0.259,195,2
2026-08-17 02:26:00,0.222,173,2
2026-08-17 02:32:00,0.379,166,2
2026-08-17 02:38:00,0.545,178,2
2026-08-17 02:44:00,0.629,196,2
2026-08-17 02:50:00,0.756,222,2
2026-08-17 02:56:00,0.755,184,2
2026-08-17 03:02:00,0.768,225,2
2026-08-17 03:08:00,0.9,207,2
2026-08-17 03:14:00,0.828,217,2
2026-08-17 03:20:00,0.91,219,2
2026-08-17 03:26:00,0.89,193,2
2026-08-17 03:32:00,0.838,220,2
2026-08-17 03:38:00,0.666,234,2
2026-08-17 03:44:00,0.956,228,2
2026-08-17 03:50:00,1.059,211,2
2026-08-17 03:56:00,1.0,226,2
2026-08-17 04:02:00,1.31,210,2
2026-08-17 04:08:00,1.26,224,2
2026-08-17 04:14:00,1.284,222,2
2026-08-17 04:20:00,1.361,198,2
2026-08-17 04:26:00,1.504,209,2
2026-08-17 04:32:00,1.482,231,2
2026-08-17 04:38:00,1.455,215,2
2026-08-17 04:44:00,1.434,209,2
2026-08-17 04:50:00,1.372,211,2
2026-08-17 04:56:00,1.468,224,2
2026-08-17 05:02:00,1.548,211,2
2026-08-17 05:08:00,1.42,226,2
2026-08-17 05:14:00,1.337,218,2
2026-08-17 05:20:00,1.39,230,2
2026-08-17 05:26:00,1.466,229,2
2026-08-17 05:32:00,1.239,201,2
2026-08-17 05:38:00,1.191,216,2
2026-08-17 05:44:00,1.162,220,2
2026-08-17 05:50:00,1.256,218,2
2026-08-17 06:02:00,1.065,228,2
2026-08-17 06:08:00,1.113,209,2
2026-08-17 06:14:00,1.152,206,2
2026-08-17 06:20:00,1.227,216,2
2026-08-17 06:26:00,1.122,229,2
2026-08-17 06:32:00,0.956,238,2
2026-08-17 06:38:00,0.816,222,2
2026-08-17 06:44:00,0.742,228,2
2026-08-17 06:50:00,0.728,225,2
2026-08-17 06:56:00,0.695,230,2
2026-08-17 07:02:00,0.633,243,2
2026-08-17 07:08:00,0.488,243,2
2026-08-17 07:14:00,0.492,215,2
2026-08-17 07:20:00,0.368,197,2
2026-08-17 07:26:00,0.276,228,2
2026-08-17 07:32:00,0.163,256,2
2026-08-17 07:38:00,0.132,239,2
2026-08-17 07:44:00,0.053,239,2
2026-08-17 07:50:00,0.271,286,2
2026-08-17 07:56:00,0.167,276,2
2026-08-17 08:02:00,0.238,316,2
2026-08-17 08:08:00,0.154,310,2
2026-08-17 08:14:00,0.174,325,2
2026-08-17 08:20:00,0.212,331,2
2026-08-17 08:26:00,0.149,160,2
2026-08-17 08:32:00,0.218,7,2
2026-08-17 08:38:00,0.322,19,2
2026-08-17 08:44:00,0.343,23,2
2026-08-17 08:50:00,0.346,9,2
2026-08-17 08:56:00,0.427,16,2
2026-08-17 09:02:00,0.435,27,2
2026-08-17 09:08:00,0.356,15,2
2026-08-17 09:14:00,0.296,10,2
2026-08-17 09:20:00,0.438,12,2
2026-08-17 09:26:00,0.33,11,2
2026-08-17 09:32:00,0.294,358,2
2026-08-17 09:38:00,0.263,11,2
2026-08-17 09:44:00,0.211,21,2
2026-08-17 09:50:00,0.119,348,2
2026-08-17 09:56:00,0.096,2,2
2026-08-17 10:02:00,0.123,47,2
2026-08-17 10:08:00,0.097,21,2
2026-08-17 10:14:00,0.196,6,2
2026-08-17 10:20:00,0.168,344,2
2026-08-17 10:26:00,0.088,60,2
2026-08-17 10:32:00,0.065,6,2
2026-08-17 10:38:00,0.027,99,2
2026-08-17 10:44:00,0.064,12,2
2026-08-17 10:50:00,0.077,107,2
2026-08-17 10:56:00,0.107,247,2
2026-08-17 11:02:00,0.082,60,2
2026-08-17 11:08:00,0.121,12,2
2026-08-17 11:14:00,0.117,255,2
2026-08-17 11:20:00,0.2,258,2
2026-08-17 11:26:00,0.124,295,2
2026-08-17 11:32:00,0.079,238,2
2026-08-17 11:38:00,0.148,213,2
2026-08-17 11:44:00,0.117,282,2
2026-08-17 11:50:00,0.119,348,2
2026-08-17 11:56:00,0.061,89,2
2026-08-17 12:02:00,0.016,348,2
2026-08-17 12:08:00,0.054,194,2
2026-08-17 12:14:00,0.071,189,2
2026-08-17 12:20:00,0.051,229,2
2026-08-17 12:26:00,0.082,254,2
2026-08-17 12:32:00,0.077,179,2
2026-08-17 12:38:00,0.084,166,2
2026-08-17 12:44:00,0.148,179,2
2026-08-17 12:50:00,0.304,193,2
2026-08-17 12:56:00,0.238,187,2
2026-08-17 13:02:00,0.19,195,2
2026-08-17 13:08:00,0.277,191,2
2026-08-17 13:14:00,0.3,233,2
2026-08-17 13:20:00,0.314,207,2
2026-08-17 13:26:00,0.411,182,2
2026-08-17 13:32:00,0.464,181,2
2026-08-17 13:38:00,0.462,209,2
2026-08-17 13:44:00,0.502,176,2
2026-08-17 13:50:00,0.48,180,2
2026-08-17 13:56:00,0.6,207,2
2026-08-17 14:02:00,0.728,188,2
2026-08-17 14:08:00,0.743,176,2
2026-08-17 14:14:00,0.796,198,2
2026-08-17 14:20:00,0.85,190,2
2026-08-17 14:26:00,0.822,210,2
2026-08-17 14:32:00,0.637,202,2
2026-08-17 14:38:00,0.516,201,2
2026-08-17 14:44:00,0.485,196,2
2026-08-17 14:50:00,0.522,180,2
2026-08-17 15:02:00,0.928,212,2
2026-08-17 15:08:00,0.825,212,2
2026-08-17 15:14:00,0.798,210,2
2026-08-17 15:20:00,0.792,195,2
2026-08-17 15:26:00,0.809,198,2
2026-08-17 15:32:00,0.667,203,2
2026-08-17 15:38:00,0.696,196,2
2026-08-17 15:44:00,0.822,209,2
2026-08-17 15:50:00,0.947,195,2
2026-08-17 15:56:00,0.946,212,2
2026-08-17 16:02:00,0.843,211,2
2026-08-17 16:08:00,0.895,197,2
2026-08-17 16:14:00,0.752,214,2
2026-08-17 16:20:00,0.75,213,2
2026-08-17 16:26:00,0.753,218,2
2026-08-17 16:32:00,0.563,216,2
2026-08-17 16:38:00,0.469,212,2
2026-08-17 16:44:00,0.461,204,2
2026-08-17 16:50:00,0.499,213,2
2026-08-17 16:56:00,0.859,211,2
2026-08-17 17:02:00,0.532,218,2
2026-08-17 17:08:00,0.73,206,2
2026-08-17 17:14:00,0.538,189,2
2026-08-17 17:20:00,0.537,204,2
2026-08-17 17:26:00,0.439,208,2
2026-08-17 17:32:00,0.353,194,2
2026-08-17 17:38:00,0.299,188,2
2026-08-17 17:44:00,0.292,198,2
2026-08-17 17:50:00,0.31,196,2
2026-08-17 17:56:00,0.266,223,2
2026-08-17 18:02:00,0.116,227,2
2026-08-17 18:08:00,0.144,249,2
2026-08-17 18:14:00,0.088,271,2
2026-08-17 18:20:00,0.126,295,2
2026-08-17 18:26:00,0.03,290,2
2026-08-17 18:32:00,0.132,300,2
2026-08-17 18:38:00,0.077,6,2
2026-08-17 18:44:00,0.133,336,2
2026-08-17 18:50:00,0.146,32,2
2026-08-17 18:56:00,0.079,13,2
2026-08-17 19:02:00,0.161,348,2
2026-08-17 19:08:00,0.13,18,2
2026-08-17 19:14:00,0.102,357,2
2026-08-17 19:32:00,0.187,357,2
2026-08-17 19:44:00,0.127,18,2
2026-08-17 20:02:00,0.242,326,2
2026-08-17 20:08:00,0.173,352,2
2026-08-17 20:14:00,0.274,339,2
2026-08-17 20:20:00,0.267,7,2
2026-08-17 20:26:00,0.333,13,2
2026-08-17 20:32:00,0.294,358,2
2026-08-17 20:38:00,0.435,353,2
2026-08-17 20:44:00,0.516,3,2
2026-08-17 20:50:00,0.592,4,2
2026-08-17 20:56:00,0.587,0,2
2026-08-17 21:02:00,0.684,16,2
2026-08-17 21:08:00,0.714,3,2
2026-08-17 21:14:00,0.681,2,2
2026-08-17 21:20:00,0.7,1,2
2026-08-17 21:26:00,0.809,26,2
2026-08-17 21:32:00,0.846,356,2
2026-08-17 21:38:00,0.775,9,2
2026-08-17 21:44:00,0.693,16,2
2026-08-17 21:50:00,0.725,9,2
2026-08-17 21:56:00,0.729,6,2
2026-08-17 22:02:00,0.747,351,2
2026-08-17 22:08:00,0.826,359,2
2026-08-17 22:14:00,0.784,15,2
2026-08-17 22:20:00,0.703,25,2
2026-08-17 22:26:00,0.718,16,2
2026-08-17 22:32:00,0.818,16,2
2026-08-17 22:38:00,0.778,13,2
2026-08-17 22:44:00,0.743,7,2
2026-08-17 22:50:00,0.667,22,2
2026-08-17 22:56:00,0.568,38,2
2026-08-17 23:02:00,0.447,35,2
2026-08-17 23:08:00,0.397,7,2
2026-08-17 23:14:00,0.427,48,2
2026-08-17 23:20:00,0.388,33,2
2026-08-17 23:26:00,0.364,11,2
2026-08-17 23:32:00,0.37,35,2
2026-08-17 23:38:00,0.189,24,2
2026-08-17 23:44:00,0.266,10,2
2026-08-17 23:50:00,0.279,3,2
2026-08-17 23:56:00,0.189,346,2
2026-08-18 00:02:00,0.17,22,2
2026-08-18 00:08:00,0.068,7,2
2026-08-18 00:14:00,0.167,59,2
2026-08-18 00:20:00,0.118,29,2
2026-08-18 00:26:00,0.103,60,2
2026-08-18 00:32:00,0.144,61,2
2026-08-18 00:38:00,0.09,70,2
2026-08-18 00:44:00,0.083,89,2
2026-08-18 00:50:00,0.153,93,2
2026-08-18 00:56:00,0.137,123,2
2026-08-18 01:02:00,0.13,129,2
2026-08-18 01:08:00,0.127,165,2
2026-08-18 01:14:00,0.206,166,2
2026-08-18 01:20:00,0.24,202,2
2026-08-18 01:26:00,0.264,225,2
2026-08-18 01:32:00,0.291,188,2
2026-08-18 01:38:00,0.338,213,2
2026-08-18 01:44:00,0.332,209,2
2026-08-18 01:50:00,0.382,195,2
2026-08-18 01:56:00,0.492,223,2
2026-08-18 02:02:00,0.418,170,2
2026-08-18 02:08:00,0.564,179,2
2026-08-18 02:14:00,0.394,172,2
2026-08-18 02:20:00,0.41,192,2
2026-08-18 02:26:00,0.512,211,2
2026-08-18 02:32:00,0.438,228,2
2026-08-18 02:38:00,0.483,212,2
2026-08-18 02:44:00,0.544,215,2
2026-08-18 02:50:00,0.68,224,2
2026-08-18 02:56:00,0.551,203,2
2026-08-18 03:02:00,0.566,208,2
2026-08-18 03:08:00,0.612,201,2
2026-08-18 03:14:00,0.654,192,2
2026-08-18 03:20:00,0.618,204,2
2026-08-18 03:26:00,0.729,206,2
2026-08-18 03:32:00,0.773,194,2
2026-08-18 03:38:00,0.904,207,2
2026-08-18 03:44:00,0.841,213,2
2026-08-18 03:50:00,0.9,203,2
2026-08-18 03:56:00,0.884,204,2
2026-08-18 04:02:00,0.876,205,2
2026-08-18 04:08:00,0.83,204,2
2026-08-18 04:14:00,0.722,213,2
2026-08-18 04:20:00,0.71,206,2
2026-08-18 04:26:00,0.809,207,2
2026-08-18 04:32:00,0.941,211,2
2026-08-18 04:38:00,1.013,207,2
2026-08-18 04:44:00,0.991,203,2
2026-08-18 04:50:00,1.063,212,2
2026-08-18 04:56:00,0.766,211,2
2026-08-18 05:02:00,0.907,205,2
2026-08-18 05:08:00,0.894,208,2
2026-08-18 05:14:00,0.96,258,2
2026-08-18 05:20:00,0.876,227,2
2026-08-18 05:26:00,1.058,234,2
2026-08-18 05:32:00,0.787,224,2
2026-08-18 05:38:00,0.723,218,2
2026-08-18 05:44:00,0.686,211,2
2026-08-18 05:56:00,0.613,215,2
2026-08-18 06:02:00,0.365,209,2
2026-08-18 06:08:00,0.248,191,2
2026-08-18 06:14:00,0.305,192,2
2026-08-18 06:20:00,0.269,191,2
2026-08-18 06:26:00,0.336,209,2
2026-08-18 06:32:00,0.315,208,2
2026-08-18 06:38:00,0.25,199,2
2026-08-18 06:44:00,0.206,180,2
2026-08-18 06:50:00,0.19,203,2
2026-08-18 06:56:00,0.14,217,2
2026-08-18 07:02:00,0.036,308,2
2026-08-18 07:08:00,0.076,255,2
2026-08-18 07:14:00,0.143,194,2
2026-08-18 07:20:00,0.126,223,2
2026-08-18 07:26:00,0.084,225,2
2026-08-18 07:32:00,0.062,156,2
2026-08-18 07:38:00,0.069,230,2
2026-08-18 07:44:00,0.039,315,2
2026-08-18 07:50:00,0.095,323,2
2026-08-18 07:56:00,0.162,7,2
2026-08-18 08:02:00,0.206,352,2
2026-08-18 08:08:00,0.285,10,2
2026-08-18 08:14:00,0.301,21,2
2026-08-18 08:20:00,0.346,20,2
2026-08-18 08:26:00,0.323,28,2
2026-08-18 08:32:00,0.33,29,2
2026-08-18 08:38:00,0.327,24,2
2026-08-18 08:44:00,0.389,42,2
2026-08-18 08:50:00,0.356,41,2
2026-08-18 08:56:00,0.352,49,2
2026-08-18 09:02:00,0.3,55,2
2026-08-18 09:08:00,0.257,42,2
2026-08-18 09:14:00,0.271,9,2
2026-08-18 09:20:00,0.236,29,2
2026-08-18 09:26:00,0.208,30,2
2026-08-18 09:32:00,0.239,34,2
2026-08-18 09:38:00,0.306,56,2
2026-08-18 09:44:00,0.327,31,2
2026-08-18 09:50:00,0.278,63,2
2026-08-18 09:56:00,0.245,54,2
2026-08-18 10:02:00,0.193,36,2
2026-08-18 10:08:00,0.239,64,2
2026-08-18 10:14:00,0.262,50,2
2026-08-18 10:20:00,0.317,42,2
2026-08-18 10:26:00,0.352,65,2
2026-08-18 10:32:00,0.316,29,2
2026-08-18 10:38:00,0.179,26,2
2026-08-18 10:44:00,0.259,47,2
2026-08-18 10:50:00,0.332,27,2
2026-08-18 10:56:00,0.253,37,2
2026-08-18 11:02:00,0.296,52,2
2026-08-18 11:08:00,0.295,37,2
2026-08-18 11:14:00,0.299,56,2
2026-08-18 11:32:00,0.276,41,2
2026-08-18 11:38:00,0.132,96,2
2026-08-18 11:44:00,0.107,33,2
2026-08-18 11:50:00,0.087,78,2
2026-08-18 11:56:00,0.028,118,2
2026-08-18 12:02:00,0.094,134,2
2026-08-18 12:08:00,0.08,77,2
2026-08-18 12:14:00,0.142,122,2
2026-08-18 12:20:00,0.06,24,2
2026-08-18 12:26:00,0.048,285,2
2026-08-18 12:32:00,0.029,42,2
2026-08-18 12:38:00,0.018,290,2
2026-08-18 12:44:00,0.062,156,2
2026-08-18 12:50:00,0.146,197,2
2026-08-18 12:56:00,0.141,227,2
2026-08-18 13:02:00,0.141,224,2
2026-08-18 13:08:00,0.217,202,2
2026-08-18 13:14:00,0.22,212,2
2026-08-18 13:20:00,0.219,188,2
2026-08-18 13:26:00,0.144,178,2
2026-08-18 13:32:00,0.08,150,2
2026-08-18 13:38:00,0.09,165,2
2026-08-18 13:44:00,0.144,191,2
2026-08-18 13:50:00,0.167,224,2
2026-08-18 13:56:00,0.183,220,2
2026-08-18 14:02:00,0.139,224,2
2026-08-18 14:08:00,0.113,216,2
2026-08-18 14:14:00,0.072,201,2
2026-08-18 14:20:00,0.171,200,2
2026-08-18 14:26:00,0.29,216,2
2026-08-18 14:32:00,0.374,207,2
2026-08-18 14:38:00,0.278,213,2
2026-08-18 14:44:00,0.373,198,2
2026-08-18 14:50:00,0.461,195,2
2026-08-18 14:56:00,0.341,204,2
2026-08-18 15:02:00,0.363,231,2
2026-08-18 15:08:00,0.332,223,2
2026-08-18 15:14:00,0.329,217,2
2026-08-18 15:20:00,0.432,212,2
2026-08-18 15:26:00,0.589,232,2
2026-08-18 15:32:00,0.715,199,2
2026-08-18 15:44:00,0.693,201,2
2026-08-18 15:50:00,0.45,223,2
2026-08-18 15:56:00,0.406,179,2
2026-08-18 16:02:00,0.453,185,2
2026-08-18 16:08:00,0.341,212,2
2026-08-18 16:14:00,0.292,202,2
2026-08-18 16:20:00,0.222,196,2
2026-08-18 16:26:00,0.21,194,2
2026-08-18 16:32:00,0.159,235,2
2026-08-18 16:38:00,0.298,197,2
2026-08-18 16:44:00,0.287,189,2
2026-08-18 16:50:00,0.26,184,2
2026-08-18 16:56:00,0.144,171,2
2026-08-18 17:02:00,0.193,181,2
2026-08-18 17:08:00,0.208,188,2
2026-08-18 17:14:00,0.217,195,2
2026-08-18 17:20:00,0.284,184,2
2026-08-18 17:26:00,0.401,207,2
2026-08-18 17:32:00,0.338,194,2
2026-08-18 17:38:00,0.26,196,2
2026-08-18 17:44:00,0.139,222,2
2026-08-18 17:50:00,0.125,158,2
2026-08-18 17:56:00,0.074,211,2
2026-08-18 18:02:00,0.08,207,2
2026-08-18 18:08:00,0.099,269,2
2026-08-18 18:14:00,0.08,257,2
2026-08-18 18:20:00,0.12,213,2
2026-08-18 18:26:00,0.138,219,2
2026-08-18 18:32:00,0.07,222,2
2026-08-18 18:38:00,0.054,91,2
2026-08-18 18:44:00,0.062,324,2
2026-08-18 18:50:00,0.103,345,2
2026-08-18 18:56:00,0.066,317,2
2026-08-18 19:02:00,0.111,34,2
2026-08-18 19:08:00,0.136,16,2
2026-08-18 19:14:00,0.154,15,2
2026-08-18 19:20:00,0.206,24,2
2026-08-18 19:26:00,0.213,34,2
2026-08-18 19:32:00,0.31,41,2
2026-08-18 19:38:00,0.367,45,2
2026-08-18 19:44:00,0.302,38,2
2026-08-18 19:50:00,0.348,23,2
2026-08-18 19:56:00,0.175,21,2
2026-08-18 20:02:00,0.153,356,2
2026-08-18 20:08:00,0.253,1,2
2026-08-18 20:14:00,0.293,14,2
2026-08-18 20:20:00,0.345,7,2
2026-08-18 20:26:00,0.47,13,2
2026-08-18 20:32:00,0.477,12,2
2026-08-18 20:38:00,0.541,11,2
2026-08-18 20:44:00,0.67,19,2
2026-08-18 20:50:00,0.703,28,2
2026-08-18 20:56:00,0.836,28,2
2026-08-18 21:02:00,0.717,27,2
2026-08-18 21:08:00,0.759,8,2
2026-08-18 21:14:00,0.78,23,2
2026-08-18 21:20:00,0.806,17,2
2026-08-18 21:26:00,0.86,24,2
2026-08-18 21:32:00,0.879,41,2
2026-08-18 21:38:00,0.883,19,2
2026-08-18 21:44:00,0.933,19,2
2026-08-18 21:50:00,0.896,15,2
2026-08-18 21:56:00,1.019,8,2
2026-08-18 22:02:00,0.956,26,2
2026-08-18 22:08:00,0.843,11,2
2026-08-18 22:14:00,0.837,34,2
2026-08-18 22:20:00,0.743,27,2
2026-08-18 22:26:00,0.76,38,2
2026-08-18 22:32:00,0.844,35,2
2026-08-18 22:38:00,0.754,37,2
2026-08-18 22:44:00,0.761,38,2
2026-08-18 22:50:00,0.8,28,2
2026-08-18 22:56:00,0.787,39,2
2026-08-18 23:02:00,0.729,31,2
2026-08-18 23:08:00,0.734,32,2
2026-08-18 23:14:00,0.703,39,2
2026-08-18 23:20:00,0.664,23,2
2026-08-18 23:26:00,0.644,31,2
2026-08-18 23:32:00,0.532,31,2
2026-08-18 23:38:00,0.575,27,2
2026-08-18 23:44:00,0.537,20,2
2026-08-18 23:50:00,0.535,14,2
2026-08-18 23:56:00,0.491,34,2
2026-08-19 00:02:00,0.378,48,2
2026-08-19 00:08:00,0.343,44,2
2026-08-19 00:14:00,0.287,35,2
2026-08-19 00:20:00,0.318,39,2
2026-08-19 00:26:00,0.337,57,2
2026-08-19 00:32:00,0.24,48,2
2026-08-19 00:38:00,0.234,21,2
2026-08-19 00:44:00,0.155,67,2
2026-08-19 00:50:00,0.129,91,2
2026-08-19 00:56:00,0.199,89,2
2026-08-19 01:02:00,0.1,40,2
2026-08-19 01:08:00,0.042,57,2
2026-08-19 01:14:00,0.16,64,2
2026-08-19 01:20:00,0.095,88,2
2026-08-19 01:26:00,0.008,92,2
2026-08-19 01:32:00,0.023,13,2
2026-08-19 01:38:00,0.124,307,2
2026-08-19 01:44:00,0.315,321,2
2026-08-19 01:50:00,0.225,308,2
2026-08-19 01:56:00,0.129,202,2
2026-08-19 02:02:00,0.199,172,2
2026-08-19 02:08:00,0.129,187,2
2026-08-19 02:14:00,0.233,204,2
2026-08-19 02:20:00,0.161,201,2
2026-08-19 02:26:00,0.24,193,2
2026-08-19 02:32:00,0.25,187,2
2026-08-19 02:38:00,0.31,235,2
2026-08-19 02:44:00,0.273,199,2
2026-08-19 02:50:00,0.27,194,2
2026-08-19 02:56:00,0.329,196,2
2026-08-19 03:02:00,0.397,231,2
2026-08-19 03:08:00,0.502,235,2
2026-08-19 03:14:00,0.503,222,2
2026-08-19 03:20:00,0.478,207,2
2026-08-19 03:26:00,0.494,208,2
2026-08-19 03:32:00,0.528,190,2
2026-08-19 03:38:00,0.441,221,2
2026-08-19 03:44:00,0.432,213,2
2026-08-19 03:50:00,0.524,229,2
2026-08-19 03:56:00,0.555,201,2
2026-08-19 04:02:00,0.549,244,2
2026-08-19 04:08:00,0.626,224,2
2026-08-19 04:14:00,0.48,217,2
2026-08-19 04:20:00,0.488,208,2
2026-08-19 04:26:00,0.502,216,2
2026-08-19 04:32:00,0.565,223,2
2026-08-19 04:38:00,0.492,231,2
2026-08-19 04:44:00,0.601,225,2
2026-08-19 04:50:00,0.641,221,2
2026-08-19 04:56:00,0.712,212,2
2026-08-19 05:02:00,0.743,210,2
2026-08-19 05:08:00,0.732,205,2
2026-08-19 05:14:00,0.647,208,2
2026-08-19 05:20:00,0.756,197,2
2026-08-19 05:26:00,0.614,206,2
2026-08-19 05:32:00,0.588,192,2
2026-08-19 05:38:00,0.598,205,2
2026-08-19 05:44:00,0.766,205,2
2026-08-19 05:50:00,0.816,213,2
2026-08-19 05:56:00,0.946,214,2
2026-08-19 06:02:00,0.837,222,2
2026-08-19 06:08:00,0.921,222,2
2026-08-19 06:14:00,0.934,211,2
2026-08-19 06:20:00,0.579,197,2
2026-08-19 06:26:00,0.507,210,2
2026-08-19 06:32:00,0.478,188,2
2026-08-19 06:38:00,0.454,187,2
2026-08-19 06:44:00,0.33,194,2
2026-08-19 06:50:00,0.499,183,2
2026-08-19 06:56:00,0.327,171,2
2026-08-19 07:02:00,0.343,173,2
2026-08-19 07:08:00,0.412,166,2
2026-08-19 07:14:00,0.393,168,2
2026-08-19 07:20:00,0.375,192,2
2026-08-19 07:26:00,0.369,173,2
2026-08-19 07:32:00,0.377,173,2
2026-08-19 07:38:00,0.336,182,2
2026-08-19 07:44:00,0.402,195,2
2026-08-19 07:50:00,0.473,194,2
2026-08-19 07:56:00,0.385,206,2
2026-08-19 08:02:00,0.442,206,2
2026-08-19 08:08:00,0.401,193,2
2026-08-19 08:14:00,0.343,192,2
2026-08-19 08:20:00,0.346,205,2
2026-08-19 08:26:00,0.328,206,2
2026-08-19 08:32:00,0.306,206,2
2026-08-19 08:38:00,0.245,201,2
2026-08-19 08:44:00,0.155,251,2
2026-08-19 08:50:00,0.083,301,2
2026-08-19 08:56:00,0.018,342,2
2026-08-19 09:02:00,0.064,348,2
2026-08-19 09:08:00,0.178,355,2
2026-08-19 09:14:00,0.344,4,2
2026-08-19 09:20:00,0.215,3,2
2026-08-19 09:26:00,0.233,346,2
2026-08-19 09:32:00,0.23,346,2
2026-08-19 09:38:00,0.185,346,2
2026-08-19 09:44:00,0.225,3,2
2026-08-19 09:50:00,0.21,22,2
2026-08-19 09:56:00,0.268,355,2
2026-08-19 10:02:00,0.129,3,2
2026-08-19 10:08:00,0.236,357,2
2026-08-19 10:14:00,0.189,0,2
2026-08-19 10:20:00,0.138,12,2
2026-08-19 10:26:00,0.113,17,2
2026-08-19 10:32:00,0.098,7,2
2026-08-19 10:38:00,0.082,352,2
2026-08-19 10:44:00,0.078,18,2
2026-08-19 10:50:00,0.047,324,2
2026-08-19 10:56:00,0.085,312,2
2026-08-19 11:02:00,0.038,33,2
2026-08-19 11:08:00,0.084,335,2
2026-08-19 11:14:00,0.177,6,2
2026-08-19 11:20:00,0.227,56,2
2026-08-19 11:26:00,0.181,59,2
2026-08-19 11:32:00,0.209,49,2
2026-08-19 11:38:00,0.177,17,2
2026-08-19 11:44:00,0.117,50,2
2026-08-19 11:50:00,0.12,15,2
2026-08-19 11:56:00,0.176,26,2
2026-08-19 12:02:00,0.11,35,2
2026-08-19 12:08:00,0.157,336,2
2026-08-19 12:14:00,0.149,342,2
2026-08-19 12:20:00,0.3,11,2
2026-08-19 12:26:00,0.192,17,2
2026-08-19 12:32:00,0.203,318,2
2026-08-19 12:38:00,0.029,42,2
2026-08-19 12:44:00,0.124,313,2
2026-08-19 12:50:00,0.097,278,2
2026-08-19 12:56:00,0.09,341,2
2026-08-19 13:02:00,0.094,342,2
2026-08-19 13:08:00,0.053,254,2
2026-08-19 13:14:00,0.088,129,2
2026-08-19 13:20:00,0.084,246,2
2026-08-19 13:26:00,0.093,219,2
2026-08-19 13:32:00,0.108,177,2
2026-08-19 13:38:00,0.098,186,2
2026-08-19 13:44:00,0.068,208,2
2026-08-19 13:50:00,0.041,185,2
2026-08-19 13:56:00,0.149,201,2
2026-08-19 14:02:00,0.08,166,2
2026-08-19 14:08:00,0.049,159,2
2026-08-19 14:14:00,0.09,231,2
2026-08-19 14:20:00,0.156,187,2
2026-08-19 14:26:00,0.191,213,2
2026-08-19 14:32:00,0.198,233,2
2026-08-19 14:38:00,0.16,218,2
2026-08-19 14:50:00,0.219,207,2
2026-08-19 14:56:00,0.181,208,2
2026-08-19 15:02:00,0.228,195,2
2026-08-19 15:08:00,0.214,197,2
2026-08-19 15:14:00,0.254,206,2
2026-08-19 15:20:00,0.304,191,2
2026-08-19 15:26:00,0.285,209,2
2026-08-19 15:32:00,0.358,205,2
2026-08-19 15:38:00,0.314,205,2
2026-08-19 15:44:00,0.323,208,2
2026-08-19 15:50:00,0.345,209,2
2026-08-19 15:56:00,0.372,195,2
2026-08-19 16:02:00,0.399,215,2
2026-08-19 16:08:00,0.333,210,2
2026-08-19 16:14:00,0.334,206,2
2026-08-19 16:20:00,0.302,204,2
2026-08-19 16:26:00,0.256,199,2
2026-08-19 16:32:00,0.263,202,2
2026-08-19 16:38:00,0.339,196,2
2026-08-19 16:44:00,0.249,211,2
2026-08-19 16:50:00,0.199,201,2
2026-08-19 16:56:00,0.239,192,2
2026-08-19 17:02:00,0.13,192,2
2026-08-19 17:08:00,0.131,207,2
2026-08-19 17:14:00,0.231,193,2
2026-08-19 17:20:00,0.151,213,2
2026-08-19 17:26:00,0.225,175,2
2026-08-19 17:32:00,0.106,181,2
2026-08-19 17:38:00,0.047,213,2
2026-08-19 17:44:00,0.158,193,2
2026-08-19 17:50:00,0.203,194,2
2026-08-19 17:56:00,0.326,192,2
2026-08-19 18:02:00,0.189,180,2
2026-08-19 18:08:00,0.174,178,2
2026-08-19 18:14:00,0.247,167,2
2026-08-19 18:20:00,0.181,191,2
2026-08-19 18:26:00,0.049,197,2
2026-08-19 18:32:00,0.146,214,2
2026-08-19 18:38:00,0.201,183,2
2026-08-19 18:44:00,0.088,176,2
2026-08-19 18:50:00,0.141,150,2
2026-08-19 18:56:00,0.014,213,2
2026-08-19 19:02:00,0.065,241,2
2026-08-19 19:08:00,0.069,177,2
2026-08-19 19:14:00,0.028,219,2
2026-08-19 19:20:00,0.045,302,2
2026-08-19 19:26:00,0.072,106,2
2026-08-19 19:32:00,0.033,128,2
2026-08-19 19:38:00,0.062,320,2
2026-08-19 19:44:00,0.134,344,2
2026-08-19 19:50:00,0.089,0,2
2026-08-19 19:56:00,0.168,359,2
2026-08-19 20:02:00,0.109,54,2
2026-08-19 20:08:00,0.12,359,2
2026-08-19 20:14:00,0.169,36,2
2026-08-19 20:20:00,0.142,34,2
2026-08-19 20:26:00,0.121,37,2
2026-08-19 20:32:00,0.227,30,2
2026-08-19 20:38:00,0.164,84,2
2026-08-19 20:44:00,0.15,37,2
2026-08-19 20:50:00,0.187,80,2
2026-08-19 20:56:00,0.195,39,2
2026-08-19 21:02:00,0.246,16,2
2026-08-19 21:08:00,0.225,29,2
2026-08-19 21:14:00,0.289,52,2
2026-08-19 21:20:00,0.407,39,2
2026-08-19 21:26:00,0.359,31,2
2026-08-19 21:32:00,0.435,36,2
2026-08-19 21:38:00,0.473,30,2
2026-08-19 21:44:00,0.574,36,2
2026-08-19 21:50:00,0.604,35,2
2026-08-19 21:56:00,0.627,24,2
2026-08-19 22:02:00,0.686,28,2
2026-08-19 22:08:00,0.697,20,2
2026-08-19 22:14:00,0.669,11,2
2026-08-19 22:20:00,0.689,15,2
2026-08-19 22:26:00,0.718,18,2
2026-08-19 22:32:00,0.691,22,2
2026-08-19 22:38:00,0.819,35,2
2026-08-19 22:44:00,0.761,18,2
2026-08-19 22:50:00,0.828,14,2
2026-08-19 22:56:00,0.787,32,2
2026-08-19 23:02:00,0.804,30,2
2026-08-19 23:08:00,0.783,22,2
2026-08-19 23:14:00,0.742,24,2
2026-08-19 23:20:00,0.786,34,2
2026-08-19 23:26:00,0.775,26,2
2026-08-19 23:32:00,0.714,40,2
2026-08-19 23:38:00,0.737,25,2
2026-08-19 23:44:00,0.819,25,2
2026-08-19 23:50:00,0.674,36,2
2026-08-19 23:56:00,0.657,22,2
2026-08-20 00:02:00,0.682,42,2
2026-08-20 00:08:00,0.721,43,2
2026-08-20 00:14:00,0.761,31,2
2026-08-20 00:20:00,0.655,35,2
2026-08-20 00:26:00,0.667,35,2
2026-08-20 00:32:00,0.536,32,2
2026-08-20 00:38:00,0.591,13,2
2026-08-20 00:44:00,0.481,30,2
2026-08-20 00:50:00,0.459,25,2
2026-08-20 00:56:00,0.469,33,2
2026-08-20 01:02:00,0.444,24,2
2026-08-20 01:08:00,0.316,34,2
2026-08-20 01:14:00,0.28,25,2
2026-08-20 01:20:00,0.281,49,2
2026-08-20 01:26:00,0.319,28,2
2026-08-20 01:32:00,0.176,31,2
2026-08-20 01:38:00,0.353,45,2
2026-08-20 01:44:00,0.077,53,2
2026-08-20 01:50:00,0.193,36,2
2026-08-20 01:56:00,0.025,78,2
2026-08-20 02:02:00,0.056,25,2
2026-08-20 02:08:00,0.186,31,2
2026-08-20 02:14:00,0.066,78,2
2026-08-20 02:20:00,0.191,37,2
2026-08-20 02:26:00,0.106,12,2
2026-08-20 02:32:00,0.129,3,2
2026-08-20 02:38:00,0.162,32,2
2026-08-20 02:44:00,0.114,43,2
2026-08-20 02:50:00,0.133,72,2
2026-08-20 02:56:00,0.115,164,2
2026-08-20 03:02:00,0.105,147,2
2026-08-20 03:08:00,0.118,177,2
2026-08-20 03:14:00,0.092,228,2
2026-08-20 03:20:00,0.098,245,2
2026-08-20 03:26:00,0.189,203,2
2026-08-20 03:32:00,0.288,257,2
2026-08-20 03:38:00,0.25,196,2
2026-08-20 03:44:00,0.176,203,2
2026-08-20 03:50:00,0.226,253,2
2026-08-20 03:56:00,0.235,259,2
2026-08-20 04:02:00,0.194,247,2
2026-08-20 04:08:00,0.343,239,2
2026-08-20 04:14:00,0.307,244,2
2026-08-20 04:20:00,0.282,216,2
2026-08-20 04:26:00,0.428,193,2
2026-08-20 04:32:00,0.275,231,2
2026-08-20 04:38:00,0.361,223,2
2026-08-20 04:44:00,0.238,217,2
2026-08-20 04:50:00,0.345,238,2
2026-08-20 04:56:00,0.36,204,2
2026-08-20 05:02:00,0.407,196,2
2026-08-20 05:08:00,0.29,223,2
2026-08-20 05:14:00,0.295,204,2
2026-08-20 05:20:00,0.252,204,2
2026-08-20 05:26:00,0.287,192,2
2026-08-20 05:32:00,0.437,212,2
2026-08-20 05:38:00,0.545,200,2
2026-08-20 05:44:00,0.333,199,2
2026-08-20 05:50:00,0.346,203,2
2026-08-20 05:56:00,0.356,213,2
2026-08-20 06:02:00,0.26,200,2
2026-08-20 06:08:00,0.376,191,2
2026-08-20 06:14:00,0.371,187,2
2026-08-20 06:20:00,0.339,205,2
2026-08-20 06:26:00,0.324,184,2
2026-08-20 06:32:00,0.129,199,2
2026-08-20 06:38:00,0.146,168,2
2026-08-20 06:44:00,0.359,209,2
2026-08-20 06:50:00,0.256,182,2
2026-08-20 06:56:00,0.165,195,2
2026-08-20 07:02:00,0.226,184,2
2026-08-20 07:08:00,0.102,174,2
2026-08-20 07:14:00,0.183,169,2
2026-08-20 07:20:00,0.316,185,2
2026-08-20 07:26:00,0.19,181,2
2026-08-20 07:32:00,0.243,202,2
2026-08-20 07:38:00,0.209,178,2
2026-08-20 07:44:00,0.37,189,2
2026-08-20 07:50:00,0.452,198,2
2026-08-20 07:56:00,0.483,194,2
2026-08-20 08:02:00,0.411,196,2
2026-08-20 08:08:00,0.581,207,2
2026-08-20 08:14:00,0.509,204,2
2026-08-20 08:20:00,0.283,193,2
2026-08-20 08:26:00,0.228,182,2
2026-08-20 08:32:00,0.178,222,2
2026-08-20 08:38:00,0.17,197,2
2026-08-20 08:44:00,0.121,243,2
2026-08-20 08:50:00,0.085,217,2
2026-08-20 08:56:00,0.125,201,2
2026-08-20 09:02:00,0.213,188,2
2026-08-20 09:08:00,0.176,182,2
2026-08-20 09:14:00,0.12,193,2
2026-08-20 09:20:00,0.134,236,2
2026-08-20 09:26:00,0.014,70,2
2026-08-20 09:32:00,0.083,221,2
2026-08-20 09:38:00,0.018,308,2
2026-08-20 09:44:00,0.087,292,2
2026-08-20 09:50:00,0.109,264,2
2026-08-20 09:56:00,0.112,300,2
2026-08-20 10:02:00,0.18,343,2
2026-08-20 10:08:00,0.097,332,2
2026-08-20 10:14:00,0.062,264,2
2026-08-20 10:20:00,0.069,14,2
2026-08-20 10:26:00,0.046,188,2
2026-08-20 10:32:00,0.072,117,2
2026-08-20 10:38:00,0.032,338,2
2026-08-20 10:44:00,0.105,338,2
2026-08-20 10:50:00,0.053,340,2
2026-08-20 10:56:00,0.049,69,2
2026-08-20 11:02:00,0.148,44,2
2026-08-20 11:08:00,0.12,47,2
2026-08-20 11:14:00,0.107,54,2
2026-08-20 11:20:00,0.144,65,2
2026-08-20 11:26:00,0.144,55,2
2026-08-20 11:32:00,0.115,57,2
2026-08-20 11:38:00,0.119,90,2
2026-08-20 11:44:00,0.124,51,2
2026-08-20 11:50:00,0.142,94,2
2026-08-20 11:56:00,0.168,58,2
2026-08-20 12:02:00,0.137,28,2
2026-08-20 12:08:00,0.101,28,2
2026-08-20 12:14:00,0.074,36,2
2026-08-20 12:20:00,0.097,5,2
2026-08-20 12:26:00,0.137,47,2
2026-08-20 12:32:00,0.027,78,2
2026-08-20 12:38:00,0.162,359,2
2026-08-20 12:44:00,0.052,93,2
2026-08-20 12:50:00,0.095,22,2
2026-08-20 12:56:00,0.123,16,2
2026-08-20 13:02:00,0.023,300,2
2026-08-20 13:08:00,0.157,36,2
2026-08-20 13:14:00,0.061,296,2
2026-08-20 13:20:00,0.037,264,2
2026-08-20 13:26:00,0.055,325,2
2026-08-20 13:32:00,0.052,245,2
2026-08-20 13:38:00,0.051,346,2
2026-08-20 13:44:00,0.057,320,2
2026-08-20 13:50:00,0.084,299,2
2026-08-20 13:56:00,0.081,119,2
2026-08-20 14:02:00,0.036,56,2
2026-08-20 14:08:00,0.022,15,2
2026-08-20 14:14:00,0.04,27,2
2026-08-20 14:20:00,0.051,281,2
2026-08-20 14:26:00,0.049,159,2
2026-08-20 14:32:00,0.082,264,2
2026-08-20 14:38:00,0.067,212,2
2026-08-20 14:44:00,0.116,224,2
2026-08-20 14:50:00,0.057,140,2
2026-08-20 14:56:00,0.065,27,2
2026-08-20 15:02:00,0.031,348,2
2026-08-20 15:08:00,0.1,252,2
2026-08-20 15:14:00,0.091,81,2
2026-08-20 15:20:00,0.065,219,2
2026-08-20 15:26:00,0.123,179,2
2026-08-20 15:32:00,0.186,301,2
2026-08-20 15:38:00,0.172,335,2
2026-08-20 15:44:00,0.22,322,2
2026-08-20 15:50:00,0.075,295,2
2026-08-20 15:56:00,0.132,276,2
2026-08-20 16:02:00,0.11,302,2
2026-08-20 16:08:00,0.09,308,2
2026-08-20 16:14:00,0.124,268,2
2026-08-20 16:20:00,0.175,208,2
2026-08-20 16:26:00,0.103,258,2
2026-08-20 16:32:00,0.14,258,2
2026-08-20 16:38:00,0.064,181,2
2026-08-20 16:44:00,0.161,230,2
2026-08-20 16:50:00,0.09,261,2
2026-08-20 16:56:00,0.123,218,2
2026-08-20 17:02:00,0.119,261,2
2026-08-20 17:08:00,0.018,226,2
2026-08-20 17:20:00,0.2,269,2
2026-08-20 17:26:00,0.239,189,2
2026-08-20 17:32:00,0.314,185,2
2026-08-20 17:44:00,0.275,276,2
2026-08-20 17:50:00,0.256,215,2
2026-08-20 17:56:00,0.164,276,2
2026-08-20 18:02:00,0.17,276,2
2026-08-20 18:08:00,0.238,227,2
2026-08-20 18:14:00,0.313,185,2
2026-08-20 18:20:00,0.299,230,2
2026-08-20 18:26:00,0.192,213,2
2026-08-20 18:32:00,0.209,225,2
2026-08-20 18:38:00,0.227,221,2
2026-08-20 18:44:00,0.202,216,2
2026-08-20 18:50:00,0.111,211,2
2026-08-20 18:56:00,0.173,239,2
2026-08-20 19:02:00,0.216,230,2
2026-08-20 19:08:00,0.219,239,2
2026-08-20 19:14:00,0.209,221,2
2026-08-20 19:20:00,0.223,237,2
2026-08-20 19:26:00,0.182,234,2
2026-08-20 19:32:00,0.191,254,2
2026-08-20 19:38:00,0.109,207,2
2026-08-20 19:44:00,0.136,260,2
2026-08-20 19:50:00,0.213,277,2
2026-08-20 19:56:00,0.082,272,2
2026-08-20 20:02:00,0.097,232,2
2026-08-20 20:08:00,0.244,270,2
2026-08-20 20:14:00,0.227,210,2
2026-08-20 20:20:00,0.165,215,2
2026-08-20 20:26:00,0.21,280,2
2026-08-20 20:32:00,0.245,210,2
2026-08-20 20:38:00,0.255,238,2
2026-08-20 20:44:00,0.251,296,2
2026-08-20 20:50:00,0.354,241,2
2026-08-20 20:56:00,0.21,233,2
2026-08-20 21:02:00,0.258,225,2
2026-08-20 21:08:00,0.16,239,2
2026-08-20 21:14:00,0.196,257,2
2026-08-20 21:20:00,0.316,228,2
2026-08-20 21:26:00,0.184,224,2
2026-08-20 21:32:00,0.341,222,2
2026-08-20 21:38:00,0.204,239,2
2026-08-20 21:44:00,0.149,284,2
2026-08-20 21:50:00,0.111,275,2
2026-08-20 21:56:00,0.136,258,2
2026-08-20 22:02:00,0.123,256,2
2026-08-20 22:08:00,0.08,299,2
2026-08-20 22:14:00,0.103,339,2
2026-08-20 22:20:00,0.103,306,2
2026-08-20 22:26:00,0.266,313,2
2026-08-20 22:32:00,0.177,357,2
2026-08-20 22:38:00,0.17,11,2
2026-08-20 22:44:00,0.202,6,2
2026-08-20 22:50:00,0.265,325,2
2026-08-20 22:56:00,0.208,31,2
2026-08-20 23:02:00,0.21,329,2
2026-08-20 23:08:00,0.179,336,2
2026-08-20 23:14:00,0.186,326,2
2026-08-20 23:20:00,0.144,348,2
2026-08-20 23:26:00,0.215,336,2
2026-08-20 23:32:00,0.146,321,2
2026-08-20 23:38:00,0.117,348,2
2026-08-20 23:44:00,0.175,357,2
2026-08-20 23:50:00,0.148,328,2
2026-08-20 23:56:00,0.151,337,2
2026-08-21 00:02:00,0.098,282,2
2026-08-21 00:08:00,0.116,323,2
2026-08-21 00:14:00,0.059,276,2
2026-08-21 00:20:00,0.031,262,2
2026-08-21 00:26:00,0.107,274,2
2026-08-21 00:32:00,0.088,289,2
2026-08-21 00:38:00,0.098,336,2
2026-08-21 00:44:00,0.062,283,2
2026-08-21 00:50:00,0.077,99,2
2026-08-21 00:56:00,0.068,295,2
2026-08-21 01:02:00,0.09,323,2
2026-08-21 01:08:00,0.1,290,2
2026-08-21 01:14:00,0.067,250,2
2026-08-21 01:20:00,0.061,152,2
2026-08-21 01:26:00,0.176,221,2
2026-08-21 01:32:00,0.132,217,2
2026-08-21 01:38:00,0.249,194,2
2026-08-21 01:44:00,0.337,188,2
2026-08-21 01:50:00,0.292,204,2
2026-08-21 01:56:00,0.244,202,2
2026-08-21 02:02:00,0.288,175,2
2026-08-21 02:08:00,0.347,195,2
2026-08-21 02:14:00,0.312,190,2
2026-08-21 02:20:00,0.446,198,2
2026-08-21 02:26:00,0.507,202,2
2026-08-21 02:32:00,0.302,206,2
2026-08-21 02:38:00,0.342,211,2
2026-08-21 02:44:00,0.494,206,2
2026-08-21 02:50:00,0.582,198,2
2026-08-21 02:56:00,0.545,194,2
2026-08-21 03:02:00,0.574,208,2
2026-08-21 03:08:00,0.657,197,2
2026-08-21 03:14:00,0.622,211,2
2026-08-21 03:20:00,0.639,193,2
2026-08-21 03:26:00,0.597,193,2
2026-08-21 03:32:00,0.785,208,2
2026-08-21 03:38:00,0.581,207,2
2026-08-21 03:44:00,0.508,211,2
2026-08-21 03:50:00,0.541,202,2
2026-08-21 03:56:00,0.602,197,2
2026-08-21 04:02:00,0.686,217,2
2026-08-21 04:08:00,0.694,209,2
2026-08-21 04:14:00,0.877,203,2
2026-08-21 04:20:00,0.777,230,2
2026-08-21 04:26:00,0.797,216,2
2026-08-21 04:32:00,0.812,214,2
2026-08-21 04:38:00,0.865,212,2
2026-08-21 04:44:00,0.95,227,2
2026-08-21 04:50:00,0.867,199,2
2026-08-21 04:56:00,0.943,214,2
2026-08-21 05:02:00,0.787,212,2
2026-08-21 05:08:00,0.848,199,2
2026-08-21 05:14:00,1.042,215,2
2026-08-21 05:20:00,1.177,224,2
2026-08-21 05:26:00,1.035,199,2
2026-08-21 05:32:00,0.963,215,2
2026-08-21 05:38:00,0.869,206,2
2026-08-21 05:44:00,0.683,206,2
2026-08-21 05:50:00,0.857,205,2
2026-08-21 05:56:00,0.972,221,2
2026-08-21 06:02:00,1.013,212,2
2026-08-21 06:08:00,1.007,218,2
2026-08-21 06:14:00,0.775,202,2
2026-08-21 06:20:00,0.907,200,2
2026-08-21 06:26:00,0.608,198,2
2026-08-21 06:32:00,0.781,202,2
2026-08-21 06:38:00,1.032,203,2
2026-08-21 06:44:00,1.144,209,2
2026-08-21 06:50:00,1.12,216,2
2026-08-21 06:56:00,1.006,199,2
2026-08-21 07:02:00,1.157,210,2
2026-08-21 07:08:00,1.024,209,2
2026-08-21 07:14:00,0.794,206,2
2026-08-21 07:20:00,0.857,191,2
2026-08-21 07:26:00,0.812,199,2
2026-08-21 07:32:00,1.001,202,2
2026-08-21 07:38:00,1.016,207,2
2026-08-21 07:44:00,1.0,212,2
2026-08-21 07:50:00,1.017,200,2
2026-08-21 07:56:00,1.033,217,2
2026-08-21 08:02:00,1.087,196,2
2026-08-21 08:08:00,1.249,199,2
2026-08-21 08:14:00,1.255,202,2
2026-08-21 08:20:00,1.229,197,2
2026-08-21 08:26:00,1.35,205,2
2026-08-21 08:32:00,1.33,211,2
2026-08-21 08:38:00,1.344,205,2
2026-08-21 08:44:00,1.415,215,2
2026-08-21 08:50:00,1.313,211,2
2026-08-21 08:56:00,1.229,213,2
2026-08-21 09:02:00,1.404,220,2
2026-08-21 09:08:00,1.55,216,2
2026-08-21 09:14:00,1.352,227,2
2026-08-21 09:20:00,1.322,208,2
2026-08-21 09:26:00,1.246,212,2
2026-08-21 09:32:00,1.067,217,2
2026-08-21 09:38:00,1.107,206,2
2026-08-21 09:44:00,0.884,211,2
2026-08-21 09:50:00,1.028,210,2
2026-08-21 09:56:00,1.044,196,2
2026-08-21 10:02:00,0.989,209,2
2026-08-21 10:08:00,0.723,188,2
2026-08-21 10:14:00,0.723,186,2
2026-08-21 10:20:00,0.874,184,2
2026-08-21 10:26:00,0.784,192,2
2026-08-21 10:32:00,0.794,179,2
2026-08-21 10:38:00,0.813,199,2
2026-08-21 10:44:00,0.729,194,2
2026-08-21 10:50:00,0.746,190,2
2026-08-21 10:56:00,0.745,166,2
2026-08-21 11:02:00,0.637,185,2
2026-08-21 11:08:00,0.603,192,2
2026-08-21 11:14:00,0.584,179,2
2026-08-21 11:20:00,0.694,173,2
2026-08-21 11:26:00,0.611,186,2
2026-08-21 11:32:00,0.725,184,2
2026-08-21 11:38:00,0.676,187,2
2026-08-21 11:44:00,0.608,191,2
2026-08-21 11:50:00,0.757,190,2
2026-08-21 11:56:00,0.66,204,2
2026-08-21 12:02:00,0.693,196,2
2026-08-21 12:08:00,0.649,180,2
2026-08-21 12:14:00,0.575,177,2
2026-08-21 12:20:00,0.555,176,2
2026-08-21 12:26:00,0.643,177,2
2026-08-21 12:32:00,0.615,162,2
2026-08-21 12:38:00,0.489,177,2
2026-08-21 12:44:00,0.501,196,2
2026-08-21 12:50:00,0.426,191,2
2026-08-21 12:56:00,0.558,184,2
2026-08-21 13:02:00,0.481,183,2
2026-08-21 13:08:00,0.404,174,2
2026-08-21 13:14:00,0.32,153,2
2026-08-21 13:20:00,0.337,159,2
2026-08-21 13:26:00,0.345,154,2
2026-08-21 13:32:00,0.406,168,2
2026-08-21 13:38:00,0.278,171,2
2026-08-21 13:44:00,0.508,167,2
2026-08-21 13:50:00,0.352,169,2
2026-08-21 13:56:00,0.365,156,2
2026-08-21 14:02:00,0.321,137,2
2026-08-21 14:08:00,0.247,123,2
2026-08-21 14:14:00,0.186,155,2
2026-08-21 14:20:00,0.262,141,2
2026-08-21 14:26:00,0.214,118,2
2026-08-21 14:32:00,0.251,91,2
2026-08-21 14:38:00,0.265,109,2
2026-08-21 14:44:00,0.282,123,2
2026-08-21 14:50:00,0.192,122,2
2026-08-21 14:56:00,0.257,79,2
2026-08-21 15:02:00,0.24,127,2
2026-08-21 15:08:00,0.256,105,2
2026-08-21 15:14:00,0.206,107,2
2026-08-21 15:20:00,0.314,130,2
2026-08-21 15:26:00,0.269,108,2
2026-08-21 15:32:00,0.23,131,2
2026-08-21 15:38:00,0.207,91,2
2026-08-21 15:44:00,0.133,131,2
2026-08-21 15:50:00,0.184,117,2
2026-08-21 15:56:00,0.222,69,2
2026-08-21 16:02:00,0.106,70,2
2026-08-21 16:08:00,0.169,117,2
2026-08-21 16:14:00,0.093,200,2
2026-08-21 16:20:00,0.115,82,2
2026-08-21 16:26:00,0.158,106,2
2026-08-21 16:32:00,0.144,121,2
2026-08-21 16:38:00,0.077,102,2
2026-08-21 16:44:00,0.083,152,2
2026-08-21 16:50:00,0.16,103,2
2026-08-21 16:56:00,0.173,113,2
2026-08-21 17:02:00,0.185,168,2
2026-08-21 17:08:00,0.138,144,2
2026-08-21 17:14:00,0.23,182,2
2026-08-21 17:20:00,0.128,158,2
2026-08-21 17:26:00,0.19,195,2
2026-08-21 17:32:00,0.185,145,2
2026-08-21 17:38:00,0.144,155,2
2026-08-21 17:44:00,0.194,139,2
2026-08-21 17:50:00,0.209,185,2
2026-08-21 17:56:00,0.156,184,2
2026-08-21 18:02:00,0.151,219,2
2026-08-21 18:08:00,0.167,169,2
2026-08-21 18:14:00,0.108,161,2
2026-08-21 18:20:00,0.131,143,2
2026-08-21 18:26:00,0.193,189,2
2026-08-21 18:32:00,0.192,195,2
2026-08-21 18:38:00,0.101,198,2
2026-08-21 18:44:00,0.058,222,2
2026-08-21 18:50:00,0.056,202,2
2026-08-21 18:56:00,0.132,179,2
2026-08-21 19:02:00,0.133,219,2
2026-08-21 19:08:00,0.107,191,2
2026-08-21 19:14:00,0.232,195,2
2026-08-21 19:20:00,0.159,190,2
2026-08-21 19:26:00,0.1,181,2
2026-08-21 19:32:00,0.17,201,2
2026-08-21 19:38:00,0.187,201,2
2026-08-21 19:44:00,0.142,226,2
2026-08-21 19:50:00,0.128,215,2
2026-08-21 19:56:00,0.076,212,2
2026-08-21 20:02:00,0.126,245,2
2026-08-21 20:08:00,0.112,235,2
2026-08-21 20:14:00,0.076,298,2
2026-08-21 20:20:00,0.149,246,2
2026-08-21 20:26:00,0.206,208,2
2026-08-21 20:32:00,0.113,199,2
2026-08-21 20:38:00,0.163,208,2
2026-08-21 20:44:00,0.023,168,2
2026-08-21 20:50:00,0.139,186,2
2026-08-21 20:56:00,0.074,112,2
2026-08-21 21:02:00,0.074,257,2
2026-08-21 21:08:00,0.09,171,2
2026-08-21 21:14:00,0.056,105,2
2026-08-21 21:20:00,0.08,76,2
2026-08-21 21:26:00,0.123,29,2
2026-08-21 21:32:00,0.19,50,2
2026-08-21 21:38:00,0.073,41,2
2026-08-21 21:44:00,0.069,6,2
2026-08-21 21:50:00,0.197,345,2
2026-08-21 21:56:00,0.139,66,2
2026-08-21 22:02:00,0.254,44,2
2026-08-21 22:08:00,0.259,15,2
2026-08-21 22:14:00,0.311,23,2
2026-08-21 22:20:00,0.303,23,2
2026-08-21 22:26:00,0.376,11,2
2026-08-21 22:32:00,0.354,20,2
2026-08-21 22:38:00,0.37,16,2
2026-08-21 22:44:00,0.437,10,2
2026-08-21 22:50:00,0.565,15,2
2026-08-21 22:56:00,0.674,12,2
2026-08-21 23:02:00,0.513,21,2
2026-08-21 23:08:00,0.632,25,2
2026-08-21 23:14:00,0.649,22,2
2026-08-21 23:20:00,0.661,9,2
2026-08-21 23:26:00,0.719,25,2
2026-08-21 23:32:00,0.611,14,2
2026-08-21 23:38:00,0.672,9,2
2026-08-21 23:44:00,0.771,10,2
2026-08-21 23:50:00,0.751,27,2
2026-08-22 00:02:00,0.748,30,2
2026-08-22 00:08:00,0.87,32,2
2026-08-22 00:14:00,0.74,25,2
2026-08-22 00:20:00,0.708,4,2
2026-08-22 00:26:00,0.823,28,2
2026-08-22 00:32:00,0.808,18,2
2026-08-22 00:38:00,0.894,11,2
2026-08-22 00:44:00,0.788,11,2
2026-08-22 00:50:00,0.97,31,2
2026-08-22 00:56:00,0.976,16,2
2026-08-22 01:02:00,0.957,33,2
2026-08-22 01:08:00,1.011,21,2
2026-08-22 01:14:00,1.088,52,2
2026-08-22 01:20:00,1.029,28,2
2026-08-22 01:26:00,0.969,28,2
2026-08-22 01:32:00,0.915,24,2
2026-08-22 01:38:00,0.9,12,2
2026-08-22 01:44:00,0.892,35,2
2026-08-22 01:50:00,0.81,16,2
2026-08-22 01:56:00,0.853,14,2
2026-08-22 02:02:00,0.815,14,2
2026-08-22 02:08:00,0.836,15,2
2026-08-22 02:14:00,0.882,21,2
2026-08-22 02:20:00,0.651,20,2
2026-08-22 02:26:00,0.669,20,2
2026-08-22 02:32:00,0.698,16,2
2026-08-22 02:38:00,0.719,6,2
2026-08-22 02:44:00,0.663,27,2
2026-08-22 02:50:00,0.606,17,2
2026-08-22 02:56:00,0.561,8,2
2026-08-22 03:02:00,0.554,29,2
2026-08-22 03:08:00,0.553,27,2
2026-08-22 03:14:00,0.538,359,2
2026-08-22 03:20:00,0.569,23,2
2026-08-22 03:26:00,0.474,15,2
2026-08-22 03:32:00,0.502,15,2
2026-08-22 03:38:00,0.404,9,2
2026-08-22 03:44:00,0.37,13,2
2026-08-22 03:50:00,0.267,25,2
2026-08-22 03:56:00,0.249,1,2
2026-08-22 04:02:00,0.169,47,2
2026-08-22 04:08:00,0.128,29,2
2026-08-22 04:14:00,0.12,17,2
2026-08-22 04:20:00,0.124,339,2
2026-08-22 04:26:00,0.17,0,2
2026-08-22 04:32:00,0.1,311,2
2026-08-22 04:38:00,0.169,13,2
2026-08-22 04:44:00,0.082,346,2
2026-08-22 04:50:00,0.17,338,2
2026-08-22 04:56:00,0.204,17,2
2026-08-22 05:02:00,0.246,30,2
2026-08-22 05:08:00,0.131,14,2
2026-08-22 05:14:00,0.198,33,2
2026-08-22 05:20:00,0.17,8,2
2026-08-22 05:26:00,0.109,80,2
2026-08-22 05:32:00,0.159,71,2
2026-08-22 05:38:00,0.187,81,2
2026-08-22 05:44:00,0.148,59,2
2026-08-22 05:50:00,0.225,111,2
2026-08-22 05:56:00,0.079,61,2
2026-08-22 06:02:00,0.089,153,2
2026-08-22 06:08:00,0.035,175,2
2026-08-22 06:14:00,0.1,216,2
2026-08-22 06:26:00,0.226,205,2
2026-08-22 06:32:00,0.2,205,2
2026-08-22 06:38:00,0.175,231,2
2026-08-22 06:44:00,0.243,219,2
2026-08-22 06:50:00,0.243,202,2
2026-08-22 06:56:00,0.238,200,2
2026-08-22 07:02:00,0.219,204,2
2026-08-22 07:08:00,0.273,198,2
2026-08-22 07:14:00,0.175,197,2
2026-08-22 07:20:00,0.219,222,2
2026-08-22 07:26:00,0.29,213,2
2026-08-22 07:32:00,0.227,188,2
2026-08-22 07:38:00,0.186,216,2
2026-08-22 07:44:00,0.261,207,2
2026-08-22 07:50:00,0.018,162,2
2026-08-22 07:56:00,0.2,233,2
2026-08-22 08:02:00,0.202,224,2
2026-08-22 08:08:00,0.006,97,2
2026-08-22 08:14:00,0.182,186,2
2026-08-22 08:20:00,0.257,197,2
2026-08-22 08:26:00,0.281,201,2
2026-08-22 08:32:00,0.143,221,2
2026-08-22 08:38:00,0.171,188,2
2026-08-22 08:44:00,0.213,198,2
2026-08-22 08:50:00,0.148,203,2
2026-08-22 08:56:00,0.184,204,2
2026-08-22 09:02:00,0.213,210,2
2026-08-22 09:08:00,0.169,268,2
2026-08-22 09:14:00,0.217,221,2
2026-08-22 09:20:00,0.205,231,2
2026-08-22 09:26:00,0.146,211,2
2026-08-22 09:32:00,0.189,242,2
2026-08-22 09:38:00,0.175,216,2
2026-08-22 09:44:00,0.147,284,2
2026-08-22 09:50:00,0.103,214,2
2026-08-22 09:56:00,0.121,194,2
2026-08-22 10:02:00,0.109,184,2
2026-08-22 10:08:00,0.033,189,2
2026-08-22 10:14:00,0.064,82,2
2026-08-22 10:20:00,0.058,280,2
2026-08-22 10:26:00,0.065,158,2
2026-08-22 10:32:00,0.074,260,2
2026-08-22 10:38:00,0.109,217,2
2026-08-22 10:44:00,0.193,357,2
2026-08-22 10:50:00,0.061,113,2
2026-08-22 10:56:00,0.123,82,2
2026-08-22 11:02:00,0.102,19,2
2026-08-22 11:08:00,0.105,16,2
2026-08-22 11:14:00,0.18,4,2
2026-08-22 11:20:00,0.222,10,2
2026-08-22 11:26:00,0.171,345,2
2026-08-22 11:32:00,0.27,26,2
2026-08-22 11:38:00,0.163,346,2
2026-08-22 11:44:00,0.257,353,2
2026-08-22 11:50:00,0.168,11,2
2026-08-22 11:56:00,0.128,138,2
2026-08-22 12:02:00,0.137,108,2
2026-08-22 12:08:00,0.168,312,2
2026-08-22 12:14:00,0.116,332,2
2026-08-22 12:20:00,0.194,355,2
2026-08-22 12:26:00,0.152,18,2
2026-08-22 12:32:00,0.225,1,2
2026-08-22 12:38:00,0.17,359,2
2026-08-22 12:44:00,0.206,4,2
2026-08-22 12:50:00,0.17,322,2
2026-08-22 12:56:00,0.287,13,2
2026-08-22 13:02:00,0.167,327,2
2026-08-22 13:08:00,0.24,343,2
2026-08-22 13:14:00,0.308,352,2
2026-08-22 13:20:00,0.251,356,2
2026-08-22 13:26:00,0.334,7,2
2026-08-22 13:32:00,0.328,7,2
2026-08-22 13:38:00,0.422,11,2
2026-08-22 13:44:00,0.301,8,2
2026-08-22 13:50:00,0.286,12,2
2026-08-22 13:56:00,0.288,352,2
2026-08-22 14:02:00,0.365,356,2
2026-08-22 14:08:00,0.227,356,2
2026-08-22 14:14:00,0.285,25,2
2026-08-22 14:20:00,0.174,3,2
2026-08-22 14:26:00,0.195,5,2
2026-08-22 14:32:00,0.324,21,2
2026-08-22 14:38:00,0.263,10,2
2026-08-22 14:44:00,0.248,8,2
2026-08-22 14:50:00,0.098,20,2
2026-08-22 14:56:00,0.176,5,2
2026-08-22 15:02:00,0.158,2,2
2026-08-22 15:08:00,0.126,348,2
2026-08-22 15:14:00,0.136,344,2
2026-08-22 15:20:00,0.033,16,2
2026-08-22 15:26:00,0.258,20,2
2026-08-22 15:32:00,0.12,11,2
2026-08-22 15:38:00,0.096,52,2
2026-08-22 15:44:00,0.148,41,2
2026-08-22 15:50:00,0.074,77,2
2026-08-22 15:56:00,0.078,77,2
2026-08-22 16:02:00,0.138,30,2
2026-08-22 16:08:00,0.156,56,2
2026-08-22 16:14:00,0.103,31,2
2026-08-22 16:20:00,0.131,330,2
2026-08-22 16:26:00,0.058,33,2
2026-08-22 16:32:00,0.1,336,2
2026-08-22 16:38:00,0.201,62,2
2026-08-22 16:44:00,0.168,9,2
2026-08-22 16:50:00,0.097,13,2
2026-08-22 16:56:00,0.041,346,2
2026-08-22 17:02:00,0.07,324,2
2026-08-22 17:08:00,0.048,200,2
2026-08-22 17:14:00,0.108,25,2
2026-08-22 17:20:00,0.026,120,2
2026-08-22 17:26:00,0.049,312,2
2026-08-22 17:32:00,0.078,216,2
2026-08-22 17:38:00,0.065,318,2
2026-08-22 17:44:00,0.116,127,2
2026-08-22 17:50:00,0.032,244,2
2026-08-22 17:56:00,0.078,236,2
2026-08-22 18:02:00,0.128,241,2
2026-08-22 18:08:00,0.139,293,2
2026-08-22 18:14:00,0.061,309,2
2026-08-22 18:20:00,0.112,221,2
2026-08-22 18:26:00,0.089,232,2
2026-08-22 18:32:00,0.168,212,2
2026-08-22 18:38:00,0.13,197,2
2026-08-22 18:44:00,0.014,258,2
2026-08-22 18:50:00,0.112,233,2
2026-08-22 18:56:00,0.129,240,2
2026-08-22 19:02:00,0.098,186,2
2026-08-22 19:08:00,0.111,201,2
2026-08-22 19:14:00,0.131,231,2
2026-08-22 19:20:00,0.158,207,2
2026-08-22 19:32:00,0.146,189,2
2026-08-22 19:38:00,0.139,195,2
2026-08-22 19:44:00,0.23,199,2
2026-08-22 19:50:00,0.263,189,2
2026-08-22 19:56:00,0.341,196,2
2026-08-22 20:02:00,0.36,193,2
2026-08-22 20:08:00,0.25,193,2
2026-08-22 20:14:00,0.302,221,2
2026-08-22 20:20:00,0.297,204,2
2026-08-22 20:26:00,0.331,240,2
2026-08-22 20:32:00,0.331,212,2
2026-08-22 20:38:00,0.422,207,2
2026-08-22 20:44:00,0.486,199,2
2026-08-22 20:50:00,0.394,199,2
2026-08-22 20:56:00,0.276,224,2
2026-08-22 21:02:00,0.444,204,2
2026-08-22 21:08:00,0.487,185,2
2026-08-22 21:14:00,0.355,208,2
2026-08-22 21:20:00,0.372,229,2
2026-08-22 21:26:00,0.48,198,2
2026-08-22 21:32:00,0.465,215,2
2026-08-22 21:38:00,0.514,201,2
2026-08-22 21:44:00,0.517,211,2
2026-08-22 21:50:00,0.308,203,2
2026-08-22 21:56:00,0.35,207,2
2026-08-22 22:02:00,0.334,215,2
2026-08-22 22:08:00,0.23,226,2
2026-08-22 22:14:00,0.253,219,2
2026-08-22 22:20:00,0.341,206,2
2026-08-22 22:26:00,0.157,201,2
2026-08-22 22:32:00,0.146,189,2
2026-08-22 22:38:00,0.088,154,2
2026-08-22 22:44:00,0.116,143,2
2026-08-22 22:50:00,0.053,83,2
2026-08-22 22:56:00,0.06,65,2
2026-08-22 23:02:00,0.137,73,2
2026-08-22 23:08:00,0.073,58,2
2026-08-22 23:14:00,0.138,129,2
2026-08-22 23:20:00,0.141,63,2
2026-08-22 23:26:00,0.114,35,2
2026-08-22 23:32:00,0.133,45,2
2026-08-22 23:38:00,0.234,26,2
2026-08-22 23:44:00,0.263,33,2
2026-08-22 23:50:00,0.309,3,2
2026-08-22 23:56:00,0.32,3,2
2026-08-23 00:02:00,0.303,5,2
2026-08-23 00:08:00,0.386,1,2
2026-08-23 00:14:00,0.371,11,2
2026-08-23 00:20:00,0.419,6,2
2026-08-23 00:26:00,0.447,358,2
2026-08-23 00:32:00,0.554,2,2
2026-08-23 00:38:00,0.599,17,2
2026-08-23 00:44:00,0.629,21,2
2026-08-23 00:50:00,0.484,19,2
2026-08-23 00:56:00,0.637,19,2
2026-08-23 01:02:00,0.704,23,2
2026-08-23 01:08:00,0.638,25,2
2026-08-23 01:14:00,0.651,16,2
2026-08-23 01:20:00,0.571,7,2
2026-08-23 01:26:00,0.568,6,2
2026-08-23 01:32:00,0.613,0,2
2026-08-23 01:38:00,0.613,359,2
2026-08-23 01:44:00,0.544,0,2
2026-08-23 01:50:00,0.605,32,2
2026-08-23 01:56:00,0.735,15,2
2026-08-23 02:02:00,0.723,16,2
2026-08-23 02:08:00,0.863,7,2
2026-08-23 02:14:00,0.722,8,2
2026-08-23 02:20:00,0.802,7,2
2026-08-23 02:26:00,0.704,16,2
2026-08-23 02:32:00,0.569,8,2
2026-08-23 02:38:00,0.757,21,2
2026-08-23 02:44:00,0.751,24,2
2026-08-23 02:50:00,0.61,26,2
2026-08-23 02:56:00,0.602,1,2
2026-08-23 03:02:00,0.608,24,2
2026-08-23 03:08:00,0.496,17,2
2026-08-23 03:14:00,0.571,19,2
2026-08-23 03:20:00,0.515,26,2
2026-08-23 03:26:00,0.389,29,2
2026-08-23 03:32:00,0.424,12,2
2026-08-23 03:38:00,0.361,14,2
2026-08-23 03:44:00,0.328,10,2
2026-08-23 03:50:00,0.334,8,2
2026-08-23 03:56:00,0.176,19,2
2026-08-23 04:02:00,0.196,4,2
2026-08-23 04:08:00,0.113,353,2
2026-08-23 04:14:00,0.185,347,2
2026-08-23 04:20:00,0.103,359,2
2026-08-23 04:26:00,0.035,345,2
2026-08-23 04:32:00,0.086,221,2
2026-08-23 04:38:00,0.117,175,2
2026-08-23 04:44:00,0.079,243,2
2026-08-23 04:50:00,0.112,231,2
2026-08-23 04:56:00,0.256,243,2
2026-08-23 05:02:00,0.14,262,2
2026-08-23 05:08:00,0.189,235,2
2026-08-23 05:14:00,0.161,251,2
2026-08-23 05:20:00,0.107,225,2
2026-08-23 05:26:00,0.122,266,2
2026-08-23 05:32:00,0.187,282,2
2026-08-23 05:38:00,0.102,244,2
2026-08-23 05:44:00,0.083,273,2
2026-08-23 05:50:00,0.056,246,2
2026-08-23 05:56:00,0.031,240,2
2026-08-23 06:02:00,0.12,214,2
2026-08-23 06:08:00,0.224,241,2
2026-08-23 06:14:00,0.264,257,2
2026-08-23 06:20:00,0.281,244,2
2026-08-23 06:26:00,0.236,247,2
2026-08-23 06:32:00,0.221,271,2
2026-08-23 06:38:00,0.253,244,2
2026-08-23 06:44:00,0.294,249,2
2026-08-23 06:50:00,0.253,248,2
2026-08-23 06:56:00,0.279,250,2
2026-08-23 07:02:00,0.317,228,2
2026-08-23 07:08:00,0.351,238,2
2026-08-23 07:14:00,0.234,230,2
2026-08-23 07:20:00,0.315,215,2
2026-08-23 07:26:00,0.291,237,2
2026-08-23 07:32:00,0.408,191,2
2026-08-23 07:38:00,0.324,221,2
2026-08-23 07:44:00,0.342,226,2
2026-08-23 07:50:00,0.27,223,2
2026-08-23 07:56:00,0.164,159,2
2026-08-23 08:02:00,0.14,215,2
2026-08-23 08:08:00,0.217,222,2
2026-08-23 08:14:00,0.342,215,2
2026-08-23 08:20:00,0.267,218,2
2026-08-23 08:26:00,0.153,190,2
2026-08-23 08:32:00,0.292,205,2
2026-08-23 08:38:00,0.424,222,2
2026-08-23 08:44:00,0.386,197,2
2026-08-23 08:50:00,0.549,205,2
2026-08-23 08:56:00,0.877,228,2
2026-08-23 09:02:00,0.548,199,2
2026-08-23 09:08:00,0.496,218,2
2026-08-23 09:14:00,0.537,227,2
2026-08-23 09:20:00,0.53,206,2
2026-08-23 09:26:00,0.619,221,2
2026-08-23 09:32:00,0.554,203,2
2026-08-23 09:38:00,0.668,201,2
2026-08-23 09:44:00,0.724,216,2
2026-08-23 09:50:00,0.665,208,2
2026-08-23 09:56:00,0.631,219,2
2026-08-23 10:02:00,0.551,205,2
2026-08-23 10:08:00,0.461,207,2
2026-08-23 10:14:00,0.424,217,2
2026-08-23 10:20:00,0.534,221,2
2026-08-23 10:26:00,0.546,222,2
2026-08-23 10:32:00,0.29,211,2
2026-08-23 10:38:00,0.311,215,2
2026-08-23 10:44:00,0.298,204,2
2026-08-23 10:50:00,0.291,223,2
2026-08-23 10:56:00,0.325,194,2
2026-08-23 11:02:00,0.375,190,2
2026-08-23 11:08:00,0.342,211,2
2026-08-23 11:14:00,0.288,194,2
2026-08-23 11:20:00,0.18,188,2
2026-08-23 11:26:00,0.211,197,2
2026-08-23 11:32:00,0.179,193,2
2026-08-23 11:38:00,0.169,203,2
2026-08-23 11:44:00,0.221,188,2
2026-08-23 11:50:00,0.134,191,2
2026-08-23 11:56:00,0.115,207,2
2026-08-23 12:02:00,0.151,181,2
2026-08-23 12:08:00,0.116,178,2
2026-08-23 12:14:00,0.161,176,2
2026-08-23 12:20:00,0.162,179,2
2026-08-23 12:26:00,0.242,203,2
2026-08-23 12:32:00,0.184,216,2
2026-08-23 12:38:00,0.095,152,2
2026-08-23 12:44:00,0.046,231,2
2026-08-23 12:50:00,0.02,337,2
2026-08-23 12:56:00,0.107,294,2
2026-08-23 13:02:00,0.162,253,2
2026-08-23 13:08:00,0.109,243,2
2026-08-23 13:14:00,0.065,248,2
2026-08-23 13:20:00,0.145,230,2
2026-08-23 13:26:00,0.123,247,2
2026-08-23 13:32:00,0.127,208,2
2026-08-23 13:38:00,0.161,190,2
2026-08-23 13:44:00,0.072,218,2
2026-08-23 13:50:00,0.089,216,2
2026-08-23 13:56:00,0.116,207,2
2026-08-23 14:02:00,0.076,139,2
2026-08-23 14:08:00,0.122,167,2
2026-08-23 14:14:00,0.118,221,2
2026-08-23 14:20:00,0.102,190,2
2026-08-23 14:26:00,0.058,228,2
2026-08-23 14:32:00,0.102,162,2
2026-08-23 14:38:00,0.072,261,2
2026-08-23 14:44:00,0.016,49,2
2026-08-23 14:50:00,0.098,265,2
2026-08-23 14:56:00,0.076,182,2
2026-08-23 15:02:00,0.152,230,2
2026-08-23 15:08:00,0.125,251,2
2026-08-23 15:14:00,0.025,281,2
2026-08-23 15:20:00,0.056,288,2
2026-08-23 15:26:00,0.035,82,2
2026-08-23 15:32:00,0.072,289,2
2026-08-23 15:38:00,0.062,136,2
2026-08-23 15:44:00,0.128,98,2
2026-08-23 15:50:00,0.077,202,2
2026-08-23 15:56:00,0.05,300,2
2026-08-23 16:02:00,0.145,115,2
2026-08-23 16:08:00,0.085,89,2
2026-08-23 16:14:00,0.164,58,2
2026-08-23 16:20:00,0.187,63,2
2026-08-23 16:26:00,0.074,2,2
2026-08-23 16:32:00,0.083,62,2
2026-08-23 16:38:00,0.083,285,2
2026-08-23 16:44:00,0.033,303,2
2026-08-23 16:50:00,0.054,23,2
2026-08-23 16:56:00,0.067,127,2
2026-08-23 17:02:00,0.035,27,2
2026-08-23 17:08:00,0.043,60,2
2026-08-23 17:14:00,0.103,277,2
2026-08-23 17:20:00,0.11,232,2
2026-08-23 17:26:00,0.148,248,2
2026-08-23 17:32:00,0.086,221,2
2026-08-23 17:38:00,0.133,279,2
2026-08-23 17:44:00,0.152,241,2
2026-08-23 17:50:00,0.111,224,2
2026-08-23 17:56:00,0.108,205,2
2026-08-23 18:02:00,0.051,201,2
2026-08-23 18:08:00,0.098,173,2
2026-08-23 18:14:00,0.172,269,2
2026-08-23 18:20:00,0.084,250,2
2026-08-23 18:26:00,0.048,110,2
2026-08-23 18:32:00,0.152,249,2
2026-08-23 18:38:00,0.229,264,2
2026-08-23 18:44:00,0.185,261,2
2026-08-23 18:50:00,0.126,287,2
2026-08-23 18:56:00,0.129,254,2
2026-08-23 19:02:00,0.232,224,2
2026-08-23 19:08:00,0.176,193,2
2026-08-23 19:14:00,0.199,238,2
2026-08-23 19:20:00,0.393,212,2
2026-08-23 19:26:00,0.217,176,2
2026-08-23 19:32:00,0.242,191,2
2026-08-23 19:38:00,0.265,202,2
2026-08-23 19:44:00,0.142,237,2
2026-08-23 19:50:00,0.317,241,2
2026-08-23 19:56:00,0.283,201,2
2026-08-23 20:02:00,0.229,189,2
2026-08-23 20:08:00,0.183,201,2
2026-08-23 20:14:00,0.293,208,2
2026-08-23 20:20:00,0.301,214,2
2026-08-23 20:26:00,0.228,209,2
2026-08-23 20:32:00,0.184,216,2
2026-08-23 20:38:00,0.206,211,2
2026-08-23 20:44:00,0.212,216,2
2026-08-23 20:50:00,0.228,226,2
2026-08-23 20:56:00,0.35,220,2
2026-08-23 21:02:00,0.391,212,2
2026-08-23 21:08:00,0.471,206,2
2026-08-23 21:14:00,0.373,193,2
2026-08-23 21:20:00,0.239,211,2
2026-08-23 21:26:00,0.274,211,2
2026-08-23 21:32:00,0.208,211,2
2026-08-23 21:38:00,0.219,216,2
2026-08-23 21:44:00,0.202,208,2
2026-08-23 21:50:00,0.189,210,2
2026-08-23 21:56:00,0.245,198,2
2026-08-23 22:02:00,0.27,206,2
2026-08-23 22:08:00,0.253,213,2
2026-08-23 22:14:00,0.217,213,2
2026-08-23 22:20:00,0.119,230,2
2026-08-23 22:26:00,0.138,201,2
2026-08-23 22:32:00,0.229,204,2
2026-08-23 22:38:00,0.148,259,2
2026-08-23 22:44:00,0.04,191,2
2026-08-23 22:50:00,0.08,129,2
2026-08-23 22:56:00,0.098,133,2
2026-08-23 23:02:00,0.251,162,2
2026-08-23 23:08:00,0.164,198,2
2026-08-23 23:14:00,0.085,94,2
2026-08-23 23:20:00,0.175,97,2
2026-08-23 23:26:00,0.202,85,2
2026-08-23 23:32:00,0.111,75,2
2026-08-23 23:38:00,0.11,36,2
2026-08-23 23:44:00,0.152,102,2
2026-08-23 23:50:00,0.174,115,2
2026-08-23 23:56:00,0.124,78,2
2026-08-24 00:02:00,0.179,39,2
2026-08-24 00:08:00,0.155,44,2
2026-08-24 00:14:00,0.147,23,2
2026-08-24 00:20:00,0.322,19,2
2026-08-24 00:26:00,0.306,38,2
2026-08-24 00:32:00,0.338,24,2
2026-08-24 00:38:00,0.326,36,2
2026-08-24 00:44:00,0.431,27,2
2026-08-24 00:50:00,0.447,40,2
2026-08-24 00:56:00,0.412,33,2
2026-08-24 01:02:00,0.48,38,2
2026-08-24 01:08:00,0.527,22,2
2026-08-24 01:14:00,0.703,29,2
2026-08-24 01:20:00,0.696,35,2
2026-08-24 01:26:00,0.773,31,2
2026-08-24 01:32:00,0.688,35,2
2026-08-24 01:38:00,0.704,39,2
2026-08-24 01:44:00,0.739,22,2
2026-08-24 01:50:00,0.738,23,2
2026-08-24 01:56:00,0.787,25,2
2026-08-24 02:02:00,0.722,29,2
2026-08-24 02:08:00,0.824,32,2
2026-08-24 02:14:00,0.773,22,2
2026-08-24 02:20:00,0.823,26,2
2026-08-24 02:26:00,0.866,20,2
2026-08-24 02:32:00,0.852,44,2
2026-08-24 02:38:00,0.793,56,2
2026-08-24 02:44:00,0.802,49,2
2026-08-24 02:50:00,0.792,22,2
2026-08-24 02:56:00,0.751,21,2
2026-08-24 03:02:00,0.756,43,2
2026-08-24 03:08:00,0.762,34,2
2026-08-24 03:14:00,0.714,41,2
2026-08-24 03:20:00,0.751,35,2
2026-08-24 03:26:00,0.756,38,2
2026-08-24 03:32:00,0.681,35,2
2026-08-24 03:38:00,0.61,19,2
2026-08-24 03:44:00,0.62,29,2
2026-08-24 03:50:00,0.617,21,2
2026-08-24 03:56:00,0.588,41,2
2026-08-24 04:02:00,0.641,36,2
2026-08-24 04:08:00,0.649,40,2
2026-08-24 04:14:00,0.552,30,2
2026-08-24 04:20:00,0.549,41,2
2026-08-24 04:26:00,0.474,5,2
2026-08-24 04:32:00,0.379,15,2
2026-08-24 04:38:00,0.431,28,2
2026-08-24 04:44:00,0.449,18,2
2026-08-24 04:50:00,0.329,31,2
2026-08-24 04:56:00,0.439,15,2
2026-08-24 05:02:00,0.325,27,2
2026-08-24 05:08:00,0.328,16,2
2026-08-24 05:14:00,0.261,344,2
2026-08-24 05:20:00,0.299,4,2
2026-08-24 05:26:00,0.285,13,2
2026-08-24 05:32:00,0.277,8,2
2026-08-24 05:38:00,0.283,1,2
2026-08-24 05:44:00,0.161,341,2
2026-08-24 05:50:00,0.037,286,2
2026-08-24 05:56:00,0.053,344,2
2026-08-24 06:02:00,0.079,276,2
2026-08-24 06:08:00,0.157,271,2
2026-08-24 06:14:00,0.058,243,2
2026-08-24 06:20:00,0.051,311,2
2026-08-24 06:26:00,0.115,258,2
2026-08-24 06:32:00,0.15,290,2
2026-08-24 06:38:00,0.092,280,2
2026-08-24 06:44:00,0.139,225,2
2026-08-24 06:50:00,0.15,235,2
2026-08-24 06:56:00,0.21,233,2
2026-08-24 07:02:00,0.19,221,2
2026-08-24 07:08:00,0.191,195,2
2026-08-24 07:14:00,0.188,243,2
2026-08-24 07:20:00,0.136,227,2
2026-08-24 07:26:00,0.174,174,2
2026-08-24 07:32:00,0.128,230,2
2026-08-24 07:38:00,0.098,225,2
2026-08-24 07:44:00,0.113,227,2
2026-08-24 07:50:00,0.102,209,2
2026-08-24 07:56:00,0.128,268,2
2026-08-24 08:02:00,0.156,224,2
2026-08-24 08:08:00,0.167,231,2
2026-08-24 08:14:00,0.187,226,2
2026-08-24 08:20:00,0.185,218,2
2026-08-24 08:26:00,0.256,216,2
2026-08-24 08:32:00,0.312,238,2
2026-08-24 08:38:00,0.366,221,2
2026-08-24 08:44:00,0.446,217,2
2026-08-24 08:50:00,0.343,207,2
2026-08-24 08:56:00,0.224,205,2
2026-08-24 09:02:00,0.255,209,2
2026-08-24 09:08:00,0.241,204,2
2026-08-24 09:14:00,0.269,196,2
2026-08-24 09:20:00,0.212,210,2
2026-08-24 09:26:00,0.166,189,2
2026-08-24 09:32:00,0.172,208,2
2026-08-24 09:38:00,0.131,180,2
2026-08-24 09:44:00,0.18,193,2
2026-08-24 09:50:00,0.152,230,2
2026-08-24 09:56:00,0.174,200,2
2026-08-24 10:02:00,0.186,218,2
2026-08-24 10:08:00,0.259,209,2
2026-08-24 10:14:00,0.173,199,2
2026-08-24 10:20:00,0.186,210,2
2026-08-24 10:26:00,0.189,193,2
2026-08-24 10:32:00,0.183,211,2
2026-08-24 10:38:00,0.16,204,2
2026-08-24 10:44:00,0.214,198,2
2026-08-24 10:50:00,0.171,181,2
2026-08-24 10:56:00,0.144,171,2
2026-08-24 11:02:00,0.285,196,2
2026-08-24 11:08:00,0.243,195,2
2026-08-24 11:14:00,0.164,181,2
2026-08-24 11:20:00,0.166,204,2
2026-08-24 11:26:00,0.113,199,2
2026-08-24 11:32:00,0.074,254,2
2026-08-24 11:38:00,0.132,177,2
2026-08-24 11:44:00,0.13,195,2
2026-08-24 11:50:00,0.157,190,2
2026-08-24 11:56:00,0.156,199,2
2026-08-24 12:02:00,0.129,183,2
2026-08-24 12:08:00,0.185,160,2
2026-08-24 12:14:00,0.138,186,2
2026-08-24 12:20:00,0.256,190,2
2026-08-24 12:26:00,0.335,230,2
2026-08-24 12:32:00,0.417,196,2
2026-08-24 12:38:00,0.352,219,2
2026-08-24 12:44:00,0.35,217,2
2026-08-24 12:50:00,0.213,191,2
2026-08-24 12:56:00,0.247,179,2
2026-08-24 13:02:00,0.231,208,2
2026-08-24 13:08:00,0.24,200,2
2026-08-24 13:14:00,0.094,208,2
2026-08-24 13:20:00,0.116,189,2
2026-08-24 13:26:00,0.112,223,2
2026-08-24 13:32:00,0.099,256,2
2026-08-24 13:38:00,0.024,223,2
2026-08-24 13:44:00,0.065,96,2
2026-08-24 13:50:00,0.074,43,2
2026-08-24 13:56:00,0.208,107,2
2026-08-24 14:02:00,0.075,100,2
2026-08-24 14:08:00,0.213,98,2
2026-08-24 14:14:00,0.182,50,2
2026-08-24 14:20:00,0.356,51,2
2026-08-24 14:26:00,0.195,56,2
2026-08-24 14:32:00,0.188,60,2
2026-08-24 14:38:00,0.138,78,2
2026-08-24 14:44:00,0.218,61,2
2026-08-24 14:50:00,0.264,106,2
2026-08-24 14:56:00,0.213,66,2
2026-08-24 15:02:00,0.155,61,2
2026-08-24 15:08:00,0.109,66,2
2026-08-24 15:14:00,0.177,57,2
2026-08-24 15:20:00,0.184,73,2
2026-08-24 15:26:00,0.243,79,2
2026-08-24 15:32:00,0.195,47,2
2026-08-24 15:38:00,0.195,49,2
2026-08-24 15:44:00,0.174,60,2
2026-08-24 15:50:00,0.177,58,2
2026-08-24 15:56:00,0.214,44,2
2026-08-24 16:02:00,0.109,33,2
2026-08-24 16:08:00,0.092,46,2
2026-08-24 16:14:00,0.115,116,2
2026-08-24 16:20:00,0.095,36,2
2026-08-24 16:26:00,0.206,36,2
2026-08-24 16:32:00,0.109,34,2
2026-08-24 16:38:00,0.185,11,2
2026-08-24 16:44:00,0.17,71,2
2026-08-24 16:50:00,0.1,24,2
2026-08-24 16:56:00,0.14,78,2
2026-08-24 17:02:00,0.07,78,2
2026-08-24 17:08:00,0.04,215,2
2026-08-24 17:14:00,0.078,120,2
2026-08-24 17:20:00,0.098,103,2
2026-08-24 17:26:00,0.07,132,2
2026-08-24 17:32:00,0.132,127,2
2026-08-24 17:38:00,0.173,140,2
2026-08-24 17:44:00,0.025,78,2
2026-08-24 17:50:00,0.084,237,2
2026-08-24 17:56:00,0.087,198,2
2026-08-24 18:02:00,0.168,152,2
2026-08-24 18:08:00,0.144,168,2
2026-08-24 18:14:00,0.146,163,2
2026-08-24 18:20:00,0.111,226,2
2026-08-24 18:26:00,0.096,181,2
2026-08-24 18:32:00,0.093,197,2
2026-08-24 18:38:00,0.15,177,2
2026-08-24 18:44:00,0.101,171,2
2026-08-24 18:50:00,0.19,214,2
2026-08-24 18:56:00,0.13,168,2
2026-08-24 19:02:00,0.205,177,2
2026-08-24 19:08:00,0.195,207,2
2026-08-24 19:14:00,0.116,185,2
2026-08-24 19:20:00,0.184,184,2
2026-08-24 19:26:00,0.255,209,2
2026-08-24 19:32:00,0.111,192,2
2026-08-24 19:38:00,0.272,208,2
2026-08-24 19:44:00,0.176,207,2
2026-08-24 19:50:00,0.385,215,2
2026-08-24 19:56:00,0.381,225,2
2026-08-24 20:02:00,0.514,212,2
2026-08-24 20:08:00,0.482,214,2
2026-08-24 20:14:00,0.414,220,2
2026-08-24 20:20:00,0.567,211,2
2026-08-24 20:26:00,0.475,205,2
2026-08-24 20:32:00,0.614,204,2
2026-08-24 20:38:00,0.635,198,2
2026-08-24 20:44:00,0.793,203,2
2026-08-24 20:50:00,0.73,213,2
2026-08-24 20:56:00,0.785,212,2
2026-08-24 21:02:00,0.805,192,2
2026-08-24 21:08:00,0.824,208,2
2026-08-24 21:14:00,0.798,203,2
2026-08-24 21:20:00,0.763,215,2
2026-08-24 21:26:00,0.546,224,2
2026-08-24 21:32:00,0.589,212,2
2026-08-24 21:38:00,0.49,219,2
2026-08-24 21:44:00,0.548,209,2
2026-08-24 21:50:00,0.626,205,2
2026-08-24 21:56:00,0.562,198,2
2026-08-24 22:02:00,0.534,195,2
2026-08-24 22:08:00,0.482,191,2
2026-08-24 22:14:00,0.57,192,2
2026-08-24 22:20:00,0.57,186,2
2026-08-24 22:26:00,0.468,190,2
2026-08-24 22:32:00,0.527,193,2
2026-08-24 22:38:00,0.585,211,2
2026-08-24 22:44:00,0.573,207,2
2026-08-24 22:50:00,0.553,206,2
2026-08-24 22:56:00,0.504,189,2
2026-08-24 23:02:00,0.502,198,2
2026-08-24 23:08:00,0.488,215,2
2026-08-24 23:14:00,0.526,224,2
2026-08-24 23:20:00,0.45,196,2
2026-08-24 23:26:00,0.374,192,2
2026-08-24 23:32:00,0.355,202,2
2026-08-24 23:38:00,0.374,215,2
2026-08-24 23:44:00,0.424,222,2
2026-08-24 23:50:00,0.438,226,2
2026-08-24 23:56:00,0.38,216,2
2026-08-25 00:02:00,0.338,218,2
2026-08-25 00:08:00,0.204,227,2
2026-08-25 00:14:00,0.155,203,2
2026-08-25 00:20:00,0.215,222,2
2026-08-25 00:26:00,0.374,246,2
2026-08-25 00:32:00,0.252,249,2
2026-08-25 00:38:00,0.047,258,2
2026-08-25 00:44:00,0.076,260,2
2026-08-25 00:50:00,0.166,309,2
2026-08-25 00:56:00,0.147,319,2
2026-08-25 01:02:00,0.216,350,2
2026-08-25 01:08:00,0.177,344,2
2026-08-25 01:14:00,0.218,0,2
2026-08-25 01:20:00,0.296,3,2
2026-08-25 01:26:00,0.197,31,2
2026-08-25 01:32:00,0.282,358,2
2026-08-25 01:38:00,0.337,353,2
2026-08-25 01:44:00,0.264,4,2
2026-08-25 01:50:00,0.162,25,2
2026-08-25 01:56:00,0.234,13,2
2026-08-25 02:02:00,0.208,20,2
2026-08-25 02:08:00,0.192,319,2
2026-08-25 02:14:00,0.546,19,2
2026-08-25 02:20:00,0.587,14,2
2026-08-25 02:26:00,0.521,17,2
2026-08-25 02:32:00,0.546,12,2
2026-08-25 02:38:00,0.461,20,2
2026-08-25 02:44:00,0.502,354,2
2026-08-25 02:50:00,0.527,22,2
2026-08-25 02:56:00,0.58,6,2
2026-08-25 03:02:00,0.643,21,2
2026-08-25 03:08:00,0.617,21,2
2026-08-25 03:14:00,0.654,14,2
2026-08-25 03:20:00,0.567,352,2
2026-08-25 03:26:00,0.634,27,2
2026-08-25 03:32:00,0.576,23,2
2026-08-25 03:38:00,0.568,28,2
2026-08-25 03:44:00,0.683,4,2
2026-08-25 03:50:00,0.637,356,2
2026-08-25 03:56:00,0.743,10,2
2026-08-25 04:02:00,0.672,17,2
2026-08-25 04:08:00,0.637,22,2
2026-08-25 04:14:00,0.598,26,2
2026-08-25 04:20:00,0.651,12,2
2026-08-25 04:26:00,0.633,10,2
2026-08-25 04:32:00,0.516,31,2
2026-08-25 04:38:00,0.58,28,2
2026-08-25 04:44:00,0.476,30,2
2026-08-25 04:50:00,0.449,9,2
2026-08-25 04:56:00,0.535,26,2
2026-08-25 05:02:00,0.472,21,2
2026-08-25 05:08:00,0.41,9,2
2026-08-25 05:14:00,0.357,16,2
2026-08-25 05:20:00,0.223,31,2
2026-08-25 05:26:00,0.158,338,2
2026-08-25 05:32:00,0.1,27,2
2026-08-25 05:38:00,0.209,27,2
2026-08-25 05:44:00,0.193,12,2
2026-08-25 05:50:00,0.065,32,2
2026-08-25 05:56:00,0.196,28,2
2026-08-25 06:02:00,0.059,73,2
2026-08-25 06:08:00,0.028,22,2
2026-08-25 06:14:00,0.043,258,2
2026-08-25 06:20:00,0.035,178,2
2026-08-25 06:26:00,0.061,97,2
2026-08-25 06:32:00,0.19,121,2
2026-08-25 06:38:00,0.263,133,2
2026-08-25 06:44:00,0.087,46,2
2026-08-25 06:50:00,0.307,72,2
2026-08-25 06:56:00,0.268,108,2
2026-08-25 07:02:00,0.146,95,2
2026-08-25 07:08:00,0.053,162,2
2026-08-25 07:14:00,0.117,187,2
2026-08-25 07:20:00,0.269,201,2
2026-08-25 07:26:00,0.183,191,2
2026-08-25 07:32:00,0.25,187,2
2026-08-25 07:38:00,0.185,227,2
2026-08-25 07:44:00,0.303,205,2
2026-08-25 07:50:00,0.335,212,2
2026-08-25 07:56:00,0.431,225,2
2026-08-25 08:02:00,0.405,218,2
2026-08-25 08:08:00,0.311,226,2
2026-08-25 08:14:00,0.323,211,2
2026-08-25 08:20:00,0.529,214,2
2026-08-25 08:26:00,0.376,222,2
2026-08-25 08:32:00,0.235,214,2
2026-08-25 08:38:00,0.368,204,2
2026-08-25 08:44:00,0.433,220,2
2026-08-25 08:50:00,0.67,212,2
2026-08-25 08:56:00,0.271,204,2
2026-08-25 09:08:00,0.364,210,2
2026-08-25 09:14:00,0.534,200,2
2026-08-25 09:20:00,0.407,196,2
2026-08-25 09:26:00,0.348,199,2
2026-08-25 09:32:00,0.207,179,2
2026-08-25 09:38:00,0.266,192,2
2026-08-25 09:44:00,0.591,227,2
2026-08-25 09:50:00,0.508,210,2
2026-08-25 09:56:00,0.483,215,2
2026-08-25 10:02:00,0.586,192,2
2026-08-25 10:08:00,0.395,191,2
2026-08-25 10:14:00,0.452,196,2
2026-08-25 10:20:00,0.563,183,2
2026-08-25 10:26:00,0.588,212,2
2026-08-25 10:32:00,0.481,197,2
2026-08-25 10:38:00,0.406,200,2
2026-08-25 10:44:00,0.481,197,2
2026-08-25 10:50:00,0.345,181,2
2026-08-25 10:56:00,0.764,198,2
2026-08-25 11:02:00,0.981,207,2
2026-08-25 11:08:00,0.829,228,2
2026-08-25 11:14:00,0.779,216,2
2026-08-25 11:20:00,0.901,197,2
2026-08-25 11:26:00,0.904,205,2
2026-08-25 11:32:00,0.909,202,2
2026-08-25 11:38:00,0.826,196,2
2026-08-25 11:44:00,0.769,209,2
2026-08-25 11:50:00,0.508,208,2
2026-08-25 11:56:00,0.552,195,2
2026-08-25 12:02:00,0.554,200,2
2026-08-25 12:08:00,0.687,178,2
2026-08-25 12:14:00,0.562,210,2
2026-08-25 12:20:00,0.486,179,2
2026-08-25 12:26:00,0.448,204,2
2026-08-25 12:32:00,0.42,195,2
2026-08-25 12:38:00,0.306,199,2
2026-08-25 12:44:00,0.47,173,2
2026-08-25 12:50:00,0.435,187,2
2026-08-25 12:56:00,0.417,211,2
2026-08-25 13:02:00,0.512,220,2
2026-08-25 13:08:00,0.322,187,2
2026-08-25 13:14:00,0.28,205,2
2026-08-25 13:20:00,0.286,182,2
2026-08-25 13:26:00,0.29,206,2
2026-08-25 13:32:00,0.251,210,2
2026-08-25 13:38:00,0.252,206,2
2026-08-25 13:44:00,0.221,207,2
2026-08-25 13:50:00,0.186,211,2
2026-08-25 13:56:00,0.128,209,2
2026-08-25 14:02:00,0.067,225,2
2026-08-25 14:08:00,0.121,286,2
2026-08-25 14:14:00,0.215,321,2
2026-08-25 14:20:00,0.095,165,2
2026-08-25 14:26:00,0.101,188,2
2026-08-25 14:32:00,0.032,154,2
2026-08-25 14:38:00,0.165,103,2
2026-08-25 14:44:00,0.12,30,2
2026-08-25 14:50:00,0.155,21,2
2026-08-25 14:56:00,0.2,46,2
2026-08-25 15:02:00,0.199,42,2
2026-08-25 15:08:00,0.176,18,2
2026-08-25 15:14:00,0.231,20,2
2026-08-25 15:20:00,0.143,25,2
2026-08-25 15:26:00,0.16,48,2
2026-08-25 15:32:00,0.159,42,2
2026-08-25 15:38:00,0.114,58,2
2026-08-25 15:44:00,0.151,19,2
2026-08-25 15:50:00,0.156,358,2
2026-08-25 15:56:00,0.176,6,2
2026-08-25 16:02:00,0.196,340,2
2026-08-25 16:08:00,0.109,28,2
2026-08-25 16:14:00,0.159,40,2
2026-08-25 16:20:00,0.131,49,2
2026-08-25 16:26:00,0.263,341,2
2026-08-25 16:32:00,0.16,0,2
2026-08-25 16:38:00,0.234,354,2
2026-08-25 16:44:00,0.194,47,2
2026-08-25 16:50:00,0.162,28,2
2026-08-25 16:56:00,0.126,40,2
2026-08-25 17:02:00,0.185,50,2
2026-08-25 17:08:00,0.179,56,2
2026-08-25 17:14:00,0.16,20,2
2026-08-25 17:20:00,0.2,31,2
2026-08-25 17:26:00,0.17,46,2
2026-08-25 17:32:00,0.199,73,2
2026-08-25 17:38:00,0.139,41,2
2026-08-25 17:44:00,0.103,53,2
2026-08-25 17:50:00,0.136,51,2
2026-08-25 17:56:00,0.15,49,2
2026-08-25 18:02:00,0.201,104,2
2026-08-25 18:08:00,0.182,48,2
2026-08-25 18:14:00,0.186,13,2
2026-08-25 18:20:00,0.1,73,2
2026-08-25 18:26:00,0.201,46,2
2026-08-25 18:32:00,0.132,32,2
2026-08-25 18:38:00,0.138,21,2
2026-08-25 18:44:00,0.081,54,2
2026-08-25 18:50:00,0.047,351,2
2026-08-25 18:56:00,0.053,68,2
2026-08-25 19:02:00,0.076,101,2
2026-08-25 19:08:00,0.028,225,2
2026-08-25 19:14:00,0.124,168,2
2026-08-25 19:20:00,0.083,232,2
2026-08-25 19:32:00,0.106,316,2
2026-08-25 19:38:00,0.06,182,2
2026-08-25 19:44:00,0.1,197,2
2026-08-25 19:50:00,0.158,192,2
2026-08-25 19:56:00,0.092,187,2
2026-08-25 20:02:00,0.166,214,2
2026-08-25 20:08:00,0.095,211,2
2026-08-25 20:14:00,0.198,228,2
2026-08-25 20:20:00,0.136,222,2
2026-08-25 20:26:00,0.277,181,2
2026-08-25 20:32:00,0.273,225,2
2026-08-25 20:38:00,0.368,198,2
2026-08-25 20:44:00,0.343,233,2
2026-08-25 20:50:00,0.389,229,2
2026-08-25 20:56:00,0.465,185,2
2026-08-25 21:02:00,0.407,199,2
2026-08-25 21:08:00,0.533,206,2
2026-08-25 21:14:00,0.551,201,2
2026-08-25 21:20:00,0.467,219,2
2026-08-25 21:26:00,0.475,200,2
2026-08-25 21:32:00,0.423,186,2
2026-08-25 21:38:00,0.495,200,2
2026-08-25 21:44:00,0.462,234,2
2026-08-25 21:50:00,0.559,205,2
2026-08-25 21:56:00,0.452,227,2
2026-08-25 22:02:00,0.404,204,2
2026-08-25 22:08:00,0.277,207,2
2026-08-25 22:14:00,0.319,202,2
2026-08-25 22:20:00,0.415,229,2
2026-08-25 22:26:00,0.442,227,2
2026-08-25 22:32:00,0.272,206,2
2026-08-25 22:38:00,0.275,173,2
2026-08-25 22:44:00,0.168,208,2
2026-08-25 22:50:00,0.187,189,2
2026-08-25 22:56:00,0.136,209,2
2026-08-25 23:02:00,0.093,213,2
2026-08-25 23:08:00,0.159,181,2
2026-08-25 23:14:00,0.161,213,2
2026-08-25 23:20:00,0.248,215,2
2026-08-25 23:26:00,0.343,217,2
2026-08-25 23:32:00,0.276,223,2
2026-08-25 23:38:00,0.237,215,2
2026-08-25 23:44:00,0.176,218,2
2026-08-25 23:50:00,0.152,240,2
2026-08-25 23:56:00,0.258,197,2
2026-08-26 00:02:00,0.301,204,2
2026-08-26 00:08:00,0.341,208,2
2026-08-26 00:14:00,0.254,214,2
2026-08-26 00:20:00,0.221,191,2
2026-08-26 00:26:00,0.123,162,2
2026-08-26 00:32:00,0.031,240,2
2026-08-26 00:38:00,0.066,163,2
2026-08-26 00:44:00,0.08,224,2
2026-08-26 00:50:00,0.21,205,2
2026-08-26 00:56:00,0.075,249,2
2026-08-26 01:02:00,0.054,206,2
2026-08-26 01:08:00,0.146,209,2
2026-08-26 01:14:00,0.16,249,2
2026-08-26 01:20:00,0.083,229,2
2026-08-26 01:26:00,0.085,234,2
2026-08-26 01:32:00,0.065,210,2
2026-08-26 01:38:00,0.076,116,2
2026-08-26 01:44:00,0.006,187,2
2026-08-26 01:50:00,0.063,28,2
2026-08-26 01:56:00,0.156,40,2
2026-08-26 02:02:00,0.084,77,2
2026-08-26 02:08:00,0.06,49,2
2026-08-26 02:14:00,0.143,3,2
2026-08-26 02:20:00,0.127,342,2
2026-08-26 02:26:00,0.075,16,2
2026-08-26 02:32:00,0.173,14,2
2026-08-26 02:38:00,0.212,348,2
2026-08-26 02:44:00,0.158,5,2
2026-08-26 02:50:00,0.11,6,2
2026-08-26 02:56:00,0.281,24,2
2026-08-26 03:02:00,0.281,1,2
2026-08-26 03:08:00,0.35,1,2
2026-08-26 03:14:00,0.282,2,2
2026-08-26 03:20:00,0.428,14,2
2026-08-26 03:26:00,0.478,4,2
2026-08-26 03:32:00,0.546,14,2
2026-08-26 03:38:00,0.645,5,2
2026-08-26 03:44:00,0.639,8,2
2026-08-26 03:50:00,0.642,14,2
2026-08-26 03:56:00,0.549,5,2
2026-08-26 04:02:00,0.609,11,2
2026-08-26 04:08:00,0.63,10,2
2026-08-26 04:14:00,0.673,13,2
2026-08-26 04:20:00,0.706,15,2
2026-08-26 04:26:00,0.616,14,2
2026-08-26 04:32:00,0.625,14,2
2026-08-26 04:38:00,0.553,12,2
2026-08-26 04:44:00,0.596,2,2
2026-08-26 04:50:00,0.579,4,2
2026-08-26 04:56:00,0.569,8,2
2026-08-26 05:02:00,0.572,354,2
2026-08-26 05:08:00,0.597,2,2
2026-08-26 05:14:00,0.649,23,2
2026-08-26 05:20:00,0.531,348,2
2026-08-26 05:26:00,0.582,17,2
2026-08-26 05:32:00,0.583,12,2
2026-08-26 05:38:00,0.588,6,2
2026-08-26 05:44:00,0.633,13,2
2026-08-26 05:50:00,0.475,4,2
2026-08-26 05:56:00,0.387,31,2
2026-08-26 06:02:00,0.366,4,2
2026-08-26 06:08:00,0.273,29,2
2026-08-26 06:14:00,0.174,339,2
2026-08-26 06:20:00,0.103,15,2
2026-08-26 06:26:00,0.225,343,2
2026-08-26 06:32:00,0.162,351,2
2026-08-26 06:38:00,0.211,14,2
2026-08-26 06:44:00,0.335,15,2
2026-08-26 06:50:00,0.243,356,2
2026-08-26 06:56:00,0.157,17,2
2026-08-26 07:02:00,0.198,92,2
2026-08-26 07:08:00,0.039,81,2
2026-08-26 07:14:00,0.05,53,2
2026-08-26 07:20:00,0.134,108,2
2026-08-26 07:26:00,0.117,184,2
2026-08-26 07:32:00,0.06,165,2
2026-08-26 07:38:00,0.023,148,2
2026-08-26 07:44:00,0.043,158,2
2026-08-26 07:50:00,0.167,186,2
2026-08-26 07:56:00,0.143,189,2
2026-08-26 08:02:00,0.174,174,2
2026-08-26 08:08:00,0.204,189,2
2026-08-26 08:14:00,0.192,207,2
2026-08-26 08:20:00,0.239,184,2
2026-08-26 08:32:00,0.312,192,2
2026-08-26 08:38:00,0.36,171,2
2026-08-26 08:44:00,0.296,220,2
2026-08-26 08:50:00,0.396,192,2
2026-08-26 08:56:00,0.342,208,2
2026-08-26 09:02:00,0.407,224,2
2026-08-26 09:08:00,0.464,195,2
2026-08-26 09:14:00,0.532,228,2
2026-08-26 09:20:00,0.466,246,2
2026-08-26 09:26:00,0.576,227,2
2026-08-26 09:32:00,0.598,223,2
2026-08-26 09:38:00,0.371,199,2
2026-08-26 09:44:00,0.446,199,2
2026-08-26 09:50:00,0.349,215,2
2026-08-26 09:56:00,0.311,222,2
2026-08-26 10:02:00,0.259,198,2
2026-08-26 10:08:00,0.184,202,2
2026-08-26 10:14:00,0.212,186,2
2026-08-26 10:20:00,0.488,209,2
2026-08-26 10:26:00,0.493,195,2
2026-08-26 10:32:00,0.555,229,2
2026-08-26 10:38:00,0.496,213,2
2026-08-26 10:44:00,0.367,226,2
2026-08-26 10:50:00,0.493,225,2
2026-08-26 10:56:00,0.462,208,2
2026-08-26 11:02:00,0.396,182,2
2026-08-26 11:08:00,0.376,199,2
2026-08-26 11:14:00,0.47,214,2
2026-08-26 11:20:00,0.347,192,2
2026-08-26 11:26:00,0.572,199,2
2026-08-26 11:32:00,0.635,191,2
2026-08-26 11:38:00,0.506,221,2
2026-08-26 11:44:00,0.498,178,2
2026-08-26 11:50:00,0.555,195,2
2026-08-26 11:56:00,0.568,211,2
2026-08-26 12:02:00,0.569,197,2
2026-08-26 12:08:00,0.679,200,2
2026-08-26 12:14:00,0.546,200,2
2026-08-26 12:20:00,0.717,174,2
2026-08-26 12:26:00,0.502,188,2
2026-08-26 12:32:00,0.346,214,2
2026-08-26 12:38:00,0.363,189,2
2026-08-26 12:44:00,0.415,199,2
2026-08-26 12:50:00,0.37,197,2
2026-08-26 12:56:00,0.382,194,2
2026-08-26 13:02:00,0.334,187,2
2026-08-26 13:08:00,0.2,186,2
2026-08-26 13:14:00,0.19,208,2
2026-08-26 13:20:00,0.265,185,2
2026-08-26 13:26:00,0.371,203,2
2026-08-26 13:32:00,0.337,197,2
2026-08-26 13:38:00,0.149,250,2
2026-08-26 13:44:00,0.254,236,2
2026-08-26 13:50:00,0.193,261,2
2026-08-26 13:56:00,0.197,230,2
2026-08-26 14:02:00,0.073,184,2
2026-08-26 14:08:00,0.218,225,2
2026-08-26 14:14:00,0.505,282,2
2026-08-26 14:20:00,0.156,295,2
2026-08-26 14:26:00,0.103,296,2
2026-08-26 14:32:00,0.089,148,2
2026-08-26 14:38:00,0.188,31,2
2026-08-26 14:44:00,0.054,48,2
2026-08-26 14:50:00,0.11,305,2
2026-08-26 14:56:00,0.171,18,2
2026-08-26 15:02:00,0.121,14,2
2026-08-26 15:08:00,0.116,37,2
2026-08-26 15:14:00,0.134,16,2
2026-08-26 15:20:00,0.261,39,2
2026-08-26 15:26:00,0.194,34,2
2026-08-26 15:32:00,0.339,38,2
2026-08-26 15:38:00,0.385,49,2
2026-08-26 15:44:00,0.306,23,2
2026-08-26 15:50:00,0.322,41,2
2026-08-26 15:56:00,0.265,32,2
2026-08-26 16:02:00,0.223,30,2
2026-08-26 16:08:00,0.317,11,2
2026-08-26 16:14:00,0.304,16,2
2026-08-26 16:20:00,0.287,6,2
2026-08-26 16:26:00,0.393,14,2
2026-08-26 16:32:00,0.321,21,2
2026-08-26 16:38:00,0.304,17,2
2026-08-26 16:44:00,0.388,28,2
2026-08-26 16:50:00,0.307,349,2
2026-08-26 16:56:00,0.207,3,2
2026-08-26 17:02:00,0.223,3,2
2026-08-26 17:08:00,0.22,14,2
2026-08-26 17:14:00,0.137,337,2
2026-08-26 17:20:00,0.114,336,2
2026-08-26 17:26:00,0.178,343,2
2026-08-26 17:32:00,0.162,320,2
2026-08-26 17:38:00,0.113,306,2
2026-08-26 17:44:00,0.3,358,2
2026-08-26 17:50:00,0.178,337,2
2026-08-26 17:56:00,0.123,325,2
2026-08-26 18:02:00,0.175,327,2
2026-08-26 18:08:00,0.129,0,2
2026-08-26 18:14:00,0.065,4,2
2026-08-26 18:20:00,0.096,41,2
2026-08-26 18:26:00,0.114,33,2
2026-08-26 18:32:00,0.2,8,2
2026-08-26 18:38:00,0.241,34,2
2026-08-26 18:44:00,0.225,1,2
2026-08-26 18:50:00,0.215,335,2
2026-08-26 18:56:00,0.16,330,2
2026-08-26 19:02:00,0.163,10,2
2026-08-26 19:08:00,0.118,16,2
2026-08-26 19:14:00,0.207,359,2
2026-08-26 19:20:00,0.21,297,2
2026-08-26 19:26:00,0.041,284,2
2026-08-26 19:32:00,0.162,265,2
2026-08-26 19:44:00,0.278,53,2
2026-08-26 19:50:00,0.331,38,2
2026-08-26 19:56:00,0.19,13,2
2026-08-26 20:02:00,0.044,66,2
2026-08-26 20:08:00,0.035,342,2
2026-08-26 20:14:00,0.092,19,2
2026-08-26 20:20:00,0.056,119,2
2026-08-26 20:26:00,0.116,65,2
2026-08-26 20:32:00,0.1,151,2
2026-08-26 20:38:00,0.056,148,2
2026-08-26 20:44:00,0.075,205,2
2026-08-26 20:50:00,0.032,136,2
2026-08-26 20:56:00,0.044,116,2
2026-08-26 21:02:00,0.037,284,2
2026-08-26 21:08:00,0.208,319,2
2026-08-26 21:14:00,0.155,325,2
2026-08-26 21:20:00,0.108,276,2
2026-08-26 21:26:00,0.091,298,2
2026-08-26 21:32:00,0.08,311,2
2026-08-26 21:38:00,0.054,23,2
2026-08-26 21:44:00,0.048,227,2
2026-08-26 21:50:00,0.097,230,2
2026-08-26 21:56:00,0.216,286,2
2026-08-26 22:02:00,0.19,206,2
2026-08-26 22:08:00,0.074,239,2
2026-08-26 22:14:00,0.213,231,2
2026-08-26 22:20:00,0.115,259,2
2026-08-26 22:26:00,0.228,262,2
2026-08-26 22:32:00,0.093,246,2
2026-08-26 22:38:00,0.066,213,2
2026-08-26 22:44:00,0.126,259,2
2026-08-26 22:50:00,0.124,260,2
2026-08-26 22:56:00,0.184,269,2
2026-08-26 23:02:00,0.156,170,2
2026-08-26 23:08:00,0.253,212,2
2026-08-26 23:14:00,0.227,191,2
2026-08-26 23:20:00,0.138,192,2
2026-08-26 23:26:00,0.141,204,2
2026-08-26 23:32:00,0.177,177,2
2026-08-26 23:38:00,0.094,226,2
2026-08-26 23:44:00,0.124,141,2
2026-08-26 23:50:00,0.098,173,2
2026-08-26 23:56:00,0.112,176,2
2026-08-27 00:02:00,0.079,227,2
2026-08-27 00:08:00,0.068,182,2
2026-08-27 00:14:00,0.077,194,2
2026-08-27 00:20:00,0.084,167,2
2026-08-27 00:26:00,0.042,116,2
2026-08-27 00:32:00,0.028,144,2
2026-08-27 00:38:00,0.043,125,2
2026-08-27 00:44:00,0.079,208,2
2026-08-27 00:50:00,0.07,142,2
2026-08-27 00:56:00,0.131,117,2
2026-08-27 01:02:00,0.018,91,2
2026-08-27 01:08:00,0.056,115,2
2026-08-27 01:14:00,0.135,83,2
2026-08-27 01:20:00,0.062,136,2
2026-08-27 01:26:00,0.039,111,2
2026-08-27 01:32:00,0.125,116,2
2026-08-27 01:38:00,0.174,63,2
2026-08-27 01:44:00,0.113,89,2
2026-08-27 01:50:00,0.078,44,2
2026-08-27 01:56:00,0.176,46,2
2026-08-27 02:02:00,0.249,38,2
2026-08-27 02:08:00,0.307,25,2
2026-08-27 02:14:00,0.381,18,2
2026-08-27 02:20:00,0.398,10,2
2026-08-27 02:26:00,0.384,359,2
2026-08-27 02:32:00,0.41,1,2
2026-08-27 02:38:00,0.416,348,2
2026-08-27 02:44:00,0.412,6,2
2026-08-27 02:50:00,0.504,5,2
2026-08-27 02:56:00,0.617,0,2
2026-08-27 03:02:00,0.674,14,2
2026-08-27 03:08:00,0.656,7,2
2026-08-27 03:14:00,0.649,16,2
2026-08-27 03:20:00,0.734,22,2
2026-08-27 03:26:00,0.727,13,2
2026-08-27 03:32:00,0.828,13,2
2026-08-27 03:38:00,0.845,16,2
2026-08-27 03:44:00,0.866,355,2
2026-08-27 03:50:00,0.833,19,2
2026-08-27 03:56:00,0.795,11,2
2026-08-27 04:02:00,0.969,21,2
2026-08-27 04:08:00,0.91,3,2
2026-08-27 04:20:00,0.951,10,2
2026-08-27 04:26:00,1.002,3,2
2026-08-27 04:32:00,0.973,14,2
2026-08-27 04:38:00,1.075,5,2
2026-08-27 04:44:00,1.072,9,2
2026-08-27 04:50:00,1.12,5,2
2026-08-27 04:56:00,1.148,22,2
2026-08-27 05:02:00,1.161,11,2
2026-08-27 05:08:00,1.16,5,2
2026-08-27 05:14:00,1.138,16,2
2026-08-27 05:20:00,1.117,19,2
2026-08-27 05:26:00,1.126,9,2
2026-08-27 05:32:00,1.101,7,2
2026-08-27 05:38:00,1.13,13,2
2026-08-27 05:44:00,1.06,17,2
2026-08-27 05:50:00,1.094,6,2
2026-08-27 05:56:00,0.984,11,2
2026-08-27 06:08:00,1.173,1,2
2026-08-27 06:14:00,1.07,13,2
2026-08-27 06:20:00,0.975,18,2
2026-08-27 06:32:00,0.954,1,2
2026-08-27 06:38:00,0.931,3,2
2026-08-27 06:44:00,0.721,349,2
2026-08-27 06:50:00,0.58,354,2
2026-08-27 06:56:00,0.556,339,2
2026-08-27 07:02:00,0.392,359,2
2026-08-27 07:08:00,0.463,6,2
2026-08-27 07:14:00,0.304,344,2
2026-08-27 07:20:00,0.371,4,2
2026-08-27 07:26:00,0.373,5,2
2026-08-27 07:32:00,0.2,348,2
2026-08-27 07:38:00,0.24,24,2
2026-08-27 07:44:00,0.309,4,2
2026-08-27 07:50:00,0.177,36,2
2026-08-27 07:56:00,0.164,36,2
2026-08-27 08:02:00,0.114,33,2
2026-08-27 08:08:00,0.131,28,2
2026-08-27 08:14:00,0.083,28,2
2026-08-27 08:20:00,0.055,359,2
2026-08-27 08:26:00,0.164,6,2
2026-08-27 08:32:00,0.183,348,2
2026-08-27 08:38:00,0.006,7,2
2026-08-27 08:44:00,0.086,43,2
2026-08-27 08:50:00,0.181,33,2
2026-08-27 08:56:00,0.059,44,2
2026-08-27 09:02:00,0.063,38,2
2026-08-27 09:08:00,0.022,333,2
2026-08-27 09:14:00,0.022,274,2
2026-08-27 09:20:00,0.074,63,2
2026-08-27 09:26:00,0.047,161,2
2026-08-27 09:32:00,0.122,107,2
2026-08-27 09:38:00,0.05,328,2
2026-08-27 09:44:00,0.074,182,2
2026-08-27 09:50:00,0.055,158,2
2026-08-27 09:56:00,0.031,7,2
2026-08-27 10:02:00,0.06,170,2
2026-08-27 10:08:00,0.041,250,2
2026-08-27 10:14:00,0.193,206,2
2026-08-27 10:20:00,0.173,251,2
2026-08-27 10:26:00,0.13,232,2
2026-08-27 10:32:00,0.071,191,2
2026-08-27 10:38:00,0.117,263,2
2026-08-27 10:44:00,0.111,261,2
2026-08-27 10:50:00,0.109,256,2
2026-08-27 10:56:00,0.157,212,2
2026-08-27 11:02:00,0.116,224,2
2026-08-27 11:08:00,0.191,213,2
2026-08-27 11:14:00,0.247,225,2
2026-08-27 11:20:00,0.116,242,2
2026-08-27 11:26:00,0.314,243,2
2026-08-27 11:32:00,0.293,252,2
2026-08-27 11:38:00,0.462,243,2
2026-08-27 11:44:00,0.559,241,2
2026-08-27 11:50:00,0.482,232,2
2026-08-27 11:56:00,0.545,210,2
2026-08-27 12:02:00,0.763,246,2
2026-08-27 12:08:00,0.669,241,2
2026-08-27 12:14:00,0.571,237,2
2026-08-27 12:20:00,0.524,239,2
2026-08-27 12:26:00,0.666,245,2
2026-08-27 12:32:00,0.788,232,2
2026-08-27 12:38:00,0.79,217,2
2026-08-27 12:44:00,0.71,204,2
2026-08-27 12:50:00,0.683,196,2
2026-08-27 12:56:00,0.556,202,2
2026-08-27 13:02:00,0.761,179,2
2026-08-27 13:08:00,0.726,214,2
2026-08-27 13:14:00,0.473,220,2
2026-08-27 13:20:00,0.25,229,2
2026-08-27 13:26:00,0.285,224,2
2026-08-27 13:32:00,0.27,243,2
2026-08-27 13:38:00,0.28,257,2
2026-08-27 13:44:00,0.078,285,2
2026-08-27 13:50:00,0.051,261,2
2026-08-27 13:56:00,0.144,275,2
2026-08-27 14:02:00,0.091,298,2
2026-08-27 14:08:00,0.128,257,2
2026-08-27 14:14:00,0.157,288,2
2026-08-27 14:20:00,0.083,301,2
2026-08-27 14:26:00,0.151,330,2
2026-08-27 14:32:00,0.187,300,2
2026-08-27 14:38:00,0.128,315,2
2026-08-27 14:44:00,0.069,280,2
2026-08-27 14:50:00,0.171,306,2
2026-08-27 14:56:00,0.08,354,2
2026-08-27 15:02:00,0.62,350,2
2026-08-27 15:08:00,0.233,312,2
2026-08-27 15:14:00,0.263,300,2
2026-08-27 15:20:00,0.268,308,2
2026-08-27 15:26:00,0.519,325,2
2026-08-27 15:32:00,0.511,324,2
2026-08-27 15:38:00,0.383,345,2
2026-08-27 15:44:00,0.496,341,2
2026-08-27 15:50:00,0.22,341,2
2026-08-27 15:56:00,0.257,341,2
2026-08-27 16:02:00,0.294,348,2
2026-08-27 16:08:00,0.432,345,2
2026-08-27 16:14:00,0.527,349,2
2026-08-27 16:20:00,0.376,352,2
2026-08-27 16:26:00,0.554,336,2
2026-08-27 16:32:00,0.254,326,2
2026-08-27 16:38:00,0.27,358,2
2026-08-27 16:44:00,0.268,358,2
2026-08-27 16:50:00,0.227,17,2
2026-08-27 16:56:00,0.329,12,2
2026-08-27 17:02:00,0.28,33,2
2026-08-27 17:08:00,0.316,11,2
2026-08-27 17:14:00,0.3,25,2
2026-08-27 17:20:00,0.331,350,2
2026-08-27 17:26:00,0.451,339,2
2026-08-27 17:32:00,0.49,0,2
2026-08-27 17:38:00,0.448,17,2
2026-08-27 17:44:00,0.631,354,2
2026-08-27 17:50:00,0.431,19,2
2026-08-27 17:56:00,0.508,21,2
2026-08-27 18:02:00,0.484,349,2
2026-08-27 18:08:00,0.463,358,2
2026-08-27 18:14:00,0.284,347,2
2026-08-27 18:20:00,0.214,350,2
2026-08-27 18:26:00,0.308,344,2
2026-08-27 18:32:00,0.303,5,2
2026-08-27 18:38:00,0.351,18,2
2026-08-27 18:44:00,0.219,354,2
2026-08-27 18:50:00,0.291,8,2
2026-08-27 18:56:00,0.344,338,2
2026-08-27 19:02:00,0.444,8,2
2026-08-27 19:08:00,0.358,7,2
2026-08-27 19:14:00,0.453,358,2
2026-08-27 19:20:00,0.41,9,2
2026-08-27 19:26:00,0.371,13,2
2026-08-27 19:32:00,0.297,359,2
2026-08-27 19:38:00,0.208,349,2
2026-08-27 19:44:00,0.222,349,2
2026-08-27 19:50:00,0.19,333,2
2026-08-27 19:56:00,0.176,2,2
2026-08-27 20:02:00,0.181,351,2
2026-08-27 20:08:00,0.199,343,2
2026-08-27 20:14:00,0.199,12,2
2026-08-27 20:20:00,0.216,11,2
2026-08-27 20:26:00,0.154,22,2
2026-08-27 20:32:00,0.121,347,2
2026-08-27 20:38:00,0.18,343,2
2026-08-27 20:44:00,0.265,345,2
2026-08-27 20:50:00,0.3,2,2
2026-08-27 20:56:00,0.365,8,2
2026-08-27 21:02:00,0.2,25,2
2026-08-27 21:08:00,0.175,23,2
2026-08-27 21:14:00,0.137,51,2
2026-08-27 21:20:00,0.055,51,2
2026-08-27 21:26:00,0.104,109,2
2026-08-27 21:32:00,0.096,91,2
2026-08-27 21:38:00,0.155,116,2
2026-08-27 21:44:00,0.079,157,2
2026-08-27 21:50:00,0.113,166,2
2026-08-27 21:56:00,0.083,159,2
2026-08-27 22:02:00,0.125,199,2
2026-08-27 22:08:00,0.306,190,2
2026-08-27 22:14:00,0.256,197,2
2026-08-27 22:20:00,0.275,205,2
2026-08-27 22:26:00,0.188,103,2
2026-08-27 22:32:00,0.29,227,2
2026-08-27 22:38:00,0.28,231,2
2026-08-27 22:44:00,0.267,240,2
2026-08-27 22:50:00,0.344,222,2
2026-08-27 22:56:00,0.418,239,2
2026-08-27 23:02:00,0.287,225,2
2026-08-27 23:08:00,0.307,228,2
2026-08-27 23:14:00,0.395,226,2
2026-08-27 23:20:00,0.385,229,2
2026-08-27 23:26:00,0.299,236,2
2026-08-27 23:32:00,0.444,219,2
2026-08-27 23:38:00,0.433,214,2
2026-08-27 23:44:00,0.528,216,2
2026-08-27 23:50:00,0.658,217,2
2026-08-27 23:56:00,0.626,222,2
2026-08-28 00:02:00,0.731,221,2
2026-08-28 00:08:00,0.824,190,2
2026-08-28 00:14:00,0.781,208,2
2026-08-28 00:20:00,0.887,205,2
2026-08-28 00:26:00,0.801,202,2
2026-08-28 00:32:00,0.82,233,2
2026-08-28 00:38:00,0.859,226,2
2026-08-28 00:44:00,0.813,210,2
2026-08-28 00:50:00,0.784,224,2
2026-08-28 00:56:00,0.789,198,2
2026-08-28 01:02:00,0.774,205,2
2026-08-28 01:08:00,0.797,208,2
2026-08-28 01:14:00,0.703,220,2
2026-08-28 01:20:00,0.668,222,2
2026-08-28 01:26:00,0.698,205,2
2026-08-28 01:32:00,0.612,243,2
2026-08-28 01:38:00,0.539,203,2
2026-08-28 01:44:00,0.645,214,2
2026-08-28 01:50:00,0.47,221,2
2026-08-28 01:56:00,0.386,229,2
2026-08-28 02:02:00,0.334,219,2
2026-08-28 02:08:00,0.238,262,2
2026-08-28 02:14:00,0.281,225,2
2026-08-28 02:20:00,0.207,239,2
2026-08-28 02:26:00,0.318,264,2
2026-08-28 02:32:00,0.189,285,2
2026-08-28 02:38:00,0.134,309,2
2026-08-28 02:44:00,0.223,311,2
2026-08-28 02:50:00,0.38,313,2
2026-08-28 02:56:00,0.195,325,2
2026-08-28 03:02:00,0.119,333,2
2026-08-28 03:08:00,0.126,322,2
2026-08-28 03:14:00,0.152,329,2
2026-08-28 03:20:00,0.171,349,2
2026-08-28 03:26:00,0.163,336,2
2026-08-28 03:32:00,0.263,336,2
2026-08-28 03:38:00,0.246,357,2
2026-08-28 03:44:00,0.362,346,2
2026-08-28 03:50:00,0.338,335,2
2026-08-28 03:56:00,0.501,344,2
2026-08-28 04:02:00,0.395,334,2
2026-08-28 04:08:00,0.6,339,2
2026-08-28 04:14:00,0.603,331,2
2026-08-28 04:20:00,0.626,350,2
2026-08-28 04:26:00,0.561,352,2
2026-08-28 04:32:00,0.485,346,2
2026-08-28 04:38:00,0.667,347,2
2026-08-28 04:44:00,0.662,353,2
2026-08-28 04:50:00,0.703,5,2
2026-08-28 04:56:00,0.642,0,2
2026-08-28 05:02:00,0.676,352,2
2026-08-28 05:08:00,0.721,9,2
2026-08-28 05:14:00,0.643,0,2
2026-08-28 05:20:00,0.674,14,2
2026-08-28 05:26:00,0.752,15,2
2026-08-28 05:32:00,0.706,359,2
2026-08-28 05:38:00,0.732,15,2
2026-08-28 05:44:00,0.677,15,2
2026-08-28 05:50:00,0.723,32,2
2026-08-28 05:56:00,0.619,21,2
2026-08-28 06:02:00,0.681,359,2
2026-08-28 06:08:00,0.675,23,2
2026-08-28 06:14:00,0.58,21,2
2026-08-28 06:20:00,0.507,4,2
2026-08-28 06:26:00,0.413,8,2
2026-08-28 06:32:00,0.412,19,2
2026-08-28 06:38:00,0.47,7,2
2026-08-28 06:44:00,0.52,351,2
2026-08-28 06:50:00,0.535,352,2
2026-08-28 06:56:00,0.39,0,2
2026-08-28 07:02:00,0.25,337,2
2026-08-28 07:08:00,0.108,38,2
2026-08-28 07:14:00,0.119,10,2
2026-08-28 07:20:00,0.097,63,2
2026-08-28 07:26:00,0.121,31,2
2026-08-28 07:32:00,0.163,0,2
2026-08-28 07:38:00,0.084,10,2
2026-08-28 07:44:00,0.049,78,2
2026-08-28 07:50:00,0.111,329,2
2026-08-28 07:56:00,0.124,123,2
2026-08-28 08:02:00,0.082,25,2
2026-08-28 08:08:00,0.063,312,2
2026-08-28 08:14:00,0.147,26,2
2026-08-28 08:20:00,0.127,27,2
2026-08-28 08:26:00,0.115,84,2
2026-08-28 08:32:00,0.145,54,2
2026-08-28 08:38:00,0.119,39,2
2026-08-28 08:44:00,0.018,66,2
2026-08-28 08:50:00,0.074,71,2
2026-08-28 08:56:00,0.092,109,2
2026-08-28 09:02:00,0.061,146,2
2026-08-28 09:08:00,0.047,151,2
2026-08-28 09:14:00,0.058,245,2
2026-08-28 09:20:00,0.053,74,2
2026-08-28 09:26:00,0.125,181,2
2026-08-28 09:32:00,0.099,183,2
2026-08-28 09:38:00,0.113,212,2
2026-08-28 09:44:00,0.085,200,2
2026-08-28 09:50:00,0.145,251,2
2026-08-28 09:56:00,0.14,225,2
2026-08-28 10:02:00,0.146,216,2
2026-08-28 10:08:00,0.221,183,2
2026-08-28 10:14:00,0.237,175,2
2026-08-28 10:20:00,0.142,178,2
2026-08-28 10:26:00,0.129,184,2
2026-08-28 10:32:00,0.153,212,2
2026-08-28 10:38:00,0.158,207,2
2026-08-28 10:44:00,0.277,194,2
2026-08-28 10:50:00,0.511,193,2
2026-08-28 10:56:00,0.661,170,2
2026-08-28 11:02:00,0.683,213,2
2026-08-28 11:08:00,0.659,227,2
2026-08-28 11:14:00,0.702,236,2
2026-08-28 11:20:00,0.865,213,2
2026-08-28 11:26:00,0.871,195,2
2026-08-28 11:32:00,0.791,198,2
2026-08-28 11:38:00,0.821,210,2
2026-08-28 11:44:00,0.894,218,2
2026-08-28 11:50:00,0.911,197,2
2026-08-28 11:56:00,0.911,195,2
2026-08-28 12:02:00,0.825,188,2
2026-08-28 12:08:00,0.762,199,2
2026-08-28 12:14:00,0.796,205,2
2026-08-28 12:20:00,0.804,195,2
2026-08-28 12:26:00,0.809,190,2
2026-08-28 12:32:00,1.009,225,2
2026-08-28 12:38:00,0.931,211,2
2026-08-28 12:44:00,0.785,187,2
2026-08-28 12:50:00,0.928,213,2
2026-08-28 12:56:00,1.002,204,2
2026-08-28 13:02:00,1.103,222,2
2026-08-28 13:08:00,0.931,215,2
2026-08-28 13:14:00,1.059,231,2
2026-08-28 13:20:00,0.89,197,2
2026-08-28 13:26:00,0.829,198,2
2026-08-28 13:32:00,0.896,194,2
2026-08-28 13:38:00,0.892,191,2
2026-08-28 13:44:00,0.982,191,2
2026-08-28 13:50:00,0.85,212,2
2026-08-28 13:56:00,0.768,210,2
2026-08-28 14:02:00,0.757,206,2
2026-08-28 14:08:00,0.641,207,2
2026-08-28 14:14:00,0.544,209,2
2026-08-28 14:20:00,0.49,211,2
2026-08-28 14:26:00,0.481,212,2
2026-08-28 14:32:00,0.361,209,2
2026-08-28 14:38:00,0.382,199,2
2026-08-28 14:44:00,0.318,210,2
2026-08-28 14:50:00,0.246,201,2
2026-08-28 14:56:00,0.192,179,2
2026-08-28 15:02:00,0.276,215,2
2026-08-28 15:08:00,0.162,207,2
2026-08-28 15:14:00,0.185,198,2
2026-08-28 15:20:00,0.184,244,2
2026-08-28 15:26:00,0.122,222,2
2026-08-28 15:32:00,0.135,187,2
2026-08-28 15:38:00,0.188,153,2
2026-08-28 15:44:00,0.429,226,2
2026-08-28 15:50:00,0.168,219,2
2026-08-28 15:56:00,0.132,216,2
2026-08-28 16:02:00,0.086,244,2
2026-08-28 16:08:00,0.024,197,2
2026-08-28 16:14:00,0.058,298,2
2026-08-28 16:20:00,0.138,339,2
2026-08-28 16:26:00,0.129,314,2
2026-08-28 16:32:00,0.065,56,2
2026-08-28 16:38:00,0.104,335,2
2026-08-28 16:44:00,0.167,345,2
2026-08-28 16:50:00,0.095,348,2
2026-08-28 16:56:00,0.119,348,2
2026-08-28 17:02:00,0.141,56,2
2026-08-28 17:08:00,0.296,37,2
2026-08-28 17:14:00,0.22,25,2
2026-08-28 17:20:00,0.148,357,2
2026-08-28 17:26:00,0.029,348,2
2026-08-28 17:32:00,0.301,79,2
2026-08-28 17:38:00,0.212,26,2
2026-08-28 17:44:00,0.23,76,2
2026-08-28 17:50:00,0.123,18,2
2026-08-28 17:56:00,0.216,43,2
2026-08-28 18:02:00,0.14,37,2
2026-08-28 18:08:00,0.175,26,2
2026-08-28 18:14:00,0.212,61,2
2026-08-28 18:20:00,0.224,49,2
2026-08-28 18:26:00,0.165,31,2
2026-08-28 18:32:00,0.197,44,2
2026-08-28 18:50:00,0.309,28,2
2026-08-28 19:02:00,0.155,27,2
2026-08-28 19:14:00,0.201,37,2
2026-08-28 19:20:00,0.198,36,2
2026-08-28 19:26:00,0.201,37,2
2026-08-28 19:32:00,0.145,24,2
2026-08-28 19:38:00,0.066,333,2
2026-08-28 19:44:00,0.159,4,2
2026-08-28 19:50:00,0.135,29,2
2026-08-28 19:56:00,0.071,337,2
2026-08-28 20:02:00,0.105,332,2
2026-08-28 20:08:00,0.127,352,2
2026-08-28 20:14:00,0.216,352,2
2026-08-28 20:20:00,0.129,291,2
2026-08-28 20:38:00,0.19,272,2
2026-08-28 20:44:00,0.249,273,2
2026-08-28 20:50:00,0.095,279,2
2026-08-28 20:56:00,0.081,249,2
2026-08-28 21:02:00,0.088,240,2
2026-08-28 21:08:00,0.169,255,2
2026-08-28 21:14:00,0.315,249,2
2026-08-28 21:20:00,0.236,250,2
2026-08-28 21:26:00,0.19,222,2
2026-08-28 21:32:00,0.209,235,2
2026-08-28 21:38:00,0.281,216,2
2026-08-28 21:44:00,0.278,224,2
2026-08-28 21:50:00,0.324,212,2
2026-08-28 21:56:00,0.374,227,2
2026-08-28 22:02:00,0.458,202,2
2026-08-28 22:08:00,0.388,204,2
2026-08-28 22:14:00,0.429,194,2
2026-08-28 22:20:00,0.443,207,2
2026-08-28 22:26:00,0.513,204,2
2026-08-28 22:32:00,0.577,229,2
2026-08-28 22:38:00,0.482,214,2
2026-08-28 22:44:00,0.463,196,2
2026-08-28 22:50:00,0.582,201,2
2026-08-28 22:56:00,0.577,209,2
2026-08-28 23:02:00,0.617,217,2
2026-08-28 23:08:00,0.552,216,2
2026-08-28 23:14:00,0.67,202,2
2026-08-28 23:20:00,0.691,227,2
2026-08-28 23:26:00,0.921,231,2
2026-08-28 23:32:00,1.031,195,2
2026-08-28 23:38:00,0.84,226,2
2026-08-28 23:44:00,0.803,213,2
2026-08-28 23:50:00,0.832,225,2
2026-08-28 23:56:00,0.795,226,2
2026-08-29 00:02:00,0.712,218,2
2026-08-29 00:08:00,0.801,224,2
2026-08-29 00:14:00,0.85,227,2
2026-08-29 00:20:00,0.754,210,2
2026-08-29 00:26:00,0.677,225,2
2026-08-29 00:32:00,0.766,230,2
2026-08-29 00:38:00,0.781,216,2
2026-08-29 00:44:00,0.923,216,2
2026-08-29 00:50:00,0.894,204,2
2026-08-29 00:56:00,0.969,228,2
2026-08-29 01:02:00,0.898,222,2
2026-08-29 01:08:00,0.99,220,2
2026-08-29 01:14:00,0.921,225,2
2026-08-29 01:20:00,0.964,203,2
2026-08-29 01:26:00,0.902,194,2
2026-08-29 01:32:00,0.863,198,2
2026-08-29 01:38:00,0.958,211,2
2026-08-29 01:44:00,0.842,211,2
2026-08-29 01:50:00,0.776,223,2
2026-08-29 01:56:00,0.884,210,2
2026-08-29 02:02:00,0.816,207,2
2026-08-29 02:08:00,0.796,200,2
2026-08-29 02:14:00,0.754,217,2
2026-08-29 02:20:00,0.733,225,2
2026-08-29 02:26:00,0.805,211,2
2026-08-29 02:32:00,0.871,218,2
2026-08-29 02:38:00,0.702,224,2
2026-08-29 02:44:00,0.678,238,2
2026-08-29 02:50:00,0.512,216,2
2026-08-29 02:56:00,0.488,210,2
2026-08-29 03:02:00,0.53,216,2
2026-08-29 03:08:00,0.336,198,2
2026-08-29 03:14:00,0.416,199,2
2026-08-29 03:20:00,0.415,239,2
2026-08-29 03:26:00,0.519,257,2
2026-08-29 03:32:00,0.437,246,2
2026-08-29 03:38:00,0.333,261,2
2026-08-29 03:44:00,0.315,247,2
2026-08-29 03:50:00,0.257,246,2
2026-08-29 03:56:00,0.28,251,2
2026-08-29 04:02:00,0.229,265,2
2026-08-29 04:08:00,0.126,305,2
2026-08-29 04:14:00,0.132,308,2
2026-08-29 04:20:00,0.161,288,2
2026-08-29 04:26:00,0.158,318,2
2026-08-29 04:32:00,0.194,48,2
2026-08-29 04:38:00,0.241,12,2
2026-08-29 04:44:00,0.291,16,2
2026-08-29 04:50:00,0.262,2,2
2026-08-29 04:56:00,0.238,320,2
2026-08-29 05:02:00,0.292,27,2
2026-08-29 05:08:00,0.251,26,2
2026-08-29 05:14:00,0.279,31,2
2026-08-29 05:20:00,0.242,35,2
2026-08-29 05:26:00,0.266,28,2
2026-08-29 05:32:00,0.19,4,2
2026-08-29 05:38:00,0.232,38,2
2026-08-29 05:44:00,0.248,7,2
2026-08-29 05:50:00,0.207,39,2
2026-08-29 05:56:00,0.25,59,2
2026-08-29 06:02:00,0.22,67,2
2026-08-29 06:08:00,0.2,59,2
2026-08-29 06:14:00,0.1,27,2
2026-08-29 06:20:00,0.237,40,2
2026-08-29 06:26:00,0.245,18,2
2026-08-29 06:32:00,0.228,51,2
2026-08-29 06:38:00,0.168,32,2
2026-08-29 06:56:00,0.212,9,2
2026-08-29 07:14:00,0.256,38,2
2026-08-29 07:20:00,0.173,43,2
2026-08-29 07:26:00,0.153,56,2
2026-08-29 07:32:00,0.083,58,2
2026-08-29 07:38:00,0.038,67,2
2026-08-29 07:44:00,0.031,258,2
2026-08-29 07:50:00,0.051,351,2
2026-08-29 07:56:00,0.091,43,2
2026-08-29 08:02:00,0.101,359,2
2026-08-29 08:08:00,0.058,104,2
2026-08-29 08:14:00,0.062,262,2
2026-08-29 08:20:00,0.068,222,2
2026-08-29 08:26:00,0.196,260,2
2026-08-29 08:32:00,0.176,286,2
2026-08-29 08:38:00,0.111,226,2
2026-08-29 08:44:00,0.11,233,2
2026-08-29 08:50:00,0.192,228,2
2026-08-29 08:56:00,0.139,306,2
2026-08-29 09:02:00,0.269,285,2
2026-08-29 09:08:00,0.078,240,2
2026-08-29 09:14:00,0.161,201,2
2026-08-29 09:20:00,0.229,174,2
2026-08-29 09:26:00,0.204,194,2
2026-08-29 09:32:00,0.27,170,2
2026-08-29 09:38:00,0.231,179,2
2026-08-29 09:44:00,0.377,204,2
2026-08-29 09:50:00,0.242,207,2
2026-08-29 09:56:00,0.38,182,2
2026-08-29 10:08:00,0.378,193,2
2026-08-29 10:14:00,0.403,201,2
2026-08-29 10:20:00,0.315,210,2
2026-08-29 10:26:00,0.301,185,2
2026-08-29 10:32:00,0.259,201,2
2026-08-29 10:38:00,0.379,201,2
2026-08-29 10:44:00,0.424,187,2
2026-08-29 10:50:00,0.526,189,2
2026-08-29 10:56:00,0.486,185,2
2026-08-29 11:02:00,0.736,190,2
2026-08-29 11:08:00,0.74,215,2
2026-08-29 11:14:00,0.696,205,2
2026-08-29 11:20:00,0.831,223,2
2026-08-29 11:26:00,0.878,213,2
2026-08-29 11:32:00,0.792,215,2
2026-08-29 11:38:00,0.756,228,2
2026-08-29 11:44:00,0.868,203,2
2026-08-29 11:50:00,0.685,221,2
2026-08-29 11:56:00,0.771,198,2
2026-08-29 12:02:00,0.829,206,2
2026-08-29 12:08:00,0.899,220,2
2026-08-29 12:14:00,0.866,214,2
2026-08-29 12:20:00,0.934,207,2
2026-08-29 12:26:00,0.891,200,2
2026-08-29 12:32:00,0.93,217,2
2026-08-29 12:38:00,0.951,217,2
2026-08-29 12:44:00,1.058,227,2
2026-08-29 12:50:00,1.004,201,2
2026-08-29 12:56:00,1.186,218,2
2026-08-29 13:02:00,1.097,220,2
2026-08-29 13:08:00,1.128,201,2
2026-08-29 13:14:00,1.256,198,2
2026-08-29 13:20:00,1.173,225,2
2026-08-29 13:26:00,1.199,200,2
2026-08-29 13:32:00,1.149,215,2
2026-08-29 13:38:00,1.189,193,2
2026-08-29 13:44:00,1.201,210,2
2026-08-29 13:50:00,1.195,209,2
2026-08-29 13:56:00,1.203,203,2
2026-08-29 14:02:00,1.041,197,2
2026-08-29 14:08:00,1.061,214,2
2026-08-29 14:14:00,1.139,195,2
2026-08-29 14:20:00,1.103,196,2
2026-08-29 14:26:00,0.929,215,2
2026-08-29 14:32:00,0.844,199,2
2026-08-29 14:38:00,0.807,194,2
2026-08-29 14:44:00,0.946,200,2
2026-08-29 14:50:00,0.791,187,2
2026-08-29 14:56:00,0.757,194,2
2026-08-29 15:02:00,0.811,210,2
2026-08-29 15:08:00,0.436,217,2
2026-08-29 15:14:00,0.448,191,2
2026-08-29 15:20:00,0.501,211,2
2026-08-29 15:26:00,0.398,229,2
2026-08-29 15:32:00,0.299,246,2
2026-08-29 15:38:00,0.299,253,2
2026-08-29 15:44:00,0.193,241,2
2026-08-29 15:50:00,0.142,249,2
2026-08-29 15:56:00,0.098,253,2
2026-08-29 16:02:00,0.084,318,2
2026-08-29 16:08:00,0.079,208,2
2026-08-29 16:14:00,0.129,297,2
2026-08-29 16:20:00,0.185,347,2
2026-08-29 16:26:00,0.15,7,2
2026-08-29 16:32:00,0.23,34,2
2026-08-29 16:38:00,0.302,35,2
2026-08-29 16:44:00,0.286,58,2
2026-08-29 16:50:00,0.252,65,2
2026-08-29 16:56:00,0.234,40,2
2026-08-29 17:02:00,0.114,22,2
2026-08-29 17:08:00,0.218,2,2
2026-08-29 17:14:00,0.138,29,2
2026-08-29 17:20:00,0.223,21,2
2026-08-29 17:26:00,0.314,25,2
2026-08-29 17:32:00,0.215,22,2
2026-08-29 17:38:00,0.236,8,2
2026-08-29 17:44:00,0.202,348,2
2026-08-29 17:50:00,0.312,17,2
2026-08-29 17:56:00,0.244,357,2
2026-08-29 18:02:00,0.182,4,2
2026-08-29 18:08:00,0.283,359,2
2026-08-29 18:14:00,0.344,354,2
2026-08-29 18:20:00,0.191,344,2
2026-08-29 18:26:00,0.164,352,2
2026-08-29 18:32:00,0.29,5,2
2026-08-29 18:38:00,0.334,343,2
2026-08-29 18:44:00,0.336,3,2
2026-08-29 18:50:00,0.279,357,2
2026-08-29 18:56:00,0.225,3,2
2026-08-29 19:02:00,0.364,14,2
2026-08-29 19:08:00,0.239,350,2
2026-08-29 19:26:00,0.226,356,2
2026-08-29 19:32:00,0.348,25,2
2026-08-29 19:38:00,0.324,9,2
2026-08-29 19:44:00,0.234,29,2
2026-08-29 19:50:00,0.401,3,2
2026-08-29 19:56:00,0.47,9,2
2026-08-29 20:02:00,0.599,11,2
2026-08-29 20:08:00,0.553,22,2
2026-08-29 20:14:00,0.69,34,2
2026-08-29 20:20:00,0.538,25,2
2026-08-29 20:26:00,0.611,19,2
2026-08-29 20:32:00,0.654,25,2
2026-08-29 20:38:00,0.639,28,2
2026-08-29 20:44:00,0.555,10,2
2026-08-29 20:50:00,0.533,35,2
2026-08-29 20:56:00,0.468,27,2
2026-08-29 21:02:00,0.388,32,2
2026-08-29 21:08:00,0.416,15,2
2026-08-29 21:14:00,0.419,40,2
2026-08-29 21:20:00,0.232,33,2
2026-08-29 21:26:00,0.118,51,2
2026-08-29 21:32:00,0.062,78,2
2026-08-29 21:38:00,0.002,78,2
2026-08-29 21:44:00,0.063,87,2
2026-08-29 21:50:00,0.082,348,2
2026-08-29 21:56:00,0.027,250,2
2026-08-29 22:02:00,0.306,242,2
2026-08-29 22:08:00,0.174,338,2
2026-08-29 22:14:00,0.127,175,2
2026-08-29 22:20:00,0.192,225,2
2026-08-29 22:26:00,0.113,218,2
2026-08-29 22:32:00,0.218,182,2
2026-08-29 22:38:00,0.271,199,2
2026-08-29 22:44:00,0.304,196,2
2026-08-29 22:50:00,0.233,199,2
2026-08-29 22:56:00,0.322,217,2
2026-08-29 23:02:00,0.298,197,2
2026-08-29 23:08:00,0.289,217,2
2026-08-29 23:14:00,0.243,201,2
2026-08-29 23:20:00,0.261,208,2
2026-08-29 23:26:00,0.305,200,2
2026-08-29 23:32:00,0.289,234,2
2026-08-29 23:38:00,0.336,198,2
2026-08-29 23:44:00,0.466,194,2
2026-08-29 23:50:00,0.54,229,2
2026-08-29 23:56:00,0.468,236,2
2026-08-30 00:02:00,0.447,249,2
2026-08-30 00:08:00,0.546,238,2
2026-08-30 00:14:00,0.515,229,2
2026-08-30 00:20:00,0.651,184,2
2026-08-30 00:26:00,0.505,241,2
2026-08-30 00:32:00,0.697,237,2
2026-08-30 00:38:00,0.6,241,2
2026-08-30 00:44:00,0.704,220,2
2026-08-30 00:50:00,0.648,208,2
2026-08-30 00:56:00,0.546,206,2
2026-08-30 01:02:00,0.51,200,2
2026-08-30 01:08:00,0.552,208,2
2026-08-30 01:14:00,0.532,201,2
2026-08-30 01:20:00,0.496,206,2
2026-08-30 01:26:00,0.562,219,2
2026-08-30 01:32:00,0.566,214,2
2026-08-30 01:38:00,0.412,217,2
2026-08-30 01:44:00,0.491,213,2
2026-08-30 01:50:00,0.386,184,2
2026-08-30 01:56:00,0.393,204,2
2026-08-30 02:02:00,0.507,221,2
2026-08-30 02:08:00,0.41,206,2
2026-08-30 02:14:00,0.509,222,2
2026-08-30 02:20:00,0.43,223,2
2026-08-30 02:26:00,0.488,216,2
2026-08-30 02:32:00,0.352,212,2
2026-08-30 02:38:00,0.446,208,2
2026-08-30 02:44:00,0.303,223,2
2026-08-30 02:50:00,0.448,210,2
2026-08-30 02:56:00,0.684,200,2
2026-08-30 03:02:00,0.698,209,2
2026-08-30 03:08:00,0.598,221,2
2026-08-30 03:14:00,0.621,245,2
2026-08-30 03:20:00,0.63,219,2
2026-08-30 03:26:00,0.567,176,2
2026-08-30 03:32:00,0.605,224,2
2026-08-30 03:38:00,0.421,238,2
2026-08-30 03:44:00,0.408,220,2
2026-08-30 03:50:00,0.333,240,2
2026-08-30 03:56:00,0.375,212,2
2026-08-30 04:02:00,0.108,251,2
2026-08-30 04:08:00,0.207,217,2
2026-08-30 04:14:00,0.325,192,2
2026-08-30 04:20:00,0.218,164,2
2026-08-30 04:26:00,0.123,285,2
2026-08-30 04:32:00,0.158,358,2
2026-08-30 04:38:00,0.319,350,2
2026-08-30 04:44:00,0.174,334,2
2026-08-30 04:50:00,0.268,335,2
2026-08-30 04:56:00,0.367,347,2
2026-08-30 05:02:00,0.416,338,2
2026-08-30 05:08:00,0.389,14,2
2026-08-30 05:14:00,0.441,9,2
2026-08-30 05:20:00,0.59,356,2
2026-08-30 05:26:00,0.56,10,2
2026-08-30 05:32:00,0.609,17,2
2026-08-30 05:38:00,0.633,10,2
2026-08-30 05:44:00,0.592,14,2
2026-08-30 05:50:00,0.691,18,2
2026-08-30 05:56:00,0.673,11,2
2026-08-30 06:02:00,0.762,21,2
2026-08-30 06:08:00,0.767,22,2
2026-08-30 06:14:00,0.78,15,2
2026-08-30 06:20:00,0.721,5,2
2026-08-30 06:26:00,0.6,11,2
2026-08-30 06:32:00,0.583,23,2
2026-08-30 06:38:00,0.562,22,2
2026-08-30 06:44:00,0.621,18,2
2026-08-30 06:50:00,0.576,4,2
2026-08-30 06:56:00,0.67,10,2
2026-08-30 07:02:00,0.512,2,2
2026-08-30 07:08:00,0.519,6,2
2026-08-30 07:14:00,0.531,13,2
2026-08-30 07:20:00,0.561,10,2
2026-08-30 07:26:00,0.703,358,2
2026-08-30 07:32:00,0.509,16,2
2026-08-30 07:38:00,0.718,356,2
2026-08-30 07:44:00,0.707,10,2
2026-08-30 07:50:00,0.765,11,2
2026-08-30 07:56:00,0.523,3,2
2026-08-30 08:02:00,0.362,0,2
2026-08-30 08:08:00,0.436,5,2
2026-08-30 08:14:00,0.327,13,2
2026-08-30 08:20:00,0.288,11,2
2026-08-30 08:26:00,0.285,4,2
2026-08-30 08:32:00,0.255,28,2
2026-08-30 08:38:00,0.218,8,2
2026-08-30 08:44:00,0.203,25,2
2026-08-30 08:50:00,0.12,29,2
2026-08-30 08:56:00,0.174,11,2
2026-08-30 09:02:00,0.071,9,2
2026-08-30 09:08:00,0.096,96,2
2026-08-30 09:14:00,0.082,66,2
2026-08-30 09:20:00,0.077,45,2
2026-08-30 09:26:00,0.031,345,2
2026-08-30 09:32:00,0.093,317,2
2026-08-30 09:38:00,0.155,356,2
2026-08-30 09:44:00,0.082,40,2
2026-08-30 09:50:00,0.049,145,2
2026-08-30 09:56:00,0.115,172,2
2026-08-30 10:02:00,0.161,265,2
2026-08-30 10:08:00,0.242,306,2
2026-08-30 10:14:00,0.261,317,2
2026-08-30 10:20:00,0.118,35,2
2026-08-30 10:26:00,0.086,41,2
2026-08-30 10:32:00,0.073,178,2
2026-08-30 10:38:00,0.085,157,2
2026-08-30 10:44:00,0.11,209,2
2026-08-30 10:50:00,0.094,64,2
2026-08-30 10:56:00,0.074,228,2
2026-08-30 11:02:00,0.074,216,2
2026-08-30 11:08:00,0.202,227,2
2026-08-30 11:14:00,0.084,52,2
2026-08-30 11:20:00,0.123,143,2
2026-08-30 11:26:00,0.113,165,2
2026-08-30 11:32:00,0.105,218,2
2026-08-30 11:38:00,0.174,264,2
2026-08-30 11:44:00,0.143,218,2
2026-08-30 11:50:00,0.144,275,2
2026-08-30 11:56:00,0.233,279,2
2026-08-30 12:02:00,0.087,224,2
2026-08-30 12:08:00,0.224,196,2
2026-08-30 12:14:00,0.116,176,2
2026-08-30 12:20:00,0.112,194,2
2026-08-30 12:26:00,0.178,195,2
2026-08-30 12:32:00,0.149,210,2
2026-08-30 12:38:00,0.171,250,2
2026-08-30 12:44:00,0.158,246,2
2026-08-30 12:50:00,0.13,229,2
2026-08-30 12:56:00,0.211,249,2
2026-08-30 13:02:00,0.196,233,2
2026-08-30 13:08:00,0.253,222,2
2026-08-30 13:14:00,0.216,262,2
2026-08-30 13:20:00,0.133,253,2
2026-08-30 13:26:00,0.106,303,2
2026-08-30 13:32:00,0.112,228,2
2026-08-30 13:38:00,0.27,200,2
2026-08-30 13:44:00,0.279,194,2
2026-08-30 13:50:00,0.407,186,2
2026-08-30 13:56:00,0.384,181,2
2026-08-30 14:02:00,0.278,196,2
2026-08-30 14:08:00,0.206,177,2
2026-08-30 14:14:00,0.232,191,2
2026-08-30 14:20:00,0.254,189,2
2026-08-30 14:26:00,0.301,198,2
2026-08-30 14:32:00,0.235,170,2
2026-08-30 14:38:00,0.168,227,2
2026-08-30 14:44:00,0.163,224,2
2026-08-30 14:50:00,0.055,242,2
2026-08-30 14:56:00,0.072,301,2
2026-08-30 15:02:00,0.135,228,2
2026-08-30 15:08:00,0.113,298,2
2026-08-30 15:14:00,0.177,234,2
2026-08-30 15:20:00,0.193,223,2
2026-08-30 15:26:00,0.067,242,2
2026-08-30 15:32:00,0.122,257,2
2026-08-30 15:38:00,0.085,222,2
2026-08-30 15:44:00,0.15,244,2
2026-08-30 15:50:00,0.141,234,2
2026-08-30 15:56:00,0.069,339,2
2026-08-30 16:02:00,0.416,307,2
2026-08-30 16:08:00,0.418,351,2
2026-08-30 16:14:00,0.192,288,2
2026-08-30 16:20:00,0.176,252,2
2026-08-30 16:26:00,0.088,244,2
2026-08-30 16:32:00,0.168,135,2
2026-08-30 16:38:00,0.015,129,2
2026-08-30 16:44:00,0.091,77,2
2026-08-30 16:50:00,0.111,90,2
2026-08-30 16:56:00,0.086,39,2
2026-08-30 17:02:00,0.089,47,2
2026-08-30 17:08:00,0.062,35,2
2026-08-30 17:14:00,0.059,55,2
2026-08-30 17:20:00,0.099,11,2
2026-08-30 17:26:00,0.087,4,2
2026-08-30 17:32:00,0.129,27,2
2026-08-30 17:38:00,0.037,20,2
2026-08-30 17:44:00,0.058,303,2
2026-08-30 17:50:00,0.091,359,2
2026-08-30 17:56:00,0.127,0,2
2026-08-30 18:02:00,0.191,7,2
2026-08-30 18:08:00,0.166,342,2
2026-08-30 18:14:00,0.366,359,2
2026-08-30 18:20:00,0.306,8,2
2026-08-30 18:26:00,0.375,20,2
2026-08-30 18:32:00,0.39,13,2
2026-08-30 18:38:00,0.663,8,2
2026-08-30 18:44:00,0.866,358,2
2026-08-30 18:50:00,0.797,24,2
2026-08-30 18:56:00,0.759,10,2
2026-08-30 19:02:00,0.804,8,2
2026-08-30 19:08:00,0.78,0,2
2026-08-30 19:14:00,0.813,0,2
2026-08-30 19:20:00,0.782,5,2
2026-08-30 19:26:00,0.747,359,2
2026-08-30 19:32:00,0.88,4,2
2026-08-30 19:38:00,0.722,15,2
2026-08-30 19:44:00,0.695,0,2
2026-08-30 19:50:00,0.73,16,2
2026-08-30 19:56:00,0.873,359,2
2026-08-30 20:02:00,0.942,7,2
2026-08-30 20:08:00,1.049,14,2
2026-08-30 20:14:00,0.91,13,2
2026-08-30 20:20:00,0.772,10,2
2026-08-30 20:26:00,0.752,5,2
2026-08-30 20:32:00,0.676,21,2
2026-08-30 20:38:00,0.718,7,2
2026-08-30 20:44:00,0.753,13,2
2026-08-30 20:50:00,0.718,11,2
2026-08-30 20:56:00,0.746,16,2
2026-08-30 21:02:00,0.727,1,2
2026-08-30 21:08:00,0.648,4,2
2026-08-30 21:14:00,0.618,18,2
2026-08-30 21:20:00,0.524,0,2
2026-08-30 21:26:00,0.499,7,2
2026-08-30 21:32:00,0.435,12,2
2026-08-30 21:38:00,0.511,22,2
2026-08-30 21:44:00,0.439,25,2
2026-08-30 21:50:00,0.366,70,2
2026-08-30 21:56:00,0.409,66,2
2026-08-30 22:02:00,0.474,89,2
2026-08-30 22:08:00,0.37,71,2
2026-08-30 22:14:00,0.328,68,2
2026-08-30 22:20:00,0.37,63,2
2026-08-30 22:26:00,0.162,24,2
2026-08-30 22:32:00,0.091,52,2
2026-08-30 22:38:00,0.133,23,2
2026-08-30 22:44:00,0.073,122,2
2026-08-30 22:50:00,0.172,249,2
2026-08-30 22:56:00,0.228,350,2
2026-08-30 23:02:00,0.18,6,2
2026-08-30 23:08:00,0.1,99,2
2026-08-30 23:14:00,0.099,109,2
2026-08-30 23:20:00,0.154,168,2
2026-08-30 23:26:00,0.106,192,2
2026-08-30 23:32:00,0.249,148,2
2026-08-30 23:38:00,0.257,179,2
2026-08-30 23:44:00,0.33,177,2
2026-08-30 23:50:00,0.295,209,2
2026-08-30 23:56:00,0.439,200,2
2026-08-31 00:02:00,0.462,202,2
2026-08-31 00:08:00,0.394,191,2
2026-08-31 00:14:00,0.451,208,2
2026-08-31 00:20:00,0.496,198,2
2026-08-31 00:26:00,0.419,208,2
2026-08-31 00:32:00,0.556,236,2
2026-08-31 00:38:00,0.523,228,2
2026-08-31 00:44:00,0.588,205,2
2026-08-31 00:50:00,0.564,215,2
2026-08-31 00:56:00,0.527,176,2
2026-08-31 01:02:00,0.644,197,2
2026-08-31 01:08:00,0.629,187,2
2026-08-31 01:14:00,0.591,200,2
2026-08-31 01:20:00,0.554,213,2
2026-08-31 01:26:00,0.684,216,2
2026-08-31 01:32:00,0.783,219,2
2026-08-31 01:38:00,0.899,224,2
2026-08-31 01:44:00,0.927,193,2
2026-08-31 01:50:00,0.834,200,2
2026-08-31 01:56:00,0.888,214,2
2026-08-31 02:02:00,0.902,194,2
2026-08-31 02:08:00,1.047,221,2
2026-08-31 02:14:00,1.392,207,2
2026-08-31 02:20:00,0.989,195,2
2026-08-31 02:26:00,1.186,198,2
2026-08-31 02:32:00,0.984,207,2
2026-08-31 02:38:00,1.026,204,2
2026-08-31 02:44:00,0.903,209,2
2026-08-31 02:50:00,0.884,230,2
2026-08-31 02:56:00,0.832,227,2
2026-08-31 03:02:00,1.016,210,2
2026-08-31 03:08:00,0.934,207,2
2026-08-31 03:14:00,0.893,216,2
2026-08-31 03:20:00,0.93,205,2
2026-08-31 03:26:00,0.925,203,2
2026-08-31 03:32:00,1.036,218,2
2026-08-31 03:38:00,0.98,224,2
2026-08-31 03:44:00,0.984,200,2
2026-08-31 03:50:00,1.002,222,2
2026-08-31 03:56:00,0.784,209,2
2026-08-31 04:02:00,0.684,234,2
2026-08-31 04:08:00,0.69,219,2
2026-08-31 04:14:00,0.645,199,2
2026-08-31 04:20:00,0.698,206,2
2026-08-31 04:26:00,0.65,190,2
2026-08-31 04:32:00,0.566,219,2
2026-08-31 04:38:00,0.352,241,2
2026-08-31 04:44:00,0.258,230,2
2026-08-31 04:50:00,0.278,215,2
2026-08-31 04:56:00,0.215,280,2
2026-08-31 05:02:00,0.274,258,2
2026-08-31 05:08:00,0.245,227,2
2026-08-31 05:14:00,0.256,220,2
2026-08-31 05:20:00,0.4,237,2
2026-08-31 05:26:00,0.135,222,2
2026-08-31 05:32:00,0.254,293,2
2026-08-31 05:38:00,0.171,321,2
2026-08-31 05:44:00,0.159,322,2
2026-08-31 05:50:00,0.128,295,2
2026-08-31 05:56:00,0.226,346,2
2026-08-31 06:02:00,0.254,343,2
2026-08-31 06:08:00,0.26,342,2
2026-08-31 06:14:00,0.229,338,2
2026-08-31 06:20:00,0.311,339,2
2026-08-31 06:26:00,0.318,328,2
2026-08-31 06:32:00,0.219,339,2
2026-08-31 06:38:00,0.288,344,2
2026-08-31 06:44:00,0.285,329,2
2026-08-31 06:50:00,0.284,342,2
2026-08-31 06:56:00,0.159,349,2
2026-08-31 07:02:00,0.214,353,2
2026-08-31 07:08:00,0.219,332,2
2026-08-31 07:14:00,0.259,353,2
2026-08-31 07:20:00,0.344,357,2
2026-08-31 07:26:00,0.27,36,2
2026-08-31 07:32:00,0.308,10,2
2026-08-31 07:38:00,0.264,35,2
2026-08-31 07:44:00,0.218,13,2
2026-08-31 07:50:00,0.26,331,2
2026-08-31 07:56:00,0.33,9,2
2026-08-31 08:02:00,0.216,4,2
2026-08-31 08:08:00,0.124,25,2
2026-08-31 08:14:00,0.221,29,2
2026-08-31 08:20:00,0.226,345,2
2026-08-31 08:26:00,0.127,46,2
2026-08-31 08:32:00,0.096,331,2
2026-08-31 08:38:00,0.207,60,2
2026-08-31 08:44:00,0.173,50,2
2026-08-31 08:50:00,0.202,18,2
2026-08-31 08:56:00,0.192,32,2
2026-08-31 09:02:00,0.209,34,2
2026-08-31 09:08:00,0.251,56,2
2026-08-31 09:14:00,0.294,67,2
2026-08-31 09:20:00,0.315,44,2
2026-08-31 09:26:00,0.178,53,2
2026-08-31 09:32:00,0.182,56,2
2026-08-31 09:38:00,0.166,47,2
2026-08-31 09:44:00,0.12,17,2
2026-08-31 09:50:00,0.084,212,2
2026-08-31 09:56:00,0.075,314,2
2026-08-31 10:02:00,0.006,258,2
2026-08-31 10:08:00,0.029,352,2
2026-08-31 10:14:00,0.157,34,2
2026-08-31 10:32:00,0.182,212,2
2026-08-31 10:38:00,0.077,207,2
2026-08-31 10:44:00,0.099,205,2
2026-08-31 10:50:00,0.195,227,2
2026-08-31 10:56:00,0.18,243,2
2026-08-31 11:02:00,0.171,231,2
2026-08-31 11:08:00,0.218,238,2
2026-08-31 11:14:00,0.193,195,2
2026-08-31 11:20:00,0.193,191,2
2026-08-31 11:26:00,0.279,213,2
2026-08-31 11:32:00,0.278,198,2
2026-08-31 11:38:00,0.243,212,2
2026-08-31 11:44:00,0.283,231,2
2026-08-31 11:50:00,0.21,192,2
2026-08-31 11:56:00,0.227,194,2
2026-08-31 12:02:00,0.231,212,2
2026-08-31 12:08:00,0.195,197,2
2026-08-31 12:14:00,0.237,203,2
2026-08-31 12:20:00,0.347,196,2
2026-08-31 12:26:00,0.571,219,2
2026-08-31 12:32:00,0.26,217,2
2026-08-31 12:38:00,0.512,193,2
2026-08-31 12:44:00,0.567,199,2
2026-08-31 12:50:00,0.645,207,2
2026-08-31 12:56:00,0.701,215,2
2026-08-31 13:02:00,0.805,228,2
2026-08-31 13:08:00,0.807,214,2
2026-08-31 13:14:00,0.876,214,2
2026-08-31 13:20:00,0.839,223,2
2026-08-31 13:26:00,0.944,211,2
2026-08-31 13:32:00,0.896,211,2
2026-08-31 13:38:00,0.728,224,2
2026-08-31 13:44:00,0.914,229,2
2026-08-31 13:50:00,0.892,203,2
2026-08-31 13:56:00,0.76,221,2
2026-08-31 14:02:00,0.878,206,2
2026-08-31 14:08:00,0.793,220,2
2026-08-31 14:14:00,0.899,224,2
2026-08-31 14:20:00,0.978,204,2
2026-08-31 14:26:00,1.244,219,2
2026-08-31 14:32:00,0.948,214,2
2026-08-31 14:38:00,0.921,213,2
2026-08-31 14:44:00,0.924,204,2
2026-08-31 14:50:00,0.812,210,2
2026-08-31 14:56:00,0.813,223,2
2026-08-31 15:02:00,0.877,219,2
2026-08-31 15:08:00,0.924,192,2
2026-08-31 15:14:00,0.839,212,2
2026-08-31 15:20:00,0.793,207,2
2026-08-31 15:26:00,0.846,198,2
2026-08-31 15:32:00,0.932,219,2
2026-08-31 15:38:00,0.797,194,2
2026-08-31 15:44:00,0.843,202,2
2026-08-31 15:50:00,0.819,199,2
2026-08-31 15:56:00,0.775,212,2
2026-08-31 16:02:00,0.666,197,2
2026-08-31 16:08:00,0.657,195,2
2026-08-31 16:14:00,0.775,210,2
2026-08-31 16:20:00,0.85,207,2
2026-08-31 16:26:00,0.677,175,2
2026-08-31 16:32:00,0.424,197,2
2026-08-31 16:38:00,0.289,211,2
2026-08-31 16:44:00,0.319,192,2
2026-08-31 16:50:00,0.344,224,2
2026-08-31 16:56:00,0.294,209,2
2026-08-31 17:02:00,0.243,204,2
2026-08-31 17:08:00,0.178,227,2
2026-08-31 17:14:00,0.133,246,2
2026-08-31 17:20:00,0.117,237,2
2026-08-31 17:26:00,0.228,285,2
2026-08-31 17:32:00,0.183,300,2
2026-08-31 17:38:00,0.167,327,2
2026-08-31 17:44:00,0.116,355,2
2026-08-31 17:50:00,0.296,35,2
2026-08-31 17:56:00,0.25,8,2
2026-08-31 18:02:00,0.209,5,2
2026-08-31 18:08:00,0.11,52,2
2026-08-31 18:14:00,0.184,44,2
2026-08-31 18:26:00,0.294,42,2
2026-08-31 18:32:00,0.231,46,2
2026-08-31 18:38:00,0.103,49,2
2026-08-31 18:44:00,0.136,24,2
2026-08-31 18:50:00,0.226,25,2
2026-08-31 19:08:00,0.148,40,2
2026-08-31 19:14:00,0.252,8,2
2026-08-31 19:20:00,0.285,4,2
2026-08-31 19:26:00,0.299,355,2
2026-08-31 19:32:00,0.418,11,2
2026-08-31 19:38:00,0.366,19,2
2026-08-31 19:44:00,0.369,353,2
2026-08-31 19:50:00,0.502,8,2
2026-08-31 19:56:00,0.513,354,2
2026-08-31 20:02:00,0.586,16,2
2026-08-31 20:08:00,0.59,10,2
2026-08-31 20:14:00,0.63,18,2
2026-08-31 20:20:00,0.707,10,2
2026-08-31 20:26:00,0.459,6,2
2026-08-31 20:32:00,0.674,33,2
2026-08-31 20:38:00,0.723,14,2
2026-08-31 20:44:00,0.701,35,2
2026-08-31 20:50:00,0.816,11,2
2026-08-31 20:56:00,0.685,33,2
2026-08-31 21:02:00,0.765,38,2
2026-08-31 21:08:00,0.683,26,2
2026-08-31 21:14:00,0.653,20,2
2026-08-31 21:20:00,0.631,16,2
2026-08-31 21:26:00,0.59,20,2
2026-08-31 21:32:00,0.677,18,2
2026-08-31 21:38:00,0.575,29,2
2026-08-31 21:44:00,0.571,32,2
2026-08-31 21:50:00,0.518,33,2
2026-08-31 21:56:00,0.461,44,2
2026-08-31 22:02:00,0.412,31,2
2026-08-31 22:08:00,0.358,31,2
2026-08-31 22:14:00,0.316,20,2
2026-08-31 22:20:00,0.337,19,2
2026-08-31 22:26:00,0.205,18,2
2026-08-31 22:32:00,0.238,32,2
2026-08-31 22:38:00,0.261,28,2
2026-08-31 22:44:00,0.154,44,2
2026-08-31 22:50:00,0.11,64,2
2026-08-31 22:56:00,0.152,89,2
2026-08-31 23:02:00,0.158,83,2
2026-08-31 23:08:00,0.097,107,2
2026-08-31 23:14:00,0.047,241,2
2026-08-31 23:20:00,0.117,145,2
2026-08-31 23:26:00,0.143,292,2
2026-08-31 23:32:00,0.223,154,2
2026-08-31 23:38:00,0.099,203,2
2026-08-31 23:44:00,0.215,74,2
2026-08-31 23:50:00,0.093,275,2
2026-08-31 23:56:00,0.105,274,2
2026-09-01 00:02:00,0.311,149,2
2026-09-01 00:08:00,0.26,231,2
2026-09-01 00:14:00,0.304,176,2
2026-09-01 00:20:00,0.337,200,2
2026-09-01 00:26:00,0.286,201,2
2026-09-01 00:32:00,0.388,232,2
2026-09-01 00:38:00,0.329,227,2
2026-09-01 00:44:00,0.279,221,2
2026-09-01 00:50:00,0.423,202,2
2026-09-01 00:56:00,0.465,200,2
2026-09-01 01:02:00,0.458,199,2
2026-09-01 01:08:00,0.456,210,2
2026-09-01 01:14:00,0.532,223,2
2026-09-01 01:20:00,0.522,213,2
2026-09-01 01:26:00,0.439,220,2
2026-09-01 01:32:00,0.547,202,2
2026-09-01 01:38:00,0.689,222,2
2026-09-01 01:44:00,0.674,234,2
2026-09-01 01:50:00,0.594,224,2
2026-09-01 01:56:00,0.726,209,2
2026-09-01 02:02:00,0.661,195,2
2026-09-01 02:08:00,0.504,211,2
2026-09-01 02:14:00,0.661,218,2
2026-09-01 02:20:00,0.667,215,2
2026-09-01 02:26:00,0.671,213,2
2026-09-01 02:32:00,0.817,203,2
2026-09-01 02:38:00,0.724,226,2
2026-09-01 02:44:00,0.761,207,2
2026-09-01 02:50:00,0.832,208,2
2026-09-01 02:56:00,0.752,219,2
2026-09-01 03:02:00,0.659,222,2
2026-09-01 03:08:00,0.644,211,2
2026-09-01 03:14:00,0.636,233,2
2026-09-01 03:20:00,0.652,223,2
2026-09-01 03:26:00,0.574,216,2
2026-09-01 03:32:00,0.694,224,2
2026-09-01 03:38:00,0.625,214,2
2026-09-01 03:44:00,0.659,212,2
2026-09-01 03:50:00,0.795,228,2
2026-09-01 03:56:00,0.642,210,2
2026-09-01 04:02:00,0.526,210,2
2026-09-01 04:08:00,0.604,231,2
2026-09-01 04:14:00,0.52,209,2
2026-09-01 04:20:00,0.507,209,2
2026-09-01 04:26:00,0.57,238,2
2026-09-01 04:32:00,0.468,219,2
2026-09-01 04:38:00,0.433,213,2
2026-09-01 04:44:00,0.403,213,2
2026-09-01 04:50:00,0.382,192,2
2026-09-01 04:56:00,0.346,215,2
2026-09-01 05:02:00,0.431,216,2
2026-09-01 05:08:00,0.488,217,2
2026-09-01 05:14:00,0.381,196,2
2026-09-01 05:20:00,0.277,186,2
2026-09-01 05:26:00,0.304,205,2
2026-09-01 05:32:00,0.318,247,2
2026-09-01 05:38:00,0.238,227,2
2026-09-01 05:44:00,0.103,269,2
2026-09-01 05:50:00,0.098,277,2
2026-09-01 05:56:00,0.183,233,2
2026-09-01 06:02:00,0.17,294,2
2026-09-01 06:08:00,0.082,137,2
2026-09-01 06:14:00,0.035,358,2
2026-09-01 06:20:00,0.223,343,2
2026-09-01 06:26:00,0.217,329,2
2026-09-01 06:32:00,0.176,0,2
2026-09-01 06:38:00,0.282,17,2
2026-09-01 06:44:00,0.23,7,2
2026-09-01 06:50:00,0.124,13,2
2026-09-01 06:56:00,0.156,13,2
2026-09-01 07:02:00,0.148,350,2
2026-09-01 07:08:00,0.199,11,2
2026-09-01 07:14:00,0.232,29,2
2026-09-01 07:20:00,0.243,11,2
2026-09-01 07:26:00,0.297,19,2
2026-09-01 07:32:00,0.291,1,2
2026-09-01 07:38:00,0.212,44,2
2026-09-01 07:44:00,0.22,33,2
2026-09-01 07:50:00,0.234,40,2
2026-09-01 07:56:00,0.299,357,2
2026-09-01 08:02:00,0.33,20,2
2026-09-01 08:08:00,0.407,10,2
2026-09-01 08:14:00,0.473,8,2
2026-09-01 08:20:00,0.506,2,2
2026-09-01 08:26:00,0.613,26,2
2026-09-01 08:32:00,0.486,10,2
2026-09-01 08:38:00,0.53,11,2
2026-09-01 08:44:00,0.463,3,2
2026-09-01 08:50:00,0.497,358,2
2026-09-01 08:56:00,0.581,356,2
2026-09-01 09:02:00,0.466,357,2
2026-09-01 09:08:00,0.446,359,2
2026-09-01 09:14:00,0.324,9,2
2026-09-01 09:20:00,0.365,354,2
2026-09-01 09:26:00,0.346,0,2
2026-09-01 09:32:00,0.281,354,2
2026-09-01 09:38:00,0.303,350,2
2026-09-01 09:44:00,0.26,13,2
2026-09-01 09:50:00,0.243,26,2
2026-09-01 09:56:00,0.238,353,2
2026-09-01 10:02:00,0.166,39,2
2026-09-01 10:08:00,0.133,4,2
2026-09-01 10:14:00,0.086,72,2
2026-09-01 10:20:00,0.152,73,2
2026-09-01 10:26:00,0.081,99,2
2026-09-01 10:32:00,0.111,100,2
2026-09-01 10:38:00,0.076,142,2
2026-09-01 10:44:00,0.093,111,2
2026-09-01 10:50:00,0.047,103,2
2026-09-01 10:56:00,0.155,357,2
2026-09-01 11:02:00,0.172,182,2
2026-09-01 11:08:00,0.092,164,2
2026-09-01 11:14:00,0.061,146,2
2026-09-01 11:20:00,0.088,199,2
2026-09-01 11:26:00,0.112,175,2
2026-09-01 11:32:00,0.195,178,2
2026-09-01 11:38:00,0.262,202,2
2026-09-01 11:44:00,0.167,159,2
2026-09-01 11:50:00,0.201,190,2
2026-09-01 11:56:00,0.185,165,2
2026-09-01 12:02:00,0.145,198,2
2026-09-01 12:08:00,0.1,192,2
2026-09-01 12:14:00,0.15,183,2
2026-09-01 12:20:00,0.278,193,2
2026-09-01 12:26:00,0.233,206,2
2026-09-01 12:32:00,0.288,191,2
2026-09-01 12:38:00,0.226,208,2
2026-09-01 12:44:00,0.307,193,2
2026-09-01 12:50:00,0.216,210,2
2026-09-01 12:56:00,0.378,211,2
2026-09-01 13:02:00,0.409,208,2
2026-09-01 13:08:00,0.426,193,2
2026-09-01 13:14:00,0.486,210,2
2026-09-01 13:20:00,0.648,218,2
2026-09-01 13:26:00,0.802,216,2
2026-09-01 13:32:00,0.804,213,2
2026-09-01 13:38:00,0.688,218,2
2026-09-01 13:44:00,0.663,219,2
2026-09-01 13:50:00,0.66,213,2
2026-09-01 13:56:00,0.666,190,2
2026-09-01 14:02:00,0.718,202,2
2026-09-01 14:08:00,0.731,197,2
2026-09-01 14:14:00,0.838,200,2
2026-09-01 14:20:00,0.833,220,2
2026-09-01 14:26:00,0.941,216,2
2026-09-01 14:32:00,0.931,197,2
2026-09-01 14:38:00,0.765,205,2
2026-09-01 14:44:00,0.776,204,2
2026-09-01 14:50:00,0.771,206,2
2026-09-01 14:56:00,0.82,215,2
2026-09-01 15:02:00,0.755,211,2
2026-09-01 15:08:00,0.804,219,2
2026-09-01 15:14:00,0.84,205,2
2026-09-01 15:20:00,0.865,212,2
2026-09-01 15:26:00,0.949,198,2
2026-09-01 15:32:00,0.816,210,2
2026-09-01 15:38:00,0.913,229,2
2026-09-01 15:44:00,0.793,227,2
2026-09-01 15:50:00,0.734,215,2
2026-09-01 15:56:00,0.713,239,2
2026-09-01 16:02:00,0.718,211,2
2026-09-01 16:08:00,0.664,208,2
2026-09-01 16:14:00,0.736,220,2
2026-09-01 16:20:00,0.554,214,2
2026-09-01 16:26:00,0.515,214,2
2026-09-01 16:32:00,0.541,217,2
2026-09-01 16:38:00,0.489,224,2
2026-09-01 16:44:00,0.467,221,2
2026-09-01 16:50:00,0.468,218,2
2026-09-01 16:56:00,0.394,220,2
2026-09-01 17:02:00,0.43,196,2
2026-09-01 17:08:00,0.29,262,2
2026-09-01 17:14:00,0.526,243,2
2026-09-01 17:20:00,0.346,257,2
2026-09-01 17:26:00,0.165,267,2
2026-09-01 17:32:00,0.177,261,2
2026-09-01 17:38:00,0.144,276,2
2026-09-01 17:44:00,0.159,323,2
2026-09-01 17:50:00,0.206,308,2
2026-09-01 17:56:00,0.148,335,2
2026-09-01 18:02:00,0.28,336,2
2026-09-01 18:08:00,0.203,353,2
2026-09-01 18:14:00,0.192,333,2
2026-09-01 18:20:00,0.267,13,2
2026-09-01 18:26:00,0.306,2,2
2026-09-01 18:32:00,0.362,3,2
2026-09-01 18:38:00,0.362,8,2
2026-09-01 18:44:00,0.315,10,2
2026-09-01 18:50:00,0.457,17,2
2026-09-01 18:56:00,0.553,12,2
2026-09-01 19:08:00,0.645,13,2
2026-09-01 19:14:00,0.622,5,2
2026-09-01 19:20:00,0.718,19,2
2026-09-01 19:26:00,0.668,10,2
2026-09-01 19:32:00,0.719,16,2
2026-09-01 19:38:00,0.77,10,2
2026-09-01 19:44:00,0.774,9,2
2026-09-01 19:50:00,0.891,358,2
2026-09-01 19:56:00,0.905,2,2
2026-09-01 20:02:00,0.958,351,2
2026-09-01 20:08:00,1.117,359,2
2026-09-01 20:14:00,0.985,359,2
2026-09-01 20:20:00,0.96,18,2
2026-09-01 20:26:00,1.058,8,2
2026-09-01 20:32:00,1.101,15,2
2026-09-01 20:38:00,1.072,19,2
2026-09-01 20:44:00,0.992,31,2
2026-09-01 20:50:00,0.869,11,2
2026-09-01 20:56:00,1.064,8,2
2026-09-01 21:02:00,0.953,12,2
2026-09-01 21:08:00,0.967,18,2
2026-09-01 21:14:00,0.945,8,2
2026-09-01 21:20:00,0.946,25,2
2026-09-01 21:26:00,0.999,19,2
2026-09-01 21:32:00,0.917,11,2
2026-09-01 21:38:00,0.784,14,2
2026-09-01 21:44:00,0.74,18,2
2026-09-01 21:50:00,0.76,25,2
2026-09-01 21:56:00,0.749,19,2
2026-09-01 22:02:00,0.719,16,2
2026-09-01 22:08:00,0.832,5,2
2026-09-01 22:14:00,0.757,24,2
2026-09-01 22:20:00,0.741,19,2
2026-09-01 22:26:00,0.695,15,2
2026-09-01 22:32:00,0.573,12,2
2026-09-01 22:38:00,0.592,25,2
2026-09-01 22:44:00,0.495,20,2
2026-09-01 22:50:00,0.51,24,2
2026-09-01 22:56:00,0.4,358,2
2026-09-01 23:02:00,0.326,341,2
2026-09-01 23:08:00,0.303,359,2
2026-09-01 23:14:00,0.274,26,2
2026-09-01 23:20:00,0.203,49,2
2026-09-01 23:26:00,0.108,44,2
2026-09-01 23:32:00,0.203,48,2
2026-09-01 23:38:00,0.138,100,2
2026-09-01 23:44:00,0.06,272,2
2026-09-01 23:50:00,0.055,303,2
2026-09-01 23:56:00,0.084,346,2
2026-09-02 00:02:00,0.165,186,2
2026-09-02 00:08:00,0.363,278,2
2026-09-02 00:14:00,0.211,280,2
2026-09-02 00:20:00,0.17,248,2
2026-09-02 00:26:00,0.194,265,2
2026-09-02 00:38:00,0.158,293,2
2026-09-02 00:44:00,0.146,272,2
2026-09-02 00:50:00,0.157,292,2
2026-09-02 00:56:00,0.233,252,2
2026-09-02 01:02:00,0.186,237,2
2026-09-02 01:08:00,0.233,218,2
2026-09-02 01:14:00,0.286,215,2
2026-09-02 01:20:00,0.376,218,2
2026-09-02 01:26:00,0.478,217,2
2026-09-02 01:32:00,0.424,223,2
2026-09-02 01:38:00,0.469,221,2
2026-09-02 01:44:00,0.499,215,2
2026-09-02 01:50:00,0.642,223,2
2026-09-02 01:56:00,0.635,217,2
2026-09-02 02:02:00,0.579,220,2
2026-09-02 02:08:00,0.664,212,2
2026-09-02 02:14:00,0.671,222,2
2026-09-02 02:20:00,0.77,218,2
2026-09-02 02:26:00,0.686,214,2
2026-09-02 02:32:00,0.712,214,2
2026-09-02 02:38:00,0.722,228,2
2026-09-02 02:44:00,0.757,219,2
2026-09-02 02:50:00,0.758,227,2
2026-09-02 02:56:00,0.735,200,2
2026-09-02 03:02:00,0.66,208,2
2026-09-02 03:08:00,0.72,213,2
2026-09-02 03:20:00,0.932,217,2
2026-09-02 03:26:00,0.98,194,2
2026-09-02 03:32:00,0.948,202,2
2026-09-02 03:38:00,0.994,194,2
2026-09-02 03:44:00,1.094,224,2
2026-09-02 03:50:00,1.041,204,2
2026-09-02 03:56:00,1.029,200,2
2026-09-02 04:02:00,0.933,199,2
2026-09-02 04:08:00,0.992,235,2
2026-09-02 04:14:00,0.895,215,2
2026-09-02 04:20:00,0.886,228,2
2026-09-02 04:26:00,0.973,234,2
2026-09-02 04:32:00,0.88,217,2
2026-09-02 04:38:00,0.959,209,2
2026-09-02 04:44:00,0.889,234,2
2026-09-02 04:50:00,0.884,213,2
2026-09-02 04:56:00,0.952,180,2
2026-09-02 05:02:00,0.791,197,2
2026-09-02 05:08:00,0.835,237,2
2026-09-02 05:14:00,0.923,184,2
2026-09-02 05:20:00,0.857,220,2
2026-09-02 05:26:00,0.786,201,2
2026-09-02 05:32:00,0.781,197,2
2026-09-02 05:38:00,0.705,231,2
2026-09-02 05:44:00,0.6,225,2
2026-09-02 05:50:00,0.755,203,2
2026-09-02 05:56:00,0.728,186,2
2026-09-02 06:02:00,0.631,187,2
2026-09-02 06:08:00,0.523,186,2
2026-09-02 06:14:00,0.41,223,2
2026-09-02 06:20:00,0.374,213,2
2026-09-02 06:26:00,0.344,226,2
2026-09-02 06:32:00,0.263,224,2
2026-09-02 06:38:00,0.135,211,2
2026-09-02 06:44:00,0.19,215,2
2026-09-02 06:50:00,0.215,299,2
2026-09-02 06:56:00,0.166,245,2
2026-09-02 07:02:00,0.197,231,2
2026-09-02 07:08:00,0.118,335,2
2026-09-02 07:14:00,0.148,343,2
2026-09-02 07:20:00,0.124,268,2
2026-09-02 07:26:00,0.139,11,2
2026-09-02 07:32:00,0.1,287,2
2026-09-02 07:38:00,0.188,338,2
2026-09-02 07:44:00,0.184,18,2
2026-09-02 07:50:00,0.289,343,2
2026-09-02 07:56:00,0.177,11,2
2026-09-02 08:02:00,0.29,32,2
2026-09-02 08:08:00,0.264,16,2
2026-09-02 08:14:00,0.255,353,2
2026-09-02 08:20:00,0.231,1,2
2026-09-02 08:32:00,0.279,329,2
2026-09-02 08:38:00,0.25,339,2
2026-09-02 08:44:00,0.364,349,2
2026-09-02 08:50:00,0.215,8,2
2026-09-02 08:56:00,0.313,357,2
2026-09-02 09:02:00,0.206,341,2
2026-09-02 09:08:00,0.235,11,2
2026-09-02 09:14:00,0.328,353,2
2026-09-02 09:20:00,0.166,344,2
2026-09-02 09:26:00,0.215,354,2
2026-09-02 09:32:00,0.151,6,2
2026-09-02 09:38:00,0.163,0,2
2026-09-02 09:44:00,0.2,25,2
2026-09-02 09:50:00,0.254,29,2
2026-09-02 09:56:00,0.199,10,2
2026-09-02 10:02:00,0.197,16,2
2026-09-02 10:08:00,0.216,4,2
2026-09-02 10:14:00,0.127,342,2
2026-09-02 10:20:00,0.268,346,2
2026-09-02 10:26:00,0.183,340,2
2026-09-02 10:32:00,0.158,37,2
2026-09-02 10:38:00,0.197,351,2
2026-09-02 10:44:00,0.112,335,2
2026-09-02 10:50:00,0.127,328,2
2026-09-02 10:56:00,0.248,315,2
2026-09-02 11:02:00,0.181,299,2
2026-09-02 11:08:00,0.207,311,2
2026-09-02 11:14:00,0.398,278,2
2026-09-02 11:20:00,0.399,265,2
2026-09-02 11:26:00,0.229,285,2
2026-09-02 11:32:00,0.196,14,2
2026-09-02 11:38:00,0.073,309,2
2026-09-02 11:44:00,0.063,250,2
2026-09-02 11:50:00,0.086,273,2
2026-09-02 11:56:00,0.105,194,2
2026-09-02 12:02:00,0.063,185,2
2026-09-02 12:08:00,0.163,210,2
2026-09-02 12:14:00,0.217,189,2
2026-09-02 12:20:00,0.132,241,2
2026-09-02 12:26:00,0.171,255,2
2026-09-02 12:32:00,0.157,222,2
2026-09-02 12:38:00,0.225,181,2
2026-09-02 12:44:00,0.252,228,2
2026-09-02 12:50:00,0.369,225,2
2026-09-02 12:56:00,0.294,218,2
2026-09-02 13:02:00,0.324,227,2
2026-09-02 13:08:00,0.175,243,2
2026-09-02 13:14:00,0.201,205,2
2026-09-02 13:20:00,0.186,194,2
2026-09-02 13:26:00,0.204,193,2
2026-09-02 13:32:00,0.706,224,2
2026-09-02 13:38:00,0.571,225,2
2026-09-02 13:44:00,0.683,202,2
2026-09-02 13:50:00,0.597,217,2
2026-09-02 13:56:00,0.817,209,2
2026-09-02 14:02:00,0.722,205,2
2026-09-02 14:08:00,0.632,197,2
2026-09-02 14:14:00,0.81,202,2
2026-09-02 14:20:00,0.902,198,2
2026-09-02 14:26:00,0.785,199,2
2026-09-02 14:32:00,0.699,199,2
2026-09-02 14:38:00,0.84,201,2
2026-09-02 14:44:00,0.698,198,2
2026-09-02 14:50:00,0.678,211,2
2026-09-02 14:56:00,0.756,194,2
2026-09-02 15:02:00,0.552,204,2
2026-09-02 15:08:00,0.604,191,2
2026-09-02 15:14:00,0.706,205,2
2026-09-02 15:20:00,0.957,219,2
2026-09-02 15:26:00,0.968,209,2
2026-09-02 15:32:00,1.078,212,2
2026-09-02 15:38:00,0.926,211,2
2026-09-02 15:44:00,0.842,199,2
2026-09-02 15:50:00,0.707,212,2
2026-09-02 15:56:00,0.679,212,2
2026-09-02 16:02:00,0.594,198,2
2026-09-02 16:08:00,0.627,211,2
2026-09-02 16:14:00,0.597,189,2
2026-09-02 16:20:00,0.593,223,2
2026-09-02 16:26:00,0.48,233,2
2026-09-02 16:32:00,0.409,205,2
2026-09-02 16:38:00,0.322,224,2
2026-09-02 16:44:00,0.287,214,2
2026-09-02 16:50:00,0.281,186,2
2026-09-02 16:56:00,0.321,220,2
2026-09-02 17:02:00,0.26,221,2
2026-09-02 17:08:00,0.259,236,2
2026-09-02 17:14:00,0.136,237,2
2026-09-02 17:20:00,0.179,230,2
2026-09-02 17:26:00,0.142,213,2
2026-09-02 17:32:00,0.087,198,2
2026-09-02 17:38:00,0.069,268,2
2026-09-02 17:44:00,0.083,301,2
2026-09-02 17:50:00,0.024,268,2
2026-09-02 17:56:00,0.013,232,2
2026-09-02 18:02:00,0.183,334,2
2026-09-02 18:08:00,0.117,13,2
2026-09-02 18:14:00,0.085,44,2
2026-09-02 18:26:00,0.127,23,2
2026-09-02 18:44:00,0.035,342,2
2026-09-02 18:50:00,0.063,18,2
2026-09-02 18:56:00,0.061,71,2
2026-09-02 19:02:00,0.161,10,2
2026-09-02 19:08:00,0.122,46,2
2026-09-02 19:14:00,0.228,345,2
2026-09-02 19:20:00,0.15,29,2
2026-09-02 19:26:00,0.164,6,2
2026-09-02 19:32:00,0.136,351,2
2026-09-02 19:38:00,0.22,7,2
2026-09-02 19:44:00,0.173,350,2
2026-09-02 19:50:00,0.403,345,2
2026-09-02 19:56:00,0.39,354,2
2026-09-02 20:02:00,0.315,8,2
2026-09-02 20:08:00,0.496,1,2
2026-09-02 20:14:00,0.599,359,2
2026-09-02 20:20:00,0.748,0,2
2026-09-02 20:26:00,0.778,17,2
2026-09-02 20:32:00,0.805,10,2
2026-09-02 20:38:00,0.767,1,2
2026-09-02 20:44:00,0.763,22,2
2026-09-02 20:50:00,0.857,17,2
2026-09-02 20:56:00,0.865,5,2
2026-09-02 21:02:00,0.906,11,2
2026-09-02 21:08:00,0.896,20,2
2026-09-02 21:14:00,0.885,8,2
2026-09-02 21:20:00,0.967,3,2
2026-09-02 21:26:00,0.9,1,2
2026-09-02 21:32:00,0.891,12,2
2026-09-02 21:38:00,0.976,20,2
2026-09-02 21:44:00,0.947,27,2
2026-09-02 21:50:00,0.91,13,2
2026-09-02 21:56:00,0.987,10,2
2026-09-02 22:02:00,0.915,29,2
2026-09-02 22:08:00,0.905,23,2
2026-09-02 22:14:00,0.841,17,2
2026-09-02 22:20:00,0.878,21,2
2026-09-02 22:26:00,0.855,19,2
2026-09-02 22:32:00,0.909,9,2
2026-09-02 22:38:00,0.89,7,2
2026-09-02 22:44:00,0.816,13,2
2026-09-02 22:50:00,0.794,11,2
2026-09-02 22:56:00,0.748,31,2
2026-09-02 23:02:00,0.714,11,2
2026-09-02 23:08:00,0.759,10,2
2026-09-02 23:14:00,0.612,9,2
2026-09-02 23:20:00,0.58,18,2
2026-09-02 23:26:00,0.455,22,2
2026-09-02 23:32:00,0.512,31,2
2026-09-02 23:38:00,0.534,5,2
2026-09-02 23:44:00,0.456,1,2
2026-09-02 23:50:00,0.508,23,2
2026-09-02 23:56:00,0.341,14,2
2026-09-03 00:02:00,0.237,28,2
2026-09-03 00:08:00,0.262,355,2
2026-09-03 00:14:00,0.241,6,2
2026-09-03 00:20:00,0.222,17,2
2026-09-03 00:26:00,0.141,56,2
2026-09-03 00:32:00,0.257,71,2
2026-09-03 00:38:00,0.226,56,2
2026-09-03 00:44:00,0.102,354,2
2026-09-03 00:50:00,0.088,303,2
2026-09-03 00:56:00,0.03,192,2
2026-09-03 01:02:00,0.099,10,2
2026-09-03 01:08:00,0.119,297,2
2026-09-03 01:14:00,0.132,307,2
2026-09-03 01:20:00,0.064,17,2
2026-09-03 01:26:00,0.133,270,2
2026-09-03 01:32:00,0.055,185,2
2026-09-03 01:38:00,0.154,206,2
2026-09-03 01:44:00,0.079,184,2
2026-09-03 01:50:00,0.222,251,2
2026-09-03 01:56:00,0.21,215,2
2026-09-03 02:02:00,0.19,265,2
2026-09-03 02:08:00,0.189,223,2
2026-09-03 02:14:00,0.257,251,2
2026-09-03 02:20:00,0.34,193,2
2026-09-03 02:26:00,0.37,213,2
2026-09-03 02:32:00,0.408,235,2
2026-09-03 02:38:00,0.39,194,2
2026-09-03 02:44:00,0.445,195,2
2026-09-03 02:50:00,0.43,231,2
2026-09-03 02:56:00,0.394,241,2
2026-09-03 03:02:00,0.447,256,2
2026-09-03 03:14:00,0.53,216,2
2026-09-03 03:20:00,0.539,223,2
2026-09-03 03:26:00,0.456,238,2
2026-09-03 03:32:00,0.581,195,2
2026-09-03 03:38:00,0.557,237,2
2026-09-03 03:44:00,0.507,229,2
2026-09-03 03:50:00,0.603,224,2
2026-09-03 03:56:00,0.634,207,2
2026-09-03 04:08:00,0.637,203,2
2026-09-03 04:14:00,0.593,215,2
2026-09-03 04:20:00,0.47,221,2
2026-09-03 04:26:00,0.492,211,2
2026-09-03 04:32:00,0.495,194,2
2026-09-03 04:38:00,0.42,236,2
2026-09-03 04:44:00,0.462,221,2
2026-09-03 04:50:00,0.353,201,2
2026-09-03 04:56:00,0.347,201,2
2026-09-03 05:02:00,0.298,215,2
2026-09-03 05:08:00,0.295,193,2
2026-09-03 05:14:00,0.322,209,2
2026-09-03 05:20:00,0.297,202,2
2026-09-03 05:26:00,0.405,199,2
2026-09-03 05:32:00,0.416,196,2
2026-09-03 05:38:00,0.532,206,2
2026-09-03 05:44:00,0.494,181,2
2026-09-03 05:50:00,0.42,187,2
2026-09-03 05:56:00,0.536,193,2
2026-09-03 06:02:00,0.529,196,2
2026-09-03 06:08:00,0.517,200,2
2026-09-03 06:14:00,0.438,195,2
2026-09-03 06:20:00,0.52,207,2
2026-09-03 06:26:00,0.547,208,2
2026-09-03 06:32:00,0.573,202,2
2026-09-03 06:38:00,0.505,192,2
2026-09-03 06:44:00,0.538,192,2
2026-09-03 06:50:00,0.528,200,2
2026-09-03 06:56:00,0.511,186,2
2026-09-03 07:02:00,0.448,222,2
2026-09-03 07:08:00,0.356,215,2
2026-09-03 07:14:00,0.334,216,2
2026-09-03 07:20:00,0.459,218,2
2026-09-03 07:26:00,0.344,181,2
2026-09-03 07:32:00,0.158,220,2
2026-09-03 07:38:00,0.219,228,2
2026-09-03 07:44:00,0.229,227,2
2026-09-03 07:50:00,0.149,233,2
2026-09-03 07:56:00,0.185,238,2
2026-09-03 08:02:00,0.187,257,2
2026-09-03 08:08:00,0.106,214,2
2026-09-03 08:14:00,0.12,245,2
2026-09-03 08:20:00,0.212,303,2
2026-09-03 08:26:00,0.105,297,2
2026-09-03 08:32:00,0.141,250,2
2026-09-03 08:38:00,0.108,201,2
2026-09-03 08:44:00,0.175,271,2
2026-09-03 08:50:00,0.26,191,2
2026-09-03 08:56:00,0.163,204,2
2026-09-03 09:02:00,0.09,231,2
2026-09-03 09:08:00,0.124,258,2
2026-09-03 09:14:00,0.061,330,2
2026-09-03 09:20:00,0.163,10,2
2026-09-03 09:26:00,0.086,320,2
2026-09-03 09:32:00,0.159,6,2
2026-09-03 09:38:00,0.081,48,2
2026-09-03 09:44:00,0.084,318,2
2026-09-03 09:50:00,0.193,352,2
2026-09-03 09:56:00,0.161,339,2
2026-09-03 10:02:00,0.098,7,2
2026-09-03 10:08:00,0.079,54,2
2026-09-03 10:14:00,0.119,17,2
2026-09-03 10:20:00,0.159,63,2
2026-09-03 10:26:00,0.096,32,2
2026-09-03 10:32:00,0.13,49,2
2026-09-03 10:38:00,0.155,41,2
2026-09-03 10:44:00,0.109,27,2
2026-09-03 10:50:00,0.136,70,2
2026-09-03 10:56:00,0.147,19,2
2026-09-03 11:02:00,0.113,24,2
2026-09-03 11:08:00,0.052,1,2
2026-09-03 11:14:00,0.031,82,2
2026-09-03 11:20:00,0.206,70,2
2026-09-03 11:26:00,0.119,355,2
2026-09-03 11:32:00,0.123,94,2
2026-09-03 11:38:00,0.137,15,2
2026-09-03 11:44:00,0.107,33,2
2026-09-03 11:50:00,0.056,9,2
2026-09-03 11:56:00,0.082,132,2
2026-09-03 12:02:00,0.139,162,2
2026-09-03 12:08:00,0.193,127,2
2026-09-03 12:14:00,0.098,124,2
2026-09-03 12:20:00,0.156,99,2
2026-09-03 12:26:00,0.121,72,2
2026-09-03 12:32:00,0.037,226,2
2026-09-03 12:38:00,0.026,87,2
2026-09-03 12:44:00,0.076,101,2
2026-09-03 12:50:00,0.093,200,2
2026-09-03 12:56:00,0.082,205,2
2026-09-03 13:02:00,0.022,142,2
2026-09-03 13:08:00,0.047,88,2
2026-09-03 13:14:00,0.033,258,2
2026-09-03 13:20:00,0.06,329,2
2026-09-03 13:26:00,0.083,316,2
2026-09-03 13:32:00,0.069,339,2
2026-09-03 13:38:00,0.17,195,2
2026-09-03 13:44:00,0.056,212,2
2026-09-03 13:50:00,0.147,203,2
2026-09-03 13:56:00,0.087,238,2
2026-09-03 14:02:00,0.062,302,2
2026-09-03 14:08:00,0.06,258,2
2026-09-03 14:14:00,0.062,207,2
2026-09-03 14:20:00,0.175,153,2
2026-09-03 14:26:00,0.396,208,2
2026-09-03 14:32:00,0.371,193,2
2026-09-03 14:38:00,0.382,187,2
2026-09-03 14:44:00,0.329,183,2
2026-09-03 14:50:00,0.321,201,2
2026-09-03 14:56:00,0.375,184,2
2026-09-03 15:02:00,0.377,203,2
2026-09-03 15:08:00,0.343,194,2
2026-09-03 15:14:00,0.351,173,2
2026-09-03 15:20:00,0.381,202,2
2026-09-03 15:26:00,0.361,180,2
2026-09-03 15:32:00,0.391,174,2
2026-09-03 15:38:00,0.426,166,2
2026-09-03 15:44:00,0.339,198,2
2026-09-03 15:50:00,0.329,172,2
2026-09-03 15:56:00,0.436,207,2
2026-09-03 16:02:00,0.347,175,2
2026-09-03 16:08:00,0.425,218,2
2026-09-03 16:14:00,0.413,196,2
2026-09-03 16:20:00,0.38,203,2
2026-09-03 16:26:00,0.422,183,2
2026-09-03 16:32:00,0.356,197,2
2026-09-03 16:38:00,0.285,198,2
2026-09-03 16:44:00,0.407,193,2
2026-09-03 16:50:00,0.375,205,2
2026-09-03 16:56:00,0.427,210,2
2026-09-03 17:02:00,0.451,216,2
2026-09-03 17:08:00,0.542,218,2
2026-09-03 17:14:00,0.467,207,2
2026-09-03 17:20:00,0.434,214,2
2026-09-03 17:26:00,0.422,212,2
2026-09-03 17:32:00,0.543,209,2
2026-09-03 17:38:00,0.535,215,2
2026-09-03 17:50:00,0.417,217,2
2026-09-03 17:56:00,0.267,240,2
2026-09-03 18:02:00,0.311,209,2
2026-09-03 18:08:00,0.253,257,2
2026-09-03 18:14:00,0.106,277,2
2026-09-03 18:20:00,0.166,275,2
2026-09-03 18:26:00,0.276,329,2
2026-09-03 18:38:00,0.488,280,2
2026-09-03 18:44:00,0.353,268,2
2026-09-03 18:50:00,0.154,214,2
2026-09-03 18:56:00,0.12,229,2
2026-09-03 19:02:00,0.041,354,2
2026-09-03 19:08:00,0.101,258,2
2026-09-03 19:14:00,0.007,202,2
2026-09-03 19:20:00,0.1,220,2
2026-09-03 19:26:00,0.161,1,2
2026-09-03 19:32:00,0.184,338,2
2026-09-03 19:38:00,0.141,356,2
2026-09-03 19:44:00,0.136,8,2
2026-09-03 19:50:00,0.341,5,2
2026-09-03 19:56:00,0.248,0,2
2026-09-03 20:02:00,0.387,348,2
2026-09-03 20:08:00,0.338,2,2
2026-09-03 20:14:00,0.231,17,2
2026-09-03 20:20:00,0.249,1,2
2026-09-03 20:26:00,0.307,359,2
2026-09-03 20:32:00,0.284,358,2
2026-09-03 20:38:00,0.38,358,2
2026-09-03 20:44:00,0.353,2,2
2026-09-03 20:50:00,0.479,1,2
2026-09-03 20:56:00,0.423,1,2
2026-09-03 21:02:00,0.446,5,2
2026-09-03 21:08:00,0.485,358,2
2026-09-03 21:14:00,0.471,3,2
2026-09-03 21:20:00,0.483,359,2
2026-09-03 21:26:00,0.611,0,2
2026-09-03 21:32:00,0.556,1,2
2026-09-03 21:38:00,0.571,1,2
2026-09-03 21:44:00,0.575,356,2
2026-09-03 21:50:00,0.56,8,2
2026-09-03 21:56:00,0.62,352,2
2026-09-03 22:02:00,0.672,1,2
2026-09-03 22:08:00,0.575,347,2
2026-09-03 22:14:00,0.649,4,2
2026-09-03 22:20:00,0.613,5,2
2026-09-03 22:26:00,0.68,357,2
2026-09-03 22:32:00,0.707,10,2
2026-09-03 22:50:00,0.756,18,2
2026-09-03 22:56:00,0.738,7,2
2026-09-03 23:02:00,0.686,356,2
2026-09-03 23:08:00,0.744,358,2
2026-09-03 23:14:00,0.72,1,2
2026-09-03 23:20:00,0.724,1,2
2026-09-03 23:26:00,0.658,7,2
2026-09-03 23:32:00,0.711,19,2
2026-09-03 23:38:00,0.631,11,2
2026-09-03 23:44:00,0.691,10,2
2026-09-03 23:50:00,0.596,10,2
2026-09-03 23:56:00,0.635,11,2
2026-09-04 00:02:00,0.483,359,2
2026-09-04 00:08:00,0.466,1,2
2026-09-04 00:14:00,0.429,25,2
2026-09-04 00:20:00,0.361,26,2
2026-09-04 00:26:00,0.396,21,2
2026-09-04 00:32:00,0.369,15,2
2026-09-04 00:38:00,0.367,5,2
2026-09-04 00:44:00,0.481,8,2
2026-09-04 00:50:00,0.373,20,2
2026-09-04 00:56:00,0.379,41,2
2026-09-04 01:02:00,0.333,65,2
2026-09-04 01:08:00,0.27,78,2
2026-09-04 01:14:00,0.139,33,2
2026-09-04 01:20:00,0.264,134,2
2026-09-04 01:26:00,0.344,113,2
2026-09-04 01:32:00,0.198,119,2
2026-09-04 01:38:00,0.144,160,2
2026-09-04 01:44:00,0.116,185,2
2026-09-04 01:50:00,0.077,204,2
2026-09-04 01:56:00,0.025,258,2
2026-09-04 02:02:00,0.019,192,2
2026-09-04 02:08:00,0.048,64,2
2026-09-04 02:14:00,0.152,207,2
2026-09-04 02:20:00,0.102,175,2
2026-09-04 02:26:00,0.208,196,2
2026-09-04 02:32:00,0.156,240,2
2026-09-04 02:38:00,0.127,152,2
2026-09-04 02:44:00,0.166,179,2
2026-09-04 02:50:00,0.171,244,2
2026-09-04 02:56:00,0.217,222,2
2026-09-04 03:02:00,0.186,232,2
2026-09-04 03:08:00,0.246,243,2
2026-09-04 03:14:00,0.292,203,2
2026-09-04 03:20:00,0.369,236,2
2026-09-04 03:26:00,0.379,229,2
2026-09-04 03:32:00,0.522,227,2
2026-09-04 03:38:00,0.477,218,2
2026-09-04 03:44:00,0.413,239,2
2026-09-04 03:50:00,0.461,204,2
2026-09-04 03:56:00,0.477,205,2
2026-09-04 04:02:00,0.554,201,2
2026-09-04 04:08:00,0.402,191,2
2026-09-04 04:14:00,0.421,194,2
2026-09-04 04:20:00,0.398,198,2
2026-09-04 04:26:00,0.519,224,2
2026-09-04 04:32:00,0.517,203,2
2026-09-04 04:38:00,0.501,196,2
2026-09-04 04:44:00,0.442,227,2
2026-09-04 04:50:00,0.634,209,2
2026-09-04 04:56:00,0.6,232,2
2026-09-04 05:02:00,0.619,227,2
2026-09-04 05:08:00,0.676,236,2
2026-09-04 05:14:00,0.607,205,2
2026-09-04 05:20:00,0.664,204,2
2026-09-04 05:26:00,0.677,200,2
2026-09-04 05:32:00,0.749,220,2
2026-09-04 05:38:00,0.743,223,2
2026-09-04 05:44:00,0.781,233,2
2026-09-04 05:50:00,0.895,223,2
2026-09-04 05:56:00,0.929,198,2
2026-09-04 06:02:00,1.045,220,2
2026-09-04 06:08:00,0.955,210,2
2026-09-04 06:14:00,0.981,190,2
2026-09-04 06:20:00,0.94,214,2
2026-09-04 06:26:00,0.82,185,2
2026-09-04 06:32:00,0.995,187,2
2026-09-04 06:38:00,1.181,215,2
2026-09-04 06:44:00,1.136,209,2
2026-09-04 06:50:00,1.054,184,2
2026-09-04 06:56:00,0.983,214,2
2026-09-04 07:02:00,0.775,200,2
2026-09-04 07:08:00,0.767,207,2
2026-09-04 07:14:00,0.799,198,2
2026-09-04 07:20:00,0.856,205,2
2026-09-04 07:26:00,0.82,202,2
2026-09-04 07:32:00,0.884,208,2
2026-09-04 07:38:00,0.767,180,2
2026-09-04 07:44:00,0.657,204,2
2026-09-04 07:50:00,0.614,172,2
2026-09-04 07:56:00,0.689,198,2
2026-09-04 08:02:00,0.594,191,2
2026-09-04 08:08:00,0.583,192,2
2026-09-04 08:14:00,0.539,177,2
2026-09-04 08:20:00,0.406,169,2
2026-09-04 08:26:00,0.291,224,2
2026-09-04 08:32:00,0.379,187,2
2026-09-04 08:38:00,0.397,162,2
2026-09-04 08:44:00,0.325,159,2
2026-09-04 08:50:00,0.285,163,2
2026-09-04 08:56:00,0.241,169,2
2026-09-04 09:02:00,0.269,164,2
2026-09-04 09:08:00,0.117,253,2
2026-09-04 09:14:00,0.264,283,2
2026-09-04 09:20:00,0.206,259,2
2026-09-04 09:26:00,0.141,226,2
2026-09-04 09:32:00,0.22,261,2
2026-09-04 09:38:00,0.232,233,2
2026-09-04 09:44:00,0.151,188,2
2026-09-04 09:50:00,0.106,287,2
2026-09-04 09:56:00,0.095,248,2
2026-09-04 10:08:00,0.122,289,2
2026-09-04 10:14:00,0.146,263,2
2026-09-04 10:20:00,0.147,244,2
2026-09-04 10:26:00,0.201,247,2
2026-09-04 10:32:00,0.172,263,2
2026-09-04 10:38:00,0.136,348,2
2026-09-04 10:44:00,0.105,323,2
2026-09-04 10:50:00,0.137,334,2
2026-09-04 10:56:00,0.058,284,2
2026-09-04 11:02:00,0.136,310,2
2026-09-04 11:08:00,0.154,303,2
2026-09-04 11:14:00,0.147,286,2
2026-09-04 11:20:00,0.065,285,2
2026-09-04 11:26:00,0.09,342,2
2026-09-04 11:32:00,0.036,274,2
2026-09-04 11:38:00,0.072,308,2
2026-09-04 11:44:00,0.085,286,2
2026-09-04 11:50:00,0.058,262,2
2026-09-04 11:56:00,0.018,150,2
2026-09-04 12:02:00,0.016,334,2
2026-09-04 12:08:00,0.082,254,2
2026-09-04 12:14:00,0.043,168,2
2026-09-04 12:20:00,0.052,258,2
2026-09-04 12:26:00,0.105,207,2
2026-09-04 12:32:00,0.027,318,2
2026-09-04 12:38:00,0.035,159,2
2026-09-04 12:44:00,0.035,322,2
2026-09-04 12:50:00,0.065,199,2
2026-09-04 12:56:00,0.08,29,2
2026-09-04 13:02:00,0.082,258,2
2026-09-04 13:08:00,0.117,235,2
2026-09-04 13:14:00,0.073,316,2
2026-09-04 13:20:00,0.08,201,2
2026-09-04 13:26:00,0.163,190,2
2026-09-04 13:32:00,0.056,205,2
2026-09-04 13:38:00,0.177,206,2
2026-09-04 13:44:00,0.096,114,2
2026-09-04 13:50:00,0.112,238,2
2026-09-04 13:56:00,0.093,166,2
2026-09-04 14:02:00,0.113,218,2
2026-09-04 14:08:00,0.08,156,2
2026-09-04 14:14:00,0.152,226,2
2026-09-04 14:20:00,0.089,205,2
2026-09-04 14:26:00,0.067,210,2
2026-09-04 14:32:00,0.104,249,2
2026-09-04 14:38:00,0.04,207,2
2026-09-04 14:44:00,0.127,216,2
2026-09-04 14:50:00,0.134,233,2
2026-09-04 14:56:00,0.166,214,2
2026-09-04 15:02:00,0.176,234,2
2026-09-04 15:08:00,0.195,212,2
2026-09-04 15:14:00,0.391,194,2
2026-09-04 15:20:00,0.461,188,2
2026-09-04 15:26:00,0.507,213,2
2026-09-04 15:32:00,0.602,225,2
2026-09-04 15:38:00,0.467,217,2
2026-09-04 15:44:00,0.417,215,2
2026-09-04 15:50:00,0.371,213,2
2026-09-04 15:56:00,0.504,204,2
2026-09-04 16:02:00,0.475,207,2
2026-09-04 16:08:00,0.408,200,2
2026-09-04 16:14:00,0.385,215,2
2026-09-04 16:20:00,0.287,204,2
2026-09-04 16:26:00,0.329,211,2
2026-09-04 16:32:00,0.426,208,2
2026-09-04 16:38:00,0.509,205,2
2026-09-04 16:44:00,0.478,207,2
2026-09-04 16:50:00,0.576,204,2
2026-09-04 16:56:00,0.404,204,2
2026-09-04 17:02:00,0.548,213,2
2026-09-04 17:08:00,0.468,211,2
2026-09-04 17:14:00,0.393,210,2
2026-09-04 17:20:00,0.769,225,2
2026-09-04 17:26:00,0.626,203,2
2026-09-04 17:32:00,0.379,209,2
2026-09-04 17:38:00,0.507,213,2
2026-09-04 17:44:00,0.332,201,2
2026-09-04 17:50:00,0.35,198,2
2026-09-04 17:56:00,0.302,217,2
2026-09-04 18:02:00,0.304,207,2
2026-09-04 18:08:00,0.247,191,2
2026-09-04 18:14:00,0.292,170,2
2026-09-04 18:20:00,0.231,210,2
2026-09-04 18:26:00,0.231,219,2
2026-09-04 18:32:00,0.18,185,2
2026-09-04 18:38:00,0.073,214,2
2026-09-04 18:44:00,0.162,182,2
2026-09-04 18:50:00,0.197,151,2
2026-09-04 18:56:00,0.2,203,2
2026-09-04 19:02:00,0.145,195,2
2026-09-04 19:08:00,0.084,162,2
2026-09-04 19:14:00,0.017,142,2
2026-09-04 19:20:00,0.121,196,2
2026-09-04 19:26:00,0.116,272,2
2026-09-04 19:32:00,0.194,242,2
2026-09-04 19:38:00,0.251,229,2
2026-09-04 19:44:00,0.059,227,2
2026-09-04 19:50:00,0.074,303,2
2026-09-04 19:56:00,0.117,4,2
2026-09-04 20:02:00,0.053,22,2
2026-09-04 20:08:00,0.089,12,2
2026-09-04 20:14:00,0.119,348,2
2026-09-04 20:20:00,0.067,300,2
2026-09-04 20:26:00,0.077,19,2
2026-09-04 20:32:00,0.202,0,2
2026-09-04 20:38:00,0.314,2,2
2026-09-04 20:44:00,0.38,356,2
2026-09-04 20:50:00,0.455,11,2
2026-09-04 20:56:00,0.411,10,2
2026-09-04 21:02:00,0.39,8,2
2026-09-04 21:08:00,0.462,7,2
2026-09-04 21:14:00,0.426,21,2
2026-09-04 21:20:00,0.434,29,2
2026-09-04 21:26:00,0.543,20,2
2026-09-04 21:32:00,0.555,3,2
2026-09-04 21:38:00,0.52,2,2
2026-09-04 21:44:00,0.595,28,2
2026-09-04 21:50:00,0.53,13,2
2026-09-04 21:56:00,0.525,28,2
2026-09-04 22:02:00,0.426,12,2
2026-09-04 22:08:00,0.466,16,2
2026-09-04 22:14:00,0.57,15,2
2026-09-04 22:20:00,0.566,13,2
2026-09-04 22:26:00,0.646,358,2
2026-09-04 22:32:00,0.609,21,2
2026-09-04 22:38:00,0.637,16,2
2026-09-04 22:44:00,0.684,3,2
2026-09-04 22:50:00,0.67,8,2
2026-09-04 22:56:00,0.533,355,2
2026-09-04 23:02:00,0.512,356,2
2026-09-04 23:08:00,0.563,7,2
2026-09-04 23:14:00,0.587,9,2
2026-09-04 23:20:00,0.683,22,2
2026-09-04 23:26:00,0.626,9,2
2026-09-04 23:32:00,0.725,27,2
2026-09-04 23:38:00,0.668,6,2
2026-09-04 23:44:00,0.622,11,2
2026-09-04 23:50:00,0.669,15,2
2026-09-04 23:56:00,0.564,18,2
2026-09-05 00:02:00,0.504,20,2
2026-09-05 00:08:00,0.524,15,2
