time,speed_kts,dir_deg,bin
2026-04-29 00:02:00,0.776,209,2
2026-04-29 00:08:00,0.725,199,2
2026-04-29 00:14:00,0.645,219,2
2026-04-29 00:20:00,0.531,209,2
2026-04-29 00:26:00,0.463,217,2
2026-04-29 00:32:00,0.422,196,2
2026-04-29 00:38:00,0.214,273,2
2026-04-29 00:44:00,0.292,234,2
2026-04-29 00:50:00,0.274,214,2
2026-04-29 00:56:00,0.276,179,2
2026-04-29 01:02:00,0.124,136,2
2026-04-29 01:08:00,0.175,164,2
2026-04-29 01:14:00,0.157,135,2
2026-04-29 01:20:00,0.134,101,2
2026-04-29 01:26:00,0.14,32,2
2026-04-29 01:32:00,0.222,65,2
2026-04-29 01:38:00,0.373,33,2
2026-04-29 01:44:00,0.476,32,2
2026-04-29 01:50:00,0.572,17,2
2026-04-29 01:56:00,0.696,21,2
2026-04-29 02:02:00,0.797,61,2
2026-04-29 02:08:00,0.729,34,2
2026-04-29 02:14:00,0.871,24,2
2026-04-29 02:20:00,0.832,17,2
2026-04-29 02:26:00,0.857,12,2
2026-04-29 02:32:00,1.065,34,2
2026-04-29 02:38:00,1.17,37,2
2026-04-29 02:44:00,1.11,17,2
2026-04-29 02:50:00,1.122,29,2
2026-04-29 02:56:00,1.223,11,2
2026-04-29 03:02:00,1.205,30,2
2026-04-29 03:08:00,1.232,37,2
2026-04-29 03:14:00,1.217,32,2
2026-04-29 03:20:00,1.227,42,2
2026-04-29 03:26:00,1.203,30,2
2026-04-29 03:32:00,1.116,38,2
2026-04-29 03:38:00,1.188,38,2
2026-04-29 03:44:00,1.153,20,2
2026-04-29 03:50:00,1.19,26,2
2026-04-29 03:56:00,1.219,24,2
2026-04-29 04:02:00,1.106,25,2
2026-04-29 04:08:00,1.176,12,2
2026-04-29 04:14:00,1.073,16,2
2026-04-29 04:20:00,1.139,12,2
2026-04-29 04:26:00,0.98,355,2
2026-04-29 04:32:00,1.108,35,2
2026-04-29 04:38:00,1.114,15,2
2026-04-29 04:44:00,0.999,34,2
2026-04-29 04:50:00,1.05,47,2
2026-04-29 04:56:00,0.999,8,2
2026-04-29 05:02:00,0.857,10,2
2026-04-29 05:08:00,0.919,28,2
2026-04-29 05:14:00,0.951,48,2
2026-04-29 05:20:00,0.799,17,2
2026-04-29 05:26:00,0.83,17,2
2026-04-29 05:32:00,0.77,22,2
2026-04-29 05:38:00,0.758,54,2
2026-04-29 05:44:00,0.739,42,2
2026-04-29 05:50:00,0.704,346,2
2026-04-29 05:56:00,0.75,5,2
2026-04-29 06:02:00,0.665,18,2
2026-04-29 06:08:00,0.597,22,2
2026-04-29 06:14:00,0.535,359,2
2026-04-29 06:20:00,0.525,61,2
2026-04-29 06:26:00,0.424,17,2
2026-04-29 06:32:00,0.406,46,2
2026-04-29 06:38:00,0.282,5,2
2026-04-29 06:44:00,0.395,7,2
2026-04-29 06:50:00,0.367,53,2
2026-04-29 06:56:00,0.319,24,2
2026-04-29 07:02:00,0.354,34,2
2026-04-29 07:08:00,0.295,18,2
2026-04-29 07:14:00,0.259,8,2
2026-04-29 07:20:00,0.241,32,2
2026-04-29 07:26:00,0.154,358,2
2026-04-29 07:32:00,0.128,22,2
2026-04-29 07:38:00,0.074,4,2
2026-04-29 07:44:00,0.084,229,2
2026-04-29 07:50:00,0.031,176,2
2026-04-29 07:56:00,0.128,215,2
2026-04-29 08:02:00,0.152,251,2
2026-04-29 08:08:00,0.169,244,2
2026-04-29 08:20:00,0.2,241,2
2026-04-29 08:32:00,0.208,305,2
2026-04-29 08:38:00,0.128,217,2
2026-04-29 08:44:00,0.348,202,2
2026-04-29 08:50:00,0.383,247,2
2026-04-29 08:56:00,0.449,182,2
2026-04-29 09:02:00,0.476,206,2
2026-04-29 09:08:00,0.459,212,2
2026-04-29 09:14:00,0.49,232,2
2026-04-29 09:20:00,0.556,217,2
2026-04-29 09:26:00,0.552,214,2
2026-04-29 09:32:00,0.502,218,2
2026-04-29 09:38:00,0.612,204,2
2026-04-29 09:44:00,0.663,225,2
2026-04-29 09:50:00,0.585,225,2
2026-04-29 09:56:00,0.68,234,2
2026-04-29 10:02:00,0.605,175,2
2026-04-29 10:08:00,0.803,250,2
2026-04-29 10:14:00,0.776,208,2
2026-04-29 10:20:00,0.865,210,2
2026-04-29 10:26:00,0.916,203,2
2026-04-29 10:32:00,0.778,183,2
2026-04-29 10:38:00,0.764,218,2
2026-04-29 10:44:00,0.848,260,2
2026-04-29 10:50:00,0.441,222,2
2026-04-29 10:56:00,0.929,231,2
2026-04-29 11:02:00,1.011,210,2
2026-04-29 11:08:00,0.865,226,2
2026-04-29 11:14:00,1.256,214,2
2026-04-29 11:20:00,1.386,203,2
2026-04-29 11:26:00,1.563,187,2
2026-04-29 11:32:00,1.481,236,2
2026-04-29 11:38:00,1.417,216,2
2026-04-29 11:44:00,1.174,220,2
2026-04-29 11:50:00,1.211,207,2
2026-04-29 11:56:00,1.24,220,2
2026-04-29 12:02:00,1.143,236,2
2026-04-29 12:08:00,0.848,264,2
2026-04-29 12:14:00,1.04,208,2
2026-04-29 12:20:00,1.184,243,2
2026-04-29 12:26:00,1.021,231,2
2026-04-29 12:32:00,0.614,283,2
2026-04-29 12:38:00,0.519,238,2
2026-04-29 12:44:00,0.535,250,2
2026-04-29 12:50:00,0.509,251,2
2026-04-29 12:56:00,0.507,256,2
2026-04-29 13:02:00,0.511,244,2
2026-04-29 13:08:00,0.535,202,2
2026-04-29 13:14:00,0.494,270,2
2026-04-29 13:20:00,0.48,217,2
2026-04-29 13:26:00,0.474,257,2
2026-04-29 13:32:00,0.334,269,2
2026-04-29 13:38:00,0.245,247,2
2026-04-29 13:44:00,0.218,306,2
2026-04-29 13:50:00,0.185,266,2
2026-04-29 13:56:00,0.109,166,2
2026-04-29 14:02:00,0.117,186,2
2026-04-29 14:08:00,0.229,235,2
2026-04-29 14:14:00,0.154,294,2
2026-04-29 14:20:00,0.159,330,2
2026-04-29 14:26:00,0.346,347,2
2026-04-29 14:32:00,0.5,16,2
2026-04-29 14:38:00,0.601,359,2
2026-04-29 14:44:00,0.618,11,2
2026-04-29 14:50:00,0.585,4,2
2026-04-29 14:56:00,0.572,22,2
2026-04-29 15:02:00,0.523,4,2
2026-04-29 15:08:00,0.525,325,2
2026-04-29 15:14:00,0.502,11,2
2026-04-29 15:20:00,0.486,16,2
2026-04-29 15:26:00,0.496,4,2
2026-04-29 15:32:00,0.496,339,2
2026-04-29 15:38:00,0.538,4,2
2026-04-29 15:44:00,0.503,358,2
2026-04-29 15:50:00,0.593,41,2
2026-04-29 15:56:00,0.463,29,2
2026-04-29 16:02:00,0.581,31,2
2026-04-29 16:08:00,0.684,3,2
2026-04-29 16:14:00,0.69,24,2
2026-04-29 16:20:00,0.659,31,2
2026-04-29 16:26:00,0.63,31,2
2026-04-29 16:32:00,0.634,15,2
2026-04-29 16:38:00,0.676,40,2
2026-04-29 16:44:00,0.616,355,2
2026-04-29 16:50:00,0.597,25,2
2026-04-29 16:56:00,0.564,29,2
2026-04-29 17:02:00,0.573,32,2
2026-04-29 17:08:00,0.496,45,2
2026-04-29 17:14:00,0.426,23,2
2026-04-29 17:20:00,0.426,349,2
2026-04-29 17:26:00,0.439,65,2
2026-04-29 17:32:00,0.476,17,2
2026-04-29 17:38:00,0.459,349,2
2026-04-29 17:44:00,0.433,343,2
2026-04-29 17:50:00,0.334,26,2
2026-04-29 17:56:00,0.369,1,2
2026-04-29 18:02:00,0.389,0,2
2026-04-29 18:08:00,0.282,354,2
2026-04-29 18:14:00,0.056,101,2
2026-04-29 18:20:00,0.142,26,2
2026-04-29 18:26:00,0.093,191,2
2026-04-29 18:32:00,0.117,169,2
2026-04-29 18:38:00,0.056,117,2
2026-04-29 18:44:00,0.084,156,2
2026-04-29 18:50:00,0.058,231,2
2026-04-29 18:56:00,0.292,207,2
2026-04-29 19:02:00,0.121,172,2
2026-04-29 19:08:00,0.093,192,2
2026-04-29 19:14:00,0.206,136,2
2026-04-29 19:20:00,0.196,188,2
2026-04-29 19:26:00,0.142,163,2
2026-04-29 19:32:00,0.173,141,2
2026-04-29 19:38:00,0.225,185,2
2026-04-29 19:44:00,0.167,352,2
2026-04-29 19:50:00,0.212,202,2
2026-04-29 19:56:00,0.315,245,2
2026-04-29 20:02:00,0.383,214,2
2026-04-29 20:08:00,0.391,206,2
2026-04-29 20:14:00,0.433,214,2
2026-04-29 20:20:00,0.509,214,2
2026-04-29 20:26:00,0.498,226,2
2026-04-29 20:32:00,0.453,229,2
2026-04-29 20:38:00,0.472,209,2
2026-04-29 20:44:00,0.498,236,2
2026-04-29 20:50:00,0.482,222,2
2026-04-29 20:56:00,0.517,227,2
2026-04-29 21:02:00,0.544,230,2
2026-04-29 21:08:00,0.597,242,2
2026-04-29 21:14:00,0.533,243,2
2026-04-29 21:20:00,0.56,231,2
2026-04-29 21:26:00,0.529,253,2
2026-04-29 21:32:00,0.5,241,2
2026-04-29 21:38:00,0.587,253,2
2026-04-29 21:44:00,0.468,237,2
2026-04-29 21:50:00,0.587,234,2
2026-04-29 21:56:00,0.437,227,2
2026-04-29 22:02:00,0.389,265,2
2026-04-29 22:08:00,0.461,241,2
2026-04-29 22:14:00,0.538,193,2
2026-04-29 22:20:00,0.517,229,2
2026-04-29 22:26:00,0.535,256,2
2026-04-29 22:32:00,0.55,238,2
2026-04-29 22:38:00,0.558,198,2
2026-04-29 22:44:00,0.587,206,2
2026-04-29 22:50:00,0.721,183,2
2026-04-29 22:56:00,0.564,235,2
2026-04-29 23:02:00,0.618,227,2
2026-04-29 23:08:00,0.702,199,2
2026-04-29 23:14:00,0.651,254,2
2026-04-29 23:20:00,0.521,183,2
2026-04-29 23:26:00,0.628,195,2
2026-04-29 23:32:00,0.618,183,2
2026-04-29 23:38:00,0.62,215,2
2026-04-29 23:44:00,0.564,241,2
2026-04-29 23:50:00,0.49,250,2
2026-04-29 23:56:00,0.465,175,2
2026-04-30 00:02:00,0.4,209,2
2026-04-30 00:08:00,0.5,198,2
2026-04-30 00:14:00,0.56,222,2
2026-04-30 00:20:00,0.474,183,2
2026-04-30 00:26:00,0.375,202,2
2026-04-30 00:32:00,0.276,201,2
2026-04-30 00:38:00,0.253,223,2
2026-04-30 00:44:00,0.241,219,2
2026-04-30 00:56:00,0.054,156,2
2026-04-30 01:02:00,0.07,223,2
2026-04-30 01:08:00,0.064,169,2
2026-04-30 01:14:00,0.173,116,2
2026-04-30 01:20:00,0.14,247,2
2026-04-30 01:26:00,0.047,347,2
2026-04-30 01:32:00,0.084,99,2
2026-04-30 01:38:00,0.113,88,2
2026-04-30 01:44:00,0.251,16,2
2026-04-30 01:50:00,0.218,43,2
2026-04-30 01:56:00,0.239,60,2
2026-04-30 02:02:00,0.301,10,2
2026-04-30 02:08:00,0.266,42,2
2026-04-30 02:14:00,0.332,53,2
2026-04-30 02:20:00,0.385,36,2
2026-04-30 02:26:00,0.373,16,2
2026-04-30 02:32:00,0.426,359,2
2026-04-30 02:38:00,0.486,12,2
2026-04-30 02:44:00,0.478,358,2
2026-04-30 02:50:00,0.513,33,2
2026-04-30 02:56:00,0.47,24,2
2026-04-30 03:02:00,0.587,27,2
2026-04-30 03:08:00,0.634,14,2
2026-04-30 03:14:00,0.632,2,2
2026-04-30 03:20:00,0.572,44,2
2026-04-30 03:26:00,0.632,48,2
2026-04-30 03:32:00,0.591,37,2
2026-04-30 03:38:00,0.548,22,2
2026-04-30 03:44:00,0.77,40,2
2026-04-30 03:50:00,0.748,2,2
2026-04-30 03:56:00,0.746,34,2
2026-04-30 04:02:00,0.729,3,2
2026-04-30 04:08:00,0.752,34,2
2026-04-30 04:14:00,0.688,68,2
2026-04-30 04:20:00,0.863,19,2
2026-04-30 04:26:00,0.713,61,2
2026-04-30 04:32:00,0.692,34,2
2026-04-30 04:38:00,0.758,32,2
2026-04-30 04:44:00,0.91,25,2
2026-04-30 04:50:00,1.024,1,2
2026-04-30 04:56:00,0.97,30,2
2026-04-30 05:02:00,0.919,15,2
2026-04-30 05:08:00,0.941,33,2
2026-04-30 05:14:00,0.756,27,2
2026-04-30 05:20:00,0.873,0,2
2026-04-30 05:26:00,0.785,11,2
2026-04-30 05:32:00,0.781,7,2
2026-04-30 05:38:00,0.824,52,2
2026-04-30 05:44:00,0.795,35,2
2026-04-30 05:50:00,0.739,15,2
2026-04-30 05:56:00,0.702,31,2
2026-04-30 06:02:00,0.641,18,2
2026-04-30 06:08:00,0.694,353,2
2026-04-30 06:14:00,0.591,354,2
2026-04-30 06:20:00,0.566,354,2
2026-04-30 06:26:00,0.527,66,2
2026-04-30 06:32:00,0.393,27,2
2026-04-30 06:38:00,0.426,4,2
2026-04-30 06:44:00,0.375,60,2
2026-04-30 06:50:00,0.398,36,2
2026-04-30 06:56:00,0.309,38,2
2026-04-30 07:02:00,0.224,47,2
2026-04-30 07:08:00,0.2,43,2
2026-04-30 07:14:00,0.078,73,2
2026-04-30 07:20:00,0.255,61,2
2026-04-30 07:26:00,0.148,40,2
2026-04-30 07:32:00,0.078,357,2
2026-04-30 07:38:00,0.087,55,2
2026-04-30 07:44:00,0.052,101,2
2026-04-30 07:50:00,0.14,154,2
2026-04-30 07:56:00,0.049,187,2
2026-04-30 08:02:00,0.159,163,2
2026-04-30 08:08:00,0.163,54,2
2026-04-30 08:14:00,0.286,186,2
2026-04-30 08:20:00,0.276,211,2
2026-04-30 08:26:00,0.264,196,2
2026-04-30 08:32:00,0.274,200,2
2026-04-30 08:38:00,0.315,200,2
2026-04-30 08:44:00,0.445,232,2
2026-04-30 08:50:00,0.486,234,2
2026-04-30 08:56:00,0.498,157,2
2026-04-30 09:02:00,0.463,198,2
2026-04-30 09:08:00,0.538,249,2
2026-04-30 09:14:00,0.653,209,2
2026-04-30 09:20:00,0.653,197,2
2026-04-30 09:26:00,0.723,211,2
2026-04-30 09:32:00,0.762,183,2
2026-04-30 09:38:00,0.805,227,2
2026-04-30 09:44:00,0.935,252,2
2026-04-30 09:50:00,0.882,242,2
2026-04-30 09:56:00,0.949,143,2
2026-04-30 10:02:00,0.879,247,2
2026-04-30 10:08:00,1.16,174,2
2026-04-30 10:14:00,1.337,178,2
2026-04-30 10:20:00,1.339,216,2
2026-04-30 10:26:00,1.31,195,2
2026-04-30 10:32:00,1.394,246,2
2026-04-30 10:38:00,1.674,209,2
2026-04-30 10:44:00,1.956,214,2
2026-04-30 10:50:00,2.066,211,2
2026-04-30 10:56:00,1.952,211,2
2026-04-30 11:02:00,1.821,212,2
2026-04-30 11:08:00,1.829,217,2
2026-04-30 11:14:00,1.713,212,2
2026-04-30 11:20:00,1.812,202,2
2026-04-30 11:26:00,1.713,215,2
2026-04-30 11:32:00,1.685,220,2
2026-04-30 11:38:00,1.781,211,2
2026-04-30 11:44:00,1.909,222,2
2026-04-30 11:50:00,1.942,220,2
2026-04-30 11:56:00,1.866,198,2
2026-04-30 12:02:00,1.749,210,2
2026-04-30 12:08:00,1.825,217,2
2026-04-30 12:14:00,1.897,212,2
2026-04-30 12:20:00,1.981,214,2
2026-04-30 12:26:00,2.025,222,2
2026-04-30 12:32:00,2.086,221,2
2026-04-30 12:38:00,2.037,224,2
2026-04-30 12:44:00,1.938,215,2
2026-04-30 12:50:00,2.047,211,2
2026-04-30 12:56:00,1.909,208,2
2026-04-30 13:02:00,2.033,228,2
2026-04-30 13:08:00,1.977,219,2
2026-04-30 13:14:00,1.786,214,2
2026-04-30 13:20:00,1.72,206,2
2026-04-30 13:26:00,1.748,217,2
2026-04-30 13:32:00,1.909,225,2
2026-04-30 13:38:00,1.8,230,2
2026-04-30 13:44:00,1.796,216,2
2026-04-30 13:50:00,1.594,203,2
2026-04-30 13:56:00,1.641,206,2
2026-04-30 14:02:00,1.516,200,2
2026-04-30 14:08:00,1.425,231,2
2026-04-30 14:14:00,1.205,187,2
2026-04-30 14:20:00,1.034,209,2
2026-04-30 14:26:00,0.9,196,2
2026-04-30 14:32:00,0.98,188,2
2026-04-30 14:38:00,0.949,205,2
2026-04-30 14:44:00,0.933,217,2
2026-04-30 14:50:00,0.849,250,2
2026-04-30 14:56:00,0.795,181,2
2026-04-30 15:02:00,0.591,237,2
2026-04-30 15:08:00,0.474,243,2
2026-04-30 15:14:00,0.503,173,2
2026-04-30 15:20:00,0.364,252,2
2026-04-30 15:26:00,0.354,190,2
2026-04-30 15:32:00,0.253,202,2
2026-04-30 15:38:00,0.105,130,2
2026-04-30 15:44:00,0.216,222,2
2026-04-30 15:50:00,0.06,228,2
2026-04-30 15:56:00,0.121,121,2
2026-04-30 16:02:00,0.062,266,2
2026-04-30 16:08:00,0.072,333,2
2026-04-30 16:14:00,0.043,325,2
2026-04-30 16:20:00,0.239,327,2
2026-04-30 16:26:00,0.109,299,2
2026-04-30 16:32:00,0.198,40,2
2026-04-30 16:38:00,0.245,52,2
2026-04-30 16:44:00,0.237,54,2
2026-04-30 16:50:00,0.142,80,2
2026-04-30 16:56:00,0.319,104,2
2026-04-30 17:02:00,0.266,33,2
2026-04-30 17:08:00,0.251,34,2
2026-04-30 17:14:00,0.266,27,2
2026-04-30 17:20:00,0.235,36,2
2026-04-30 17:26:00,0.286,356,2
2026-04-30 17:32:00,0.365,80,2
2026-04-30 17:38:00,0.389,345,2
2026-04-30 17:44:00,0.332,58,2
2026-04-30 17:50:00,0.433,353,2
2026-04-30 17:56:00,0.301,160,2
2026-04-30 18:02:00,0.389,35,2
2026-04-30 18:08:00,0.245,22,2
2026-04-30 18:14:00,0.259,29,2
2026-04-30 18:20:00,0.303,77,2
2026-04-30 18:26:00,0.443,27,2
2026-04-30 18:32:00,0.321,356,2
2026-04-30 18:38:00,0.33,40,2
2026-04-30 18:44:00,0.2,40,2
2026-04-30 18:50:00,0.364,128,2
2026-04-30 18:56:00,0.266,29,2
2026-04-30 19:02:00,0.336,40,2
2026-04-30 19:08:00,0.272,30,2
2026-04-30 19:14:00,0.206,348,2
2026-04-30 19:20:00,0.121,44,2
2026-04-30 19:26:00,0.198,106,2
2026-04-30 19:32:00,0.152,88,2
2026-04-30 19:38:00,0.173,168,2
2026-04-30 19:44:00,0.163,120,2
2026-04-30 19:50:00,0.243,117,2
2026-04-30 19:56:00,0.27,97,2
2026-04-30 20:02:00,0.214,137,2
2026-04-30 20:08:00,0.286,75,2
2026-04-30 20:14:00,0.288,57,2
2026-04-30 20:20:00,0.315,129,2
2026-04-30 20:26:00,0.284,153,2
2026-04-30 20:32:00,0.237,184,2
2026-04-30 20:38:00,0.358,147,2
2026-04-30 20:44:00,0.299,227,2
2026-04-30 20:50:00,0.395,109,2
2026-04-30 20:56:00,0.352,235,2
2026-04-30 21:02:00,0.334,228,2
2026-04-30 21:08:00,0.494,142,2
2026-04-30 21:14:00,0.641,191,2
2026-04-30 21:20:00,0.838,169,2
2026-04-30 21:26:00,0.723,203,2
2026-04-30 21:32:00,0.655,237,2
2026-04-30 21:38:00,0.844,229,2
2026-04-30 21:44:00,0.849,212,2
2026-04-30 21:50:00,0.82,249,2
2026-04-30 21:56:00,0.875,201,2
2026-04-30 22:02:00,0.972,230,2
2026-04-30 22:08:00,0.91,194,2
2026-04-30 22:14:00,1.04,204,2
2026-04-30 22:20:00,1.03,198,2
2026-04-30 22:26:00,1.124,223,2
2026-04-30 22:32:00,1.077,208,2
2026-04-30 22:38:00,1.19,231,2
2026-04-30 22:44:00,1.098,199,2
2026-04-30 22:50:00,1.098,184,2
2026-04-30 22:56:00,1.174,241,2
2026-04-30 23:02:00,1.19,239,2
2026-04-30 23:08:00,1.188,196,2
2026-04-30 23:14:00,1.23,190,2
2026-04-30 23:20:00,1.234,204,2
2026-04-30 23:26:00,1.232,247,2
2026-04-30 23:32:00,1.188,237,2
2026-04-30 23:38:00,1.133,226,2
2026-04-30 23:44:00,1.213,217,2
2026-04-30 23:50:00,1.248,250,2
2026-04-30 23:56:00,1.085,204,2
2026-05-01 00:02:00,1.106,196,2
2026-05-01 00:08:00,0.898,206,2
2026-05-01 00:14:00,1.026,204,2
2026-05-01 00:20:00,0.906,200,2
2026-05-01 00:26:00,0.873,200,2
2026-05-01 00:32:00,0.846,252,2
2026-05-01 00:38:00,0.918,231,2
2026-05-01 00:44:00,1.036,233,2
2026-05-01 00:50:00,0.729,233,2
2026-05-01 00:56:00,0.842,234,2
2026-05-01 01:02:00,0.882,232,2
2026-05-01 01:08:00,0.832,198,2
2026-05-01 01:14:00,0.723,222,2
2026-05-01 01:20:00,0.71,225,2
2026-05-01 01:26:00,0.744,227,2
2026-05-01 01:32:00,0.682,258,2
2026-05-01 01:38:00,0.713,188,2
2026-05-01 01:44:00,0.684,218,2
2026-05-01 01:50:00,0.694,222,2
2026-05-01 01:56:00,0.622,285,2
2026-05-01 02:02:00,0.587,249,2
2026-05-01 02:08:00,0.606,257,2
2026-05-01 02:14:00,0.484,219,2
2026-05-01 02:20:00,0.536,236,2
2026-05-01 02:26:00,0.572,241,2
2026-05-01 02:32:00,0.435,252,2
2026-05-01 02:38:00,0.414,218,2
2026-05-01 02:44:00,0.387,236,2
2026-05-01 02:50:00,0.297,223,2
2026-05-01 02:56:00,0.334,231,2
2026-05-01 03:02:00,0.367,248,2
2026-05-01 03:08:00,0.28,276,2
2026-05-01 03:14:00,0.231,264,2
2026-05-01 03:20:00,0.264,228,2
2026-05-01 03:26:00,0.278,265,2
2026-05-01 03:32:00,0.231,290,2
2026-05-01 03:38:00,0.202,318,2
2026-05-01 03:44:00,0.224,275,2
2026-05-01 03:50:00,0.206,308,2
2026-05-01 03:56:00,0.171,317,2
2026-05-01 04:02:00,0.089,343,2
2026-05-01 04:08:00,0.132,313,2
2026-05-01 04:14:00,0.142,358,2
2026-05-01 04:20:00,0.241,345,2
2026-05-01 04:26:00,0.202,340,2
2026-05-01 04:32:00,0.243,23,2
2026-05-01 04:38:00,0.194,14,2
2026-05-01 04:44:00,0.189,1,2
2026-05-01 04:50:00,0.251,56,2
2026-05-01 04:56:00,0.309,59,2
2026-05-01 05:02:00,0.327,15,2
2026-05-01 05:08:00,0.315,6,2
2026-05-01 05:14:00,0.356,34,2
2026-05-01 05:20:00,0.309,25,2
2026-05-01 05:26:00,0.367,59,2
2026-05-01 05:32:00,0.463,14,2
2026-05-01 05:38:00,0.377,351,2
2026-05-01 05:44:00,0.286,358,2
2026-05-01 05:50:00,0.535,348,2
2026-05-01 05:56:00,0.494,27,2
2026-05-01 06:02:00,0.453,16,2
2026-05-01 06:08:00,0.468,22,2
2026-05-01 06:14:00,0.542,8,2
2026-05-01 06:20:00,0.379,56,2
2026-05-01 06:26:00,0.416,103,2
2026-05-01 06:32:00,0.352,70,2
2026-05-01 06:38:00,0.336,49,2
2026-05-01 06:44:00,0.311,356,2
2026-05-01 06:50:00,0.29,37,2
2026-05-01 06:56:00,0.303,95,2
2026-05-01 07:02:00,0.297,107,2
2026-05-01 07:08:00,0.119,144,2
2026-05-01 07:14:00,0.214,100,2
2026-05-01 07:20:00,0.152,85,2
2026-05-01 07:26:00,0.087,70,2
2026-05-01 07:32:00,0.039,48,2
2026-05-01 07:38:00,0.08,116,2
2026-05-01 07:44:00,0.169,150,2
2026-05-01 07:50:00,0.163,148,2
2026-05-01 07:56:00,0.22,136,2
2026-05-01 08:02:00,0.202,179,2
2026-05-01 08:08:00,0.249,182,2
2026-05-01 08:14:00,0.227,150,2
2026-05-01 08:20:00,0.251,224,2
2026-05-01 08:26:00,0.225,211,2
2026-05-01 08:32:00,0.338,215,2
2026-05-01 08:38:00,0.457,196,2
2026-05-01 08:44:00,0.461,235,2
2026-05-01 08:50:00,0.445,241,2
2026-05-01 08:56:00,0.502,183,2
2026-05-01 09:02:00,0.461,252,2
2026-05-01 09:08:00,0.457,274,2
2026-05-01 09:14:00,0.603,254,2
2026-05-01 09:20:00,0.521,211,2
2026-05-01 09:26:00,0.587,255,2
2026-05-01 09:32:00,0.527,189,2
2026-05-01 09:38:00,0.515,158,2
2026-05-01 09:44:00,0.653,163,2
2026-05-01 09:50:00,0.628,150,2
2026-05-01 09:56:00,0.601,165,2
2026-05-01 10:02:00,0.64,200,2
2026-05-01 10:08:00,0.68,169,2
2026-05-01 10:14:00,0.733,160,2
2026-05-01 10:20:00,0.789,189,2
2026-05-01 10:26:00,0.783,279,2
2026-05-01 10:32:00,0.832,265,2
2026-05-01 10:38:00,0.867,196,2
2026-05-01 10:44:00,0.884,274,2
2026-05-01 10:50:00,0.859,176,2
2026-05-01 10:56:00,0.941,172,2
2026-05-01 11:02:00,0.976,248,2
2026-05-01 11:08:00,0.84,262,2
2026-05-01 11:14:00,0.937,270,2
2026-05-01 11:20:00,0.982,198,2
2026-05-01 11:26:00,0.96,213,2
2026-05-01 11:32:00,1.032,174,2
2026-05-01 11:38:00,1.001,264,2
2026-05-01 11:44:00,1.05,184,2
2026-05-01 11:50:00,1.054,194,2
2026-05-01 11:56:00,1.225,236,2
2026-05-01 12:02:00,1.122,222,2
2026-05-01 12:08:00,1.019,231,2
2026-05-01 12:14:00,1.114,250,2
2026-05-01 12:20:00,1.063,248,2
2026-05-01 12:26:00,1.186,179,2
2026-05-01 12:32:00,1.361,252,2
2026-05-01 12:38:00,1.333,176,2
2026-05-01 12:44:00,1.368,210,2
2026-05-01 12:50:00,1.326,232,2
2026-05-01 12:56:00,1.267,202,2
2026-05-01 13:02:00,1.376,230,2
2026-05-01 13:08:00,1.297,231,2
2026-05-01 13:14:00,1.378,227,2
2026-05-01 13:20:00,1.479,224,2
2026-05-01 13:26:00,1.433,238,2
2026-05-01 13:32:00,1.293,207,2
2026-05-01 13:38:00,1.234,220,2
2026-05-01 13:44:00,1.176,256,2
2026-05-01 13:50:00,1.242,231,2
2026-05-01 13:56:00,1.265,238,2
2026-05-01 14:02:00,1.164,212,2
2026-05-01 14:08:00,0.918,238,2
2026-05-01 14:14:00,0.626,260,2
2026-05-01 14:20:00,0.762,186,2
2026-05-01 14:26:00,0.772,193,2
2026-05-01 14:32:00,0.776,240,2
2026-05-01 14:38:00,0.768,198,2
2026-05-01 14:44:00,0.688,229,2
2026-05-01 14:50:00,0.647,211,2
2026-05-01 14:56:00,0.517,256,2
2026-05-01 15:02:00,0.482,238,2
2026-05-01 15:08:00,0.303,282,2
2026-05-01 15:14:00,0.276,211,2
2026-05-01 15:20:00,0.315,193,2
2026-05-01 15:26:00,0.439,227,2
2026-05-01 15:32:00,0.268,261,2
2026-05-01 15:38:00,0.214,244,2
2026-05-01 15:44:00,0.225,276,2
2026-05-01 15:50:00,0.119,227,2
2026-05-01 15:56:00,0.21,290,2
2026-05-01 16:02:00,0.128,359,2
2026-05-01 16:08:00,0.089,286,2
2026-05-01 16:14:00,0.126,278,2
2026-05-01 16:20:00,0.152,292,2
2026-05-01 16:26:00,0.134,356,2
2026-05-01 16:32:00,0.154,25,2
2026-05-01 16:38:00,0.225,356,2
2026-05-01 16:44:00,0.216,17,2
2026-05-01 16:50:00,0.245,23,2
2026-05-01 16:56:00,0.373,17,2
2026-05-01 17:02:00,0.346,40,2
2026-05-01 17:08:00,0.437,41,2
2026-05-01 17:14:00,0.309,16,2
2026-05-01 17:20:00,0.445,16,2
2026-05-01 17:26:00,0.48,23,2
2026-05-01 17:32:00,0.468,348,2
2026-05-01 17:38:00,0.643,26,2
2026-05-01 17:44:00,0.62,15,2
2026-05-01 17:50:00,0.638,16,2
2026-05-01 17:56:00,0.618,38,2
2026-05-01 18:02:00,0.638,29,2
2026-05-01 18:08:00,0.606,10,2
2026-05-01 18:14:00,0.542,17,2
2026-05-01 18:20:00,0.661,32,2
2026-05-01 18:26:00,0.75,22,2
2026-05-01 18:32:00,0.768,30,2
2026-05-01 18:38:00,0.667,29,2
2026-05-01 18:44:00,0.605,46,2
2026-05-01 18:50:00,0.517,48,2
2026-05-01 18:56:00,0.636,15,2
2026-05-01 19:02:00,0.678,8,2
2026-05-01 19:08:00,0.587,29,2
2026-05-01 19:14:00,0.616,40,2
2026-05-01 19:20:00,0.589,44,2
2026-05-01 19:26:00,0.645,42,2
2026-05-01 19:32:00,0.591,74,2
2026-05-01 19:38:00,0.616,65,2
2026-05-01 19:44:00,0.533,11,2
2026-05-01 19:50:00,0.519,38,2
2026-05-01 19:56:00,0.385,52,2
2026-05-01 20:02:00,0.428,38,2
2026-05-01 20:08:00,0.383,33,2
2026-05-01 20:14:00,0.299,60,2
2026-05-01 20:20:00,0.297,56,2
2026-05-01 20:26:00,0.393,39,2
2026-05-01 20:32:00,0.354,66,2
2026-05-01 20:38:00,0.297,31,2
2026-05-01 20:44:00,0.229,32,2
2026-05-01 20:50:00,0.327,67,2
2026-05-01 20:56:00,0.321,82,2
2026-05-01 21:02:00,0.278,45,2
2026-05-01 21:08:00,0.159,41,2
2026-05-01 21:14:00,0.146,17,2
2026-05-01 21:20:00,0.225,47,2
2026-05-01 21:26:00,0.167,22,2
2026-05-01 21:32:00,0.054,7,2
2026-05-01 21:38:00,0.041,321,2
2026-05-01 21:44:00,0.066,164,2
2026-05-01 21:50:00,0.025,307,2
2026-05-01 21:56:00,0.023,329,2
2026-05-01 22:02:00,0.111,294,2
2026-05-01 22:08:00,0.08,246,2
2026-05-01 22:14:00,0.091,344,2
2026-05-01 22:20:00,0.099,249,2
2026-05-01 22:26:00,0.082,263,2
2026-05-01 22:32:00,0.076,299,2
2026-05-01 22:38:00,0.019,304,2
2026-05-01 22:44:00,0.124,266,2
2026-05-01 22:50:00,0.078,253,2
2026-05-01 22:56:00,0.099,289,2
2026-05-01 23:02:00,0.072,253,2
2026-05-01 23:08:00,0.074,300,2
2026-05-01 23:14:00,0.064,187,2
2026-05-01 23:20:00,0.051,215,2
2026-05-01 23:26:00,0.045,184,2
2026-05-01 23:32:00,0.051,316,2
2026-05-01 23:38:00,0.101,338,2
2026-05-01 23:44:00,0.016,12,2
2026-05-01 23:50:00,0.051,88,2
2026-05-01 23:56:00,0.093,50,2
2026-05-02 00:02:00,0.15,8,2
2026-05-02 00:08:00,0.126,33,2
2026-05-02 00:14:00,0.124,59,2
2026-05-02 00:20:00,0.216,18,2
2026-05-02 00:26:00,0.214,31,2
2026-05-02 00:32:00,0.259,17,2
2026-05-02 00:38:00,0.28,64,2
2026-05-02 00:44:00,0.354,59,2
2026-05-02 00:50:00,0.202,42,2
2026-05-02 00:56:00,0.301,37,2
2026-05-02 01:02:00,0.251,41,2
2026-05-02 01:08:00,0.346,26,2
2026-05-02 01:14:00,0.328,52,2
2026-05-02 01:20:00,0.344,59,2
2026-05-02 01:26:00,0.321,53,2
2026-05-02 01:32:00,0.408,28,2
2026-05-02 01:38:00,0.379,64,2
2026-05-02 01:44:00,0.305,57,2
2026-05-02 01:50:00,0.385,52,2
2026-05-02 01:56:00,0.383,45,2
2026-05-02 02:02:00,0.484,43,2
2026-05-02 02:08:00,0.385,43,2
2026-05-02 02:14:00,0.412,33,2
2026-05-02 02:20:00,0.449,39,2
2026-05-02 02:26:00,0.54,27,2
2026-05-02 02:32:00,0.538,29,2
2026-05-02 02:38:00,0.641,68,2
2026-05-02 02:44:00,0.55,46,2
2026-05-02 02:50:00,0.676,21,2
2026-05-02 02:56:00,0.536,37,2
2026-05-02 03:02:00,0.62,41,2
2026-05-02 03:08:00,0.56,27,2
2026-05-02 03:14:00,0.661,8,2
2026-05-02 03:20:00,0.622,33,2
2026-05-02 03:26:00,0.57,34,2
2026-05-02 03:32:00,0.731,13,2
2026-05-02 03:38:00,0.704,355,2
2026-05-02 03:44:00,0.71,18,2
2026-05-02 03:50:00,0.793,26,2
2026-05-02 03:56:00,0.774,30,2
2026-05-02 04:02:00,0.882,38,2
2026-05-02 04:08:00,0.83,43,2
2026-05-02 04:14:00,0.851,46,2
2026-05-02 04:20:00,0.846,50,2
2026-05-02 04:26:00,0.787,15,2
2026-05-02 04:32:00,0.919,22,2
2026-05-02 04:38:00,0.754,38,2
2026-05-02 04:44:00,0.834,10,2
2026-05-02 04:50:00,0.82,11,2
2026-05-02 04:56:00,0.766,38,2
2026-05-02 05:02:00,0.743,359,2
2026-05-02 05:08:00,0.766,14,2
2026-05-02 05:14:00,0.76,7,2
2026-05-02 05:20:00,0.824,1,2
2026-05-02 05:26:00,0.846,3,2
2026-05-02 05:32:00,0.863,9,2
2026-05-02 05:38:00,0.803,45,2
2026-05-02 05:44:00,0.741,23,2
2026-05-02 05:50:00,0.715,6,2
2026-05-02 05:56:00,0.698,19,2
2026-05-02 06:02:00,0.641,26,2
2026-05-02 06:08:00,0.688,13,2
2026-05-02 06:14:00,0.628,355,2
2026-05-02 06:20:00,0.564,356,2
2026-05-02 06:26:00,0.482,328,2
2026-05-02 06:32:00,0.478,9,2
2026-05-02 06:38:00,0.459,273,2
2026-05-02 06:44:00,0.379,22,2
2026-05-02 06:50:00,0.35,48,2
2026-05-02 06:56:00,0.284,11,2
2026-05-02 07:02:00,0.266,6,2
2026-05-02 07:08:00,0.229,102,2
2026-05-02 07:14:00,0.303,350,2
2026-05-02 07:20:00,0.229,356,2
2026-05-02 07:26:00,0.266,36,2
2026-05-02 07:32:00,0.247,42,2
2026-05-02 07:38:00,0.177,12,2
2026-05-02 07:44:00,0.173,339,2
2026-05-02 07:50:00,0.196,3,2
2026-05-02 07:56:00,0.093,168,2
2026-05-02 08:02:00,0.058,31,2
2026-05-02 08:08:00,0.138,55,2
2026-05-02 08:14:00,0.056,353,2
2026-05-02 08:20:00,0.15,149,2
2026-05-02 08:26:00,0.231,218,2
2026-05-02 08:32:00,0.364,207,2
2026-05-02 08:38:00,0.379,216,2
2026-05-02 08:44:00,0.323,235,2
2026-05-02 08:50:00,0.26,242,2
2026-05-02 08:56:00,0.292,245,2
2026-05-02 09:02:00,0.305,231,2
2026-05-02 09:08:00,0.365,270,2
2026-05-02 09:14:00,0.358,209,2
2026-05-02 09:20:00,0.418,285,2
2026-05-02 09:26:00,0.437,263,2
2026-05-02 09:32:00,0.515,253,2
2026-05-02 09:38:00,0.441,239,2
2026-05-02 09:44:00,0.618,263,2
2026-05-02 09:50:00,0.756,214,2
2026-05-02 09:56:00,0.789,226,2
2026-05-02 10:02:00,0.867,203,2
2026-05-02 10:08:00,1.003,255,2
2026-05-02 10:14:00,1.013,186,2
2026-05-02 10:20:00,1.059,206,2
2026-05-02 10:26:00,1.131,241,2
2026-05-02 10:32:00,1.277,243,2
2026-05-02 10:38:00,1.349,200,2
2026-05-02 10:44:00,1.466,176,2
2026-05-02 10:50:00,1.394,176,2
2026-05-02 10:56:00,1.159,198,2
2026-05-02 11:02:00,1.028,237,2
2026-05-02 11:08:00,1.135,247,2
2026-05-02 11:14:00,1.065,218,2
2026-05-02 11:20:00,0.98,232,2
2026-05-02 11:26:00,1.194,214,2
2026-05-02 11:32:00,1.248,245,2
2026-05-02 11:38:00,1.302,190,2
2026-05-02 11:44:00,1.365,225,2
2026-05-02 11:50:00,1.604,192,2
2026-05-02 11:56:00,1.724,239,2
2026-05-02 12:02:00,1.761,199,2
2026-05-02 12:08:00,1.748,188,2
2026-05-02 12:14:00,1.748,225,2
2026-05-02 12:20:00,1.633,211,2
2026-05-02 12:26:00,1.738,202,2
2026-05-02 12:32:00,1.936,210,2
2026-05-02 12:38:00,1.86,236,2
2026-05-02 12:44:00,1.973,206,2
2026-05-02 12:50:00,2.022,223,2
2026-05-02 12:56:00,2.097,226,2
2026-05-02 13:02:00,2.047,213,2
2026-05-02 13:08:00,1.987,196,2
2026-05-02 13:14:00,2.06,191,2
2026-05-02 13:20:00,2.027,213,2
2026-05-02 13:26:00,2.008,221,2
2026-05-02 13:32:00,2.047,209,2
2026-05-02 13:38:00,1.938,198,2
2026-05-02 13:44:00,1.961,224,2
2026-05-02 13:50:00,1.965,200,2
2026-05-02 13:56:00,2.041,233,2
2026-05-02 14:02:00,1.932,245,2
2026-05-02 14:08:00,1.911,202,2
2026-05-02 14:14:00,1.812,212,2
2026-05-02 14:20:00,1.816,186,2
2026-05-02 14:26:00,1.72,217,2
2026-05-02 14:32:00,1.732,214,2
2026-05-02 14:38:00,1.713,207,2
2026-05-02 14:44:00,1.571,222,2
2026-05-02 14:50:00,1.621,176,2
2026-05-02 14:56:00,1.613,208,2
2026-05-02 15:02:00,1.38,211,2
2026-05-02 15:08:00,1.413,200,2
2026-05-02 15:14:00,1.421,191,2
2026-05-02 15:20:00,1.545,187,2
2026-05-02 15:26:00,1.398,191,2
2026-05-02 15:32:00,1.341,226,2
2026-05-02 15:38:00,1.267,196,2
2026-05-02 15:44:00,1.228,184,2
2026-05-02 15:50:00,1.267,190,2
2026-05-02 15:56:00,1.011,201,2
2026-05-02 16:02:00,0.951,210,2
2026-05-02 16:08:00,0.743,160,2
2026-05-02 16:14:00,0.605,236,2
2026-05-02 16:20:00,0.605,144,2
2026-05-02 16:26:00,0.669,164,2
2026-05-02 16:32:00,0.614,175,2
2026-05-02 16:38:00,0.482,242,2
2026-05-02 16:44:00,0.437,184,2
2026-05-02 16:50:00,0.36,207,2
2026-05-02 16:56:00,0.259,224,2
2026-05-02 17:02:00,0.154,170,2
2026-05-02 17:08:00,0.231,225,2
2026-05-02 17:14:00,0.181,195,2
2026-05-02 17:20:00,0.068,169,2
2026-05-02 17:26:00,0.152,224,2
2026-05-02 17:32:00,0.089,130,2
2026-05-02 17:38:00,0.084,69,2
2026-05-02 17:44:00,0.179,56,2
2026-05-02 17:50:00,0.196,81,2
2026-05-02 17:56:00,0.251,72,2
2026-05-02 18:02:00,0.33,97,2
2026-05-02 18:08:00,0.22,75,2
2026-05-02 18:14:00,0.245,80,2
2026-05-02 18:20:00,0.224,21,2
2026-05-02 18:26:00,0.165,20,2
2026-05-02 18:32:00,0.21,54,2
2026-05-02 18:38:00,0.229,97,2
2026-05-02 18:44:00,0.235,348,2
2026-05-02 18:50:00,0.375,115,2
2026-05-02 18:56:00,0.319,107,2
2026-05-02 19:02:00,0.299,99,2
2026-05-02 19:08:00,0.251,84,2
2026-05-02 19:14:00,0.091,138,2
2026-05-02 19:20:00,0.21,58,2
2026-05-02 19:26:00,0.389,79,2
2026-05-02 19:32:00,0.393,31,2
2026-05-02 19:38:00,0.474,14,2
2026-05-02 19:44:00,0.441,41,2
2026-05-02 19:50:00,0.229,1,2
2026-05-02 19:56:00,0.208,93,2
2026-05-02 20:02:00,0.224,86,2
2026-05-02 20:08:00,0.185,74,2
2026-05-02 20:14:00,0.138,51,2
2026-05-02 20:20:00,0.142,81,2
2026-05-02 20:26:00,0.183,123,2
2026-05-02 20:32:00,0.189,106,2
2026-05-02 20:38:00,0.047,358,2
2026-05-02 20:44:00,0.115,112,2
2026-05-02 20:50:00,0.095,82,2
2026-05-02 20:56:00,0.037,70,2
2026-05-02 21:02:00,0.115,118,2
2026-05-02 21:08:00,0.086,107,2
2026-05-02 21:14:00,0.074,244,2
2026-05-02 21:20:00,0.074,88,2
2026-05-02 21:26:00,0.154,193,2
2026-05-02 21:32:00,0.126,94,2
2026-05-02 21:38:00,0.177,189,2
2026-05-02 21:44:00,0.173,191,2
2026-05-02 21:50:00,0.247,176,2
2026-05-02 21:56:00,0.266,228,2
2026-05-02 22:02:00,0.278,184,2
2026-05-02 22:08:00,0.344,168,2
2026-05-02 22:14:00,0.369,197,2
2026-05-02 22:20:00,0.412,213,2
2026-05-02 22:26:00,0.451,171,2
2026-05-02 22:32:00,0.472,175,2
2026-05-02 22:38:00,0.463,223,2
2026-05-02 22:44:00,0.56,248,2
2026-05-02 22:50:00,0.715,214,2
2026-05-02 22:56:00,0.653,246,2
2026-05-02 23:02:00,0.638,213,2
2026-05-02 23:08:00,0.661,261,2
2026-05-02 23:14:00,0.717,212,2
2026-05-02 23:20:00,0.713,270,2
2026-05-02 23:26:00,0.941,230,2
2026-05-02 23:32:00,0.952,240,2
2026-05-02 23:38:00,0.923,209,2
2026-05-02 23:44:00,0.949,202,2
2026-05-02 23:50:00,0.919,234,2
2026-05-02 23:56:00,0.976,226,2
2026-05-03 00:02:00,0.772,187,2
2026-05-03 00:08:00,0.83,229,2
2026-05-03 00:14:00,0.857,219,2
2026-05-03 00:20:00,0.884,169,2
2026-05-03 00:26:00,0.881,222,2
2026-05-03 00:32:00,0.892,196,2
2026-05-03 00:38:00,0.931,220,2
2026-05-03 00:44:00,0.945,217,2
2026-05-03 00:50:00,0.991,225,2
2026-05-03 00:56:00,0.954,225,2
2026-05-03 01:02:00,1.192,179,2
2026-05-03 01:08:00,1.028,239,2
2026-05-03 01:14:00,0.98,220,2
2026-05-03 01:20:00,0.921,240,2
2026-05-03 01:26:00,0.954,211,2
2026-05-03 01:32:00,1.069,244,2
2026-05-03 01:38:00,0.989,233,2
2026-05-03 01:44:00,1.038,212,2
2026-05-03 01:50:00,0.894,232,2
2026-05-03 01:56:00,0.945,239,2
2026-05-03 02:02:00,0.834,206,2
2026-05-03 02:08:00,0.776,213,2
2026-05-03 02:14:00,0.54,203,2
2026-05-03 02:20:00,0.702,239,2
2026-05-03 02:26:00,0.643,227,2
2026-05-03 02:32:00,0.608,231,2
2026-05-03 02:38:00,0.463,208,2
2026-05-03 02:44:00,0.554,186,2
2026-05-03 02:50:00,0.608,230,2
2026-05-03 02:56:00,0.702,243,2
2026-05-03 03:02:00,0.669,198,2
2026-05-03 03:08:00,0.457,235,2
2026-05-03 03:14:00,0.474,194,2
2026-05-03 03:20:00,0.449,205,2
2026-05-03 03:26:00,0.387,250,2
2026-05-03 03:32:00,0.383,191,2
2026-05-03 03:38:00,0.356,193,2
2026-05-03 03:44:00,0.311,250,2
2026-05-03 03:50:00,0.315,196,2
2026-05-03 03:56:00,0.327,245,2
2026-05-03 04:02:00,0.231,230,2
2026-05-03 04:08:00,0.224,213,2
2026-05-03 04:14:00,0.173,250,2
2026-05-03 04:20:00,0.122,229,2
2026-05-03 04:26:00,0.109,207,2
2026-05-03 04:32:00,0.126,303,2
2026-05-03 04:38:00,0.144,11,2
2026-05-03 04:44:00,0.101,337,2
2026-05-03 04:50:00,0.095,262,2
2026-05-03 04:56:00,0.15,266,2
2026-05-03 05:02:00,0.185,313,2
2026-05-03 05:08:00,0.212,357,2
2026-05-03 05:14:00,0.179,11,2
2026-05-03 05:20:00,0.142,358,2
2026-05-03 05:26:00,0.087,300,2
2026-05-03 05:32:00,0.064,39,2
2026-05-03 05:38:00,0.111,356,2
2026-05-03 05:44:00,0.07,289,2
2026-05-03 05:50:00,0.196,7,2
2026-05-03 05:56:00,0.171,348,2
2026-05-03 06:02:00,0.095,47,2
2026-05-03 06:08:00,0.084,29,2
2026-05-03 06:14:00,0.144,349,2
2026-05-03 06:20:00,0.216,39,2
2026-05-03 06:26:00,0.049,10,2
2026-05-03 06:32:00,0.212,5,2
2026-05-03 06:38:00,0.225,38,2
2026-05-03 06:44:00,0.163,176,2
2026-05-03 06:50:00,0.138,41,2
2026-05-03 06:56:00,0.332,9,2
2026-05-03 07:02:00,0.189,51,2
2026-05-03 07:08:00,0.103,39,2
2026-05-03 07:14:00,0.115,59,2
2026-05-03 07:20:00,0.169,344,2
2026-05-03 07:26:00,0.214,347,2
2026-05-03 07:32:00,0.152,27,2
2026-05-03 07:38:00,0.142,2,2
2026-05-03 07:44:00,0.111,347,2
2026-05-03 07:50:00,0.161,339,2
2026-05-03 07:56:00,0.276,47,2
2026-05-03 08:02:00,0.056,153,2
2026-05-03 08:08:00,0.07,298,2
2026-05-03 08:14:00,0.084,333,2
2026-05-03 08:20:00,0.037,21,2
2026-05-03 08:26:00,0.115,304,2
2026-05-03 08:32:00,0.124,268,2
2026-05-03 08:38:00,0.13,244,2
2026-05-03 08:44:00,0.113,206,2
2026-05-03 08:50:00,0.167,258,2
2026-05-03 08:56:00,0.144,282,2
2026-05-03 09:02:00,0.045,176,2
2026-05-03 09:08:00,0.173,207,2
2026-05-03 09:14:00,0.268,240,2
2026-05-03 09:20:00,0.371,243,2
2026-05-03 09:26:00,0.33,252,2
2026-05-03 09:32:00,0.397,258,2
2026-05-03 09:38:00,0.535,275,2
2026-05-03 09:44:00,0.527,230,2
2026-05-03 09:50:00,0.364,205,2
2026-05-03 09:56:00,0.432,197,2
2026-05-03 10:02:00,0.342,243,2
2026-05-03 10:08:00,0.439,186,2
2026-05-03 10:14:00,0.591,205,2
2026-05-03 10:20:00,0.467,235,2
2026-05-03 10:26:00,0.465,234,2
2026-05-03 10:32:00,0.634,226,2
2026-05-03 10:38:00,0.583,248,2
2026-05-03 10:44:00,0.653,216,2
2026-05-03 10:50:00,0.719,242,2
2026-05-03 10:56:00,0.71,237,2
2026-05-03 11:02:00,0.768,215,2
2026-05-03 11:08:00,0.84,219,2
2026-05-03 11:14:00,0.906,229,2
2026-05-03 11:20:00,0.832,230,2
2026-05-03 11:26:00,0.853,225,2
2026-05-03 11:32:00,0.861,221,2
2026-05-03 11:38:00,0.97,220,2
2026-05-03 11:44:00,0.937,234,2
2026-05-03 11:50:00,1.164,220,2
2026-05-03 11:56:00,0.89,206,2
2026-05-03 12:02:00,0.857,203,2
2026-05-03 12:08:00,0.892,242,2
2026-05-03 12:14:00,1.009,246,2
2026-05-03 12:20:00,0.906,249,2
2026-05-03 12:26:00,0.832,210,2
2026-05-03 12:32:00,1.057,203,2
2026-05-03 12:38:00,1.092,232,2
2026-05-03 12:44:00,1.026,216,2
2026-05-03 12:50:00,1.11,227,2
2026-05-03 12:56:00,1.102,235,2
2026-05-03 13:02:00,1.089,208,2
2026-05-03 13:08:00,1.017,198,2
2026-05-03 13:14:00,1.003,235,2
2026-05-03 13:20:00,1.219,202,2
2026-05-03 13:26:00,1.12,231,2
2026-05-03 13:32:00,1.03,198,2
2026-05-03 13:38:00,1.11,226,2
2026-05-03 13:44:00,1.141,227,2
2026-05-03 13:50:00,1.125,217,2
2026-05-03 13:56:00,1.26,221,2
2026-05-03 14:02:00,1.129,236,2
2026-05-03 14:08:00,1.1,206,2
2026-05-03 14:14:00,1.26,190,2
2026-05-03 14:20:00,1.258,236,2
2026-05-03 14:26:00,1.242,237,2
2026-05-03 14:32:00,1.332,230,2
2026-05-03 14:38:00,1.19,252,2
2026-05-03 14:44:00,1.221,199,2
2026-05-03 14:50:00,1.098,242,2
2026-05-03 14:56:00,1.182,193,2
2026-05-03 15:02:00,1.205,222,2
2026-05-03 15:08:00,1.048,232,2
2026-05-03 15:14:00,0.929,234,2
2026-05-03 15:20:00,0.96,208,2
2026-05-03 15:26:00,0.96,206,2
2026-05-03 15:32:00,0.834,246,2
2026-05-03 15:38:00,0.803,225,2
2026-05-03 15:44:00,0.768,234,2
2026-05-03 15:50:00,0.688,200,2
2026-05-03 15:56:00,0.875,207,2
2026-05-03 16:02:00,0.766,187,2
2026-05-03 16:08:00,0.548,229,2
2026-05-03 16:14:00,0.626,173,2
2026-05-03 16:20:00,0.564,190,2
2026-05-03 16:26:00,0.5,198,2
2026-05-03 16:32:00,0.494,213,2
2026-05-03 16:38:00,0.422,208,2
2026-05-03 16:44:00,0.346,213,2
2026-05-03 16:50:00,0.278,198,2
2026-05-03 16:56:00,0.247,231,2
2026-05-03 17:02:00,0.274,255,2
2026-05-03 17:08:00,0.194,196,2
2026-05-03 17:14:00,0.218,200,2
2026-05-03 17:20:00,0.146,241,2
2026-05-03 17:26:00,0.099,176,2
2026-05-03 17:32:00,0.136,214,2
2026-05-03 17:38:00,0.064,218,2
2026-05-03 17:44:00,0.086,260,2
2026-05-03 17:50:00,0.056,161,2
2026-05-03 17:56:00,0.066,302,2
2026-05-03 18:02:00,0.189,47,2
2026-05-03 18:08:00,0.2,33,2
2026-05-03 18:14:00,0.148,37,2
2026-05-03 18:20:00,0.179,21,2
2026-05-03 18:26:00,0.078,21,2
2026-05-03 18:32:00,0.2,78,2
2026-05-03 18:38:00,0.225,320,2
2026-05-03 18:44:00,0.124,43,2
2026-05-03 18:50:00,0.192,348,2
2026-05-03 18:56:00,0.163,214,2
2026-05-03 19:02:00,0.208,348,2
2026-05-03 19:08:00,0.126,336,2
2026-05-03 19:14:00,0.152,41,2
2026-05-03 19:20:00,0.175,16,2
2026-05-03 19:26:00,0.247,347,2
2026-05-03 19:32:00,0.225,288,2
2026-05-03 19:38:00,0.338,280,2
2026-05-03 19:44:00,0.253,346,2
2026-05-03 19:50:00,0.253,305,2
2026-05-03 19:56:00,0.146,214,2
2026-05-03 20:02:00,0.268,317,2
2026-05-03 20:08:00,0.142,265,2
2026-05-03 20:14:00,0.247,338,2
2026-05-03 20:20:00,0.142,193,2
2026-05-03 20:26:00,0.041,214,2
2026-05-03 20:32:00,0.107,340,2
2026-05-03 20:38:00,0.019,349,2
2026-05-03 20:44:00,0.068,103,2
2026-05-03 20:50:00,0.086,85,2
2026-05-03 20:56:00,0.082,127,2
2026-05-03 21:02:00,0.121,128,2
2026-05-03 21:08:00,0.148,128,2
2026-05-03 21:14:00,0.115,124,2
2026-05-03 21:20:00,0.109,167,2
2026-05-03 21:26:00,0.138,167,2
2026-05-03 21:32:00,0.208,107,2
2026-05-03 21:38:00,0.152,156,2
2026-05-03 21:44:00,0.253,156,2
2026-05-03 21:50:00,0.099,173,2
2026-05-03 21:56:00,0.194,165,2
2026-05-03 22:02:00,0.14,191,2
2026-05-03 22:08:00,0.132,142,2
2026-05-03 22:14:00,0.245,215,2
2026-05-03 22:20:00,0.27,218,2
2026-05-03 22:26:00,0.303,238,2
2026-05-03 22:32:00,0.321,202,2
2026-05-03 22:38:00,0.29,192,2
2026-05-03 22:44:00,0.323,222,2
2026-05-03 22:50:00,0.288,213,2
2026-05-03 22:56:00,0.255,222,2
2026-05-03 23:02:00,0.294,220,2
2026-05-03 23:08:00,0.379,207,2
2026-05-03 23:14:00,0.325,210,2
2026-05-03 23:20:00,0.295,193,2
2026-05-03 23:26:00,0.344,187,2
2026-05-03 23:32:00,0.338,197,2
2026-05-03 23:38:00,0.325,211,2
2026-05-03 23:44:00,0.276,207,2
2026-05-03 23:50:00,0.362,200,2
2026-05-03 23:56:00,0.313,218,2
2026-05-04 00:02:00,0.235,252,2
2026-05-04 00:14:00,0.249,197,2
2026-05-04 00:20:00,0.288,208,2
2026-05-04 00:26:00,0.286,123,2
2026-05-04 00:32:00,0.247,203,2
2026-05-04 00:38:00,0.428,180,2
2026-05-04 00:44:00,0.492,181,2
2026-05-04 00:50:00,0.486,188,2
2026-05-04 00:56:00,0.19,239,2
2026-05-04 01:02:00,0.274,163,2
2026-05-04 01:08:00,0.391,171,2
2026-05-04 01:14:00,0.235,217,2
2026-05-04 01:20:00,0.387,218,2
2026-05-04 01:26:00,0.313,95,2
2026-05-04 01:32:00,0.389,208,2
2026-05-04 01:38:00,0.36,174,2
2026-05-04 01:44:00,0.364,203,2
2026-05-04 01:50:00,0.288,185,2
2026-05-04 01:56:00,0.311,189,2
2026-05-04 02:02:00,0.29,175,2
2026-05-04 02:08:00,0.165,189,2
2026-05-04 02:14:00,0.138,212,2
2026-05-04 02:20:00,0.247,195,2
2026-05-04 02:26:00,0.117,184,2
2026-05-04 02:32:00,0.122,226,2
2026-05-04 02:38:00,0.105,200,2
2026-05-04 02:44:00,0.056,185,2
2026-05-04 02:50:00,0.202,120,2
2026-05-04 02:56:00,0.097,139,2
2026-05-04 03:02:00,0.119,8,2
2026-05-04 03:08:00,0.148,17,2
2026-05-04 03:14:00,0.122,3,2
2026-05-04 03:20:00,0.336,2,2
2026-05-04 03:26:00,0.334,360,2
2026-05-04 03:32:00,0.251,357,2
2026-05-04 03:38:00,0.391,2,2
2026-05-04 03:44:00,0.391,20,2
2026-05-04 03:50:00,0.554,354,2
2026-05-04 03:56:00,0.533,21,2
2026-05-04 04:02:00,0.651,45,2
2026-05-04 04:08:00,0.632,27,2
2026-05-04 04:14:00,0.566,11,2
2026-05-04 04:20:00,0.723,28,2
2026-05-04 04:26:00,0.783,25,2
2026-05-04 04:32:00,0.797,37,2
2026-05-04 04:38:00,0.838,28,2
2026-05-04 04:44:00,0.816,27,2
2026-05-04 04:50:00,0.908,43,2
2026-05-04 04:56:00,0.974,28,2
2026-05-04 05:02:00,0.904,28,2
2026-05-04 05:08:00,0.97,18,2
2026-05-04 05:14:00,0.951,7,2
2026-05-04 05:20:00,1.075,20,2
2026-05-04 05:26:00,1.188,28,2
2026-05-04 05:32:00,1.141,22,2
2026-05-04 05:38:00,1.118,29,2
2026-05-04 05:44:00,1.007,29,2
2026-05-04 05:50:00,1.182,25,2
2026-05-04 05:56:00,1.23,18,2
2026-05-04 06:02:00,1.217,22,2
2026-05-04 06:08:00,1.232,19,2
2026-05-04 06:14:00,1.219,31,2
2026-05-04 06:20:00,1.267,25,2
2026-05-04 06:26:00,1.295,15,2
2026-05-04 06:32:00,1.328,24,2
2026-05-04 06:38:00,1.19,23,2
2026-05-04 06:44:00,1.244,26,2
2026-05-04 06:50:00,1.333,16,2
2026-05-04 06:56:00,1.322,13,2
2026-05-04 07:02:00,1.355,11,2
2026-05-04 07:08:00,1.384,31,2
2026-05-04 07:14:00,1.388,28,2
2026-05-04 07:20:00,1.365,26,2
2026-05-04 07:26:00,1.419,27,2
2026-05-04 07:32:00,1.367,33,2
2026-05-04 07:38:00,1.304,36,2
2026-05-04 07:44:00,1.219,36,2
2026-05-04 07:50:00,1.234,38,2
2026-05-04 07:56:00,1.141,17,2
2026-05-04 08:02:00,1.17,11,2
2026-05-04 08:08:00,1.322,29,2
2026-05-04 08:14:00,1.361,31,2
2026-05-04 08:20:00,1.343,22,2
2026-05-04 08:26:00,1.314,12,2
2026-05-04 08:32:00,1.254,27,2
2026-05-04 08:38:00,1.225,13,2
2026-05-04 08:44:00,1.186,35,2
2026-05-04 08:50:00,1.061,17,2
2026-05-04 08:56:00,1.065,20,2
2026-05-04 09:02:00,0.976,17,2
2026-05-04 09:08:00,0.991,8,2
2026-05-04 09:14:00,0.861,13,2
2026-05-04 09:20:00,0.846,20,2
2026-05-04 09:26:00,0.678,358,2
2026-05-04 09:32:00,0.805,9,2
2026-05-04 09:38:00,0.785,33,2
2026-05-04 09:44:00,0.692,12,2
2026-05-04 09:50:00,0.739,23,2
2026-05-04 09:56:00,0.678,19,2
2026-05-04 10:02:00,0.517,29,2
2026-05-04 10:08:00,0.383,24,2
2026-05-04 10:14:00,0.465,11,2
2026-05-04 10:20:00,0.428,332,2
2026-05-04 10:26:00,0.41,6,2
2026-05-04 10:32:00,0.432,357,2
2026-05-04 10:38:00,0.416,5,2
2026-05-04 10:44:00,0.276,1,2
2026-05-04 10:50:00,0.144,20,2
2026-05-04 10:56:00,0.134,66,2
2026-05-04 11:02:00,0.004,169,2
2026-05-04 11:08:00,0.072,257,2
2026-05-04 11:14:00,0.076,313,2
2026-05-04 11:20:00,0.087,152,2
2026-05-04 11:26:00,0.062,215,2
2026-05-04 11:32:00,0.107,257,2
2026-05-04 11:38:00,0.319,239,2
2026-05-04 11:44:00,0.142,251,2
2026-05-04 11:50:00,0.086,178,2
2026-05-04 11:56:00,0.194,220,2
2026-05-04 12:02:00,0.428,238,2
2026-05-04 12:08:00,0.439,231,2
2026-05-04 12:14:00,0.365,237,2
2026-05-04 12:20:00,0.379,240,2
2026-05-04 12:26:00,0.435,216,2
2026-05-04 12:32:00,0.432,249,2
2026-05-04 12:38:00,0.47,233,2
2026-05-04 12:44:00,0.575,219,2
2026-05-04 12:50:00,0.517,220,2
2026-05-04 12:56:00,0.546,214,2
2026-05-04 13:02:00,0.641,187,2
2026-05-04 13:08:00,0.665,205,2
2026-05-04 13:14:00,0.702,213,2
2026-05-04 13:20:00,0.696,217,2
2026-05-04 13:26:00,0.708,222,2
2026-05-04 13:32:00,0.71,204,2
2026-05-04 13:38:00,0.735,203,2
2026-05-04 13:44:00,0.828,185,2
2026-05-04 13:50:00,0.873,225,2
2026-05-04 13:56:00,0.735,194,2
2026-05-04 14:02:00,0.669,243,2
2026-05-04 14:08:00,0.842,231,2
2026-05-04 14:14:00,0.785,185,2
2026-05-04 14:20:00,0.741,244,2
2026-05-04 14:26:00,0.849,186,2
2026-05-04 14:32:00,0.871,244,2
2026-05-04 14:38:00,0.811,214,2
2026-05-04 14:44:00,0.595,259,2
2026-05-04 14:50:00,0.902,261,2
2026-05-04 14:56:00,0.995,250,2
2026-05-04 15:02:00,1.203,232,2
2026-05-04 15:08:00,1.458,214,2
2026-05-04 15:14:00,1.419,198,2
2026-05-04 15:20:00,1.056,219,2
2026-05-04 15:26:00,1.067,231,2
2026-05-04 15:32:00,1.448,208,2
2026-05-04 15:38:00,1.372,228,2
2026-05-04 15:44:00,1.318,198,2
2026-05-04 15:50:00,1.349,230,2
2026-05-04 15:56:00,1.782,194,2
2026-05-04 16:02:00,1.856,229,2
2026-05-04 16:08:00,1.643,229,2
2026-05-04 16:14:00,1.45,216,2
2026-05-04 16:20:00,1.499,245,2
2026-05-04 16:26:00,1.458,232,2
2026-05-04 16:32:00,1.217,238,2
2026-05-04 16:38:00,1.211,228,2
2026-05-04 16:44:00,0.832,207,2
2026-05-04 16:50:00,0.914,195,2
2026-05-04 16:56:00,0.918,234,2
2026-05-04 17:02:00,0.867,186,2
2026-05-04 17:08:00,0.927,232,2
2026-05-04 17:14:00,1.019,196,2
2026-05-04 17:20:00,0.661,226,2
2026-05-04 17:26:00,0.519,205,2
2026-05-04 17:32:00,0.702,201,2
2026-05-04 17:38:00,0.766,205,2
2026-05-04 17:44:00,0.733,241,2
2026-05-04 17:50:00,0.68,186,2
2026-05-04 17:56:00,0.48,175,2
2026-05-04 18:02:00,0.062,233,2
2026-05-04 18:08:00,0.196,143,2
2026-05-04 18:14:00,0.138,217,2
2026-05-04 18:20:00,0.154,262,2
2026-05-04 18:26:00,0.278,277,2
2026-05-04 18:32:00,0.225,270,2
2026-05-04 18:38:00,0.451,214,2
2026-05-04 18:44:00,0.525,223,2
2026-05-04 18:50:00,0.309,232,2
2026-05-04 18:56:00,0.447,230,2
2026-05-04 19:02:00,0.424,258,2
2026-05-04 19:08:00,0.344,271,2
2026-05-04 19:14:00,0.35,274,2
2026-05-04 19:20:00,0.367,295,2
2026-05-04 19:26:00,0.373,303,2
2026-05-04 19:32:00,0.303,296,2
2026-05-04 19:38:00,0.299,314,2
2026-05-04 19:44:00,0.266,308,2
2026-05-04 19:50:00,0.307,321,2
2026-05-04 19:56:00,0.334,346,2
2026-05-04 20:02:00,0.352,339,2
2026-05-04 20:08:00,0.397,336,2
2026-05-04 20:14:00,0.443,337,2
2026-05-04 20:20:00,0.367,345,2
2026-05-04 20:26:00,0.445,1,2
2026-05-04 20:32:00,0.441,354,2
2026-05-04 20:38:00,0.377,330,2
2026-05-04 20:44:00,0.2,307,2
2026-05-04 20:50:00,0.257,3,2
2026-05-04 20:56:00,0.22,353,2
2026-05-04 21:02:00,0.08,23,2
2026-05-04 21:08:00,0.268,18,2
2026-05-04 21:14:00,0.243,43,2
2026-05-04 21:20:00,0.373,83,2
2026-05-04 21:26:00,0.22,68,2
2026-05-04 21:32:00,0.26,85,2
2026-05-04 21:38:00,0.136,24,2
2026-05-04 21:44:00,0.152,2,2
2026-05-04 21:50:00,0.117,336,2
2026-05-04 21:56:00,0.058,91,2
2026-05-04 22:02:00,0.041,326,2
2026-05-04 22:08:00,0.119,346,2
2026-05-04 22:14:00,0.093,318,2
2026-05-04 22:20:00,0.037,333,2
2026-05-04 22:26:00,0.122,290,2
2026-05-04 22:32:00,0.156,310,2
2026-05-04 22:38:00,0.15,319,2
2026-05-04 22:44:00,0.132,276,2
2026-05-04 22:50:00,0.249,270,2
2026-05-04 22:56:00,0.253,262,2
2026-05-04 23:02:00,0.241,246,2
2026-05-04 23:08:00,0.35,244,2
2026-05-04 23:14:00,0.383,274,2
2026-05-04 23:20:00,0.484,275,2
2026-05-04 23:26:00,0.354,197,2
2026-05-04 23:32:00,0.379,245,2
2026-05-04 23:38:00,0.453,270,2
2026-05-04 23:44:00,0.482,268,2
2026-05-04 23:50:00,0.433,255,2
2026-05-04 23:56:00,0.422,232,2
2026-05-05 00:02:00,0.371,265,2
2026-05-05 00:08:00,0.447,218,2
2026-05-05 00:14:00,0.433,244,2
2026-05-05 00:20:00,0.482,237,2
2026-05-05 00:26:00,0.523,243,2
2026-05-05 00:32:00,0.375,274,2
2026-05-05 00:38:00,0.393,267,2
2026-05-05 00:44:00,0.354,225,2
2026-05-05 00:50:00,0.507,263,2
2026-05-05 00:56:00,0.515,235,2
2026-05-05 01:02:00,0.385,201,2
2026-05-05 01:08:00,0.255,186,2
2026-05-05 01:14:00,0.276,210,2
2026-05-05 01:20:00,0.294,249,2
2026-05-05 01:26:00,0.5,225,2
2026-05-05 01:32:00,0.371,208,2
2026-05-05 01:38:00,0.276,221,2
2026-05-05 01:44:00,0.33,278,2
2026-05-05 01:50:00,0.447,193,2
2026-05-05 01:56:00,0.402,236,2
2026-05-05 02:02:00,0.511,264,2
2026-05-05 02:08:00,0.465,252,2
2026-05-05 02:14:00,0.468,169,2
2026-05-05 02:20:00,0.41,248,2
2026-05-05 02:26:00,0.408,233,2
2026-05-05 02:32:00,0.42,192,2
2026-05-05 02:38:00,0.328,249,2
2026-05-05 02:44:00,0.208,255,2
2026-05-05 02:50:00,0.371,213,2
2026-05-05 02:56:00,0.338,223,2
2026-05-05 03:02:00,0.317,232,2
2026-05-05 03:08:00,0.338,261,2
2026-05-05 03:14:00,0.297,250,2
2026-05-05 03:20:00,0.187,241,2
2026-05-05 03:26:00,0.109,165,2
2026-05-05 03:32:00,0.222,240,2
2026-05-05 03:38:00,0.181,274,2
2026-05-05 03:44:00,0.132,215,2
2026-05-05 03:50:00,0.15,245,2
2026-05-05 03:56:00,0.117,315,2
2026-05-05 04:02:00,0.111,315,2
2026-05-05 04:08:00,0.126,330,2
2026-05-05 04:14:00,0.173,18,2
2026-05-05 04:20:00,0.216,350,2
2026-05-05 04:26:00,0.33,25,2
2026-05-05 04:32:00,0.299,1,2
2026-05-05 04:38:00,0.311,341,2
2026-05-05 04:44:00,0.334,8,2
2026-05-05 04:50:00,0.369,17,2
2026-05-05 04:56:00,0.408,20,2
2026-05-05 05:02:00,0.48,20,2
2026-05-05 05:08:00,0.457,14,2
2026-05-05 05:14:00,0.451,16,2
2026-05-05 05:20:00,0.55,4,2
2026-05-05 05:26:00,0.511,5,2
2026-05-05 05:32:00,0.542,8,2
2026-05-05 05:38:00,0.573,343,2
2026-05-05 05:44:00,0.626,34,2
2026-05-05 05:50:00,0.57,17,2
2026-05-05 05:56:00,0.61,17,2
2026-05-05 06:02:00,0.647,18,2
2026-05-05 06:08:00,0.71,18,2
2026-05-05 06:14:00,0.628,21,2
2026-05-05 06:20:00,0.708,17,2
2026-05-05 06:26:00,0.781,18,2
2026-05-05 06:32:00,0.756,44,2
2026-05-05 06:38:00,0.828,13,2
2026-05-05 06:44:00,0.82,28,2
2026-05-05 06:50:00,0.842,24,2
2026-05-05 06:56:00,0.896,28,2
2026-05-05 07:02:00,0.923,18,2
2026-05-05 07:08:00,0.997,44,2
2026-05-05 07:14:00,0.939,22,2
2026-05-05 07:20:00,1.069,13,2
2026-05-05 07:26:00,0.962,21,2
2026-05-05 07:32:00,0.987,32,2
2026-05-05 07:38:00,1.052,32,2
2026-05-05 07:44:00,1.092,9,2
2026-05-05 07:50:00,1.026,26,2
2026-05-05 07:56:00,1.048,25,2
2026-05-05 08:02:00,0.997,25,2
2026-05-05 08:08:00,0.966,39,2
2026-05-05 08:14:00,0.869,15,2
2026-05-05 08:20:00,0.871,27,2
2026-05-05 08:26:00,0.952,30,2
2026-05-05 08:32:00,0.791,16,2
2026-05-05 08:38:00,0.879,47,2
2026-05-05 08:44:00,0.82,27,2
2026-05-05 08:50:00,0.791,34,2
2026-05-05 08:56:00,0.791,18,2
2026-05-05 09:02:00,0.667,29,2
2026-05-05 09:08:00,0.579,18,2
2026-05-05 09:14:00,0.56,26,2
2026-05-05 09:20:00,0.529,19,2
2026-05-05 09:26:00,0.424,23,2
2026-05-05 09:32:00,0.418,26,2
2026-05-05 09:38:00,0.428,37,2
2026-05-05 09:44:00,0.478,27,2
2026-05-05 09:50:00,0.502,18,2
2026-05-05 09:56:00,0.416,3,2
2026-05-05 10:02:00,0.362,346,2
2026-05-05 10:08:00,0.26,355,2
2026-05-05 10:14:00,0.307,359,2
2026-05-05 10:20:00,0.36,40,2
2026-05-05 10:26:00,0.28,4,2
2026-05-05 10:32:00,0.257,45,2
2026-05-05 10:38:00,0.251,352,2
2026-05-05 10:44:00,0.212,349,2
2026-05-05 10:50:00,0.157,9,2
2026-05-05 10:56:00,0.208,357,2
2026-05-05 11:02:00,0.14,13,2
2026-05-05 11:08:00,0.111,298,2
2026-05-05 11:14:00,0.138,318,2
2026-05-05 11:20:00,0.101,23,2
2026-05-05 11:26:00,0.095,188,2
2026-05-05 11:32:00,0.058,242,2
2026-05-05 11:38:00,0.074,236,2
2026-05-05 11:44:00,0.093,243,2
2026-05-05 11:50:00,0.072,223,2
2026-05-05 11:56:00,0.13,239,2
2026-05-05 12:02:00,0.144,231,2
2026-05-05 12:08:00,0.13,232,2
2026-05-05 12:14:00,0.169,209,2
2026-05-05 12:20:00,0.196,222,2
2026-05-05 12:26:00,0.233,222,2
2026-05-05 12:32:00,0.15,161,2
2026-05-05 12:38:00,0.239,238,2
2026-05-05 12:44:00,0.206,188,2
2026-05-05 12:50:00,0.272,239,2
2026-05-05 12:56:00,0.292,229,2
2026-05-05 13:02:00,0.303,167,2
2026-05-05 13:08:00,0.294,222,2
2026-05-05 13:14:00,0.385,207,2
2026-05-05 13:20:00,0.371,270,2
2026-05-05 13:26:00,0.377,231,2
2026-05-05 13:32:00,0.406,208,2
2026-05-05 13:38:00,0.572,217,2
2026-05-05 13:44:00,0.657,233,2
2026-05-05 13:50:00,0.704,229,2
2026-05-05 13:56:00,0.643,239,2
2026-05-05 14:02:00,0.451,208,2
2026-05-05 14:08:00,0.486,205,2
2026-05-05 14:14:00,0.484,217,2
2026-05-05 14:20:00,0.618,226,2
2026-05-05 14:26:00,0.608,215,2
2026-05-05 14:32:00,0.723,238,2
2026-05-05 14:38:00,0.781,226,2
2026-05-05 14:44:00,0.809,221,2
2026-05-05 14:50:00,1.04,239,2
2026-05-05 14:56:00,1.056,248,2
2026-05-05 15:02:00,1.166,219,2
2026-05-05 15:08:00,1.228,251,2
2026-05-05 15:14:00,1.39,242,2
2026-05-05 15:20:00,1.477,208,2
2026-05-05 15:26:00,1.374,229,2
2026-05-05 15:32:00,1.454,249,2
2026-05-05 15:38:00,1.337,224,2
2026-05-05 15:44:00,1.339,215,2
2026-05-05 15:50:00,1.293,243,2
2026-05-05 15:56:00,1.324,242,2
2026-05-05 16:02:00,1.265,251,2
2026-05-05 16:08:00,1.281,242,2
2026-05-05 16:14:00,1.246,240,2
2026-05-05 16:20:00,1.114,240,2
2026-05-05 16:26:00,1.005,236,2
2026-05-05 16:32:00,1.021,259,2
2026-05-05 16:38:00,0.962,236,2
2026-05-05 16:44:00,0.877,212,2
2026-05-05 16:50:00,0.898,222,2
2026-05-05 16:56:00,0.861,260,2
2026-05-05 17:02:00,0.663,237,2
2026-05-05 17:08:00,0.573,226,2
2026-05-05 17:14:00,0.468,278,2
2026-05-05 17:20:00,0.428,271,2
2026-05-05 17:26:00,0.319,252,2
2026-05-05 17:32:00,0.387,256,2
2026-05-05 17:38:00,0.375,280,2
2026-05-05 17:44:00,0.297,286,2
2026-05-05 17:50:00,0.381,277,2
2026-05-05 17:56:00,0.323,295,2
2026-05-05 18:02:00,0.305,316,2
2026-05-05 18:08:00,0.317,330,2
2026-05-05 18:14:00,0.253,320,2
2026-05-05 18:20:00,0.239,327,2
2026-05-05 18:26:00,0.26,345,2
2026-05-05 18:32:00,0.346,341,2
2026-05-05 18:38:00,0.439,3,2
2026-05-05 18:44:00,0.439,352,2
2026-05-05 18:50:00,0.69,354,2
2026-05-05 18:56:00,0.669,348,2
2026-05-05 19:02:00,0.402,13,2
2026-05-05 19:08:00,0.591,346,2
2026-05-05 19:14:00,0.494,356,2
2026-05-05 19:20:00,0.412,25,2
2026-05-05 19:26:00,0.463,5,2
2026-05-05 19:32:00,0.371,4,2
2026-05-05 19:38:00,0.398,336,2
2026-05-05 19:44:00,0.455,355,2
2026-05-05 19:50:00,0.496,6,2
2026-05-05 19:56:00,0.544,4,2
2026-05-05 20:02:00,0.56,6,2
2026-05-05 20:08:00,0.486,5,2
2026-05-05 20:14:00,0.531,5,2
2026-05-05 20:20:00,0.498,360,2
2026-05-05 20:26:00,0.47,14,2
2026-05-05 20:32:00,0.482,26,2
2026-05-05 20:38:00,0.54,26,2
2026-05-05 20:44:00,0.428,13,2
2026-05-05 20:50:00,0.441,17,2
2026-05-05 20:56:00,0.455,21,2
2026-05-05 21:02:00,0.478,24,2
2026-05-05 21:08:00,0.535,15,2
2026-05-05 21:14:00,0.589,7,2
2026-05-05 21:20:00,0.568,10,2
2026-05-05 21:26:00,0.498,8,2
2026-05-05 21:32:00,0.533,2,2
2026-05-05 21:38:00,0.591,12,2
2026-05-05 21:44:00,0.546,5,2
2026-05-05 21:50:00,0.599,12,2
2026-05-05 21:56:00,0.517,7,2
2026-05-05 22:02:00,0.521,325,2
2026-05-05 22:08:00,0.486,358,2
2026-05-05 22:14:00,0.422,347,2
2026-05-05 22:20:00,0.432,356,2
2026-05-05 22:26:00,0.523,2,2
2026-05-05 22:32:00,0.42,357,2
2026-05-05 22:38:00,0.494,28,2
2026-05-05 22:44:00,0.433,353,2
2026-05-05 22:50:00,0.346,17,2
2026-05-05 22:56:00,0.387,10,2
2026-05-05 23:02:00,0.393,11,2
2026-05-05 23:08:00,0.364,11,2
2026-05-05 23:14:00,0.428,15,2
2026-05-05 23:20:00,0.272,4,2
2026-05-05 23:26:00,0.389,1,2
2026-05-05 23:32:00,0.305,342,2
2026-05-05 23:38:00,0.294,0,2
2026-05-05 23:44:00,0.189,338,2
2026-05-05 23:50:00,0.202,347,2
2026-05-05 23:56:00,0.218,338,2
2026-05-06 00:02:00,0.303,342,2
2026-05-06 00:08:00,0.148,331,2
2026-05-06 00:14:00,0.264,317,2
2026-05-06 00:20:00,0.15,333,2
2026-05-06 00:26:00,0.212,310,2
2026-05-06 00:32:00,0.041,311,2
2026-05-06 00:38:00,0.111,307,2
2026-05-06 00:44:00,0.15,304,2
2026-05-06 00:50:00,0.224,299,2
2026-05-06 00:56:00,0.245,294,2
2026-05-06 01:02:00,0.192,293,2
2026-05-06 01:08:00,0.251,301,2
2026-05-06 01:14:00,0.19,303,2
2026-05-06 01:20:00,0.037,250,2
2026-05-06 01:26:00,0.111,269,2
2026-05-06 01:32:00,0.204,270,2
2026-05-06 01:38:00,0.117,250,2
2026-05-06 01:44:00,0.066,259,2
2026-05-06 01:50:00,0.13,289,2
2026-05-06 01:56:00,0.181,212,2
2026-05-06 02:02:00,0.253,225,2
2026-05-06 02:08:00,0.233,226,2
2026-05-06 02:14:00,0.224,215,2
2026-05-06 02:20:00,0.278,250,2
2026-05-06 02:26:00,0.28,199,2
2026-05-06 02:32:00,0.198,286,2
2026-05-06 02:38:00,0.202,276,2
2026-05-06 02:44:00,0.134,237,2
2026-05-06 02:50:00,0.136,204,2
2026-05-06 02:56:00,0.189,261,2
2026-05-06 03:02:00,0.173,300,2
2026-05-06 03:08:00,0.095,231,2
2026-05-06 03:14:00,0.146,221,2
2026-05-06 03:20:00,0.074,350,2
2026-05-06 03:26:00,0.076,325,2
2026-05-06 03:32:00,0.033,238,2
2026-05-06 03:38:00,0.043,281,2
2026-05-06 03:44:00,0.025,291,2
2026-05-06 03:50:00,0.156,227,2
2026-05-06 03:56:00,0.107,186,2
2026-05-06 04:02:00,0.117,330,2
2026-05-06 04:08:00,0.154,353,2
2026-05-06 04:14:00,0.107,337,2
2026-05-06 04:20:00,0.124,319,2
2026-05-06 04:26:00,0.101,341,2
2026-05-06 04:32:00,0.016,266,2
2026-05-06 04:38:00,0.138,348,2
2026-05-06 04:44:00,0.111,13,2
2026-05-06 04:50:00,0.204,357,2
2026-05-06 04:56:00,0.243,27,2
2026-05-06 05:02:00,0.14,343,2
2026-05-06 05:08:00,0.393,1,2
2026-05-06 05:14:00,0.323,320,2
2026-05-06 05:26:00,0.327,316,2
2026-05-06 05:32:00,0.276,291,2
2026-05-06 05:38:00,0.29,350,2
2026-05-06 05:44:00,0.319,10,2
2026-05-06 05:50:00,0.36,1,2
2026-05-06 05:56:00,0.402,22,2
2026-05-06 06:02:00,0.488,21,2
2026-05-06 06:08:00,0.523,13,2
2026-05-06 06:14:00,0.587,14,2
2026-05-06 06:20:00,0.645,20,2
2026-05-06 06:26:00,0.591,0,2
2026-05-06 06:32:00,0.657,14,2
2026-05-06 06:38:00,0.612,13,2
2026-05-06 06:44:00,0.698,4,2
2026-05-06 06:50:00,0.669,0,2
2026-05-06 06:56:00,0.698,32,2
2026-05-06 07:02:00,0.789,10,2
2026-05-06 07:08:00,0.774,16,2
2026-05-06 07:14:00,0.756,18,2
2026-05-06 07:20:00,0.871,0,2
2026-05-06 07:26:00,0.848,21,2
2026-05-06 07:32:00,0.853,17,2
2026-05-06 07:38:00,0.789,11,2
2026-05-06 07:44:00,0.846,24,2
2026-05-06 07:50:00,0.902,29,2
2026-05-06 07:56:00,0.898,19,2
2026-05-06 08:02:00,0.9,30,2
2026-05-06 08:08:00,0.947,26,2
2026-05-06 08:14:00,0.982,23,2
2026-05-06 08:20:00,0.98,16,2
2026-05-06 08:26:00,0.919,20,2
2026-05-06 08:32:00,0.919,21,2
2026-05-06 08:38:00,0.855,17,2
2026-05-06 08:44:00,0.832,23,2
2026-05-06 08:50:00,0.855,28,2
2026-05-06 08:56:00,0.813,25,2
2026-05-06 09:02:00,0.805,35,2
2026-05-06 09:08:00,0.807,9,2
2026-05-06 09:14:00,0.853,26,2
2026-05-06 09:20:00,0.869,44,2
2026-05-06 09:32:00,0.828,26,2
2026-05-06 09:38:00,0.844,21,2
2026-05-06 09:44:00,0.853,39,2
2026-05-06 09:50:00,0.875,31,2
2026-05-06 09:56:00,0.826,27,2
2026-05-06 10:14:00,0.811,13,2
2026-05-06 10:20:00,0.717,23,2
2026-05-06 10:26:00,0.585,40,2
2026-05-06 10:32:00,0.599,53,2
2026-05-06 10:38:00,0.616,59,2
2026-05-06 10:44:00,0.645,45,2
2026-05-06 10:50:00,0.572,41,2
2026-05-06 10:56:00,0.494,34,2
2026-05-06 11:02:00,0.49,17,2
2026-05-06 11:08:00,0.457,30,2
2026-05-06 11:14:00,0.391,42,2
2026-05-06 11:20:00,0.41,75,2
2026-05-06 11:26:00,0.36,5,2
2026-05-06 11:32:00,0.237,14,2
2026-05-06 11:38:00,0.301,340,2
2026-05-06 11:44:00,0.428,3,2
2026-05-06 11:50:00,0.447,15,2
2026-05-06 11:56:00,0.362,350,2
2026-05-06 12:02:00,0.301,37,2
2026-05-06 12:08:00,0.309,8,2
2026-05-06 12:14:00,0.377,17,2
2026-05-06 12:20:00,0.249,24,2
2026-05-06 12:26:00,0.225,33,2
2026-05-06 12:32:00,0.225,37,2
2026-05-06 12:38:00,0.093,354,2
2026-05-06 12:44:00,0.28,12,2
2026-05-06 12:50:00,0.095,71,2
2026-05-06 12:56:00,0.165,108,2
2026-05-06 13:02:00,0.138,82,2
2026-05-06 13:08:00,0.157,89,2
2026-05-06 13:14:00,0.171,69,2
2026-05-06 13:20:00,0.099,163,2
2026-05-06 13:26:00,0.26,164,2
2026-05-06 13:32:00,0.204,184,2
2026-05-06 13:38:00,0.208,154,2
2026-05-06 13:44:00,0.194,170,2
2026-05-06 13:50:00,0.28,66,2
2026-05-06 13:56:00,0.325,182,2
2026-05-06 14:02:00,0.358,127,2
2026-05-06 14:08:00,0.344,191,2
2026-05-06 14:14:00,0.47,167,2
2026-05-06 14:20:00,0.503,184,2
2026-05-06 14:26:00,0.62,171,2
2026-05-06 14:32:00,0.651,193,2
2026-05-06 14:38:00,0.723,204,2
2026-05-06 14:44:00,0.647,188,2
2026-05-06 14:50:00,0.799,208,2
2026-05-06 14:56:00,0.931,189,2
2026-05-06 15:02:00,0.898,207,2
2026-05-06 15:08:00,0.986,201,2
2026-05-06 15:14:00,1.104,210,2
2026-05-06 15:20:00,1.145,189,2
2026-05-06 15:26:00,1.201,202,2
2026-05-06 15:32:00,1.333,204,2
2026-05-06 15:38:00,1.343,205,2
2026-05-06 15:44:00,1.337,202,2
2026-05-06 15:50:00,1.481,235,2
2026-05-06 15:56:00,1.376,225,2
2026-05-06 16:02:00,1.563,234,2
2026-05-06 16:08:00,1.674,225,2
2026-05-06 16:14:00,1.658,206,2
2026-05-06 16:20:00,1.58,228,2
2026-05-06 16:26:00,1.45,237,2
2026-05-06 16:32:00,1.382,228,2
2026-05-06 16:38:00,1.505,236,2
2026-05-06 16:44:00,1.508,230,2
2026-05-06 16:50:00,1.413,211,2
2026-05-06 16:56:00,1.306,204,2
2026-05-06 17:02:00,1.279,210,2
2026-05-06 17:08:00,1.211,204,2
2026-05-06 17:14:00,1.197,198,2
2026-05-06 17:20:00,1.347,185,2
2026-05-06 17:26:00,1.273,228,2
2026-05-06 17:32:00,1.228,195,2
2026-05-06 17:38:00,1.234,215,2
2026-05-06 17:44:00,1.256,195,2
2026-05-06 17:50:00,1.238,222,2
2026-05-06 17:56:00,1.118,227,2
2026-05-06 18:02:00,1.159,193,2
2026-05-06 18:08:00,1.009,226,2
2026-05-06 18:14:00,1.017,206,2
2026-05-06 18:20:00,1.015,214,2
2026-05-06 18:26:00,0.97,230,2
2026-05-06 18:32:00,0.859,217,2
2026-05-06 18:38:00,0.818,176,2
2026-05-06 18:44:00,0.826,210,2
2026-05-06 18:50:00,0.781,234,2
2026-05-06 18:56:00,0.772,224,2
2026-05-06 19:02:00,0.626,199,2
2026-05-06 19:08:00,0.616,241,2
2026-05-06 19:14:00,0.599,225,2
2026-05-06 19:20:00,0.375,251,2
2026-05-06 19:26:00,0.192,320,2
2026-05-06 19:32:00,0.383,240,2
2026-05-06 19:38:00,0.334,348,2
2026-05-06 19:44:00,0.317,274,2
2026-05-06 19:50:00,0.482,247,2
2026-05-06 19:56:00,0.332,289,2
2026-05-06 20:02:00,0.29,340,2
2026-05-06 20:08:00,0.307,303,2
2026-05-06 20:14:00,0.426,307,2
2026-05-06 20:20:00,0.397,274,2
2026-05-06 20:26:00,0.412,256,2
2026-05-06 20:32:00,0.41,253,2
2026-05-06 20:38:00,0.29,297,2
2026-05-06 20:44:00,0.307,333,2
2026-05-06 20:50:00,0.294,289,2
2026-05-06 20:56:00,0.224,319,2
2026-05-06 21:02:00,0.241,327,2
2026-05-06 21:08:00,0.212,314,2
2026-05-06 21:14:00,0.173,352,2
2026-05-06 21:20:00,0.177,330,2
2026-05-06 21:26:00,0.336,341,2
2026-05-06 21:32:00,0.208,304,2
2026-05-06 21:38:00,0.208,310,2
2026-05-06 21:44:00,0.328,341,2
2026-05-06 21:50:00,0.323,325,2
2026-05-06 21:56:00,0.305,316,2
2026-05-06 22:02:00,0.224,300,2
2026-05-06 22:08:00,0.142,311,2
2026-05-06 22:14:00,0.27,312,2
2026-05-06 22:20:00,0.301,319,2
2026-05-06 22:26:00,0.266,325,2
2026-05-06 22:32:00,0.305,323,2
2026-05-06 22:38:00,0.169,92,2
2026-05-06 22:44:00,0.198,311,2
2026-05-06 22:50:00,0.301,352,2
2026-05-06 22:56:00,0.21,43,2
2026-05-06 23:02:00,0.286,281,2
2026-05-06 23:08:00,0.093,293,2
2026-05-06 23:14:00,0.204,170,2
2026-05-06 23:20:00,0.099,9,2
2026-05-06 23:26:00,0.196,314,2
2026-05-06 23:32:00,0.241,305,2
2026-05-06 23:38:00,0.185,240,2
2026-05-06 23:44:00,0.264,246,2
2026-05-06 23:50:00,0.274,242,2
2026-05-06 23:56:00,0.282,245,2
2026-05-07 00:02:00,0.245,243,2
2026-05-07 00:08:00,0.243,216,2
2026-05-07 00:14:00,0.21,254,2
2026-05-07 00:20:00,0.323,275,2
2026-05-07 00:26:00,0.336,241,2
2026-05-07 00:32:00,0.375,239,2
2026-05-07 00:38:00,0.463,235,2
2026-05-07 00:44:00,0.406,196,2
2026-05-07 00:50:00,0.414,231,2
2026-05-07 00:56:00,0.439,173,2
2026-05-07 01:02:00,0.474,175,2
2026-05-07 01:08:00,0.577,248,2
2026-05-07 01:14:00,0.601,211,2
2026-05-07 01:20:00,0.671,235,2
2026-05-07 01:26:00,0.636,152,2
2026-05-07 01:32:00,0.692,231,2
2026-05-07 01:38:00,0.733,194,2
2026-05-07 01:44:00,0.879,220,2
2026-05-07 01:50:00,0.846,208,2
2026-05-07 01:56:00,0.919,203,2
2026-05-07 02:02:00,0.947,226,2
2026-05-07 02:08:00,0.976,203,2
2026-05-07 02:14:00,1.044,169,2
2026-05-07 02:20:00,1.054,193,2
2026-05-07 02:26:00,1.137,174,2
2026-05-07 02:32:00,1.201,187,2
2026-05-07 02:38:00,1.143,199,2
2026-05-07 02:44:00,1.077,186,2
2026-05-07 02:50:00,1.118,207,2
2026-05-07 02:56:00,1.147,236,2
2026-05-07 03:02:00,1.124,204,2
2026-05-07 03:08:00,1.248,191,2
2026-05-07 03:14:00,1.176,226,2
2026-05-07 03:20:00,1.16,229,2
2026-05-07 03:26:00,1.23,193,2
2026-05-07 03:32:00,1.277,220,2
2026-05-07 03:38:00,1.289,205,2
2026-05-07 03:44:00,1.398,218,2
2026-05-07 03:50:00,1.287,210,2
2026-05-07 03:56:00,1.435,244,2
2026-05-07 04:02:00,1.45,203,2
2026-05-07 04:08:00,1.409,221,2
2026-05-07 04:14:00,1.368,226,2
2026-05-07 04:20:00,1.347,213,2
2026-05-07 04:26:00,1.431,205,2
2026-05-07 04:32:00,1.405,226,2
2026-05-07 04:38:00,1.384,191,2
2026-05-07 04:44:00,1.271,195,2
2026-05-07 04:50:00,1.225,208,2
2026-05-07 04:56:00,1.318,194,2
2026-05-07 05:02:00,1.199,195,2
2026-05-07 05:08:00,0.98,191,2
2026-05-07 05:14:00,1.125,224,2
2026-05-07 05:20:00,1.021,201,2
2026-05-07 05:26:00,1.04,233,2
2026-05-07 05:32:00,0.931,225,2
2026-05-07 05:38:00,1.011,228,2
2026-05-07 05:44:00,0.863,225,2
2026-05-07 05:50:00,0.754,212,2
2026-05-07 05:56:00,0.76,229,2
2026-05-07 06:02:00,0.713,227,2
2026-05-07 06:08:00,0.556,214,2
2026-05-07 06:14:00,0.538,218,2
2026-05-07 06:20:00,0.521,238,2
2026-05-07 06:26:00,0.544,219,2
2026-05-07 06:32:00,0.369,246,2
2026-05-07 06:38:00,0.354,207,2
2026-05-07 06:44:00,0.187,290,2
2026-05-07 06:50:00,0.231,242,2
2026-05-07 06:56:00,0.307,231,2
2026-05-07 07:02:00,0.247,273,2
2026-05-07 07:08:00,0.27,292,2
2026-05-07 07:14:00,0.15,281,2
2026-05-07 07:20:00,0.152,282,2
2026-05-07 07:26:00,0.183,18,2
2026-05-07 07:32:00,0.253,64,2
2026-05-07 07:38:00,0.259,24,2
2026-05-07 07:44:00,0.249,40,2
2026-05-07 07:50:00,0.206,356,2
2026-05-07 07:56:00,0.247,302,2
2026-05-07 08:02:00,0.305,16,2
2026-05-07 08:08:00,0.49,27,2
2026-05-07 08:14:00,0.297,326,2
2026-05-07 08:20:00,0.313,36,2
2026-05-07 08:26:00,0.29,39,2
2026-05-07 08:32:00,0.383,33,2
2026-05-07 08:38:00,0.402,10,2
2026-05-07 08:44:00,0.334,310,2
2026-05-07 08:50:00,0.414,289,2
2026-05-07 08:56:00,0.536,19,2
2026-05-07 09:02:00,0.548,13,2
2026-05-07 09:08:00,0.348,86,2
2026-05-07 09:14:00,0.412,343,2
2026-05-07 09:20:00,0.204,85,2
2026-05-07 09:26:00,0.243,272,2
2026-05-07 09:32:00,0.48,38,2
2026-05-07 09:38:00,0.41,23,2
2026-05-07 09:44:00,0.416,72,2
2026-05-07 09:50:00,0.406,68,2
2026-05-07 09:56:00,0.313,88,2
2026-05-07 10:02:00,0.352,77,2
2026-05-07 10:08:00,0.26,95,2
2026-05-07 10:14:00,0.369,46,2
2026-05-07 10:20:00,0.342,42,2
2026-05-07 10:26:00,0.253,95,2
2026-05-07 10:32:00,0.29,11,2
2026-05-07 10:38:00,0.286,14,2
2026-05-07 10:44:00,0.089,41,2
2026-05-07 10:50:00,0.294,126,2
2026-05-07 10:56:00,0.121,28,2
2026-05-07 11:02:00,0.274,63,2
2026-05-07 11:08:00,0.214,63,2
2026-05-07 11:14:00,0.156,16,2
2026-05-07 11:20:00,0.161,319,2
2026-05-07 11:26:00,0.144,61,2
2026-05-07 11:32:00,0.054,165,2
2026-05-07 11:38:00,0.097,289,2
2026-05-07 11:44:00,0.066,87,2
2026-05-07 11:50:00,0.052,257,2
2026-05-07 11:56:00,0.087,298,2
2026-05-07 12:02:00,0.103,220,2
2026-05-07 12:08:00,0.045,187,2
2026-05-07 12:14:00,0.051,201,2
2026-05-07 12:20:00,0.111,230,2
2026-05-07 12:26:00,0.152,213,2
2026-05-07 12:32:00,0.181,258,2
2026-05-07 12:38:00,0.34,269,2
2026-05-07 12:44:00,0.356,241,2
2026-05-07 12:50:00,0.249,225,2
2026-05-07 12:56:00,0.319,236,2
2026-05-07 13:02:00,0.367,235,2
2026-05-07 13:08:00,0.317,241,2
2026-05-07 13:14:00,0.486,186,2
2026-05-07 13:20:00,0.433,233,2
2026-05-07 13:26:00,0.251,222,2
2026-05-07 13:32:00,0.445,172,2
2026-05-07 13:38:00,0.432,249,2
2026-05-07 13:44:00,0.373,215,2
2026-05-07 13:50:00,0.418,219,2
2026-05-07 13:56:00,0.562,196,2
2026-05-07 14:02:00,0.482,183,2
2026-05-07 14:08:00,0.581,175,2
2026-05-07 14:14:00,0.599,161,2
2026-05-07 14:20:00,0.597,260,2
2026-05-07 14:26:00,0.544,206,2
2026-05-07 14:32:00,0.599,253,2
2026-05-07 14:38:00,0.503,268,2
2026-05-07 14:44:00,0.57,250,2
2026-05-07 14:50:00,0.638,216,2
2026-05-07 14:56:00,0.785,255,2
2026-05-07 15:02:00,0.719,231,2
2026-05-07 15:08:00,0.663,262,2
2026-05-07 15:14:00,0.805,210,2
2026-05-07 15:20:00,0.886,165,2
2026-05-07 15:26:00,0.71,265,2
2026-05-07 15:32:00,0.554,219,2
2026-05-07 15:38:00,0.811,196,2
2026-05-07 15:44:00,0.766,206,2
2026-05-07 15:50:00,0.949,181,2
2026-05-07 15:56:00,0.914,261,2
2026-05-07 16:02:00,0.585,181,2
2026-05-07 16:08:00,0.9,240,2
2026-05-07 16:14:00,0.918,207,2
2026-05-07 16:20:00,1.005,248,2
2026-05-07 16:26:00,1.096,221,2
2026-05-07 16:32:00,1.032,175,2
2026-05-07 16:38:00,0.896,195,2
2026-05-07 16:44:00,0.974,224,2
2026-05-07 16:50:00,0.976,209,2
2026-05-07 16:56:00,0.943,233,2
2026-05-07 17:02:00,0.877,193,2
2026-05-07 17:08:00,0.896,224,2
2026-05-07 17:14:00,0.947,209,2
2026-05-07 17:20:00,0.871,221,2
2026-05-07 17:26:00,0.902,186,2
2026-05-07 17:32:00,0.756,210,2
2026-05-07 17:38:00,0.832,254,2
2026-05-07 17:44:00,0.838,194,2
2026-05-07 17:50:00,0.842,228,2
2026-05-07 17:56:00,0.713,227,2
2026-05-07 18:02:00,0.661,250,2
2026-05-07 18:08:00,0.723,243,2
2026-05-07 18:14:00,0.669,211,2
2026-05-07 18:20:00,0.63,231,2
2026-05-07 18:26:00,0.659,247,2
2026-05-07 18:32:00,0.618,210,2
2026-05-07 18:38:00,0.614,234,2
2026-05-07 18:44:00,0.342,240,2
2026-05-07 18:50:00,0.412,254,2
2026-05-07 18:56:00,0.354,246,2
2026-05-07 19:02:00,0.288,267,2
2026-05-07 19:08:00,0.167,265,2
2026-05-07 19:14:00,0.301,272,2
2026-05-07 19:20:00,0.109,245,2
2026-05-07 19:26:00,0.136,308,2
2026-05-07 19:32:00,0.113,233,2
2026-05-07 19:38:00,0.276,300,2
2026-05-07 19:44:00,0.187,69,2
2026-05-07 19:50:00,0.235,8,2
2026-05-07 19:56:00,0.33,330,2
2026-05-07 20:02:00,0.336,14,2
2026-05-07 20:08:00,0.428,6,2
2026-05-07 20:14:00,0.542,356,2
2026-05-07 20:20:00,0.533,352,2
2026-05-07 20:26:00,0.55,18,2
2026-05-07 20:32:00,0.507,13,2
2026-05-07 20:38:00,0.608,35,2
2026-05-07 20:44:00,0.57,359,2
2026-05-07 20:50:00,0.587,22,2
2026-05-07 20:56:00,0.661,356,2
2026-05-07 21:02:00,0.744,37,2
2026-05-07 21:08:00,0.756,9,2
2026-05-07 21:14:00,0.787,10,2
2026-05-07 21:20:00,0.805,18,2
2026-05-07 21:26:00,0.76,14,2
2026-05-07 21:32:00,0.814,8,2
2026-05-07 21:38:00,0.879,348,2
2026-05-07 21:44:00,0.871,34,2
2026-05-07 21:50:00,0.962,7,2
2026-05-07 21:56:00,0.954,23,2
2026-05-07 22:02:00,0.912,17,2
2026-05-07 22:08:00,1.017,32,2
2026-05-07 22:14:00,0.949,24,2
2026-05-07 22:20:00,0.898,22,2
2026-05-07 22:26:00,1.005,17,2
2026-05-07 22:32:00,0.987,14,2
2026-05-07 22:38:00,0.972,23,2
2026-05-07 22:44:00,1.005,25,2
2026-05-07 22:50:00,1.021,11,2
2026-05-07 22:56:00,0.933,13,2
2026-05-07 23:02:00,0.785,12,2
2026-05-07 23:08:00,0.871,14,2
2026-05-07 23:14:00,0.824,34,2
2026-05-07 23:20:00,0.743,10,2
2026-05-07 23:26:00,0.756,12,2
2026-05-07 23:32:00,0.68,46,2
2026-05-07 23:38:00,0.739,22,2
2026-05-07 23:44:00,0.704,49,2
2026-05-07 23:50:00,0.603,42,2
2026-05-07 23:56:00,0.519,33,2
2026-05-08 00:02:00,0.61,19,2
2026-05-08 00:08:00,0.404,39,2
2026-05-08 00:14:00,0.459,7,2
2026-05-08 00:20:00,0.365,17,2
2026-05-08 00:26:00,0.311,12,2
2026-05-08 00:32:00,0.342,20,2
2026-05-08 00:38:00,0.313,18,2
2026-05-08 00:44:00,0.288,2,2
2026-05-08 00:50:00,0.278,345,2
2026-05-08 00:56:00,0.365,29,2
2026-05-08 01:02:00,0.305,21,2
2026-05-08 01:08:00,0.311,30,2
2026-05-08 01:14:00,0.189,13,2
2026-05-08 01:20:00,0.371,352,2
2026-05-08 01:26:00,0.264,22,2
2026-05-08 01:32:00,0.185,29,2
2026-05-08 01:38:00,0.27,5,2
2026-05-08 01:44:00,0.132,26,2
2026-05-08 01:50:00,0.185,12,2
2026-05-08 01:56:00,0.163,3,2
2026-05-08 02:02:00,0.167,340,2
2026-05-08 02:08:00,0.107,318,2
2026-05-08 02:14:00,0.225,282,2
2026-05-08 02:20:00,0.185,17,2
2026-05-08 02:26:00,0.154,317,2
2026-05-08 02:32:00,0.173,335,2
2026-05-08 02:38:00,0.103,271,2
2026-05-08 02:44:00,0.19,277,2
2026-05-08 02:50:00,0.171,263,2
2026-05-08 02:56:00,0.292,292,2
2026-05-08 03:02:00,0.212,262,2
2026-05-08 03:08:00,0.181,226,2
2026-05-08 03:14:00,0.161,319,2
2026-05-08 03:20:00,0.144,200,2
2026-05-08 03:26:00,0.089,268,2
2026-05-08 03:32:00,0.117,231,2
2026-05-08 03:38:00,0.122,198,2
2026-05-08 03:44:00,0.165,198,2
2026-05-08 03:50:00,0.208,170,2
2026-05-08 03:56:00,0.224,204,2
2026-05-08 04:02:00,0.29,239,2
2026-05-08 04:08:00,0.35,197,2
2026-05-08 04:14:00,0.323,223,2
2026-05-08 04:20:00,0.33,179,2
2026-05-08 04:26:00,0.391,198,2
2026-05-08 04:32:00,0.371,206,2
2026-05-08 04:38:00,0.346,260,2
2026-05-08 04:44:00,0.356,212,2
2026-05-08 04:50:00,0.416,271,2
2026-05-08 04:56:00,0.354,258,2
2026-05-08 05:02:00,0.362,242,2
2026-05-08 05:08:00,0.346,219,2
2026-05-08 05:14:00,0.276,280,2
2026-05-08 05:20:00,0.34,248,2
2026-05-08 05:26:00,0.255,244,2
2026-05-08 05:32:00,0.344,239,2
2026-05-08 05:38:00,0.262,233,2
2026-05-08 05:44:00,0.389,243,2
2026-05-08 05:50:00,0.338,266,2
2026-05-08 05:56:00,0.391,262,2
2026-05-08 06:02:00,0.356,240,2
2026-05-08 06:08:00,0.309,290,2
2026-05-08 06:14:00,0.342,268,2
2026-05-08 06:20:00,0.301,245,2
2026-05-08 06:26:00,0.214,273,2
2026-05-08 06:32:00,0.259,250,2
2026-05-08 06:38:00,0.325,289,2
2026-05-08 06:44:00,0.198,312,2
2026-05-08 06:50:00,0.237,284,2
2026-05-08 06:56:00,0.212,331,2
2026-05-08 07:02:00,0.179,244,2
2026-05-08 07:08:00,0.171,232,2
2026-05-08 07:14:00,0.117,319,2
2026-05-08 07:20:00,0.056,351,2
2026-05-08 07:26:00,0.189,319,2
2026-05-08 07:32:00,0.156,327,2
2026-05-08 07:38:00,0.089,8,2
2026-05-08 07:44:00,0.251,357,2
2026-05-08 07:50:00,0.185,5,2
2026-05-08 07:56:00,0.247,319,2
2026-05-08 08:02:00,0.294,350,2
2026-05-08 08:08:00,0.239,29,2
2026-05-08 08:14:00,0.352,351,2
2026-05-08 08:20:00,0.218,348,2
2026-05-08 08:26:00,0.284,337,2
2026-05-08 08:32:00,0.33,11,2
2026-05-08 08:38:00,0.237,26,2
2026-05-08 08:44:00,0.305,5,2
2026-05-08 08:50:00,0.313,31,2
2026-05-08 08:56:00,0.169,6,2
2026-05-08 09:02:00,0.381,20,2
2026-05-08 09:08:00,0.358,5,2
2026-05-08 09:14:00,0.391,355,2
2026-05-08 09:20:00,0.494,12,2
2026-05-08 09:26:00,0.41,27,2
2026-05-08 09:32:00,0.507,35,2
2026-05-08 09:38:00,0.43,23,2
2026-05-08 09:44:00,0.377,13,2
2026-05-08 09:50:00,0.332,57,2
2026-05-08 09:56:00,0.49,58,2
2026-05-08 10:02:00,0.451,14,2
2026-05-08 10:08:00,0.344,1,2
2026-05-08 10:14:00,0.418,21,2
2026-05-08 10:20:00,0.328,27,2
2026-05-08 10:26:00,0.224,12,2
2026-05-08 10:32:00,0.398,32,2
2026-05-08 10:38:00,0.435,27,2
2026-05-08 10:44:00,0.358,356,2
2026-05-08 10:50:00,0.288,353,2
2026-05-08 10:56:00,0.391,18,2
2026-05-08 11:02:00,0.313,14,2
2026-05-08 11:08:00,0.321,14,2
2026-05-08 11:14:00,0.272,14,2
2026-05-08 11:20:00,0.282,4,2
2026-05-08 11:26:00,0.235,39,2
2026-05-08 11:32:00,0.278,13,2
2026-05-08 11:38:00,0.253,35,2
2026-05-08 11:44:00,0.146,8,2
2026-05-08 11:50:00,0.2,46,2
2026-05-08 11:56:00,0.126,12,2
2026-05-08 12:02:00,0.066,58,2
2026-05-08 12:08:00,0.07,317,2
2026-05-08 12:14:00,0.093,322,2
2026-05-08 12:20:00,0.099,25,2
2026-05-08 12:26:00,0.115,56,2
2026-05-08 12:32:00,0.018,91,2
2026-05-08 12:38:00,0.037,133,2
2026-05-08 12:44:00,0.064,149,2
2026-05-08 12:50:00,0.111,119,2
2026-05-08 12:56:00,0.047,69,2
2026-05-08 13:02:00,0.056,142,2
2026-05-08 13:08:00,0.101,131,2
2026-05-08 13:14:00,0.111,212,2
2026-05-08 13:20:00,0.087,174,2
2026-05-08 13:26:00,0.148,109,2
2026-05-08 13:32:00,0.189,195,2
2026-05-08 13:38:00,0.101,189,2
2026-05-08 13:44:00,0.095,187,2
2026-05-08 13:50:00,0.146,243,2
2026-05-08 13:56:00,0.237,184,2
2026-05-08 14:02:00,0.224,177,2
2026-05-08 14:08:00,0.171,263,2
2026-05-08 14:14:00,0.222,207,2
2026-05-08 14:20:00,0.28,183,2
2026-05-08 14:26:00,0.235,200,2
2026-05-08 14:32:00,0.315,213,2
2026-05-08 14:38:00,0.187,207,2
2026-05-08 14:44:00,0.224,198,2
2026-05-08 14:50:00,0.336,199,2
2026-05-08 14:56:00,0.255,140,2
2026-05-08 15:02:00,0.294,186,2
2026-05-08 15:08:00,0.332,225,2
2026-05-08 15:14:00,0.301,198,2
2026-05-08 15:20:00,0.22,150,2
2026-05-08 15:26:00,0.313,225,2
2026-05-08 15:32:00,0.266,168,2
2026-05-08 15:38:00,0.311,223,2
2026-05-08 15:44:00,0.379,200,2
2026-05-08 15:50:00,0.325,205,2
2026-05-08 15:56:00,0.305,235,2
2026-05-08 16:02:00,0.482,245,2
2026-05-08 16:08:00,0.433,236,2
2026-05-08 16:14:00,0.443,234,2
2026-05-08 16:20:00,0.554,218,2
2026-05-08 16:26:00,0.564,248,2
2026-05-08 16:32:00,0.64,233,2
2026-05-08 16:38:00,0.63,221,2
2026-05-08 16:44:00,0.719,226,2
2026-05-08 16:50:00,0.7,220,2
2026-05-08 16:56:00,0.743,184,2
2026-05-08 17:14:00,0.669,212,2
2026-05-08 17:32:00,0.54,256,2
2026-05-08 17:44:00,0.505,214,2
2026-05-08 17:50:00,0.472,206,2
2026-05-08 17:56:00,0.54,205,2
2026-05-08 18:02:00,0.47,181,2
2026-05-08 18:08:00,0.455,199,2
2026-05-08 18:14:00,0.348,253,2
2026-05-08 18:20:00,0.352,227,2
2026-05-08 18:26:00,0.336,201,2
2026-05-08 18:32:00,0.216,222,2
2026-05-08 18:38:00,0.288,203,2
2026-05-08 18:44:00,0.194,196,2
2026-05-08 18:50:00,0.099,169,2
2026-05-08 18:56:00,0.19,161,2
2026-05-08 19:02:00,0.087,127,2
2026-05-08 19:08:00,0.012,110,2
2026-05-08 19:14:00,0.122,50,2
2026-05-08 19:20:00,0.086,338,2
2026-05-08 19:26:00,0.13,50,2
2026-05-08 19:32:00,0.196,41,2
2026-05-08 19:38:00,0.229,19,2
2026-05-08 19:44:00,0.27,21,2
2026-05-08 19:50:00,0.259,22,2
2026-05-08 19:56:00,0.235,6,2
2026-05-08 20:02:00,0.295,37,2
2026-05-08 20:08:00,0.175,55,2
2026-05-08 20:14:00,0.315,19,2
2026-05-08 20:20:00,0.336,46,2
2026-05-08 20:26:00,0.406,13,2
2026-05-08 20:32:00,0.375,28,2
2026-05-08 20:38:00,0.465,349,2
2026-05-08 20:44:00,0.529,27,2
2026-05-08 20:50:00,0.517,40,2
2026-05-08 20:56:00,0.486,32,2
2026-05-08 21:02:00,0.603,9,2
2026-05-08 21:08:00,0.624,27,2
2026-05-08 21:14:00,0.585,26,2
2026-05-08 21:20:00,0.622,13,2
2026-05-08 21:26:00,0.657,29,2
2026-05-08 21:32:00,0.752,24,2
2026-05-08 21:38:00,0.764,11,2
2026-05-08 21:44:00,0.871,26,2
2026-05-08 21:50:00,0.918,11,2
2026-05-08 21:56:00,0.865,27,2
2026-05-08 22:02:00,0.859,14,2
2026-05-08 22:08:00,0.886,37,2
2026-05-08 22:14:00,0.993,22,2
2026-05-08 22:20:00,0.902,33,2
2026-05-08 22:26:00,0.921,23,2
2026-05-08 22:32:00,0.986,23,2
2026-05-08 22:38:00,1.03,20,2
2026-05-08 22:44:00,0.964,40,2
2026-05-08 22:50:00,0.966,21,2
2026-05-08 22:56:00,0.958,20,2
2026-05-08 23:02:00,0.846,28,2
2026-05-08 23:08:00,0.968,21,2
2026-05-08 23:14:00,0.976,30,2
2026-05-08 23:20:00,0.984,22,2
2026-05-08 23:26:00,0.867,31,2
2026-05-08 23:32:00,0.958,31,2
2026-05-08 23:38:00,1.011,11,2
2026-05-08 23:44:00,1.056,25,2
2026-05-08 23:50:00,1.013,16,2
2026-05-08 23:56:00,1.073,32,2
2026-05-09 00:02:00,1.011,19,2
2026-05-09 00:08:00,0.98,24,2
2026-05-09 00:14:00,0.863,23,2
2026-05-09 00:20:00,0.772,29,2
2026-05-09 00:26:00,0.82,24,2
2026-05-09 00:32:00,0.723,354,2
2026-05-09 00:38:00,0.871,29,2
2026-05-09 00:44:00,0.733,25,2
2026-05-09 00:50:00,0.826,37,2
2026-05-09 00:56:00,0.748,25,2
2026-05-09 01:02:00,0.729,17,2
2026-05-09 01:08:00,0.638,10,2
2026-05-09 01:14:00,0.774,13,2
2026-05-09 01:20:00,0.612,45,2
2026-05-09 01:26:00,0.47,4,2
2026-05-09 01:32:00,0.562,33,2
2026-05-09 01:38:00,0.531,343,2
2026-05-09 01:44:00,0.424,350,2
2026-05-09 01:50:00,0.581,5,2
2026-05-09 01:56:00,0.772,1,2
2026-05-09 02:02:00,0.558,22,2
2026-05-09 02:08:00,0.566,30,2
2026-05-09 02:14:00,0.55,54,2
2026-05-09 02:20:00,0.519,28,2
2026-05-09 02:26:00,0.404,67,2
2026-05-09 02:32:00,0.41,29,2
2026-05-09 02:38:00,0.29,27,2
2026-05-09 02:44:00,0.311,27,2
2026-05-09 02:50:00,0.249,34,2
2026-05-09 02:56:00,0.239,24,2
2026-05-09 03:02:00,0.13,53,2
2026-05-09 03:08:00,0.107,24,2
2026-05-09 03:14:00,0.146,67,2
2026-05-09 03:20:00,0.078,21,2
2026-05-09 03:26:00,0.101,9,2
2026-05-09 03:32:00,0.023,48,2
2026-05-09 03:38:00,0.136,82,2
2026-05-09 03:44:00,0.089,25,2
2026-05-09 03:50:00,0.171,32,2
2026-05-09 03:56:00,0.157,79,2
2026-05-09 04:02:00,0.097,54,2
2026-05-09 04:08:00,0.124,41,2
2026-05-09 04:14:00,0.122,108,2
2026-05-09 04:20:00,0.078,23,2
2026-05-09 04:26:00,0.033,92,2
2026-05-09 04:32:00,0.082,82,2
2026-05-09 04:38:00,0.124,105,2
2026-05-09 04:44:00,0.08,120,2
2026-05-09 04:50:00,0.103,64,2
2026-05-09 04:56:00,0.111,43,2
2026-05-09 05:02:00,0.093,50,2
2026-05-09 05:08:00,0.144,100,2
2026-05-09 05:14:00,0.06,60,2
2026-05-09 05:20:00,0.041,120,2
2026-05-09 05:26:00,0.078,112,2
2026-05-09 05:32:00,0.086,84,2
2026-05-09 05:38:00,0.21,56,2
2026-05-09 05:44:00,0.099,89,2
2026-05-09 05:50:00,0.058,129,2
2026-05-09 05:56:00,0.124,102,2
2026-05-09 06:02:00,0.064,200,2
2026-05-09 06:08:00,0.089,115,2
2026-05-09 06:14:00,0.049,23,2
2026-05-09 06:20:00,0.15,98,2
2026-05-09 06:26:00,0.031,93,2
2026-05-09 06:32:00,0.105,106,2
2026-05-09 06:38:00,0.115,68,2
2026-05-09 06:44:00,0.216,92,2
2026-05-09 06:50:00,0.181,50,2
2026-05-09 06:56:00,0.113,65,2
2026-05-09 07:02:00,0.206,52,2
2026-05-09 07:08:00,0.146,53,2
2026-05-09 07:14:00,0.241,33,2
2026-05-09 07:20:00,0.288,73,2
2026-05-09 07:26:00,0.288,24,2
2026-05-09 07:32:00,0.247,20,2
2026-05-09 07:38:00,0.35,46,2
2026-05-09 07:44:00,0.313,37,2
2026-05-09 07:50:00,0.4,29,2
2026-05-09 07:56:00,0.33,32,2
2026-05-09 08:02:00,0.4,25,2
2026-05-09 08:08:00,0.365,29,2
2026-05-09 08:14:00,0.474,33,2
2026-05-09 08:20:00,0.5,20,2
2026-05-09 08:26:00,0.449,31,2
2026-05-09 08:32:00,0.577,27,2
2026-05-09 08:38:00,0.42,19,2
2026-05-09 08:44:00,0.505,42,2
2026-05-09 08:50:00,0.48,29,2
2026-05-09 08:56:00,0.548,18,2
2026-05-09 09:02:00,0.513,28,2
2026-05-09 09:08:00,0.529,42,2
2026-05-09 09:14:00,0.467,26,2
2026-05-09 09:20:00,0.56,18,2
2026-05-09 09:26:00,0.488,15,2
2026-05-09 09:32:00,0.492,46,2
2026-05-09 09:38:00,0.507,4,2
2026-05-09 09:44:00,0.564,7,2
2026-05-09 09:50:00,0.486,24,2
2026-05-09 09:56:00,0.562,33,2
2026-05-09 10:02:00,0.634,7,2
2026-05-09 10:08:00,0.595,15,2
2026-05-09 10:14:00,0.556,18,2
2026-05-09 10:20:00,0.61,38,2
2026-05-09 10:26:00,0.525,25,2
2026-05-09 10:32:00,0.643,31,2
2026-05-09 10:38:00,0.531,9,2
2026-05-09 10:44:00,0.589,24,2
2026-05-09 10:50:00,0.494,32,2
2026-05-09 10:56:00,0.593,23,2
2026-05-09 11:02:00,0.643,20,2
2026-05-09 11:08:00,0.525,25,2
2026-05-09 11:14:00,0.568,29,2
2026-05-09 11:20:00,0.546,41,2
2026-05-09 11:26:00,0.445,29,2
2026-05-09 11:32:00,0.535,41,2
2026-05-09 11:38:00,0.428,26,2
2026-05-09 11:44:00,0.468,36,2
2026-05-09 11:50:00,0.492,25,2
2026-05-09 11:56:00,0.505,22,2
2026-05-09 12:02:00,0.428,12,2
2026-05-09 12:08:00,0.387,40,2
2026-05-09 12:14:00,0.433,34,2
2026-05-09 12:20:00,0.408,36,2
2026-05-09 12:26:00,0.358,27,2
2026-05-09 12:32:00,0.336,31,2
2026-05-09 12:38:00,0.295,25,2
2026-05-09 12:44:00,0.352,22,2
2026-05-09 12:50:00,0.338,22,2
2026-05-09 12:56:00,0.282,36,2
2026-05-09 13:02:00,0.229,37,2
2026-05-09 13:08:00,0.259,67,2
2026-05-09 13:14:00,0.202,59,2
2026-05-09 13:20:00,0.087,101,2
2026-05-09 13:26:00,0.095,81,2
2026-05-09 13:32:00,0.142,56,2
2026-05-09 13:38:00,0.161,120,2
2026-05-09 13:44:00,0.068,118,2
2026-05-09 13:50:00,0.058,120,2
2026-05-09 13:56:00,0.142,117,2
2026-05-09 14:02:00,0.187,179,2
2026-05-09 14:08:00,0.089,207,2
2026-05-09 14:14:00,0.14,235,2
2026-05-09 14:20:00,0.196,226,2
2026-05-09 14:26:00,0.218,255,2
2026-05-09 14:32:00,0.192,185,2
2026-05-09 14:38:00,0.157,140,2
2026-05-09 14:44:00,0.239,175,2
2026-05-09 14:50:00,0.257,300,2
2026-05-09 14:56:00,0.237,183,2
2026-05-09 15:02:00,0.319,255,2
2026-05-09 15:08:00,0.463,233,2
2026-05-09 15:14:00,0.476,184,2
2026-05-09 15:20:00,0.435,270,2
2026-05-09 15:26:00,0.636,189,2
2026-05-09 15:32:00,0.583,203,2
2026-05-09 15:38:00,0.651,178,2
2026-05-09 15:44:00,0.673,224,2
2026-05-09 15:50:00,0.671,219,2
2026-05-09 15:56:00,0.733,221,2
2026-05-09 16:02:00,0.787,250,2
2026-05-09 16:08:00,0.873,174,2
2026-05-09 16:14:00,0.974,198,2
2026-05-09 16:20:00,1.036,185,2
2026-05-09 16:26:00,1.172,228,2
2026-05-09 16:32:00,1.195,243,2
2026-05-09 16:38:00,1.23,180,2
2026-05-09 16:44:00,1.407,190,2
2026-05-09 16:50:00,1.51,191,2
2026-05-09 16:56:00,1.516,239,2
2026-05-09 17:02:00,1.594,202,2
2026-05-09 17:08:00,1.538,250,2
2026-05-09 17:14:00,1.485,198,2
2026-05-09 17:20:00,1.54,213,2
2026-05-09 17:26:00,1.394,212,2
2026-05-09 17:32:00,1.384,235,2
2026-05-09 17:38:00,1.586,187,2
2026-05-09 17:44:00,1.541,217,2
2026-05-09 17:50:00,1.462,224,2
2026-05-09 17:56:00,1.557,221,2
2026-05-09 18:02:00,1.433,185,2
2026-05-09 18:08:00,1.425,239,2
2026-05-09 18:14:00,1.384,197,2
2026-05-09 18:20:00,1.367,233,2
2026-05-09 18:26:00,1.553,210,2
2026-05-09 18:32:00,1.473,207,2
2026-05-09 18:38:00,1.506,218,2
2026-05-09 18:44:00,1.753,194,2
2026-05-09 18:50:00,1.633,208,2
2026-05-09 18:56:00,1.691,207,2
2026-05-09 19:02:00,1.586,189,2
2026-05-09 19:08:00,1.355,178,2
2026-05-09 19:14:00,1.468,186,2
2026-05-09 19:20:00,1.392,219,2
2026-05-09 19:26:00,1.273,223,2
2026-05-09 19:32:00,1.217,219,2
2026-05-09 19:38:00,1.18,203,2
2026-05-09 19:44:00,1.038,185,2
2026-05-09 19:50:00,0.987,182,2
2026-05-09 19:56:00,0.904,222,2
2026-05-09 20:02:00,0.844,222,2
2026-05-09 20:08:00,0.863,184,2
2026-05-09 20:14:00,0.75,197,2
2026-05-09 20:20:00,0.774,176,2
2026-05-09 20:26:00,0.727,214,2
2026-05-09 20:32:00,0.783,245,2
2026-05-09 20:38:00,0.692,177,2
2026-05-09 20:44:00,0.564,211,2
2026-05-09 20:50:00,0.529,269,2
2026-05-09 20:56:00,0.595,210,2
2026-05-09 21:02:00,0.457,226,2
2026-05-09 21:08:00,0.54,234,2
2026-05-09 21:14:00,0.41,247,2
2026-05-09 21:20:00,0.375,269,2
2026-05-09 21:26:00,0.27,262,2
2026-05-09 21:32:00,0.288,328,2
2026-05-09 21:38:00,0.276,240,2
2026-05-09 21:44:00,0.362,302,2
2026-05-09 21:50:00,0.179,295,2
2026-05-09 21:56:00,0.295,283,2
2026-05-09 22:02:00,0.227,304,2
2026-05-09 22:08:00,0.21,323,2
2026-05-09 22:14:00,0.231,323,2
2026-05-09 22:20:00,0.204,316,2
2026-05-09 22:26:00,0.222,339,2
2026-05-09 22:32:00,0.286,3,2
2026-05-09 22:38:00,0.338,34,2
2026-05-09 22:44:00,0.387,21,2
2026-05-09 22:50:00,0.354,29,2
2026-05-09 22:56:00,0.297,33,2
2026-05-09 23:02:00,0.338,38,2
2026-05-09 23:08:00,0.338,10,2
2026-05-09 23:14:00,0.433,22,2
2026-05-09 23:20:00,0.414,34,2
2026-05-09 23:26:00,0.328,44,2
2026-05-09 23:32:00,0.451,23,2
2026-05-09 23:38:00,0.383,40,2
2026-05-09 23:44:00,0.336,19,2
2026-05-09 23:50:00,0.47,26,2
2026-05-09 23:56:00,0.428,41,2
2026-05-10 00:02:00,0.4,21,2
2026-05-10 00:08:00,0.282,18,2
2026-05-10 00:14:00,0.313,37,2
2026-05-10 00:20:00,0.332,4,2
2026-05-10 00:26:00,0.445,0,2
2026-05-10 00:32:00,0.426,14,2
2026-05-10 00:38:00,0.457,3,2
2026-05-10 00:44:00,0.488,19,2
2026-05-10 00:50:00,0.472,19,2
2026-05-10 00:56:00,0.241,14,2
2026-05-10 01:02:00,0.183,25,2
2026-05-10 01:08:00,0.187,22,2
2026-05-10 01:14:00,0.262,14,2
2026-05-10 01:20:00,0.243,31,2
2026-05-10 01:26:00,0.231,127,2
2026-05-10 01:32:00,0.301,78,2
2026-05-10 01:38:00,0.161,50,2
2026-05-10 01:44:00,0.206,65,2
2026-05-10 01:50:00,0.043,84,2
2026-05-10 01:56:00,0.179,75,2
2026-05-10 02:02:00,0.06,29,2
2026-05-10 02:08:00,0.019,253,2
2026-05-10 02:14:00,0.041,287,2
2026-05-10 02:20:00,0.159,253,2
2026-05-10 02:26:00,0.136,276,2
2026-05-10 02:32:00,0.072,232,2
2026-05-10 02:38:00,0.148,232,2
2026-05-10 02:44:00,0.142,276,2
2026-05-10 02:50:00,0.126,237,2
2026-05-10 02:56:00,0.161,202,2
2026-05-10 03:02:00,0.19,190,2
2026-05-10 03:08:00,0.152,188,2
2026-05-10 03:14:00,0.134,223,2
2026-05-10 03:20:00,0.185,226,2
2026-05-10 03:26:00,0.301,222,2
2026-05-10 03:32:00,0.268,203,2
2026-05-10 03:38:00,0.257,230,2
2026-05-10 03:44:00,0.383,253,2
2026-05-10 03:50:00,0.408,193,2
2026-05-10 03:56:00,0.432,239,2
2026-05-10 04:02:00,0.375,243,2
2026-05-10 04:08:00,0.371,191,2
2026-05-10 04:14:00,0.451,211,2
2026-05-10 04:20:00,0.422,165,2
2026-05-10 04:26:00,0.55,165,2
2026-05-10 04:32:00,0.488,204,2
2026-05-10 04:38:00,0.418,196,2
2026-05-10 04:44:00,0.509,254,2
2026-05-10 04:50:00,0.531,162,2
2026-05-10 04:56:00,0.496,145,2
2026-05-10 05:02:00,0.564,175,2
2026-05-10 05:08:00,0.64,228,2
2026-05-10 05:14:00,0.772,174,2
2026-05-10 05:20:00,0.834,200,2
2026-05-10 05:26:00,0.896,158,2
2026-05-10 05:32:00,0.951,194,2
2026-05-10 05:38:00,0.867,244,2
2026-05-10 05:44:00,0.921,276,2
2026-05-10 05:50:00,0.793,270,2
2026-05-10 05:56:00,0.791,260,2
2026-05-10 06:02:00,0.888,210,2
2026-05-10 06:08:00,0.846,221,2
2026-05-10 06:14:00,0.82,240,2
2026-05-10 06:20:00,0.797,186,2
2026-05-10 06:26:00,0.805,168,2
2026-05-10 06:32:00,0.762,250,2
2026-05-10 06:38:00,0.731,187,2
2026-05-10 06:44:00,0.725,165,2
2026-05-10 06:50:00,0.671,191,2
2026-05-10 06:56:00,0.867,210,2
2026-05-10 07:02:00,0.785,261,2
2026-05-10 07:08:00,0.719,197,2
2026-05-10 07:14:00,0.622,281,2
2026-05-10 07:20:00,0.673,168,2
2026-05-10 07:26:00,0.706,164,2
2026-05-10 07:32:00,0.663,233,2
2026-05-10 07:38:00,0.643,169,2
2026-05-10 07:44:00,0.519,166,2
2026-05-10 07:50:00,0.568,160,2
2026-05-10 07:56:00,0.478,274,2
2026-05-10 08:02:00,0.437,149,2
2026-05-10 08:08:00,0.426,219,2
2026-05-10 08:14:00,0.449,158,2
2026-05-10 08:20:00,0.243,162,2
2026-05-10 08:26:00,0.348,248,2
2026-05-10 08:32:00,0.371,193,2
2026-05-10 08:38:00,0.352,283,2
2026-05-10 08:44:00,0.072,177,2
2026-05-10 08:50:00,0.313,322,2
2026-05-10 08:56:00,0.239,183,2
2026-05-10 09:02:00,0.173,137,2
2026-05-10 09:08:00,0.078,307,2
2026-05-10 09:14:00,0.06,259,2
2026-05-10 09:20:00,0.078,59,2
2026-05-10 09:26:00,0.122,24,2
2026-05-10 09:32:00,0.146,31,2
2026-05-10 09:38:00,0.253,14,2
2026-05-10 09:44:00,0.189,20,2
2026-05-10 09:50:00,0.229,8,2
2026-05-10 09:56:00,0.356,14,2
2026-05-10 10:02:00,0.288,345,2
2026-05-10 10:08:00,0.375,12,2
2026-05-10 10:14:00,0.354,360,2
2026-05-10 10:20:00,0.439,360,2
2026-05-10 10:26:00,0.325,13,2
2026-05-10 10:32:00,0.364,27,2
2026-05-10 10:38:00,0.433,30,2
2026-05-10 10:44:00,0.402,16,2
2026-05-10 10:50:00,0.317,20,2
2026-05-10 10:56:00,0.412,22,2
2026-05-10 11:02:00,0.455,7,2
2026-05-10 11:08:00,0.435,24,2
2026-05-10 11:14:00,0.488,13,2
2026-05-10 11:20:00,0.535,36,2
2026-05-10 11:26:00,0.523,7,2
2026-05-10 11:32:00,0.426,23,2
2026-05-10 11:38:00,0.414,29,2
2026-05-10 11:44:00,0.451,348,2
2026-05-10 11:50:00,0.513,17,2
2026-05-10 11:56:00,0.42,3,2
2026-05-10 12:02:00,0.41,12,2
2026-05-10 12:08:00,0.36,17,2
2026-05-10 12:14:00,0.603,1,2
2026-05-10 12:20:00,0.441,14,2
2026-05-10 12:26:00,0.525,36,2
2026-05-10 12:32:00,0.523,55,2
2026-05-10 12:38:00,0.498,10,2
2026-05-10 12:44:00,0.492,26,2
2026-05-10 12:50:00,0.552,15,2
2026-05-10 12:56:00,0.387,25,2
2026-05-10 13:02:00,0.433,25,2
2026-05-10 13:08:00,0.377,45,2
2026-05-10 13:14:00,0.389,34,2
2026-05-10 13:20:00,0.321,52,2
2026-05-10 13:26:00,0.369,32,2
2026-05-10 13:32:00,0.301,359,2
2026-05-10 13:38:00,0.383,350,2
2026-05-10 13:44:00,0.165,359,2
2026-05-10 13:50:00,0.243,42,2
2026-05-10 13:56:00,0.14,44,2
2026-05-10 14:02:00,0.264,38,2
2026-05-10 14:08:00,0.243,67,2
2026-05-10 14:14:00,0.156,48,2
2026-05-10 14:20:00,0.126,33,2
2026-05-10 14:26:00,0.177,331,2
2026-05-10 14:32:00,0.066,9,2
2026-05-10 14:38:00,0.286,213,2
2026-05-10 14:44:00,0.068,126,2
2026-05-10 14:50:00,0.157,170,2
2026-05-10 14:56:00,0.095,149,2
2026-05-10 15:02:00,0.062,103,2
2026-05-10 15:08:00,0.06,261,2
2026-05-10 15:14:00,0.255,184,2
2026-05-10 15:20:00,0.161,161,2
2026-05-10 15:26:00,0.167,206,2
2026-05-10 15:32:00,0.189,181,2
2026-05-10 15:38:00,0.282,209,2
2026-05-10 15:44:00,0.317,240,2
2026-05-10 15:50:00,0.27,251,2
2026-05-10 15:56:00,0.41,235,2
2026-05-10 16:02:00,0.41,220,2
2026-05-10 16:08:00,0.325,200,2
2026-05-10 16:14:00,0.385,183,2
2026-05-10 16:20:00,0.432,152,2
2026-05-10 16:26:00,0.568,201,2
2026-05-10 16:32:00,0.531,225,2
2026-05-10 16:38:00,0.43,228,2
2026-05-10 16:44:00,0.521,205,2
2026-05-10 16:50:00,0.605,249,2
2026-05-10 16:56:00,0.597,193,2
2026-05-10 17:02:00,0.727,232,2
2026-05-10 17:08:00,0.793,239,2
2026-05-10 17:14:00,0.756,203,2
2026-05-10 17:20:00,0.686,218,2
2026-05-10 17:26:00,0.659,257,2
2026-05-10 17:32:00,0.793,179,2
2026-05-10 17:38:00,0.783,171,2
2026-05-10 17:44:00,0.851,221,2
2026-05-10 17:50:00,0.867,217,2
2026-05-10 17:56:00,0.97,206,2
2026-05-10 18:02:00,0.97,217,2
2026-05-10 18:08:00,0.723,227,2
2026-05-10 18:14:00,0.912,191,2
2026-05-10 18:20:00,0.956,241,2
2026-05-10 18:26:00,0.863,221,2
2026-05-10 18:32:00,0.851,184,2
2026-05-10 18:38:00,0.737,225,2
2026-05-10 18:44:00,0.9,199,2
2026-05-10 18:50:00,0.939,258,2
2026-05-10 18:56:00,0.816,256,2
2026-05-10 19:02:00,0.873,245,2
2026-05-10 19:08:00,0.867,259,2
2026-05-10 19:14:00,0.863,176,2
2026-05-10 19:20:00,0.779,253,2
2026-05-10 19:26:00,0.772,238,2
2026-05-10 19:32:00,0.692,218,2
2026-05-10 19:38:00,0.77,196,2
2026-05-10 19:44:00,0.816,256,2
2026-05-10 19:50:00,0.801,249,2
2026-05-10 19:56:00,0.836,250,2
2026-05-10 20:02:00,0.776,199,2
2026-05-10 20:08:00,0.803,192,2
2026-05-10 20:14:00,0.77,257,2
2026-05-10 20:20:00,0.766,254,2
2026-05-10 20:26:00,0.663,224,2
2026-05-10 20:44:00,0.521,253,2
2026-05-10 20:50:00,0.474,199,2
2026-05-10 20:56:00,0.618,198,2
2026-05-10 21:02:00,0.554,281,2
2026-05-10 21:08:00,0.535,216,2
2026-05-10 21:14:00,0.356,282,2
2026-05-10 21:20:00,0.418,279,2
2026-05-10 21:26:00,0.41,223,2
2026-05-10 21:32:00,0.379,258,2
2026-05-10 21:38:00,0.393,205,2
2026-05-10 21:44:00,0.365,259,2
2026-05-10 21:50:00,0.323,226,2
2026-05-10 21:56:00,0.309,202,2
2026-05-10 22:02:00,0.241,276,2
2026-05-10 22:08:00,0.189,252,2
2026-05-10 22:14:00,0.124,262,2
2026-05-10 22:20:00,0.019,332,2
2026-05-10 22:26:00,0.192,38,2
2026-05-10 22:32:00,0.101,9,2
2026-05-10 22:38:00,0.216,26,2
2026-05-10 22:44:00,0.21,65,2
2026-05-10 22:50:00,0.295,12,2
2026-05-10 22:56:00,0.294,34,2
2026-05-10 23:02:00,0.303,57,2
2026-05-10 23:08:00,0.358,44,2
2026-05-10 23:14:00,0.365,54,2
2026-05-10 23:20:00,0.426,17,2
2026-05-10 23:26:00,0.373,29,2
2026-05-10 23:32:00,0.397,35,2
2026-05-10 23:38:00,0.389,44,2
2026-05-10 23:44:00,0.389,35,2
2026-05-10 23:50:00,0.307,27,2
2026-05-10 23:56:00,0.42,52,2
2026-05-11 00:02:00,0.42,38,2
2026-05-11 00:08:00,0.476,39,2
2026-05-11 00:14:00,0.393,35,2
2026-05-11 00:20:00,0.354,22,2
2026-05-11 00:26:00,0.395,27,2
2026-05-11 00:32:00,0.412,36,2
2026-05-11 00:38:00,0.393,29,2
2026-05-11 00:44:00,0.494,26,2
2026-05-11 00:50:00,0.478,18,2
2026-05-11 00:56:00,0.47,15,2
2026-05-11 01:02:00,0.492,51,2
2026-05-11 01:08:00,0.4,11,2
2026-05-11 01:14:00,0.414,23,2
2026-05-11 01:20:00,0.385,29,2
2026-05-11 01:26:00,0.391,55,2
2026-05-11 01:32:00,0.525,36,2
2026-05-11 01:38:00,0.435,26,2
2026-05-11 01:44:00,0.443,21,2
2026-05-11 01:50:00,0.422,55,2
2026-05-11 01:56:00,0.319,25,2
2026-05-11 02:02:00,0.328,37,2
2026-05-11 02:08:00,0.327,25,2
2026-05-11 02:14:00,0.247,56,2
2026-05-11 02:20:00,0.268,24,2
2026-05-11 02:26:00,0.233,78,2
2026-05-11 02:32:00,0.117,53,2
2026-05-11 02:38:00,0.224,86,2
2026-05-11 02:44:00,0.202,110,2
2026-05-11 02:50:00,0.169,68,2
2026-05-11 02:56:00,0.087,259,2
2026-05-11 03:02:00,0.105,142,2
2026-05-11 03:08:00,0.058,236,2
2026-05-11 03:14:00,0.045,219,2
2026-05-11 03:20:00,0.126,188,2
2026-05-11 03:26:00,0.157,227,2
2026-05-11 03:32:00,0.268,221,2
2026-05-11 03:38:00,0.259,206,2
2026-05-11 03:44:00,0.391,210,2
2026-05-11 03:50:00,0.358,197,2
2026-05-11 03:56:00,0.455,189,2
2026-05-11 04:02:00,0.43,173,2
2026-05-11 04:08:00,0.624,211,2
2026-05-11 04:14:00,0.61,206,2
2026-05-11 04:20:00,0.641,205,2
2026-05-11 04:26:00,0.727,215,2
2026-05-11 04:32:00,0.764,202,2
2026-05-11 04:38:00,0.861,206,2
2026-05-11 04:44:00,0.875,211,2
2026-05-11 04:50:00,0.954,212,2
2026-05-11 04:56:00,0.919,207,2
2026-05-11 05:02:00,0.962,203,2
2026-05-11 05:08:00,0.918,208,2
2026-05-11 05:14:00,0.997,220,2
2026-05-11 05:20:00,0.962,241,2
2026-05-11 05:26:00,1.089,207,2
2026-05-11 05:32:00,1.149,214,2
2026-05-11 05:38:00,1.026,209,2
2026-05-11 05:44:00,1.116,215,2
2026-05-11 05:50:00,0.943,201,2
2026-05-11 05:56:00,0.949,219,2
2026-05-11 06:02:00,1.083,219,2
2026-05-11 06:08:00,1.151,210,2
2026-05-11 06:14:00,1.277,225,2
2026-05-11 06:20:00,1.382,214,2
2026-05-11 06:26:00,1.402,231,2
2026-05-11 06:32:00,1.39,218,2
2026-05-11 06:38:00,1.423,223,2
2026-05-11 06:44:00,1.413,192,2
2026-05-11 06:50:00,1.316,211,2
2026-05-11 06:56:00,1.365,235,2
2026-05-11 07:02:00,1.279,201,2
2026-05-11 07:08:00,1.345,218,2
2026-05-11 07:14:00,1.283,210,2
2026-05-11 07:20:00,1.18,226,2
2026-05-11 07:26:00,1.314,188,2
2026-05-11 07:32:00,1.242,244,2
2026-05-11 07:38:00,1.409,215,2
2026-05-11 07:44:00,1.265,200,2
2026-05-11 07:50:00,1.213,238,2
2026-05-11 07:56:00,1.246,237,2
2026-05-11 08:02:00,1.203,224,2
2026-05-11 08:08:00,1.269,237,2
2026-05-11 08:14:00,1.223,242,2
2026-05-11 08:20:00,1.238,217,2
2026-05-11 08:26:00,1.365,236,2
2026-05-11 08:32:00,1.225,211,2
2026-05-11 08:38:00,0.982,249,2
2026-05-11 08:44:00,1.092,199,2
2026-05-11 08:50:00,1.23,250,2
2026-05-11 08:56:00,1.015,233,2
2026-05-11 09:02:00,0.986,222,2
2026-05-11 09:08:00,1.052,214,2
2026-05-11 09:14:00,1.094,246,2
2026-05-11 09:20:00,1.013,202,2
2026-05-11 09:26:00,1.089,228,2
2026-05-11 09:32:00,1.215,198,2
2026-05-11 09:38:00,1.015,210,2
2026-05-11 09:44:00,1.069,199,2
2026-05-11 09:50:00,0.816,201,2
2026-05-11 09:56:00,1.042,226,2
2026-05-11 10:02:00,1.073,214,2
2026-05-11 10:08:00,0.888,212,2
2026-05-11 10:14:00,0.795,259,2
2026-05-11 10:20:00,0.589,245,2
2026-05-11 10:26:00,0.587,222,2
2026-05-11 10:32:00,0.515,204,2
2026-05-11 10:38:00,0.641,214,2
2026-05-11 10:44:00,0.636,260,2
2026-05-11 10:50:00,0.564,248,2
2026-05-11 10:56:00,0.459,236,2
2026-05-11 11:02:00,0.451,208,2
2026-05-11 11:08:00,0.375,217,2
2026-05-11 11:14:00,0.358,275,2
2026-05-11 11:20:00,0.321,221,2
2026-05-11 11:26:00,0.344,233,2
2026-05-11 11:32:00,0.282,242,2
2026-05-11 11:38:00,0.169,185,2
2026-05-11 11:44:00,0.196,246,2
2026-05-11 11:50:00,0.241,263,2
2026-05-11 11:56:00,0.161,257,2
2026-05-11 12:02:00,0.173,219,2
2026-05-11 12:08:00,0.19,272,2
2026-05-11 12:14:00,0.13,292,2
2026-05-11 12:20:00,0.165,298,2
2026-05-11 12:26:00,0.146,302,2
2026-05-11 12:32:00,0.154,259,2
2026-05-11 12:38:00,0.115,269,2
2026-05-11 12:44:00,0.105,355,2
2026-05-11 12:50:00,0.144,273,2
2026-05-11 12:56:00,0.056,263,2
2026-05-11 13:02:00,0.142,301,2
2026-05-11 13:08:00,0.101,323,2
2026-05-11 13:14:00,0.054,60,2
2026-05-11 13:20:00,0.14,59,2
2026-05-11 13:26:00,0.109,344,2
2026-05-11 13:32:00,0.07,349,2
2026-05-11 13:38:00,0.124,75,2
2026-05-11 13:44:00,0.156,64,2
2026-05-11 13:50:00,0.13,78,2
2026-05-11 13:56:00,0.08,38,2
2026-05-11 14:02:00,0.169,81,2
2026-05-11 14:08:00,0.157,66,2
2026-05-11 14:14:00,0.058,123,2
2026-05-11 14:20:00,0.087,61,2
2026-05-11 14:26:00,0.066,64,2
2026-05-11 14:32:00,0.181,95,2
2026-05-11 14:38:00,0.134,110,2
2026-05-11 14:44:00,0.161,109,2
2026-05-11 14:50:00,0.202,38,2
2026-05-11 14:56:00,0.231,95,2
2026-05-11 15:02:00,0.21,167,2
2026-05-11 15:08:00,0.144,212,2
2026-05-11 15:14:00,0.089,203,2
2026-05-11 15:20:00,0.074,287,2
2026-05-11 15:26:00,0.128,239,2
2026-05-11 15:32:00,0.173,246,2
2026-05-11 15:38:00,0.146,223,2
2026-05-11 15:44:00,0.272,197,2
2026-05-11 15:50:00,0.206,218,2
2026-05-11 15:56:00,0.257,175,2
2026-05-11 16:02:00,0.319,232,2
2026-05-11 16:08:00,0.276,243,2
2026-05-11 16:14:00,0.278,236,2
2026-05-11 16:20:00,0.338,209,2
2026-05-11 16:26:00,0.352,207,2
2026-05-11 16:32:00,0.284,208,2
2026-05-11 16:38:00,0.33,175,2
2026-05-11 16:44:00,0.406,227,2
2026-05-11 16:50:00,0.305,191,2
2026-05-11 16:56:00,0.319,157,2
2026-05-11 17:02:00,0.321,146,2
2026-05-11 17:08:00,0.303,132,2
2026-05-11 17:14:00,0.439,210,2
2026-05-11 17:20:00,0.496,263,2
2026-05-11 17:26:00,0.447,223,2
2026-05-11 17:32:00,0.435,175,2
2026-05-11 17:38:00,0.502,227,2
2026-05-11 17:44:00,0.601,169,2
2026-05-11 17:50:00,0.544,191,2
2026-05-11 17:56:00,0.558,229,2
2026-05-11 18:02:00,0.517,212,2
2026-05-11 18:08:00,0.533,204,2
2026-05-11 18:14:00,0.587,143,2
2026-05-11 18:20:00,0.572,164,2
2026-05-11 18:26:00,0.605,139,2
2026-05-11 18:32:00,0.509,173,2
2026-05-11 18:38:00,0.603,205,2
2026-05-11 18:44:00,0.575,260,2
2026-05-11 18:50:00,0.628,142,2
2026-05-11 18:56:00,0.581,199,2
2026-05-11 19:02:00,0.62,215,2
2026-05-11 19:08:00,0.634,270,2
2026-05-11 19:14:00,0.61,204,2
2026-05-11 19:20:00,0.451,245,2
2026-05-11 19:26:00,0.496,225,2
2026-05-11 19:32:00,0.43,226,2
2026-05-11 19:38:00,0.449,188,2
2026-05-11 19:44:00,0.433,266,2
2026-05-11 19:50:00,0.527,193,2
2026-05-11 19:56:00,0.397,232,2
2026-05-11 20:02:00,0.449,192,2
2026-05-11 20:08:00,0.457,186,2
2026-05-11 20:14:00,0.459,191,2
2026-05-11 20:20:00,0.457,230,2
2026-05-11 20:26:00,0.482,208,2
2026-05-11 20:32:00,0.416,180,2
2026-05-11 20:38:00,0.406,234,2
2026-05-11 20:44:00,0.325,234,2
2026-05-11 20:50:00,0.364,242,2
2026-05-11 20:56:00,0.251,165,2
2026-05-11 21:02:00,0.406,239,2
2026-05-11 21:08:00,0.295,195,2
2026-05-11 21:14:00,0.245,247,2
2026-05-11 21:20:00,0.202,258,2
2026-05-11 21:26:00,0.169,258,2
2026-05-11 21:32:00,0.21,226,2
2026-05-11 21:38:00,0.124,289,2
2026-05-11 21:44:00,0.126,224,2
2026-05-11 21:50:00,0.276,234,2
2026-05-11 21:56:00,0.078,259,2
2026-05-11 22:02:00,0.111,2,2
2026-05-11 22:08:00,0.132,355,2
2026-05-11 22:14:00,0.161,340,2
2026-05-11 22:20:00,0.175,84,2
2026-05-11 22:26:00,0.181,47,2
2026-05-11 22:32:00,0.136,24,2
2026-05-11 22:38:00,0.307,344,2
2026-05-11 22:44:00,0.241,24,2
2026-05-11 22:50:00,0.317,17,2
2026-05-11 22:56:00,0.364,17,2
2026-05-11 23:02:00,0.519,350,2
2026-05-11 23:08:00,0.43,38,2
2026-05-11 23:14:00,0.418,27,2
2026-05-11 23:20:00,0.55,16,2
2026-05-11 23:26:00,0.581,47,2
2026-05-11 23:32:00,0.554,358,2
2026-05-11 23:38:00,0.638,18,2
2026-05-11 23:44:00,0.68,2,2
2026-05-11 23:50:00,0.715,8,2
2026-05-11 23:56:00,0.675,356,2
2026-05-12 00:02:00,0.735,41,2
2026-05-12 00:08:00,0.704,12,2
2026-05-12 00:14:00,0.731,2,2
2026-05-12 00:20:00,0.756,18,2
2026-05-12 00:26:00,0.723,13,2
2026-05-12 00:32:00,0.758,25,2
2026-05-12 00:38:00,0.809,354,2
2026-05-12 00:44:00,0.809,13,2
2026-05-12 00:50:00,0.822,21,2
2026-05-12 00:56:00,0.813,355,2
2026-05-12 01:02:00,0.834,17,2
2026-05-12 01:08:00,0.871,13,2
2026-05-12 01:14:00,0.943,18,2
2026-05-12 01:20:00,0.838,8,2
2026-05-12 01:26:00,0.816,12,2
2026-05-12 01:32:00,0.851,17,2
2026-05-12 01:38:00,0.741,38,2
2026-05-12 01:44:00,0.879,18,2
2026-05-12 01:50:00,0.809,25,2
2026-05-12 01:56:00,0.886,15,2
2026-05-12 02:02:00,0.863,43,2
2026-05-12 02:08:00,0.902,50,2
2026-05-12 02:14:00,0.871,33,2
2026-05-12 02:20:00,0.834,40,2
2026-05-12 02:26:00,0.781,29,2
2026-05-12 02:32:00,0.71,14,2
2026-05-12 02:38:00,0.694,26,2
2026-05-12 02:44:00,0.75,38,2
2026-05-12 02:50:00,0.673,12,2
2026-05-12 02:56:00,0.676,37,2
2026-05-12 03:02:00,0.663,15,2
2026-05-12 03:08:00,0.593,16,2
2026-05-12 03:14:00,0.597,45,2
2026-05-12 03:20:00,0.523,40,2
2026-05-12 03:26:00,0.406,18,2
2026-05-12 03:32:00,0.432,46,2
2026-05-12 03:38:00,0.364,29,2
2026-05-12 03:44:00,0.27,8,2
2026-05-12 03:50:00,0.303,17,2
2026-05-12 03:56:00,0.243,12,2
2026-05-12 04:02:00,0.317,15,2
2026-05-12 04:08:00,0.284,82,2
2026-05-12 04:14:00,0.144,35,2
2026-05-12 04:20:00,0.189,47,2
2026-05-12 04:26:00,0.159,40,2
2026-05-12 04:32:00,0.023,169,2
2026-05-12 04:38:00,0.229,230,2
2026-05-12 04:44:00,0.13,249,2
2026-05-12 04:50:00,0.225,185,2
2026-05-12 04:56:00,0.227,204,2
2026-05-12 05:02:00,0.272,283,2
2026-05-12 05:08:00,0.187,243,2
2026-05-12 05:14:00,0.264,236,2
2026-05-12 05:20:00,0.247,254,2
2026-05-12 05:26:00,0.375,219,2
2026-05-12 05:32:00,0.319,197,2
2026-05-12 05:38:00,0.402,237,2
2026-05-12 05:44:00,0.552,236,2
2026-05-12 05:50:00,0.511,222,2
2026-05-12 05:56:00,0.515,213,2
2026-05-12 06:02:00,0.468,236,2
2026-05-12 06:08:00,0.525,233,2
2026-05-12 06:14:00,0.488,233,2
2026-05-12 06:20:00,0.5,215,2
2026-05-12 06:26:00,0.365,219,2
2026-05-12 06:32:00,0.356,189,2
2026-05-12 06:38:00,0.513,181,2
2026-05-12 06:44:00,0.546,227,2
2026-05-12 06:50:00,0.641,195,2
2026-05-12 06:56:00,0.643,232,2
2026-05-12 07:02:00,0.729,217,2
2026-05-12 07:08:00,1.1,225,2
2026-05-12 07:14:00,0.888,188,2
2026-05-12 07:20:00,0.836,214,2
2026-05-12 07:26:00,1.015,205,2
2026-05-12 07:32:00,0.997,228,2
2026-05-12 07:38:00,1.092,179,2
2026-05-12 07:44:00,1.015,187,2
2026-05-12 07:50:00,1.127,204,2
2026-05-12 07:56:00,0.991,200,2
2026-05-12 08:02:00,0.863,235,2
2026-05-12 08:08:00,0.877,214,2
2026-05-12 08:14:00,1.015,198,2
2026-05-12 08:20:00,0.97,243,2
2026-05-12 08:26:00,1.116,196,2
2026-05-12 08:32:00,1.1,245,2
2026-05-12 08:38:00,1.063,215,2
2026-05-12 08:44:00,1.225,226,2
2026-05-12 08:50:00,1.254,209,2
2026-05-12 08:56:00,1.489,195,2
2026-05-12 09:02:00,1.481,238,2
2026-05-12 09:08:00,1.326,201,2
2026-05-12 09:14:00,1.291,235,2
2026-05-12 09:20:00,1.308,246,2
2026-05-12 09:26:00,1.234,240,2
2026-05-12 09:32:00,1.316,234,2
2026-05-12 09:38:00,1.207,235,2
2026-05-12 09:44:00,0.978,238,2
2026-05-12 09:50:00,1.054,240,2
2026-05-12 09:56:00,1.024,194,2
2026-05-12 10:02:00,1.106,210,2
2026-05-12 10:08:00,1.017,165,2
2026-05-12 10:14:00,1.153,179,2
2026-05-12 10:20:00,1.096,209,2
2026-05-12 10:26:00,1.034,214,2
2026-05-12 10:32:00,1.094,169,2
2026-05-12 10:38:00,1.024,241,2
2026-05-12 10:44:00,0.828,226,2
2026-05-12 10:50:00,0.904,228,2
2026-05-12 10:56:00,0.943,229,2
2026-05-12 11:02:00,0.867,193,2
2026-05-12 11:08:00,0.807,247,2
2026-05-12 11:14:00,0.708,218,2
2026-05-12 11:20:00,0.766,243,2
2026-05-12 11:26:00,0.554,251,2
2026-05-12 11:32:00,0.698,181,2
2026-05-12 11:38:00,0.628,248,2
2026-05-12 11:44:00,0.606,200,2
2026-05-12 11:50:00,0.433,165,2
2026-05-12 11:56:00,0.437,207,2
2026-05-12 12:02:00,0.564,197,2
2026-05-12 12:08:00,0.476,174,2
2026-05-12 12:14:00,0.398,240,2
2026-05-12 12:20:00,0.418,199,2
2026-05-12 12:26:00,0.262,174,2
2026-05-12 12:32:00,0.303,174,2
2026-05-12 12:38:00,0.224,196,2
2026-05-12 12:44:00,0.334,198,2
2026-05-12 12:50:00,0.159,229,2
2026-05-12 12:56:00,0.169,188,2
2026-05-12 13:02:00,0.21,206,2
2026-05-12 13:08:00,0.119,199,2
2026-05-12 13:14:00,0.157,154,2
2026-05-12 13:20:00,0.105,105,2
2026-05-12 13:26:00,0.124,138,2
2026-05-12 13:32:00,0.084,141,2
2026-05-12 13:38:00,0.093,121,2
2026-05-12 13:44:00,0.117,92,2
2026-05-12 13:50:00,0.204,67,2
2026-05-12 13:56:00,0.163,73,2
2026-05-12 14:02:00,0.305,63,2
2026-05-12 14:08:00,0.154,85,2
2026-05-12 14:14:00,0.181,47,2
2026-05-12 14:20:00,0.175,113,2
2026-05-12 14:26:00,0.231,59,2
2026-05-12 14:32:00,0.126,84,2
2026-05-12 14:38:00,0.185,55,2
2026-05-12 14:44:00,0.105,116,2
2026-05-12 14:50:00,0.134,37,2
2026-05-12 14:56:00,0.179,29,2
2026-05-12 15:02:00,0.202,75,2
2026-05-12 15:08:00,0.216,94,2
2026-05-12 15:14:00,0.179,78,2
2026-05-12 15:20:00,0.251,119,2
2026-05-12 15:26:00,0.218,109,2
2026-05-12 15:32:00,0.284,82,2
2026-05-12 15:38:00,0.278,65,2
2026-05-12 15:44:00,0.19,125,2
2026-05-12 15:50:00,0.196,77,2
2026-05-12 15:56:00,0.204,135,2
2026-05-12 16:02:00,0.126,183,2
2026-05-12 16:08:00,0.214,138,2
2026-05-12 16:14:00,0.103,162,2
2026-05-12 16:20:00,0.185,165,2
2026-05-12 16:26:00,0.089,71,2
2026-05-12 16:32:00,0.103,98,2
2026-05-12 16:50:00,0.208,223,2
2026-05-12 16:56:00,0.148,236,2
2026-05-12 17:02:00,0.247,201,2
2026-05-12 17:20:00,0.433,207,2
2026-05-12 17:38:00,0.346,215,2
2026-05-12 17:44:00,0.385,224,2
2026-05-12 17:50:00,0.385,215,2
2026-05-12 17:56:00,0.544,217,2
2026-05-12 18:02:00,0.377,220,2
2026-05-12 18:08:00,0.41,198,2
2026-05-12 18:14:00,0.457,230,2
2026-05-12 18:20:00,0.538,203,2
2026-05-12 18:26:00,0.519,150,2
2026-05-12 18:32:00,0.56,214,2
2026-05-12 18:38:00,0.636,231,2
2026-05-12 18:44:00,0.659,256,2
2026-05-12 18:50:00,0.634,183,2
2026-05-12 18:56:00,0.688,212,2
2026-05-12 19:02:00,0.661,263,2
2026-05-12 19:08:00,0.721,211,2
2026-05-12 19:14:00,0.696,199,2
2026-05-12 19:20:00,0.704,206,2
2026-05-12 19:26:00,0.713,212,2
2026-05-12 19:32:00,0.748,181,2
2026-05-12 19:38:00,0.781,209,2
2026-05-12 19:44:00,0.711,199,2
2026-05-12 19:50:00,0.597,220,2
2026-05-12 19:56:00,0.591,193,2
2026-05-12 20:02:00,0.593,228,2
2026-05-12 20:08:00,0.618,197,2
2026-05-12 20:14:00,0.573,232,2
2026-05-12 20:20:00,0.536,234,2
2026-05-12 20:32:00,0.583,221,2
2026-05-12 20:38:00,0.552,221,2
2026-05-12 20:44:00,0.589,208,2
2026-05-12 20:50:00,0.257,41,2
2026-05-12 20:56:00,0.416,215,2
2026-05-12 21:02:00,0.583,159,2
2026-05-12 21:08:00,0.192,215,2
2026-05-12 21:14:00,0.426,223,2
2026-05-12 21:20:00,0.402,155,2
2026-05-12 21:26:00,0.224,245,2
2026-05-12 21:32:00,0.274,170,2
2026-05-12 21:38:00,0.216,178,2
2026-05-12 21:44:00,0.204,266,2
2026-05-12 21:50:00,0.161,202,2
2026-05-12 21:56:00,0.121,170,2
2026-05-12 22:02:00,0.196,217,2
2026-05-12 22:08:00,0.165,195,2
2026-05-12 22:14:00,0.224,210,2
2026-05-12 22:20:00,0.177,181,2
2026-05-12 22:26:00,0.156,240,2
2026-05-12 22:32:00,0.045,189,2
2026-05-12 22:38:00,0.051,12,2
2026-05-12 22:44:00,0.105,352,2
2026-05-12 22:50:00,0.173,19,2
2026-05-12 22:56:00,0.224,36,2
2026-05-12 23:02:00,0.319,29,2
2026-05-12 23:08:00,0.463,17,2
2026-05-12 23:14:00,0.418,27,2
2026-05-12 23:20:00,0.509,54,2
2026-05-12 23:26:00,0.665,23,2
2026-05-12 23:32:00,0.669,61,2
2026-05-12 23:38:00,0.669,35,2
2026-05-12 23:44:00,0.711,24,2
2026-05-12 23:50:00,0.762,18,2
2026-05-12 23:56:00,0.739,27,2
2026-05-13 00:02:00,0.797,24,2
2026-05-13 00:08:00,0.846,14,2
2026-05-13 00:14:00,0.863,53,2
2026-05-13 00:20:00,0.931,21,2
2026-05-13 00:26:00,1.011,22,2
2026-05-13 00:32:00,1.003,18,2
2026-05-13 00:38:00,1.075,27,2
2026-05-13 00:44:00,1.022,28,2
2026-05-13 00:50:00,1.052,18,2
2026-05-13 00:56:00,1.11,24,2
2026-05-13 01:02:00,1.166,18,2
2026-05-13 01:08:00,1.197,15,2
2026-05-13 01:14:00,1.238,34,2
2026-05-13 01:20:00,1.26,27,2
2026-05-13 01:26:00,1.279,19,2
2026-05-13 01:32:00,1.3,27,2
2026-05-13 01:38:00,1.277,10,2
2026-05-13 01:44:00,1.273,25,2
2026-05-13 01:50:00,1.215,31,2
2026-05-13 01:56:00,1.096,17,2
2026-05-13 02:02:00,1.172,24,2
2026-05-13 02:08:00,1.197,17,2
2026-05-13 02:14:00,1.205,22,2
2026-05-13 02:20:00,1.069,28,2
2026-05-13 02:26:00,1.106,21,2
2026-05-13 02:32:00,1.137,24,2
2026-05-13 02:38:00,1.16,24,2
2026-05-13 02:44:00,1.182,21,2
2026-05-13 02:50:00,1.087,26,2
2026-05-13 02:56:00,1.03,30,2
2026-05-13 03:02:00,1.164,25,2
2026-05-13 03:08:00,1.069,25,2
2026-05-13 03:14:00,0.989,32,2
2026-05-13 03:20:00,0.999,27,2
2026-05-13 03:26:00,1.075,32,2
2026-05-13 03:32:00,1.073,14,2
2026-05-13 03:38:00,1.104,32,2
2026-05-13 03:44:00,1.125,24,2
2026-05-13 03:50:00,1.04,17,2
2026-05-13 03:56:00,1.073,17,2
2026-05-13 04:02:00,1.063,23,2
2026-05-13 04:08:00,1.054,27,2
2026-05-13 04:14:00,1.036,37,2
2026-05-13 04:20:00,1.013,32,2
2026-05-13 04:26:00,1.054,26,2
2026-05-13 04:32:00,0.978,31,2
2026-05-13 04:38:00,0.947,10,2
2026-05-13 04:44:00,0.958,30,2
2026-05-13 04:50:00,0.97,21,2
2026-05-13 04:56:00,0.805,4,2
2026-05-13 05:02:00,0.842,8,2
2026-05-13 05:08:00,1.073,18,2
2026-05-13 05:14:00,0.857,28,2
2026-05-13 05:20:00,0.744,13,2
2026-05-13 05:26:00,0.659,27,2
2026-05-13 05:32:00,0.665,35,2
2026-05-13 05:38:00,0.651,23,2
2026-05-13 05:44:00,0.546,14,2
2026-05-13 05:50:00,0.641,22,2
2026-05-13 05:56:00,0.54,22,2
2026-05-13 06:02:00,0.474,29,2
2026-05-13 06:08:00,0.406,0,2
2026-05-13 06:14:00,0.422,27,2
2026-05-13 06:20:00,0.433,14,2
2026-05-13 06:26:00,0.389,5,2
2026-05-13 06:32:00,0.402,29,2
2026-05-13 06:38:00,0.428,4,2
2026-05-13 06:44:00,0.443,37,2
2026-05-13 06:50:00,0.344,5,2
2026-05-13 06:56:00,0.389,340,2
2026-05-13 07:02:00,0.404,26,2
2026-05-13 07:08:00,0.364,359,2
2026-05-13 07:14:00,0.426,30,2
2026-05-13 07:20:00,0.395,25,2
2026-05-13 07:26:00,0.33,26,2
2026-05-13 07:32:00,0.377,32,2
2026-05-13 07:38:00,0.428,23,2
2026-05-13 07:44:00,0.385,37,2
2026-05-13 07:50:00,0.321,34,2
2026-05-13 07:56:00,0.352,38,2
2026-05-13 08:02:00,0.231,78,2
2026-05-13 08:08:00,0.241,60,2
2026-05-13 08:14:00,0.292,43,2
2026-05-13 08:20:00,0.34,56,2
2026-05-13 08:26:00,0.303,48,2
2026-05-13 08:38:00,0.218,40,2
2026-05-13 08:44:00,0.206,49,2
2026-05-13 08:50:00,0.325,26,2
2026-05-13 09:02:00,0.142,41,2
2026-05-13 09:08:00,0.21,43,2
2026-05-13 09:14:00,0.177,58,2
2026-05-13 09:20:00,0.076,42,2
2026-05-13 09:32:00,0.033,269,2
2026-05-13 09:38:00,0.084,95,2
2026-05-13 09:44:00,0.13,174,2
2026-05-13 09:50:00,0.076,146,2
2026-05-13 09:56:00,0.074,175,2
2026-05-13 10:02:00,0.051,116,2
2026-05-13 10:08:00,0.169,141,2
2026-05-13 10:14:00,0.107,145,2
2026-05-13 10:20:00,0.072,149,2
2026-05-13 10:26:00,0.103,119,2
2026-05-13 10:32:00,0.095,90,2
2026-05-13 10:38:00,0.161,158,2
2026-05-13 10:44:00,0.138,175,2
2026-05-13 10:50:00,0.111,136,2
2026-05-13 10:56:00,0.142,150,2
2026-05-13 11:02:00,0.157,160,2
2026-05-13 11:08:00,0.082,136,2
2026-05-13 11:14:00,0.076,86,2
2026-05-13 11:20:00,0.101,163,2
2026-05-13 11:26:00,0.099,139,2
2026-05-13 11:32:00,0.091,81,2
2026-05-13 11:38:00,0.121,131,2
2026-05-13 11:44:00,0.115,51,2
2026-05-13 11:50:00,0.091,219,2
2026-05-13 11:56:00,0.216,351,2
2026-05-13 12:02:00,0.2,81,2
2026-05-13 12:08:00,0.208,16,2
2026-05-13 12:14:00,0.297,26,2
2026-05-13 12:20:00,0.251,22,2
2026-05-13 12:26:00,0.328,16,2
2026-05-13 12:32:00,0.34,20,2
2026-05-13 12:38:00,0.426,32,2
2026-05-13 12:44:00,0.474,34,2
2026-05-13 12:50:00,0.447,25,2
2026-05-13 12:56:00,0.428,19,2
2026-05-13 13:02:00,0.414,30,2
2026-05-13 13:08:00,0.55,49,2
2026-05-13 13:14:00,0.478,4,2
2026-05-13 13:20:00,0.533,30,2
2026-05-13 13:26:00,0.62,30,2
2026-05-13 13:32:00,0.601,18,2
2026-05-13 13:38:00,0.558,31,2
2026-05-13 13:44:00,0.517,27,2
2026-05-13 13:50:00,0.562,35,2
2026-05-13 13:56:00,0.743,27,2
2026-05-13 14:02:00,0.748,26,2
2026-05-13 14:08:00,0.795,38,2
2026-05-13 14:14:00,0.75,23,2
2026-05-13 14:20:00,0.723,27,2
2026-05-13 14:26:00,0.743,47,2
2026-05-13 14:32:00,0.667,19,2
2026-05-13 14:38:00,0.702,39,2
2026-05-13 14:44:00,0.694,19,2
2026-05-13 14:50:00,0.781,23,2
2026-05-13 14:56:00,0.634,5,2
2026-05-13 15:02:00,0.7,22,2
2026-05-13 15:08:00,0.752,33,2
2026-05-13 15:14:00,0.704,28,2
2026-05-13 15:20:00,0.649,20,2
2026-05-13 15:26:00,0.803,47,2
2026-05-13 15:32:00,0.743,27,2
2026-05-13 15:38:00,0.828,26,2
2026-05-13 15:44:00,0.818,32,2
2026-05-13 15:50:00,0.723,21,2
2026-05-13 15:56:00,0.673,39,2
2026-05-13 16:02:00,0.667,41,2
2026-05-13 16:08:00,0.651,41,2
2026-05-13 16:14:00,0.573,10,2
2026-05-13 16:20:00,0.568,27,2
2026-05-13 16:26:00,0.517,30,2
2026-05-13 16:32:00,0.56,50,2
2026-05-13 16:38:00,0.505,33,2
2026-05-13 16:44:00,0.496,25,2
2026-05-13 16:50:00,0.562,21,2
2026-05-13 16:56:00,0.503,27,2
2026-05-13 17:02:00,0.5,22,2
2026-05-13 17:08:00,0.443,20,2
2026-05-13 17:14:00,0.418,31,2
2026-05-13 17:26:00,0.328,20,2
2026-05-13 17:32:00,0.247,43,2
2026-05-13 17:38:00,0.29,37,2
2026-05-13 17:44:00,0.192,42,2
2026-05-13 17:50:00,0.175,44,2
2026-05-13 17:56:00,0.095,47,2
2026-05-13 18:02:00,0.115,56,2
2026-05-13 18:08:00,0.121,79,2
2026-05-13 18:14:00,0.033,43,2
2026-05-13 18:20:00,0.054,139,2
2026-05-13 18:26:00,0.089,117,2
2026-05-13 18:32:00,0.107,48,2
2026-05-13 18:38:00,0.14,141,2
2026-05-13 18:44:00,0.076,146,2
2026-05-13 18:50:00,0.113,42,2
2026-05-13 18:56:00,0.045,127,2
2026-05-13 19:02:00,0.045,99,2
2026-05-13 19:08:00,0.037,111,2
2026-05-13 19:14:00,0.115,212,2
2026-05-13 19:20:00,0.163,224,2
2026-05-13 19:26:00,0.064,196,2
2026-05-13 19:32:00,0.074,180,2
2026-05-13 19:38:00,0.163,224,2
2026-05-13 19:44:00,0.13,273,2
2026-05-13 19:50:00,0.122,196,2
2026-05-13 19:56:00,0.175,207,2
2026-05-13 20:02:00,0.167,222,2
2026-05-13 20:08:00,0.2,189,2
2026-05-13 20:14:00,0.198,225,2
2026-05-13 20:20:00,0.14,201,2
2026-05-13 20:26:00,0.109,188,2
2026-05-13 20:32:00,0.181,205,2
2026-05-13 20:38:00,0.082,238,2
2026-05-13 20:44:00,0.146,136,2
2026-05-13 20:50:00,0.299,255,2
2026-05-13 20:56:00,0.319,202,2
2026-05-13 21:02:00,0.179,225,2
2026-05-13 21:08:00,0.381,186,2
2026-05-13 21:14:00,0.198,1,2
2026-05-13 21:20:00,0.48,224,2
2026-05-13 21:26:00,0.531,209,2
2026-05-13 21:32:00,0.655,230,2
2026-05-13 21:38:00,0.842,266,2
2026-05-13 21:44:00,0.824,203,2
2026-05-13 21:50:00,0.987,228,2
2026-05-13 21:56:00,1.05,211,2
2026-05-13 22:02:00,1.217,219,2
2026-05-13 22:08:00,1.427,194,2
2026-05-13 22:14:00,1.423,215,2
2026-05-13 22:20:00,1.337,195,2
2026-05-13 22:26:00,1.32,217,2
2026-05-13 22:32:00,1.25,221,2
2026-05-13 22:38:00,1.159,212,2
2026-05-13 22:44:00,1.104,187,2
2026-05-13 22:50:00,1.162,215,2
2026-05-13 22:56:00,1.133,190,2
2026-05-13 23:02:00,1.203,231,2
2026-05-13 23:08:00,1.227,196,2
2026-05-13 23:14:00,1.125,178,2
2026-05-13 23:20:00,1.017,195,2
2026-05-13 23:26:00,0.982,212,2
2026-05-13 23:32:00,0.966,221,2
2026-05-13 23:38:00,0.795,201,2
2026-05-13 23:44:00,0.76,185,2
2026-05-13 23:50:00,0.583,185,2
2026-05-13 23:56:00,0.626,213,2
2026-05-14 00:02:00,0.641,188,2
2026-05-14 00:08:00,0.626,206,2
2026-05-14 00:14:00,0.622,206,2
2026-05-14 00:20:00,0.511,206,2
2026-05-14 00:26:00,0.47,229,2
2026-05-14 00:32:00,0.451,188,2
2026-05-14 00:38:00,0.502,249,2
2026-05-14 00:44:00,0.325,212,2
2026-05-14 00:50:00,0.255,172,2
2026-05-14 00:56:00,0.208,240,2
2026-05-14 01:02:00,0.218,184,2
2026-05-14 01:08:00,0.021,117,2
2026-05-14 01:14:00,0.156,31,2
2026-05-14 01:20:00,0.332,141,2
2026-05-14 01:26:00,0.142,202,2
2026-05-14 01:32:00,0.192,302,2
2026-05-14 01:38:00,0.192,271,2
2026-05-14 01:44:00,0.235,343,2
2026-05-14 01:50:00,0.249,340,2
2026-05-14 01:56:00,0.328,321,2
2026-05-14 02:02:00,0.365,358,2
2026-05-14 02:08:00,0.34,332,2
2026-05-14 02:14:00,0.356,3,2
2026-05-14 02:20:00,0.426,341,2
2026-05-14 02:26:00,0.41,352,2
2026-05-14 02:32:00,0.428,355,2
2026-05-14 02:38:00,0.404,15,2
2026-05-14 02:44:00,0.416,351,2
2026-05-14 02:50:00,0.418,12,2
2026-05-14 02:56:00,0.443,12,2
2026-05-14 03:02:00,0.521,18,2
2026-05-14 03:08:00,0.472,30,2
2026-05-14 03:14:00,0.531,17,2
2026-05-14 03:20:00,0.48,22,2
2026-05-14 03:26:00,0.468,356,2
2026-05-14 03:32:00,0.47,352,2
2026-05-14 03:38:00,0.478,359,2
2026-05-14 03:44:00,0.465,346,2
2026-05-14 03:50:00,0.43,348,2
2026-05-14 03:56:00,0.424,7,2
2026-05-14 04:02:00,0.369,353,2
2026-05-14 04:08:00,0.371,353,2
2026-05-14 04:14:00,0.385,36,2
2026-05-14 04:20:00,0.323,4,2
2026-05-14 04:26:00,0.354,50,2
2026-05-14 04:32:00,0.328,5,2
2026-05-14 04:38:00,0.231,39,2
2026-05-14 04:44:00,0.237,17,2
2026-05-14 04:50:00,0.126,344,2
2026-05-14 04:56:00,0.113,50,2
2026-05-14 05:02:00,0.091,124,2
2026-05-14 05:08:00,0.124,71,2
2026-05-14 05:14:00,0.052,118,2
2026-05-14 05:20:00,0.023,9,2
2026-05-14 05:26:00,0.132,171,2
2026-05-14 05:32:00,0.105,104,2
2026-05-14 05:38:00,0.06,167,2
2026-05-14 05:44:00,0.08,259,2
2026-05-14 05:50:00,0.117,188,2
2026-05-14 05:56:00,0.192,202,2
2026-05-14 06:02:00,0.097,186,2
2026-05-14 06:08:00,0.121,249,2
2026-05-14 06:14:00,0.222,232,2
2026-05-14 06:20:00,0.208,277,2
2026-05-14 06:26:00,0.284,271,2
2026-05-14 06:32:00,0.313,264,2
2026-05-14 06:38:00,0.397,291,2
2026-05-14 06:44:00,0.465,250,2
2026-05-14 06:50:00,0.533,198,2
2026-05-14 06:56:00,0.5,250,2
2026-05-14 07:02:00,0.599,270,2
2026-05-14 07:08:00,0.748,243,2
2026-05-14 07:14:00,0.834,247,2
2026-05-14 07:20:00,0.869,218,2
2026-05-14 07:26:00,0.982,193,2
2026-05-14 07:32:00,1.061,240,2
2026-05-14 07:38:00,1.104,182,2
2026-05-14 07:44:00,1.129,203,2
2026-05-14 07:50:00,1.112,199,2
2026-05-14 07:56:00,1.184,217,2
2026-05-14 08:02:00,1.287,192,2
2026-05-14 08:08:00,1.326,233,2
2026-05-14 08:14:00,1.351,190,2
2026-05-14 08:20:00,1.368,224,2
2026-05-14 08:26:00,1.392,200,2
2026-05-14 08:32:00,1.402,213,2
2026-05-14 08:38:00,1.411,188,2
2026-05-14 08:44:00,1.304,194,2
2026-05-14 08:50:00,1.332,202,2
2026-05-14 08:56:00,1.287,193,2
2026-05-14 09:02:00,1.38,224,2
2026-05-14 09:08:00,1.495,231,2
2026-05-14 09:14:00,1.619,197,2
2026-05-14 09:20:00,1.598,237,2
2026-05-14 09:26:00,1.582,204,2
2026-05-14 09:32:00,1.713,225,2
2026-05-14 09:38:00,1.73,222,2
2026-05-14 09:44:00,1.792,217,2
2026-05-14 09:50:00,1.757,227,2
2026-05-14 09:56:00,1.831,212,2
2026-05-14 10:02:00,1.806,213,2
2026-05-14 10:08:00,1.889,219,2
2026-05-14 10:14:00,1.99,196,2
2026-05-14 10:20:00,1.864,208,2
2026-05-14 10:26:00,1.841,197,2
2026-05-14 10:32:00,2.037,227,2
2026-05-14 10:38:00,1.965,198,2
2026-05-14 10:44:00,1.973,214,2
2026-05-14 10:50:00,1.998,210,2
2026-05-14 10:56:00,2.103,203,2
2026-05-14 11:02:00,2.057,232,2
2026-05-14 11:08:00,1.899,231,2
2026-05-14 11:14:00,1.88,215,2
2026-05-14 11:20:00,1.777,215,2
2026-05-14 11:26:00,1.74,209,2
2026-05-14 11:32:00,1.773,198,2
2026-05-14 11:38:00,1.87,190,2
2026-05-14 11:44:00,1.849,230,2
2026-05-14 11:50:00,1.749,214,2
2026-05-14 11:56:00,1.633,228,2
2026-05-14 12:02:00,1.501,236,2
2026-05-14 12:08:00,1.569,197,2
2026-05-14 12:14:00,1.421,236,2
2026-05-14 12:20:00,1.351,207,2
2026-05-14 12:26:00,1.172,193,2
2026-05-14 12:32:00,1.065,210,2
2026-05-14 12:38:00,1.236,222,2
2026-05-14 12:44:00,1.071,208,2
2026-05-14 12:50:00,0.999,196,2
2026-05-14 12:56:00,0.76,198,2
2026-05-14 13:02:00,0.941,207,2
2026-05-14 13:08:00,0.923,177,2
2026-05-14 13:14:00,0.848,235,2
2026-05-14 13:20:00,0.809,222,2
2026-05-14 13:26:00,0.77,193,2
2026-05-14 13:32:00,0.605,277,2
2026-05-14 13:38:00,0.618,248,2
2026-05-14 13:44:00,0.439,232,2
2026-05-14 13:50:00,0.412,207,2
2026-05-14 13:56:00,0.404,210,2
2026-05-14 14:02:00,0.233,202,2
2026-05-14 14:08:00,0.089,248,2
2026-05-14 14:14:00,0.119,243,2
2026-05-14 14:20:00,0.084,307,2
2026-05-14 14:26:00,0.056,1,2
2026-05-14 14:32:00,0.052,301,2
2026-05-14 14:38:00,0.107,6,2
2026-05-14 14:44:00,0.173,42,2
2026-05-14 14:50:00,0.2,52,2
2026-05-14 14:56:00,0.218,68,2
2026-05-14 15:02:00,0.241,1,2
2026-05-14 15:08:00,0.284,4,2
2026-05-14 15:14:00,0.299,331,2
2026-05-14 15:20:00,0.28,1,2
2026-05-14 15:26:00,0.301,314,2
2026-05-14 15:32:00,0.332,16,2
2026-05-14 15:38:00,0.26,97,2
2026-05-14 15:44:00,0.338,19,2
2026-05-14 15:50:00,0.445,353,2
2026-05-14 15:56:00,0.354,3,2
2026-05-14 16:02:00,0.307,347,2
2026-05-14 16:08:00,0.426,342,2
2026-05-14 16:14:00,0.35,15,2
2026-05-14 16:20:00,0.169,359,2
2026-05-14 16:26:00,0.21,18,2
2026-05-14 16:32:00,0.243,263,2
2026-05-14 16:38:00,0.192,294,2
2026-05-14 16:44:00,0.235,14,2
2026-05-14 16:50:00,0.251,14,2
2026-05-14 16:56:00,0.237,25,2
2026-05-14 17:02:00,0.257,345,2
2026-05-14 17:08:00,0.156,343,2
2026-05-14 17:14:00,0.154,100,2
2026-05-14 17:20:00,0.144,31,2
2026-05-14 17:26:00,0.156,31,2
2026-05-14 17:32:00,0.082,255,2
2026-05-14 17:38:00,0.023,79,2
2026-05-14 17:44:00,0.14,306,2
2026-05-14 17:50:00,0.146,264,2
2026-05-14 17:56:00,0.072,303,2
2026-05-14 18:02:00,0.064,140,2
2026-05-14 18:08:00,0.132,69,2
2026-05-14 18:14:00,0.093,212,2
2026-05-14 18:20:00,0.113,145,2
2026-05-14 18:26:00,0.109,192,2
2026-05-14 18:32:00,0.027,225,2
2026-05-14 18:38:00,0.117,240,2
2026-05-14 18:44:00,0.181,223,2
2026-05-14 18:50:00,0.175,260,2
2026-05-14 18:56:00,0.327,207,2
2026-05-14 19:02:00,0.272,237,2
2026-05-14 19:08:00,0.358,203,2
2026-05-14 19:14:00,0.377,243,2
2026-05-14 19:20:00,0.365,280,2
2026-05-14 19:26:00,0.527,249,2
2026-05-14 19:32:00,0.492,198,2
2026-05-14 19:38:00,0.47,234,2
2026-05-14 19:44:00,0.468,248,2
2026-05-14 19:50:00,0.554,223,2
2026-05-14 19:56:00,0.494,249,2
2026-05-14 20:02:00,0.554,249,2
2026-05-14 20:08:00,0.645,209,2
2026-05-14 20:14:00,0.618,212,2
2026-05-14 20:20:00,0.601,201,2
2026-05-14 20:26:00,0.572,173,2
2026-05-14 20:32:00,0.822,207,2
2026-05-14 20:38:00,0.832,205,2
2026-05-14 20:44:00,0.805,251,2
2026-05-14 20:50:00,0.89,239,2
2026-05-14 20:56:00,0.968,217,2
2026-05-14 21:02:00,0.952,210,2
2026-05-14 21:08:00,0.939,230,2
2026-05-14 21:14:00,0.939,243,2
2026-05-14 21:20:00,0.98,239,2
2026-05-14 21:26:00,1.046,236,2
2026-05-14 21:32:00,1.063,224,2
2026-05-14 21:38:00,0.923,243,2
2026-05-14 21:44:00,1.038,205,2
2026-05-14 21:50:00,0.923,213,2
2026-05-14 21:56:00,0.935,233,2
2026-05-14 22:02:00,0.945,242,2
2026-05-14 22:08:00,0.997,242,2
2026-05-14 22:14:00,0.98,207,2
2026-05-14 22:20:00,1.022,224,2
2026-05-14 22:26:00,0.978,203,2
2026-05-14 22:32:00,1.09,231,2
2026-05-14 22:38:00,1.026,206,2
2026-05-14 22:44:00,0.987,220,2
2026-05-14 22:50:00,1.007,208,2
2026-05-14 22:56:00,1.005,201,2
2026-05-14 23:02:00,0.945,237,2
2026-05-14 23:08:00,0.904,232,2
2026-05-14 23:14:00,0.754,241,2
2026-05-14 23:20:00,0.762,213,2
2026-05-14 23:26:00,0.719,240,2
2026-05-14 23:32:00,0.56,248,2
2026-05-14 23:38:00,0.542,208,2
2026-05-14 23:44:00,0.463,231,2
2026-05-14 23:50:00,0.529,224,2
2026-05-14 23:56:00,0.404,259,2
2026-05-15 00:02:00,0.352,224,2
2026-05-15 00:08:00,0.309,224,2
2026-05-15 00:14:00,0.317,249,2
2026-05-15 00:20:00,0.198,249,2
2026-05-15 00:26:00,0.095,349,2
2026-05-15 00:32:00,0.198,222,2
2026-05-15 00:38:00,0.192,284,2
2026-05-15 00:44:00,0.167,301,2
2026-05-15 00:50:00,0.093,327,2
2026-05-15 00:56:00,0.214,280,2
2026-05-15 01:02:00,0.198,348,2
2026-05-15 01:08:00,0.225,319,2
2026-05-15 01:14:00,0.22,312,2
2026-05-15 01:20:00,0.241,278,2
2026-05-15 01:26:00,0.34,352,2
2026-05-15 01:32:00,0.309,318,2
2026-05-15 01:38:00,0.222,292,2
2026-05-15 01:44:00,0.395,308,2
2026-05-15 01:50:00,0.397,327,2
2026-05-15 01:56:00,0.457,351,2
2026-05-15 02:02:00,0.507,28,2
2026-05-15 02:08:00,0.48,308,2
2026-05-15 02:14:00,0.492,89,2
2026-05-15 02:20:00,0.605,32,2
2026-05-15 02:26:00,0.321,63,2
2026-05-15 02:32:00,0.76,4,2
2026-05-15 02:38:00,0.667,338,2
2026-05-15 02:44:00,0.723,353,2
2026-05-15 02:50:00,0.667,14,2
2026-05-15 02:56:00,0.556,16,2
2026-05-15 03:02:00,0.515,4,2
2026-05-15 03:08:00,0.645,16,2
2026-05-15 03:14:00,0.688,14,2
2026-05-15 03:20:00,0.706,1,2
2026-05-15 03:26:00,0.673,344,2
2026-05-15 03:32:00,0.731,348,2
2026-05-15 03:38:00,0.684,5,2
2026-05-15 03:44:00,0.686,353,2
2026-05-15 03:50:00,0.774,354,2
2026-05-15 03:56:00,0.776,32,2
2026-05-15 04:02:00,0.848,52,2
2026-05-15 04:08:00,0.704,355,2
2026-05-15 04:14:00,0.7,25,2
2026-05-15 04:20:00,0.822,13,2
2026-05-15 04:26:00,0.809,10,2
2026-05-15 04:32:00,0.739,2,2
2026-05-15 04:38:00,0.797,46,2
2026-05-15 04:44:00,0.743,17,2
2026-05-15 04:50:00,0.723,34,2
2026-05-15 04:56:00,0.756,26,2
2026-05-15 05:02:00,0.68,20,2
2026-05-15 05:08:00,0.605,6,2
2026-05-15 05:14:00,0.533,337,2
2026-05-15 05:20:00,0.521,16,2
2026-05-15 05:26:00,0.535,21,2
2026-05-15 05:32:00,0.507,352,2
2026-05-15 05:38:00,0.424,24,2
2026-05-15 05:44:00,0.42,354,2
2026-05-15 05:50:00,0.272,37,2
2026-05-15 05:56:00,0.107,296,2
2026-05-15 06:02:00,0.255,349,2
2026-05-15 06:08:00,0.15,2,2
2026-05-15 06:14:00,0.185,20,2
2026-05-15 06:20:00,0.161,117,2
2026-05-15 06:26:00,0.154,124,2
2026-05-15 06:32:00,0.043,10,2
2026-05-15 06:38:00,0.014,333,2
2026-05-15 06:44:00,0.064,52,2
2026-05-15 06:50:00,0.019,103,2
2026-05-15 06:56:00,0.148,168,2
2026-05-15 07:02:00,0.175,231,2
2026-05-15 07:08:00,0.323,237,2
2026-05-15 07:14:00,0.163,258,2
2026-05-15 07:20:00,0.262,240,2
2026-05-15 07:26:00,0.243,248,2
2026-05-15 07:32:00,0.241,207,2
2026-05-15 07:38:00,0.239,189,2
2026-05-15 07:44:00,0.27,220,2
2026-05-15 07:50:00,0.424,206,2
2026-05-15 07:56:00,0.389,243,2
2026-05-15 08:02:00,0.402,270,2
2026-05-15 08:08:00,0.622,229,2
2026-05-15 08:14:00,0.593,252,2
2026-05-15 08:20:00,0.649,232,2
2026-05-15 08:26:00,0.498,238,2
2026-05-15 08:32:00,0.564,230,2
2026-05-15 08:38:00,0.647,237,2
2026-05-15 08:44:00,0.698,232,2
2026-05-15 08:50:00,0.655,247,2
2026-05-15 08:56:00,0.71,235,2
2026-05-15 09:02:00,0.772,274,2
2026-05-15 09:08:00,0.832,220,2
2026-05-15 09:14:00,0.912,179,2
2026-05-15 09:20:00,1.013,182,2
2026-05-15 09:26:00,0.921,215,2
2026-05-15 09:32:00,0.991,210,2
2026-05-15 09:38:00,1.079,193,2
2026-05-15 09:44:00,1.275,203,2
2026-05-15 09:50:00,1.335,244,2
2026-05-15 09:56:00,1.423,211,2
2026-05-15 10:02:00,1.588,217,2
2026-05-15 10:08:00,1.553,224,2
2026-05-15 10:14:00,1.569,216,2
2026-05-15 10:20:00,1.411,216,2
2026-05-15 10:26:00,1.518,231,2
2026-05-15 10:32:00,1.26,242,2
2026-05-15 10:38:00,1.33,243,2
2026-05-15 10:44:00,1.483,228,2
2026-05-15 10:50:00,1.561,202,2
2026-05-15 10:56:00,1.499,208,2
2026-05-15 11:02:00,1.493,224,2
2026-05-15 11:08:00,1.602,207,2
2026-05-15 11:14:00,1.613,237,2
2026-05-15 11:20:00,1.505,213,2
2026-05-15 11:26:00,1.415,224,2
2026-05-15 11:32:00,1.547,237,2
2026-05-15 11:38:00,1.378,201,2
2026-05-15 11:44:00,1.487,207,2
2026-05-15 11:50:00,1.402,230,2
2026-05-15 11:56:00,1.59,233,2
2026-05-15 12:02:00,1.551,234,2
2026-05-15 12:08:00,1.664,205,2
2026-05-15 12:14:00,1.578,214,2
2026-05-15 12:20:00,1.477,200,2
2026-05-15 12:26:00,1.4,248,2
2026-05-15 12:32:00,1.516,206,2
2026-05-15 12:38:00,1.448,218,2
2026-05-15 12:44:00,1.378,213,2
2026-05-15 12:50:00,1.283,236,2
2026-05-15 12:56:00,1.343,244,2
2026-05-15 13:02:00,1.256,200,2
2026-05-15 13:08:00,1.283,197,2
2026-05-15 13:14:00,1.079,180,2
2026-05-15 13:20:00,0.978,226,2
2026-05-15 13:26:00,0.744,205,2
2026-05-15 13:32:00,0.669,215,2
2026-05-15 13:38:00,0.824,203,2
2026-05-15 13:44:00,0.828,250,2
2026-05-15 13:50:00,0.764,208,2
2026-05-15 13:56:00,0.725,220,2
2026-05-15 14:02:00,0.64,241,2
2026-05-15 14:08:00,0.556,263,2
2026-05-15 14:14:00,0.57,232,2
2026-05-15 14:20:00,0.558,211,2
2026-05-15 14:26:00,0.34,270,2
2026-05-15 14:32:00,0.321,262,2
2026-05-15 14:38:00,0.323,179,2
2026-05-15 14:44:00,0.309,226,2
2026-05-15 14:50:00,0.2,283,2
2026-05-15 14:56:00,0.175,231,2
2026-05-15 15:02:00,0.109,245,2
2026-05-15 15:08:00,0.018,232,2
2026-05-15 15:14:00,0.078,246,2
2026-05-15 15:20:00,0.056,261,2
2026-05-15 15:26:00,0.117,277,2
2026-05-15 15:32:00,0.14,317,2
2026-05-15 15:38:00,0.183,2,2
2026-05-15 15:44:00,0.169,6,2
2026-05-15 15:50:00,0.192,347,2
2026-05-15 15:56:00,0.136,29,2
2026-05-15 16:02:00,0.154,350,2
2026-05-15 16:08:00,0.22,4,2
2026-05-15 16:14:00,0.21,7,2
2026-05-15 16:20:00,0.21,56,2
2026-05-15 16:26:00,0.117,336,2
2026-05-15 16:32:00,0.257,268,2
2026-05-15 16:38:00,0.068,127,2
2026-05-15 16:44:00,0.068,322,2
2026-05-15 16:50:00,0.303,0,2
2026-05-15 16:56:00,0.194,327,2
2026-05-15 17:02:00,0.202,84,2
2026-05-15 17:08:00,0.198,334,2
2026-05-15 17:14:00,0.187,54,2
2026-05-15 17:20:00,0.313,350,2
2026-05-15 17:26:00,0.352,53,2
2026-05-15 17:32:00,0.29,73,2
2026-05-15 17:38:00,0.257,30,2
2026-05-15 17:44:00,0.334,50,2
2026-05-15 17:50:00,0.317,57,2
2026-05-15 17:56:00,0.27,85,2
2026-05-15 18:02:00,0.288,46,2
2026-05-15 18:08:00,0.309,49,2
2026-05-15 18:14:00,0.233,77,2
2026-05-15 18:20:00,0.243,96,2
2026-05-15 18:26:00,0.169,86,2
2026-05-15 18:32:00,0.047,287,2
2026-05-15 18:38:00,0.06,278,2
2026-05-15 18:44:00,0.082,252,2
2026-05-15 18:50:00,0.152,194,2
2026-05-15 18:56:00,0.157,217,2
2026-05-15 19:02:00,0.15,223,2
2026-05-15 19:08:00,0.169,229,2
2026-05-15 19:14:00,0.19,194,2
2026-05-15 19:20:00,0.278,228,2
2026-05-15 19:26:00,0.303,210,2
2026-05-15 19:32:00,0.354,191,2
2026-05-15 19:38:00,0.305,179,2
2026-05-15 19:44:00,0.315,222,2
2026-05-15 19:50:00,0.356,213,2
2026-05-15 19:56:00,0.422,201,2
2026-05-15 20:02:00,0.406,251,2
2026-05-15 20:08:00,0.383,216,2
2026-05-15 20:14:00,0.402,186,2
2026-05-15 20:20:00,0.348,146,2
2026-05-15 20:26:00,0.391,193,2
2026-05-15 20:32:00,0.414,175,2
2026-05-15 20:38:00,0.474,210,2
2026-05-15 20:44:00,0.453,175,2
2026-05-15 20:50:00,0.488,155,2
2026-05-15 20:56:00,0.546,193,2
2026-05-15 21:02:00,0.513,151,2
2026-05-15 21:08:00,0.523,215,2
2026-05-15 21:14:00,0.533,237,2
2026-05-15 21:20:00,0.649,243,2
2026-05-15 21:26:00,0.645,152,2
2026-05-15 21:32:00,0.694,189,2
2026-05-15 21:38:00,0.744,184,2
2026-05-15 21:44:00,0.727,207,2
2026-05-15 21:50:00,0.741,210,2
2026-05-15 21:56:00,0.766,193,2
2026-05-15 22:02:00,0.789,259,2
2026-05-15 22:08:00,0.873,214,2
2026-05-15 22:14:00,0.914,209,2
2026-05-15 22:20:00,0.904,187,2
2026-05-15 22:26:00,1.04,187,2
2026-05-15 22:32:00,1.026,178,2
2026-05-15 22:38:00,1.011,247,2
2026-05-15 22:44:00,0.929,178,2
2026-05-15 22:50:00,0.826,218,2
2026-05-15 22:56:00,0.768,207,2
2026-05-15 23:02:00,0.799,233,2
2026-05-15 23:08:00,0.814,189,2
2026-05-15 23:14:00,0.702,193,2
2026-05-15 23:20:00,0.801,200,2
2026-05-15 23:26:00,0.809,176,2
2026-05-15 23:32:00,0.743,232,2
2026-05-15 23:38:00,0.731,228,2
2026-05-15 23:44:00,0.731,204,2
2026-05-15 23:50:00,0.781,242,2
2026-05-15 23:56:00,0.75,195,2
2026-05-16 00:02:00,0.725,239,2
2026-05-16 00:08:00,0.686,235,2
2026-05-16 00:14:00,0.653,223,2
2026-05-16 00:20:00,0.482,237,2
2026-05-16 00:26:00,0.439,204,2
2026-05-16 00:32:00,0.43,245,2
2026-05-16 00:38:00,0.42,259,2
2026-05-16 00:44:00,0.327,272,2
2026-05-16 00:50:00,0.274,267,2
2026-05-16 00:56:00,0.239,279,2
2026-05-16 01:02:00,0.253,296,2
2026-05-16 01:08:00,0.241,283,2
2026-05-16 01:14:00,0.214,322,2
2026-05-16 01:20:00,0.259,330,2
2026-05-16 01:26:00,0.276,335,2
2026-05-16 01:32:00,0.272,350,2
2026-05-16 01:38:00,0.307,340,2
2026-05-16 01:44:00,0.402,343,2
2026-05-16 01:50:00,0.461,24,2
2026-05-16 01:56:00,0.443,349,2
2026-05-16 02:02:00,0.577,7,2
2026-05-16 02:08:00,0.618,19,2
2026-05-16 02:14:00,0.62,42,2
2026-05-16 02:20:00,0.76,360,2
2026-05-16 02:26:00,0.725,5,2
2026-05-16 02:32:00,0.7,27,2
2026-05-16 02:38:00,0.779,13,2
2026-05-16 02:44:00,0.855,36,2
2026-05-16 02:50:00,0.731,6,2
2026-05-16 02:56:00,0.791,34,2
2026-05-16 03:02:00,0.941,29,2
2026-05-16 03:08:00,0.859,3,2
2026-05-16 03:14:00,0.974,355,2
2026-05-16 03:20:00,1.013,14,2
2026-05-16 03:26:00,1.079,18,2
2026-05-16 03:32:00,1.085,8,2
2026-05-16 03:38:00,1.071,357,2
2026-05-16 03:44:00,1.017,22,2
2026-05-16 03:50:00,1.022,24,2
2026-05-16 03:56:00,1.028,35,2
2026-05-16 04:02:00,0.984,36,2
2026-05-16 04:08:00,1.001,36,2
2026-05-16 04:14:00,0.954,44,2
2026-05-16 04:20:00,0.951,11,2
2026-05-16 04:26:00,1.077,47,2
2026-05-16 04:32:00,1.1,18,2
2026-05-16 04:38:00,1.059,33,2
2026-05-16 04:44:00,1.102,32,2
2026-05-16 04:50:00,1.114,14,2
2026-05-16 04:56:00,1.139,26,2
2026-05-16 05:02:00,1.094,9,2
2026-05-16 05:08:00,1.133,25,2
2026-05-16 05:14:00,0.941,27,2
2026-05-16 05:20:00,0.902,37,2
2026-05-16 05:26:00,0.966,12,2
2026-05-16 05:32:00,0.972,24,2
2026-05-16 05:38:00,0.943,9,2
2026-05-16 05:44:00,0.851,21,2
2026-05-16 05:50:00,0.875,26,2
2026-05-16 05:56:00,0.779,5,2
2026-05-16 06:02:00,0.744,41,2
2026-05-16 06:08:00,0.717,19,2
2026-05-16 06:14:00,0.56,2,2
2026-05-16 06:20:00,0.828,46,2
2026-05-16 06:26:00,0.655,19,2
2026-05-16 06:32:00,0.675,3,2
2026-05-16 06:38:00,0.647,357,2
2026-05-16 06:44:00,0.605,359,2
2026-05-16 06:50:00,0.554,344,2
2026-05-16 06:56:00,0.517,35,2
2026-05-16 07:02:00,0.505,42,2
2026-05-16 07:08:00,0.328,9,2
2026-05-16 07:14:00,0.295,35,2
2026-05-16 07:20:00,0.212,330,2
2026-05-16 07:26:00,0.253,342,2
2026-05-16 07:32:00,0.224,358,2
2026-05-16 07:38:00,0.229,8,2
2026-05-16 07:44:00,0.233,294,2
2026-05-16 07:50:00,0.311,328,2
2026-05-16 07:56:00,0.313,341,2
2026-05-16 08:02:00,0.165,12,2
2026-05-16 08:08:00,0.183,28,2
2026-05-16 08:14:00,0.107,310,2
2026-05-16 08:20:00,0.039,304,2
2026-05-16 08:26:00,0.06,311,2
2026-05-16 08:32:00,0.076,305,2
2026-05-16 08:38:00,0.086,247,2
2026-05-16 08:44:00,0.111,210,2
2026-05-16 08:50:00,0.105,223,2
2026-05-16 08:56:00,0.06,206,2
2026-05-16 09:02:00,0.144,332,2
2026-05-16 09:08:00,0.315,211,2
2026-05-16 09:14:00,0.313,216,2
2026-05-16 09:20:00,0.317,207,2
2026-05-16 09:26:00,0.4,219,2
2026-05-16 09:32:00,0.426,219,2
2026-05-16 09:38:00,0.511,228,2
2026-05-16 09:44:00,0.538,234,2
2026-05-16 09:50:00,0.517,222,2
2026-05-16 09:56:00,0.593,243,2
2026-05-16 10:02:00,0.57,219,2
2026-05-16 10:08:00,0.671,212,2
2026-05-16 10:14:00,0.748,213,2
2026-05-16 10:20:00,0.645,223,2
2026-05-16 10:26:00,0.636,233,2
2026-05-16 10:32:00,0.748,239,2
2026-05-16 10:38:00,0.743,194,2
2026-05-16 10:44:00,0.744,213,2
2026-05-16 10:50:00,0.762,226,2
2026-05-16 10:56:00,0.809,230,2
2026-05-16 11:02:00,0.807,212,2
2026-05-16 11:08:00,0.875,217,2
2026-05-16 11:14:00,0.721,194,2
2026-05-16 11:20:00,0.608,221,2
2026-05-16 11:26:00,0.706,201,2
2026-05-16 11:32:00,0.706,222,2
2026-05-16 11:38:00,0.877,204,2
2026-05-16 11:44:00,0.96,250,2
2026-05-16 11:50:00,0.999,200,2
2026-05-16 11:56:00,0.846,196,2
2026-05-16 12:02:00,0.719,246,2
2026-05-16 12:08:00,0.925,216,2
2026-05-16 12:14:00,1.232,219,2
2026-05-16 12:20:00,1.09,264,2
2026-05-16 12:26:00,1.246,236,2
2026-05-16 12:32:00,1.178,241,2
2026-05-16 12:38:00,1.429,217,2
2026-05-16 12:44:00,1.409,218,2
2026-05-16 12:50:00,1.287,239,2
2026-05-16 12:56:00,1.359,215,2
2026-05-16 13:02:00,1.435,210,2
2026-05-16 13:08:00,1.205,209,2
2026-05-16 13:14:00,1.273,214,2
2026-05-16 13:20:00,1.219,213,2
2026-05-16 13:26:00,1.147,231,2
2026-05-16 13:32:00,1.217,227,2
2026-05-16 13:38:00,1.133,194,2
2026-05-16 13:44:00,1.131,193,2
2026-05-16 13:50:00,1.085,202,2
2026-05-16 13:56:00,1.065,202,2
2026-05-16 14:02:00,1.065,196,2
2026-05-16 14:08:00,0.972,217,2
2026-05-16 14:14:00,0.853,236,2
2026-05-16 14:20:00,0.698,208,2
2026-05-16 14:26:00,0.675,221,2
2026-05-16 14:32:00,0.595,238,2
2026-05-16 14:38:00,0.503,213,2
2026-05-16 14:44:00,0.61,239,2
2026-05-16 14:50:00,0.503,226,2
2026-05-16 14:56:00,0.367,250,2
2026-05-16 15:02:00,0.237,229,2
2026-05-16 15:08:00,0.356,238,2
2026-05-16 15:14:00,0.076,244,2
2026-05-16 15:20:00,0.243,210,2
2026-05-16 15:26:00,0.266,236,2
2026-05-16 15:32:00,0.247,253,2
2026-05-16 15:38:00,0.229,249,2
2026-05-16 15:44:00,0.225,279,2
2026-05-16 15:50:00,0.317,330,2
2026-05-16 15:56:00,0.307,346,2
2026-05-16 16:02:00,0.319,345,2
2026-05-16 16:08:00,0.474,341,2
2026-05-16 16:14:00,0.441,358,2
2026-05-16 16:20:00,0.439,336,2
2026-05-16 16:26:00,0.397,342,2
2026-05-16 16:32:00,0.424,351,2
2026-05-16 16:38:00,0.408,349,2
2026-05-16 16:44:00,0.49,0,2
2026-05-16 16:50:00,0.552,15,2
2026-05-16 16:56:00,0.445,357,2
2026-05-16 17:02:00,0.614,10,2
2026-05-16 17:08:00,0.562,1,2
2026-05-16 17:14:00,0.562,359,2
2026-05-16 17:20:00,0.579,11,2
2026-05-16 17:26:00,0.589,359,2
2026-05-16 17:32:00,0.766,353,2
2026-05-16 17:38:00,0.779,24,2
2026-05-16 17:44:00,0.752,345,2
2026-05-16 17:50:00,0.643,10,2
2026-05-16 17:56:00,0.671,35,2
2026-05-16 18:02:00,0.717,27,2
2026-05-16 18:08:00,0.75,39,2
2026-05-16 18:14:00,0.725,37,2
2026-05-16 18:20:00,0.663,71,2
2026-05-16 18:26:00,0.622,28,2
2026-05-16 18:32:00,0.649,19,2
2026-05-16 18:38:00,0.63,29,2
2026-05-16 18:44:00,0.603,63,2
2026-05-16 18:50:00,0.696,57,2
2026-05-16 18:56:00,0.638,11,2
2026-05-16 19:02:00,0.659,25,2
2026-05-16 19:08:00,0.667,25,2
2026-05-16 19:14:00,0.502,40,2
2026-05-16 19:20:00,0.535,21,2
2026-05-16 19:26:00,0.496,50,2
2026-05-16 19:32:00,0.42,21,2
2026-05-16 19:38:00,0.266,26,2
2026-05-16 19:44:00,0.262,19,2
2026-05-16 19:50:00,0.299,22,2
2026-05-16 19:56:00,0.367,32,2
2026-05-16 20:02:00,0.414,38,2
2026-05-16 20:08:00,0.323,85,2
2026-05-16 20:14:00,0.259,62,2
2026-05-16 20:20:00,0.222,93,2
2026-05-16 20:26:00,0.27,76,2
2026-05-16 20:32:00,0.091,80,2
2026-05-16 20:38:00,0.124,92,2
2026-05-16 20:44:00,0.091,123,2
2026-05-16 20:50:00,0.121,99,2
2026-05-16 20:56:00,0.08,122,2
2026-05-16 21:02:00,0.107,147,2
2026-05-16 21:08:00,0.113,183,2
2026-05-16 21:14:00,0.117,177,2
2026-05-16 21:20:00,0.173,194,2
2026-05-16 21:26:00,0.204,145,2
2026-05-16 21:32:00,0.148,171,2
2026-05-16 21:38:00,0.307,134,2
2026-05-16 21:44:00,0.27,181,2
2026-05-16 21:50:00,0.272,154,2
2026-05-16 21:56:00,0.319,183,2
2026-05-16 22:02:00,0.332,199,2
2026-05-16 22:08:00,0.354,209,2
2026-05-16 22:14:00,0.358,190,2
2026-05-16 22:20:00,0.391,241,2
2026-05-16 22:26:00,0.41,203,2
2026-05-16 22:32:00,0.531,221,2
2026-05-16 22:38:00,0.486,142,2
2026-05-16 22:44:00,0.737,200,2
2026-05-16 22:50:00,0.791,201,2
2026-05-16 22:56:00,0.554,181,2
2026-05-16 23:02:00,0.698,223,2
2026-05-16 23:08:00,0.863,214,2
2026-05-16 23:14:00,0.834,193,2
2026-05-16 23:20:00,0.855,198,2
2026-05-16 23:26:00,0.844,209,2
2026-05-16 23:32:00,0.851,218,2
2026-05-16 23:38:00,0.921,223,2
2026-05-16 23:44:00,0.908,242,2
2026-05-16 23:50:00,0.737,222,2
2026-05-16 23:56:00,0.853,182,2
2026-05-17 00:02:00,0.96,229,2
2026-05-17 00:08:00,0.832,233,2
2026-05-17 00:14:00,0.853,193,2
2026-05-17 00:20:00,0.836,231,2
2026-05-17 00:26:00,0.851,224,2
2026-05-17 00:32:00,0.931,250,2
2026-05-17 00:38:00,0.855,193,2
2026-05-17 00:44:00,1.166,180,2
2026-05-17 00:50:00,0.929,228,2
2026-05-17 00:56:00,0.735,199,2
2026-05-17 01:02:00,0.892,193,2
2026-05-17 01:08:00,0.764,262,2
2026-05-17 01:14:00,0.912,235,2
2026-05-17 01:20:00,0.873,250,2
2026-05-17 01:26:00,0.76,243,2
2026-05-17 01:32:00,0.754,221,2
2026-05-17 01:38:00,0.723,254,2
2026-05-17 01:44:00,0.719,173,2
2026-05-17 01:50:00,0.55,234,2
2026-05-17 01:56:00,0.538,231,2
2026-05-17 02:02:00,0.498,216,2
2026-05-17 02:08:00,0.395,202,2
2026-05-17 02:14:00,0.47,269,2
2026-05-17 02:20:00,0.496,268,2
2026-05-17 02:26:00,0.492,215,2
2026-05-17 02:32:00,0.216,306,2
2026-05-17 02:38:00,0.284,289,2
2026-05-17 02:44:00,0.194,284,2
2026-05-17 02:50:00,0.169,349,2
2026-05-17 02:56:00,0.307,348,2
2026-05-17 03:02:00,0.317,330,2
2026-05-17 03:08:00,0.307,5,2
2026-05-17 03:14:00,0.408,14,2
2026-05-17 03:20:00,0.457,14,2
2026-05-17 03:26:00,0.601,8,2
2026-05-17 03:32:00,0.577,31,2
2026-05-17 03:38:00,0.62,31,2
2026-05-17 03:44:00,0.733,18,2
2026-05-17 03:50:00,0.776,15,2
2026-05-17 03:56:00,0.832,39,2
2026-05-17 04:02:00,0.781,4,2
2026-05-17 04:08:00,0.844,15,2
2026-05-17 04:14:00,0.945,28,2
2026-05-17 04:20:00,0.881,349,2
2026-05-17 04:26:00,0.836,52,2
2026-05-17 04:32:00,0.894,53,2
2026-05-17 04:38:00,0.855,18,2
2026-05-17 04:44:00,0.655,34,2
2026-05-17 04:50:00,0.64,6,2
2026-05-17 04:56:00,0.702,57,2
2026-05-17 05:02:00,0.758,64,2
2026-05-17 05:08:00,0.816,4,2
2026-05-17 05:14:00,1.032,25,2
2026-05-17 05:20:00,0.964,360,2
2026-05-17 05:26:00,1.157,19,2
2026-05-17 05:32:00,1.162,55,2
2026-05-17 05:38:00,0.853,54,2
2026-05-17 05:44:00,1.017,4,2
2026-05-17 05:50:00,0.966,358,2
2026-05-17 05:56:00,1.085,0,2
2026-05-17 06:02:00,0.896,7,2
2026-05-17 06:08:00,0.999,52,2
2026-05-17 06:14:00,0.921,36,2
2026-05-17 06:20:00,0.914,13,2
2026-05-17 06:26:00,1.048,1,2
2026-05-17 06:32:00,0.886,11,2
2026-05-17 06:38:00,0.952,27,2
2026-05-17 06:44:00,0.735,8,2
2026-05-17 06:50:00,0.884,18,2
2026-05-17 06:56:00,0.807,52,2
2026-05-17 07:02:00,0.764,50,2
2026-05-17 07:08:00,0.813,43,2
2026-05-17 07:14:00,0.71,20,2
2026-05-17 07:20:00,0.698,7,2
2026-05-17 07:26:00,0.71,48,2
2026-05-17 07:32:00,0.711,1,2
2026-05-17 07:38:00,0.554,42,2
2026-05-17 07:44:00,0.556,2,2
2026-05-17 07:50:00,0.451,24,2
2026-05-17 07:56:00,0.443,24,2
2026-05-17 08:02:00,0.27,43,2
2026-05-17 08:08:00,0.276,34,2
2026-05-17 08:14:00,0.297,18,2
2026-05-17 08:20:00,0.126,345,2
2026-05-17 08:26:00,0.156,27,2
2026-05-17 08:32:00,0.159,89,2
2026-05-17 08:38:00,0.165,315,2
2026-05-17 08:44:00,0.091,200,2
2026-05-17 08:50:00,0.021,105,2
2026-05-17 08:56:00,0.021,34,2
2026-05-17 09:02:00,0.041,352,2
2026-05-17 09:08:00,0.023,200,2
2026-05-17 09:14:00,0.099,162,2
2026-05-17 09:20:00,0.115,171,2
2026-05-17 09:26:00,0.227,152,2
2026-05-17 09:32:00,0.332,254,2
2026-05-17 09:38:00,0.49,176,2
2026-05-17 09:44:00,0.521,210,2
2026-05-17 09:50:00,0.608,229,2
2026-05-17 09:56:00,0.513,199,2
2026-05-17 10:02:00,0.566,190,2
2026-05-17 10:08:00,0.573,211,2
2026-05-17 10:14:00,0.641,213,2
2026-05-17 10:20:00,0.743,241,2
2026-05-17 10:26:00,0.711,231,2
2026-05-17 10:32:00,0.636,248,2
2026-05-17 10:38:00,0.842,214,2
2026-05-17 10:44:00,0.925,232,2
2026-05-17 10:50:00,0.853,258,2
2026-05-17 10:56:00,0.978,243,2
2026-05-17 11:02:00,0.89,214,2
2026-05-17 11:08:00,0.935,255,2
2026-05-17 11:14:00,0.89,256,2
2026-05-17 11:20:00,1.005,242,2
2026-05-17 11:26:00,1.013,231,2
2026-05-17 11:32:00,1.007,236,2
2026-05-17 11:38:00,1.133,211,2
2026-05-17 11:44:00,1.057,203,2
2026-05-17 11:50:00,1.232,233,2
2026-05-17 11:56:00,1.485,213,2
2026-05-17 12:02:00,1.901,206,2
2026-05-17 12:08:00,2.025,209,2
2026-05-17 12:14:00,1.994,223,2
2026-05-17 12:20:00,2.074,205,2
2026-05-17 12:26:00,2.2,218,2
2026-05-17 12:32:00,1.957,201,2
2026-05-17 12:38:00,1.946,221,2
2026-05-17 12:44:00,1.759,217,2
2026-05-17 12:50:00,1.893,226,2
2026-05-17 12:56:00,1.749,203,2
2026-05-17 13:02:00,1.868,218,2
2026-05-17 13:08:00,1.907,236,2
2026-05-17 13:14:00,1.868,213,2
2026-05-17 13:20:00,1.862,233,2
2026-05-17 13:26:00,1.724,204,2
2026-05-17 13:32:00,1.874,196,2
2026-05-17 13:38:00,1.874,200,2
2026-05-17 13:44:00,1.779,200,2
2026-05-17 13:50:00,1.922,211,2
2026-05-17 13:56:00,1.905,196,2
2026-05-17 14:02:00,1.921,221,2
2026-05-17 14:08:00,1.928,198,2
2026-05-17 14:14:00,2.022,197,2
2026-05-17 14:20:00,2.049,198,2
2026-05-17 14:26:00,2.016,222,2
2026-05-17 14:32:00,2.029,204,2
2026-05-17 14:38:00,1.639,219,2
2026-05-17 14:44:00,1.685,199,2
2026-05-17 14:50:00,1.487,201,2
2026-05-17 14:56:00,1.421,223,2
2026-05-17 15:02:00,1.265,194,2
2026-05-17 15:08:00,1.17,237,2
2026-05-17 15:14:00,1.094,186,2
2026-05-17 15:20:00,1.083,234,2
2026-05-17 15:26:00,1.059,192,2
2026-05-17 15:32:00,0.987,209,2
2026-05-17 15:38:00,1.061,179,2
2026-05-17 15:44:00,0.824,239,2
2026-05-17 15:50:00,0.717,205,2
2026-05-17 15:56:00,0.626,210,2
2026-05-17 16:02:00,0.676,223,2
2026-05-17 16:08:00,0.48,236,2
2026-05-17 16:14:00,0.523,242,2
2026-05-17 16:20:00,0.348,149,2
2026-05-17 16:26:00,0.342,194,2
2026-05-17 16:32:00,0.327,194,2
2026-05-17 16:38:00,0.334,232,2
2026-05-17 16:44:00,0.284,186,2
2026-05-17 16:50:00,0.225,165,2
2026-05-17 16:56:00,0.26,178,2
2026-05-17 17:02:00,0.19,180,2
2026-05-17 17:08:00,0.115,205,2
2026-05-17 17:14:00,0.148,196,2
2026-05-17 17:20:00,0.066,254,2
2026-05-17 17:26:00,0.039,22,2
2026-05-17 17:32:00,0.119,6,2
2026-05-17 17:38:00,0.156,38,2
2026-05-17 17:44:00,0.159,2,2
2026-05-17 17:50:00,0.194,64,2
2026-05-17 17:56:00,0.259,4,2
2026-05-17 18:02:00,0.255,28,2
2026-05-17 18:08:00,0.241,40,2
2026-05-17 18:14:00,0.272,78,2
2026-05-17 18:20:00,0.249,39,2
2026-05-17 18:26:00,0.22,46,2
2026-05-17 18:32:00,0.2,81,2
2026-05-17 18:38:00,0.272,44,2
2026-05-17 18:44:00,0.33,74,2
2026-05-17 18:50:00,0.15,24,2
2026-05-17 18:56:00,0.2,37,2
2026-05-17 19:02:00,0.266,71,2
2026-05-17 19:08:00,0.27,42,2
2026-05-17 19:14:00,0.294,45,2
2026-05-17 19:20:00,0.214,27,2
2026-05-17 19:26:00,0.264,46,2
2026-05-17 19:32:00,0.253,65,2
2026-05-17 19:38:00,0.231,77,2
2026-05-17 19:44:00,0.255,45,2
2026-05-17 19:50:00,0.227,43,2
2026-05-17 19:56:00,0.185,87,2
2026-05-17 20:02:00,0.303,109,2
2026-05-17 20:08:00,0.303,126,2
2026-05-17 20:14:00,0.076,20,2
2026-05-17 20:20:00,0.14,130,2
2026-05-17 20:26:00,0.115,122,2
2026-05-17 20:32:00,0.109,205,2
2026-05-17 20:38:00,0.113,185,2
2026-05-17 20:44:00,0.212,144,2
2026-05-17 20:50:00,0.078,191,2
2026-05-17 20:56:00,0.138,225,2
2026-05-17 21:02:00,0.231,160,2
2026-05-17 21:08:00,0.22,228,2
2026-05-17 21:14:00,0.229,203,2
2026-05-17 21:20:00,0.311,191,2
2026-05-17 21:26:00,0.264,180,2
2026-05-17 21:32:00,0.365,169,2
2026-05-17 21:38:00,0.348,178,2
2026-05-17 21:44:00,0.406,179,2
2026-05-17 21:50:00,0.408,165,2
2026-05-17 21:56:00,0.467,257,2
2026-05-17 22:02:00,0.498,227,2
2026-05-17 22:08:00,0.502,176,2
2026-05-17 22:14:00,0.542,259,2
2026-05-17 22:20:00,0.655,198,2
2026-05-17 22:26:00,0.643,236,2
2026-05-17 22:32:00,0.7,215,2
2026-05-17 22:38:00,0.772,163,2
2026-05-17 22:44:00,0.711,189,2
2026-05-17 22:50:00,0.811,223,2
2026-05-17 22:56:00,0.861,216,2
2026-05-17 23:02:00,0.799,246,2
2026-05-17 23:08:00,0.601,261,2
2026-05-17 23:14:00,0.684,224,2
2026-05-17 23:20:00,0.733,277,2
2026-05-17 23:26:00,0.801,180,2
2026-05-17 23:32:00,0.733,285,2
2026-05-17 23:38:00,0.797,171,2
2026-05-17 23:44:00,0.853,234,2
2026-05-17 23:50:00,0.908,240,2
2026-05-17 23:56:00,0.962,227,2
2026-05-18 00:02:00,0.972,252,2
2026-05-18 00:08:00,0.986,268,2
2026-05-18 00:14:00,0.968,173,2
2026-05-18 00:20:00,0.933,203,2
2026-05-18 00:26:00,0.984,211,2
2026-05-18 00:32:00,0.949,251,2
2026-05-18 00:38:00,1.03,218,2
2026-05-18 00:44:00,1.026,213,2
2026-05-18 00:50:00,0.949,179,2
2026-05-18 00:56:00,0.91,208,2
2026-05-18 01:02:00,0.898,166,2
2026-05-18 01:08:00,0.882,258,2
2026-05-18 01:14:00,0.795,250,2
2026-05-18 01:20:00,0.805,175,2
2026-05-18 01:26:00,0.737,176,2
2026-05-18 01:32:00,0.725,152,2
2026-05-18 01:38:00,0.663,155,2
2026-05-18 01:44:00,0.63,153,2
2026-05-18 01:50:00,0.523,158,2
2026-05-18 01:56:00,0.424,228,2
2026-05-18 02:02:00,0.391,173,2
2026-05-18 02:08:00,0.358,190,2
2026-05-18 02:14:00,0.478,227,2
2026-05-18 02:20:00,0.249,247,2
2026-05-18 02:26:00,0.225,219,2
2026-05-18 02:32:00,0.26,234,2
2026-05-18 02:38:00,0.19,178,2
2026-05-18 02:44:00,0.159,236,2
2026-05-18 02:50:00,0.066,219,2
2026-05-18 02:56:00,0.082,280,2
2026-05-18 03:02:00,0.002,304,2
2026-05-18 03:08:00,0.056,24,2
2026-05-18 03:14:00,0.15,18,2
2026-05-18 03:20:00,0.218,41,2
2026-05-18 03:26:00,0.395,21,2
2026-05-18 03:32:00,0.385,24,2
2026-05-18 03:38:00,0.36,36,2
2026-05-18 03:44:00,0.468,38,2
2026-05-18 03:50:00,0.606,36,2
2026-05-18 03:56:00,0.538,46,2
2026-05-18 04:02:00,0.628,18,2
2026-05-18 04:08:00,0.803,19,2
2026-05-18 04:14:00,0.713,51,2
2026-05-18 04:20:00,0.746,5,2
2026-05-18 04:26:00,0.803,27,2
2026-05-18 04:32:00,0.791,73,2
2026-05-18 04:38:00,0.762,54,2
2026-05-18 04:44:00,0.84,46,2
2026-05-18 04:50:00,0.886,36,2
2026-05-18 04:56:00,1.021,11,2
2026-05-18 05:02:00,0.974,31,2
2026-05-18 05:08:00,0.904,25,2
2026-05-18 05:14:00,0.766,26,2
2026-05-18 05:20:00,0.952,58,2
2026-05-18 05:26:00,1.032,32,2
2026-05-18 05:32:00,0.952,21,2
2026-05-18 05:38:00,0.916,57,2
2026-05-18 05:44:00,0.768,35,2
2026-05-18 05:50:00,1.131,50,2
2026-05-18 05:56:00,1.057,43,2
2026-05-18 06:02:00,0.997,17,2
2026-05-18 06:08:00,1.114,18,2
2026-05-18 06:14:00,0.923,64,2
2026-05-18 06:20:00,0.941,24,2
2026-05-18 06:26:00,0.713,63,2
2026-05-18 06:32:00,0.918,52,2
2026-05-18 06:38:00,0.783,71,2
2026-05-18 06:44:00,0.849,28,2
2026-05-18 06:50:00,0.834,29,2
2026-05-18 06:56:00,0.869,56,2
2026-05-18 07:02:00,0.904,27,2
2026-05-18 07:08:00,0.857,37,2
2026-05-18 07:14:00,0.851,20,2
2026-05-18 07:20:00,0.746,17,2
2026-05-18 07:26:00,0.968,18,2
2026-05-18 07:32:00,0.91,6,2
2026-05-18 07:38:00,0.725,65,2
2026-05-18 07:44:00,0.746,46,2
2026-05-18 07:50:00,0.48,20,2
2026-05-18 07:56:00,0.612,55,2
2026-05-18 08:02:00,0.608,60,2
2026-05-18 08:08:00,0.606,30,2
2026-05-18 08:14:00,0.647,64,2
2026-05-18 08:20:00,0.529,55,2
2026-05-18 08:26:00,0.502,51,2
2026-05-18 08:32:00,0.449,26,2
2026-05-18 08:38:00,0.323,49,2
2026-05-18 08:44:00,0.358,50,2
2026-05-18 08:50:00,0.225,68,2
2026-05-18 08:56:00,0.251,70,2
2026-05-18 09:02:00,0.183,52,2
2026-05-18 09:08:00,0.198,100,2
2026-05-18 09:14:00,0.128,92,2
2026-05-18 09:20:00,0.136,81,2
2026-05-18 09:26:00,0.091,124,2
2026-05-18 09:32:00,0.136,88,2
2026-05-18 09:38:00,0.078,61,2
2026-05-18 09:44:00,0.087,120,2
2026-05-18 09:50:00,0.078,218,2
2026-05-18 09:56:00,0.132,145,2
2026-05-18 10:02:00,0.101,170,2
2026-05-18 10:08:00,0.056,210,2
2026-05-18 10:14:00,0.025,307,2
2026-05-18 10:20:00,0.181,269,2
2026-05-18 10:26:00,0.216,216,2
2026-05-18 10:32:00,0.292,230,2
2026-05-18 10:38:00,0.346,235,2
2026-05-18 10:44:00,0.389,212,2
2026-05-18 10:50:00,0.402,220,2
2026-05-18 10:56:00,0.478,252,2
2026-05-18 11:02:00,0.334,251,2
2026-05-18 11:08:00,0.311,220,2
2026-05-18 11:14:00,0.484,209,2
2026-05-18 11:20:00,0.595,235,2
2026-05-18 11:26:00,0.554,212,2
2026-05-18 11:32:00,0.616,183,2
2026-05-18 11:38:00,0.618,242,2
2026-05-18 11:44:00,0.47,245,2
2026-05-18 11:50:00,0.612,227,2
2026-05-18 11:56:00,0.721,245,2
2026-05-18 12:02:00,0.75,197,2
2026-05-18 12:08:00,0.844,235,2
2026-05-18 12:14:00,0.68,247,2
2026-05-18 12:20:00,0.71,248,2
2026-05-18 12:26:00,1.028,216,2
2026-05-18 12:32:00,1.061,193,2
2026-05-18 12:38:00,1.071,222,2
2026-05-18 12:44:00,0.931,239,2
2026-05-18 12:50:00,1.007,237,2
2026-05-18 12:56:00,0.824,199,2
2026-05-18 13:02:00,0.884,229,2
2026-05-18 13:08:00,1.054,248,2
2026-05-18 13:14:00,1.052,219,2
2026-05-18 13:20:00,1.458,209,2
2026-05-18 13:26:00,1.265,230,2
2026-05-18 13:32:00,1.538,213,2
2026-05-18 13:38:00,1.493,220,2
2026-05-18 13:44:00,1.769,208,2
2026-05-18 13:50:00,1.716,192,2
2026-05-18 13:56:00,1.557,232,2
2026-05-18 14:02:00,1.728,212,2
2026-05-18 14:08:00,1.293,216,2
2026-05-18 14:14:00,1.553,216,2
2026-05-18 14:20:00,1.37,224,2
2026-05-18 14:26:00,1.328,247,2
2026-05-18 14:32:00,1.322,238,2
2026-05-18 14:38:00,1.258,236,2
2026-05-18 14:44:00,1.18,233,2
2026-05-18 14:50:00,0.851,231,2
2026-05-18 14:56:00,1.001,252,2
2026-05-18 15:02:00,0.923,263,2
2026-05-18 15:08:00,1.096,243,2
2026-05-18 15:14:00,0.941,245,2
2026-05-18 15:20:00,0.859,195,2
2026-05-18 15:26:00,1.11,188,2
2026-05-18 15:32:00,1.034,227,2
2026-05-18 15:38:00,1.026,187,2
2026-05-18 15:44:00,0.954,202,2
2026-05-18 15:50:00,0.968,240,2
2026-05-18 15:56:00,1.011,202,2
2026-05-18 16:02:00,0.919,210,2
2026-05-18 16:08:00,0.916,181,2
2026-05-18 16:14:00,0.787,185,2
2026-05-18 16:20:00,0.713,215,2
2026-05-18 16:26:00,0.688,241,2
2026-05-18 16:32:00,0.585,183,2
2026-05-18 16:38:00,0.634,201,2
2026-05-18 16:44:00,0.459,191,2
2026-05-18 16:50:00,0.406,179,2
2026-05-18 17:02:00,0.404,231,2
2026-05-18 17:08:00,0.373,252,2
2026-05-18 17:14:00,0.375,194,2
2026-05-18 17:20:00,0.303,259,2
2026-05-18 17:26:00,0.19,248,2
2026-05-18 17:32:00,0.134,263,2
2026-05-18 17:38:00,0.084,310,2
2026-05-18 17:44:00,0.047,6,2
2026-05-18 17:50:00,0.136,265,2
2026-05-18 17:56:00,0.124,340,2
2026-05-18 18:02:00,0.185,312,2
2026-05-18 18:08:00,0.294,356,2
2026-05-18 18:14:00,0.35,352,2
2026-05-18 18:20:00,0.397,350,2
2026-05-18 18:26:00,0.445,9,2
2026-05-18 18:32:00,0.395,8,2
2026-05-18 18:38:00,0.478,359,2
2026-05-18 18:44:00,0.5,3,2
2026-05-18 18:50:00,0.55,10,2
2026-05-18 18:56:00,0.583,22,2
2026-05-18 19:02:00,0.546,19,2
2026-05-18 19:08:00,0.535,26,2
2026-05-18 19:14:00,0.488,21,2
2026-05-18 19:20:00,0.484,1,2
2026-05-18 19:26:00,0.478,1,2
2026-05-18 19:32:00,0.494,360,2
2026-05-18 19:38:00,0.622,25,2
2026-05-18 19:44:00,0.509,19,2
2026-05-18 19:50:00,0.447,34,2
2026-05-18 19:56:00,0.593,18,2
2026-05-18 20:02:00,0.54,17,2
2026-05-18 20:08:00,0.369,33,2
2026-05-18 20:14:00,0.327,28,2
2026-05-18 20:20:00,0.356,78,2
2026-05-18 20:26:00,0.391,42,2
2026-05-18 20:32:00,0.313,64,2
2026-05-18 20:38:00,0.295,45,2
2026-05-18 20:44:00,0.315,67,2
2026-05-18 20:50:00,0.202,46,2
2026-05-18 20:56:00,0.173,69,2
2026-05-18 21:02:00,0.132,64,2
2026-05-18 21:08:00,0.072,88,2
2026-05-18 21:14:00,0.117,92,2
2026-05-18 21:20:00,0.109,62,2
2026-05-18 21:26:00,0.144,237,2
2026-05-18 21:32:00,0.031,165,2
2026-05-18 21:38:00,0.173,104,2
2026-05-18 21:44:00,0.175,101,2
2026-05-18 21:50:00,0.126,76,2
2026-05-18 21:56:00,0.109,85,2
2026-05-18 22:02:00,0.093,175,2
2026-05-18 22:08:00,0.253,160,2
2026-05-18 22:14:00,0.183,119,2
2026-05-18 22:20:00,0.183,155,2
2026-05-18 22:26:00,0.185,139,2
2026-05-18 22:32:00,0.292,196,2
2026-05-18 22:38:00,0.21,153,2
2026-05-18 22:44:00,0.192,195,2
2026-05-18 22:50:00,0.156,208,2
2026-05-18 22:56:00,0.352,222,2
2026-05-18 23:02:00,0.334,207,2
2026-05-18 23:08:00,0.447,191,2
2026-05-18 23:14:00,0.34,196,2
2026-05-18 23:20:00,0.533,198,2
2026-05-18 23:26:00,0.521,200,2
2026-05-18 23:32:00,0.527,242,2
2026-05-18 23:38:00,0.622,229,2
2026-05-18 23:44:00,0.601,204,2
2026-05-18 23:50:00,0.624,249,2
2026-05-18 23:56:00,0.622,229,2
2026-05-19 00:02:00,0.478,278,2
2026-05-19 00:08:00,0.572,197,2
2026-05-19 00:14:00,0.538,194,2
2026-05-19 00:20:00,0.616,234,2
2026-05-19 00:26:00,0.667,234,2
2026-05-19 00:32:00,0.659,187,2
2026-05-19 00:38:00,0.702,219,2
2026-05-19 00:44:00,0.688,163,2
2026-05-19 00:50:00,0.64,207,2
2026-05-19 00:56:00,0.758,197,2
2026-05-19 01:02:00,0.875,209,2
2026-05-19 01:08:00,0.779,239,2
2026-05-19 01:14:00,0.733,148,2
2026-05-19 01:20:00,0.754,172,2
2026-05-19 01:26:00,0.834,218,2
2026-05-19 01:32:00,0.925,201,2
2026-05-19 01:38:00,0.7,188,2
2026-05-19 01:44:00,0.692,257,2
2026-05-19 01:50:00,0.801,138,2
2026-05-19 01:56:00,0.706,179,2
2026-05-19 02:02:00,0.766,164,2
2026-05-19 02:08:00,0.659,196,2
2026-05-19 02:14:00,0.593,186,2
2026-05-19 02:20:00,0.511,151,2
2026-05-19 02:26:00,0.49,170,2
2026-05-19 02:32:00,0.542,182,2
2026-05-19 02:38:00,0.426,179,2
2026-05-19 02:56:00,0.309,128,2
2026-05-19 03:02:00,0.294,135,2
2026-05-19 03:08:00,0.198,196,2
2026-05-19 03:14:00,0.257,150,2
2026-05-19 03:20:00,0.264,147,2
2026-05-19 03:26:00,0.179,218,2
2026-05-19 03:32:00,0.087,191,2
2026-05-19 03:38:00,0.039,214,2
2026-05-19 03:44:00,0.089,201,2
2026-05-19 03:50:00,0.039,13,2
2026-05-19 03:56:00,0.035,18,2
2026-05-19 04:02:00,0.309,43,2
2026-05-19 04:08:00,0.259,60,2
2026-05-19 04:14:00,0.43,32,2
2026-05-19 04:20:00,0.509,33,2
2026-05-19 04:26:00,0.587,23,2
2026-05-19 04:32:00,0.548,39,2
2026-05-19 04:38:00,0.605,49,2
2026-05-19 04:44:00,0.529,63,2
2026-05-19 04:50:00,0.626,37,2
2026-05-19 04:56:00,0.599,37,2
2026-05-19 05:02:00,0.778,34,2
2026-05-19 05:08:00,0.721,36,2
2026-05-19 05:14:00,0.859,50,2
2026-05-19 05:20:00,0.803,33,2
2026-05-19 05:26:00,0.894,38,2
2026-05-19 05:32:00,0.781,32,2
2026-05-19 05:38:00,0.791,7,2
2026-05-19 05:44:00,0.809,21,2
2026-05-19 05:50:00,0.853,15,2
2026-05-19 05:56:00,0.949,22,2
2026-05-19 06:02:00,1.001,28,2
2026-05-19 06:08:00,1.211,26,2
2026-05-19 06:14:00,1.215,16,2
2026-05-19 06:20:00,1.215,19,2
2026-05-19 06:26:00,1.289,26,2
2026-05-19 06:32:00,1.267,9,2
2026-05-19 06:38:00,1.295,21,2
2026-05-19 06:44:00,1.332,22,2
2026-05-19 06:50:00,1.318,23,2
2026-05-19 06:56:00,1.269,18,2
2026-05-19 07:02:00,1.31,20,2
2026-05-19 07:08:00,1.23,24,2
2026-05-19 07:14:00,1.207,19,2
2026-05-19 07:20:00,1.223,9,2
2026-05-19 07:26:00,1.215,15,2
2026-05-19 07:32:00,1.176,13,2
2026-05-19 07:38:00,1.244,16,2
2026-05-19 07:44:00,1.16,20,2
2026-05-19 07:50:00,1.234,9,2
2026-05-19 07:56:00,1.174,22,2
2026-05-19 08:02:00,1.09,22,2
2026-05-19 08:08:00,1.106,14,2
2026-05-19 08:14:00,0.995,26,2
2026-05-19 08:20:00,1.143,22,2
2026-05-19 08:26:00,1.067,44,2
2026-05-19 08:32:00,0.976,13,2
2026-05-19 08:38:00,0.898,31,2
2026-05-19 08:44:00,0.952,49,2
2026-05-19 08:50:00,0.879,25,2
2026-05-19 08:56:00,0.865,31,2
2026-05-19 09:02:00,0.851,10,2
2026-05-19 09:08:00,0.756,354,2
2026-05-19 09:14:00,0.688,41,2
2026-05-19 09:20:00,0.651,20,2
2026-05-19 09:26:00,0.692,360,2
2026-05-19 09:32:00,0.517,28,2
2026-05-19 09:38:00,0.441,12,2
2026-05-19 09:44:00,0.377,68,2
2026-05-19 09:50:00,0.455,8,2
2026-05-19 09:56:00,0.259,39,2
2026-05-19 10:02:00,0.169,310,2
2026-05-19 10:08:00,0.183,9,2
2026-05-19 10:14:00,0.152,51,2
2026-05-19 10:20:00,0.28,336,2
2026-05-19 10:26:00,0.099,15,2
2026-05-19 10:32:00,0.183,42,2
2026-05-19 10:38:00,0.194,46,2
2026-05-19 10:44:00,0.19,356,2
2026-05-19 10:50:00,0.06,90,2
2026-05-19 10:56:00,0.019,169,2
2026-05-19 11:02:00,0.051,220,2
2026-05-19 11:08:00,0.058,59,2
2026-05-19 11:14:00,0.154,170,2
2026-05-19 11:20:00,0.173,121,2
2026-05-19 11:26:00,0.163,257,2
2026-05-19 11:32:00,0.313,222,2
2026-05-19 11:38:00,0.41,225,2
2026-05-19 11:44:00,0.476,188,2
2026-05-19 11:50:00,0.47,210,2
2026-05-19 11:56:00,0.54,178,2
2026-05-19 12:02:00,0.513,245,2
2026-05-19 12:08:00,0.503,186,2
2026-05-19 12:14:00,0.62,202,2
2026-05-19 12:20:00,0.737,177,2
2026-05-19 12:26:00,0.608,205,2
2026-05-19 12:32:00,0.659,205,2
2026-05-19 12:38:00,0.719,194,2
2026-05-19 12:44:00,0.818,229,2
2026-05-19 12:50:00,0.935,219,2
2026-05-19 12:56:00,0.867,221,2
2026-05-19 13:02:00,0.923,191,2
2026-05-19 13:08:00,0.931,226,2
2026-05-19 13:14:00,0.865,203,2
2026-05-19 13:20:00,1.042,217,2
2026-05-19 13:26:00,0.982,210,2
2026-05-19 13:32:00,1.021,184,2
2026-05-19 13:38:00,1.374,241,2
2026-05-19 13:44:00,1.234,202,2
2026-05-19 13:50:00,1.623,208,2
2026-05-19 13:56:00,1.563,216,2
2026-05-19 14:02:00,1.72,210,2
2026-05-19 14:08:00,1.751,225,2
2026-05-19 14:14:00,2.099,229,2
2026-05-19 14:20:00,1.775,238,2
2026-05-19 14:26:00,1.567,232,2
2026-05-19 14:32:00,1.555,246,2
2026-05-19 14:38:00,1.65,233,2
2026-05-19 14:44:00,1.54,212,2
2026-05-19 14:50:00,1.656,229,2
2026-05-19 14:56:00,1.582,250,2
2026-05-19 15:02:00,1.61,241,2
2026-05-19 15:08:00,1.559,234,2
2026-05-19 15:14:00,1.549,211,2
2026-05-19 15:20:00,1.466,219,2
2026-05-19 15:26:00,1.508,204,2
2026-05-19 15:32:00,1.608,183,2
2026-05-19 15:38:00,1.594,213,2
2026-05-19 15:44:00,1.588,190,2
2026-05-19 15:50:00,1.516,230,2
2026-05-19 15:56:00,1.505,204,2
2026-05-19 16:02:00,1.295,226,2
2026-05-19 16:08:00,1.281,184,2
2026-05-19 16:14:00,1.402,254,2
2026-05-19 16:20:00,1.466,223,2
2026-05-19 16:26:00,1.328,211,2
2026-05-19 16:32:00,1.122,180,2
2026-05-19 16:38:00,1.102,223,2
2026-05-19 16:44:00,0.986,203,2
2026-05-19 16:50:00,0.927,195,2
2026-05-19 16:56:00,0.838,215,2
2026-05-19 17:02:00,0.805,217,2
2026-05-19 17:08:00,0.743,207,2
2026-05-19 17:14:00,0.63,218,2
2026-05-19 17:20:00,0.451,218,2
2026-05-19 17:26:00,0.476,201,2
2026-05-19 17:32:00,0.321,232,2
2026-05-19 17:38:00,0.393,232,2
2026-05-19 17:44:00,0.161,233,2
2026-05-19 17:50:00,0.227,174,2
2026-05-19 17:56:00,0.134,101,2
2026-05-19 18:02:00,0.082,306,2
2026-05-19 18:08:00,0.152,303,2
2026-05-19 18:14:00,0.124,346,2
2026-05-19 18:20:00,0.117,353,2
2026-05-19 18:26:00,0.14,58,2
2026-05-19 18:32:00,0.235,47,2
2026-05-19 18:38:00,0.245,83,2
2026-05-19 18:44:00,0.138,14,2
2026-05-19 18:50:00,0.222,20,2
2026-05-19 18:56:00,0.264,47,2
2026-05-19 19:02:00,0.222,34,2
2026-05-19 19:08:00,0.2,8,2
2026-05-19 19:14:00,0.157,62,2
2026-05-19 19:20:00,0.124,49,2
2026-05-19 19:26:00,0.117,18,2
2026-05-19 19:32:00,0.317,53,2
2026-05-19 19:38:00,0.295,41,2
2026-05-19 19:44:00,0.245,33,2
2026-05-19 19:50:00,0.408,35,2
2026-05-19 19:56:00,0.476,9,2
2026-05-19 20:02:00,0.502,10,2
2026-05-19 20:08:00,0.482,19,2
2026-05-19 20:14:00,0.558,18,2
2026-05-19 20:20:00,0.521,17,2
2026-05-19 20:26:00,0.529,22,2
2026-05-19 20:32:00,0.624,356,2
2026-05-19 20:38:00,0.626,6,2
2026-05-19 20:44:00,0.593,6,2
2026-05-19 20:50:00,0.579,4,2
2026-05-19 20:56:00,0.48,352,2
2026-05-19 21:02:00,0.581,5,2
2026-05-19 21:08:00,0.393,358,2
2026-05-19 21:14:00,0.453,357,2
2026-05-19 21:20:00,0.529,348,2
2026-05-19 21:26:00,0.505,2,2
2026-05-19 21:32:00,0.468,26,2
2026-05-19 21:38:00,0.332,20,2
2026-05-19 21:44:00,0.311,7,2
2026-05-19 21:50:00,0.251,354,2
2026-05-19 21:56:00,0.251,333,2
2026-05-19 22:02:00,0.198,332,2
2026-05-19 22:08:00,0.185,350,2
2026-05-19 22:14:00,0.107,37,2
2026-05-19 22:20:00,0.012,259,2
2026-05-19 22:26:00,0.018,349,2
2026-05-19 22:32:00,0.043,103,2
2026-05-19 22:38:00,0.082,271,2
2026-05-19 22:44:00,0.13,241,2
2026-05-19 22:50:00,0.159,246,2
2026-05-19 22:56:00,0.119,192,2
2026-05-19 23:02:00,0.064,167,2
2026-05-19 23:08:00,0.111,121,2
2026-05-19 23:14:00,0.28,185,2
2026-05-19 23:20:00,0.22,175,2
2026-05-19 23:26:00,0.282,193,2
2026-05-19 23:32:00,0.325,194,2
2026-05-19 23:38:00,0.364,209,2
2026-05-19 23:44:00,0.387,219,2
2026-05-19 23:50:00,0.354,216,2
2026-05-19 23:56:00,0.445,210,2
2026-05-20 00:02:00,0.371,237,2
2026-05-20 00:08:00,0.476,200,2
2026-05-20 00:14:00,0.492,214,2
2026-05-20 00:20:00,0.488,208,2
2026-05-20 00:26:00,0.455,200,2
2026-05-20 00:32:00,0.453,222,2
2026-05-20 00:38:00,0.535,186,2
2026-05-20 00:44:00,0.606,197,2
2026-05-20 00:50:00,0.626,182,2
2026-05-20 00:56:00,0.628,201,2
2026-05-20 01:02:00,0.632,204,2
2026-05-20 01:08:00,0.71,216,2
2026-05-20 01:14:00,0.886,246,2
2026-05-20 01:20:00,0.902,245,2
2026-05-20 01:26:00,0.836,221,2
2026-05-20 01:32:00,0.877,234,2
2026-05-20 01:38:00,0.921,220,2
2026-05-20 01:44:00,1.003,214,2
2026-05-20 01:50:00,0.984,238,2
2026-05-20 01:56:00,1.046,221,2
2026-05-20 02:02:00,0.947,245,2
2026-05-20 02:08:00,0.949,200,2
2026-05-20 02:20:00,0.908,238,2
2026-05-20 02:26:00,1.024,229,2
2026-05-20 02:32:00,0.725,239,2
2026-05-20 02:38:00,0.774,229,2
2026-05-20 02:44:00,0.758,218,2
2026-05-20 02:50:00,0.663,224,2
2026-05-20 02:56:00,0.711,232,2
2026-05-20 03:02:00,0.904,200,2
2026-05-20 03:08:00,0.871,145,2
2026-05-20 03:14:00,0.83,180,2
2026-05-20 03:20:00,0.781,231,2
2026-05-20 03:26:00,0.76,241,2
2026-05-20 03:32:00,0.601,201,2
2026-05-20 03:38:00,0.558,254,2
2026-05-20 03:44:00,0.507,240,2
2026-05-20 03:50:00,0.579,222,2
2026-05-20 03:56:00,0.54,277,2
2026-05-20 04:02:00,0.587,225,2
2026-05-20 04:08:00,0.484,284,2
2026-05-20 04:14:00,0.43,250,2
2026-05-20 04:20:00,0.354,194,2
2026-05-20 04:32:00,0.328,254,2
2026-05-20 04:38:00,0.274,247,2
2026-05-20 04:44:00,0.169,245,2
2026-05-20 04:50:00,0.156,259,2
2026-05-20 04:56:00,0.198,257,2
2026-05-20 05:02:00,0.179,298,2
2026-05-20 05:08:00,0.194,299,2
2026-05-20 05:14:00,0.169,353,2
2026-05-20 05:20:00,0.146,19,2
2026-05-20 05:26:00,0.189,6,2
2026-05-20 05:32:00,0.198,0,2
2026-05-20 05:38:00,0.245,15,2
2026-05-20 05:44:00,0.274,8,2
2026-05-20 05:50:00,0.371,26,2
2026-05-20 05:56:00,0.433,38,2
2026-05-20 06:02:00,0.533,27,2
2026-05-20 06:08:00,0.643,27,2
2026-05-20 06:14:00,0.641,39,2
2026-05-20 06:20:00,0.673,30,2
2026-05-20 06:26:00,0.651,24,2
2026-05-20 06:32:00,0.678,1,2
2026-05-20 06:38:00,0.811,21,2
2026-05-20 06:44:00,0.813,18,2
2026-05-20 06:50:00,0.774,2,2
2026-05-20 06:56:00,0.9,37,2
2026-05-20 07:02:00,0.972,29,2
2026-05-20 07:08:00,0.999,355,2
2026-05-20 07:14:00,0.987,44,2
2026-05-20 07:20:00,1.032,9,2
2026-05-20 07:26:00,0.993,38,2
2026-05-20 07:32:00,1.011,48,2
2026-05-20 07:38:00,0.956,15,2
2026-05-20 07:44:00,1.071,21,2
2026-05-20 07:50:00,1.011,15,2
2026-05-20 07:56:00,1.038,41,2
2026-05-20 08:02:00,0.97,25,2
2026-05-20 08:08:00,1.03,354,2
2026-05-20 08:14:00,0.96,38,2
2026-05-20 08:20:00,1.007,7,2
2026-05-20 08:26:00,0.993,19,2
2026-05-20 08:32:00,1.015,17,2
2026-05-20 08:38:00,0.962,11,2
2026-05-20 08:44:00,1.007,35,2
2026-05-20 08:50:00,0.987,41,2
2026-05-20 08:56:00,0.964,7,2
2026-05-20 09:02:00,0.956,59,2
2026-05-20 09:08:00,0.91,49,2
2026-05-20 09:14:00,0.849,65,2
2026-05-20 09:20:00,0.828,47,2
2026-05-20 09:26:00,0.892,44,2
2026-05-20 09:32:00,0.766,49,2
2026-05-20 09:38:00,0.744,60,2
2026-05-20 09:44:00,0.536,16,2
2026-05-20 09:50:00,0.655,25,2
2026-05-20 09:56:00,0.581,11,2
2026-05-20 10:02:00,0.525,354,2
2026-05-20 10:08:00,0.387,34,2
2026-05-20 10:14:00,0.435,42,2
2026-05-20 10:20:00,0.393,54,2
2026-05-20 10:26:00,0.381,5,2
2026-05-20 10:32:00,0.276,17,2
2026-05-20 10:38:00,0.27,332,2
2026-05-20 10:44:00,0.225,3,2
2026-05-20 10:50:00,0.169,359,2
2026-05-20 10:56:00,0.179,335,2
2026-05-20 11:02:00,0.06,317,2
2026-05-20 11:08:00,0.043,333,2
2026-05-20 11:14:00,0.093,269,2
2026-05-20 11:20:00,0.06,313,2
2026-05-20 11:26:00,0.058,268,2
2026-05-20 11:32:00,0.13,256,2
2026-05-20 11:38:00,0.134,245,2
2026-05-20 11:44:00,0.169,225,2
2026-05-20 11:50:00,0.148,288,2
2026-05-20 11:56:00,0.22,119,2
2026-05-20 12:02:00,0.154,28,2
2026-05-20 12:08:00,0.299,216,2
2026-05-20 12:14:00,0.369,258,2
2026-05-20 12:26:00,0.525,228,2
2026-05-20 12:32:00,0.482,261,2
2026-05-20 12:38:00,0.432,168,2
2026-05-20 12:44:00,0.457,220,2
2026-05-20 12:50:00,0.531,201,2
2026-05-20 12:56:00,0.54,204,2
2026-05-20 13:02:00,0.605,210,2
2026-05-20 13:08:00,0.725,199,2
2026-05-20 13:14:00,0.69,219,2
2026-05-20 13:20:00,0.783,178,2
2026-05-20 13:26:00,0.809,193,2
2026-05-20 13:32:00,0.836,184,2
2026-05-20 13:38:00,0.783,208,2
2026-05-20 13:44:00,0.776,202,2
2026-05-20 13:50:00,0.859,224,2
2026-05-20 13:56:00,1.061,183,2
2026-05-20 14:02:00,1.065,230,2
2026-05-20 14:08:00,1.166,197,2
2026-05-20 14:14:00,1.079,236,2
2026-05-20 14:20:00,0.921,178,2
2026-05-20 14:26:00,1.096,222,2
2026-05-20 14:32:00,1.326,176,2
2026-05-20 14:38:00,1.194,205,2
2026-05-20 14:44:00,1.23,207,2
2026-05-20 14:50:00,1.017,227,2
2026-05-20 14:56:00,1.149,229,2
2026-05-20 15:02:00,1.155,199,2
2026-05-20 15:08:00,1.238,250,2
2026-05-20 15:14:00,1.275,189,2
2026-05-20 15:20:00,1.355,213,2
2026-05-20 15:26:00,1.402,231,2
2026-05-20 15:32:00,1.596,213,2
2026-05-20 15:38:00,1.685,190,2
2026-05-20 15:44:00,1.662,187,2
2026-05-20 15:50:00,1.571,190,2
2026-05-20 15:56:00,1.584,202,2
2026-05-20 16:02:00,1.559,222,2
2026-05-20 16:08:00,1.522,200,2
2026-05-20 16:14:00,1.716,199,2
2026-05-20 16:20:00,1.462,186,2
2026-05-20 16:26:00,1.351,247,2
2026-05-20 16:32:00,1.483,248,2
2026-05-20 16:38:00,1.516,235,2
2026-05-20 16:44:00,1.33,187,2
2026-05-20 16:50:00,1.326,201,2
2026-05-20 16:56:00,1.271,217,2
2026-05-20 17:02:00,1.376,184,2
2026-05-20 17:08:00,1.281,227,2
2026-05-20 17:14:00,1.312,216,2
2026-05-20 17:20:00,1.287,216,2
2026-05-20 17:26:00,1.236,194,2
2026-05-20 17:32:00,1.246,218,2
2026-05-20 17:38:00,1.24,226,2
2026-05-20 17:44:00,1.133,235,2
2026-05-20 17:50:00,1.133,245,2
2026-05-20 17:56:00,1.087,168,2
2026-05-20 18:02:00,1.065,235,2
2026-05-20 18:08:00,0.97,226,2
2026-05-20 18:14:00,0.813,246,2
2026-05-20 18:20:00,0.807,191,2
2026-05-20 18:26:00,0.781,206,2
2026-05-20 18:32:00,0.585,186,2
2026-05-20 18:38:00,0.655,252,2
2026-05-20 18:44:00,0.593,223,2
2026-05-20 18:50:00,0.513,194,2
2026-05-20 18:56:00,0.544,174,2
2026-05-20 19:02:00,0.404,179,2
2026-05-20 19:08:00,0.33,222,2
2026-05-20 19:14:00,0.346,204,2
2026-05-20 19:20:00,0.336,289,2
2026-05-20 19:26:00,0.36,255,2
2026-05-20 19:32:00,0.28,242,2
2026-05-20 19:38:00,0.222,267,2
2026-05-20 19:44:00,0.161,278,2
2026-05-20 19:50:00,0.206,233,2
2026-05-20 19:56:00,0.187,288,2
2026-05-20 20:02:00,0.167,284,2
2026-05-20 20:08:00,0.138,331,2
2026-05-20 20:14:00,0.138,321,2
2026-05-20 20:20:00,0.227,49,2
2026-05-20 20:26:00,0.097,33,2
2026-05-20 20:32:00,0.22,12,2
2026-05-20 20:38:00,0.276,13,2
2026-05-20 20:44:00,0.338,27,2
2026-05-20 20:50:00,0.385,59,2
2026-05-20 20:56:00,0.34,43,2
2026-05-20 21:02:00,0.309,17,2
2026-05-20 21:08:00,0.408,46,2
2026-05-20 21:14:00,0.397,32,2
2026-05-20 21:20:00,0.362,24,2
2026-05-20 21:26:00,0.284,358,2
2026-05-20 21:32:00,0.272,9,2
2026-05-20 21:38:00,0.286,55,2
2026-05-20 21:44:00,0.249,49,2
2026-05-20 21:50:00,0.227,28,2
2026-05-20 21:56:00,0.253,30,2
2026-05-20 22:02:00,0.194,25,2
2026-05-20 22:08:00,0.202,347,2
2026-05-20 22:14:00,0.128,338,2
2026-05-20 22:20:00,0.214,334,2
2026-05-20 22:26:00,0.128,265,2
2026-05-20 22:32:00,0.218,290,2
2026-05-20 22:38:00,0.121,303,2
2026-05-20 22:44:00,0.194,283,2
2026-05-20 22:50:00,0.159,275,2
2026-05-20 22:56:00,0.099,250,2
2026-05-20 23:02:00,0.169,234,2
2026-05-20 23:08:00,0.128,229,2
2026-05-20 23:14:00,0.272,233,2
2026-05-20 23:20:00,0.091,200,2
2026-05-20 23:26:00,0.198,242,2
2026-05-20 23:32:00,0.179,214,2
2026-05-20 23:38:00,0.171,192,2
2026-05-20 23:44:00,0.286,234,2
2026-05-20 23:50:00,0.278,230,2
2026-05-20 23:56:00,0.274,188,2
2026-05-21 00:02:00,0.292,190,2
2026-05-21 00:08:00,0.229,217,2
2026-05-21 00:14:00,0.251,171,2
2026-05-21 00:20:00,0.432,172,2
2026-05-21 00:26:00,0.412,189,2
2026-05-21 00:32:00,0.441,181,2
2026-05-21 00:38:00,0.461,223,2
2026-05-21 00:44:00,0.484,183,2
2026-05-21 00:50:00,0.614,214,2
2026-05-21 00:56:00,0.538,242,2
2026-05-21 01:02:00,0.556,185,2
2026-05-21 01:08:00,0.57,237,2
2026-05-21 01:14:00,0.64,245,2
2026-05-21 01:20:00,0.655,226,2
2026-05-21 01:26:00,0.789,162,2
2026-05-21 01:32:00,0.737,279,2
2026-05-21 01:38:00,0.75,177,2
2026-05-21 01:44:00,0.758,181,2
2026-05-21 01:50:00,0.803,251,2
2026-05-21 01:56:00,0.844,157,2
2026-05-21 02:02:00,0.849,201,2
2026-05-21 02:08:00,1.013,247,2
2026-05-21 02:14:00,0.91,247,2
2026-05-21 02:20:00,0.987,207,2
2026-05-21 02:26:00,1.03,157,2
2026-05-21 02:32:00,0.958,247,2
2026-05-21 02:38:00,1.022,165,2
2026-05-21 02:44:00,1.129,232,2
2026-05-21 02:50:00,1.219,189,2
2026-05-21 02:56:00,1.096,235,2
2026-05-21 03:02:00,1.199,232,2
2026-05-21 03:08:00,1.164,202,2
2026-05-21 03:14:00,1.133,232,2
2026-05-21 03:20:00,1.174,198,2
2026-05-21 03:26:00,1.032,162,2
2026-05-21 03:32:00,1.147,244,2
2026-05-21 03:38:00,1.118,237,2
2026-05-21 03:44:00,1.246,185,2
2026-05-21 03:50:00,1.157,235,2
2026-05-21 03:56:00,1.106,240,2
2026-05-21 04:02:00,1.17,189,2
2026-05-21 04:08:00,1.12,270,2
2026-05-21 04:14:00,1.096,238,2
2026-05-21 04:20:00,1.056,250,2
2026-05-21 04:26:00,1.048,227,2
2026-05-21 04:32:00,0.888,233,2
2026-05-21 04:38:00,0.826,252,2
2026-05-21 04:44:00,0.809,197,2
2026-05-21 04:50:00,0.704,250,2
2026-05-21 04:56:00,0.756,183,2
2026-05-21 05:02:00,0.746,252,2
2026-05-21 05:08:00,0.783,229,2
2026-05-21 05:14:00,0.725,233,2
2026-05-21 05:20:00,0.593,252,2
2026-05-21 05:26:00,0.529,250,2
2026-05-21 05:32:00,0.612,201,2
2026-05-21 05:38:00,0.488,217,2
2026-05-21 05:44:00,0.373,224,2
2026-05-21 05:50:00,0.29,245,2
2026-05-21 05:56:00,0.235,250,2
2026-05-21 06:02:00,0.229,252,2
2026-05-21 06:08:00,0.328,246,2
2026-05-21 06:14:00,0.222,266,2
2026-05-21 06:20:00,0.212,258,2
2026-05-21 06:26:00,0.163,261,2
2026-05-21 06:32:00,0.084,299,2
2026-05-21 06:38:00,0.093,289,2
2026-05-21 06:44:00,0.121,333,2
2026-05-21 06:50:00,0.105,352,2
2026-05-21 06:56:00,0.054,323,2
2026-05-21 07:02:00,0.159,20,2
2026-05-21 07:08:00,0.28,2,2
2026-05-21 07:14:00,0.212,39,2
2026-05-21 07:20:00,0.327,32,2
2026-05-21 07:26:00,0.391,14,2
2026-05-21 07:32:00,0.34,44,2
2026-05-21 07:38:00,0.62,26,2
2026-05-21 07:44:00,0.538,14,2
2026-05-21 07:50:00,0.601,17,2
2026-05-21 07:56:00,0.673,29,2
2026-05-21 08:02:00,0.645,36,2
2026-05-21 08:08:00,0.708,3,2
2026-05-21 08:14:00,0.593,69,2
2026-05-21 08:20:00,0.626,43,2
2026-05-21 08:26:00,0.671,358,2
2026-05-21 08:32:00,0.645,69,2
2026-05-21 08:38:00,0.42,107,2
2026-05-21 08:44:00,0.661,356,2
2026-05-21 08:50:00,0.603,338,2
2026-05-21 08:56:00,0.587,29,2
2026-05-21 09:02:00,0.638,56,2
2026-05-21 09:08:00,0.64,41,2
2026-05-21 09:14:00,0.26,332,2
2026-05-21 09:20:00,0.453,55,2
2026-05-21 09:26:00,0.667,60,2
2026-05-21 09:32:00,0.616,53,2
2026-05-21 09:38:00,0.544,56,2
2026-05-21 09:44:00,0.509,45,2
2026-05-21 09:50:00,0.597,41,2
2026-05-21 09:56:00,0.5,45,2
2026-05-21 10:02:00,0.603,67,2
2026-05-21 10:08:00,0.494,65,2
2026-05-21 10:14:00,0.315,85,2
2026-05-21 10:20:00,0.422,46,2
2026-05-21 10:26:00,0.364,357,2
2026-05-21 10:32:00,0.111,293,2
2026-05-21 10:38:00,0.272,355,2
2026-05-21 10:44:00,0.095,62,2
2026-05-21 10:50:00,0.303,38,2
2026-05-21 10:56:00,0.235,57,2
2026-05-21 11:02:00,0.109,221,2
2026-05-21 11:08:00,0.122,324,2
2026-05-21 11:14:00,0.113,296,2
2026-05-21 11:20:00,0.086,256,2
2026-05-21 11:26:00,0.124,349,2
2026-05-21 11:32:00,0.124,217,2
2026-05-21 11:38:00,0.167,272,2
2026-05-21 11:44:00,0.192,273,2
2026-05-21 11:50:00,0.373,228,2
2026-05-21 11:56:00,0.465,266,2
2026-05-21 12:02:00,0.599,212,2
2026-05-21 12:08:00,0.595,182,2
2026-05-21 12:14:00,0.61,192,2
2026-05-21 12:20:00,0.605,202,2
2026-05-21 12:26:00,0.702,221,2
2026-05-21 12:32:00,0.634,186,2
2026-05-21 12:38:00,0.618,216,2
2026-05-21 12:44:00,0.698,208,2
2026-05-21 12:50:00,0.849,223,2
2026-05-21 12:56:00,0.727,224,2
2026-05-21 13:02:00,0.82,203,2
2026-05-21 13:08:00,0.882,220,2
2026-05-21 13:14:00,0.986,226,2
2026-05-21 13:20:00,0.97,221,2
2026-05-21 13:26:00,1.042,227,2
2026-05-21 13:32:00,1.036,219,2
2026-05-21 13:38:00,1.03,218,2
2026-05-21 13:44:00,1.067,213,2
2026-05-21 13:50:00,1.188,227,2
2026-05-21 13:56:00,1.26,232,2
2026-05-21 14:02:00,1.242,238,2
2026-05-21 14:08:00,1.225,208,2
2026-05-21 14:14:00,1.238,217,2
2026-05-21 14:20:00,1.365,238,2
2026-05-21 14:26:00,1.394,215,2
2026-05-21 14:32:00,1.592,209,2
2026-05-21 14:38:00,1.501,218,2
2026-05-21 14:44:00,1.67,214,2
2026-05-21 14:50:00,1.596,234,2
2026-05-21 14:56:00,1.623,219,2
2026-05-21 15:02:00,1.571,214,2
2026-05-21 15:08:00,1.693,214,2
2026-05-21 15:14:00,1.678,207,2
2026-05-21 15:20:00,1.952,224,2
2026-05-21 15:26:00,1.794,225,2
2026-05-21 15:32:00,1.676,230,2
2026-05-21 15:38:00,1.689,228,2
2026-05-21 15:44:00,1.65,221,2
2026-05-21 15:50:00,1.794,232,2
2026-05-21 15:56:00,1.804,211,2
2026-05-21 16:02:00,1.771,207,2
2026-05-21 16:14:00,1.73,224,2
2026-05-21 16:20:00,1.833,214,2
2026-05-21 16:26:00,1.88,226,2
2026-05-21 16:32:00,1.932,198,2
2026-05-21 16:38:00,1.963,217,2
2026-05-21 16:44:00,2.02,208,2
2026-05-21 16:50:00,1.975,221,2
2026-05-21 16:56:00,1.818,220,2
2026-05-21 17:02:00,1.901,219,2
2026-05-21 17:08:00,1.862,219,2
2026-05-21 17:14:00,1.882,206,2
2026-05-21 17:20:00,1.915,228,2
2026-05-21 17:26:00,1.932,210,2
2026-05-21 17:32:00,1.755,228,2
2026-05-21 17:38:00,1.654,232,2
2026-05-21 17:44:00,1.604,222,2
2026-05-21 17:50:00,1.501,224,2
2026-05-21 17:56:00,1.606,218,2
2026-05-21 18:02:00,1.493,214,2
2026-05-21 18:08:00,1.283,225,2
2026-05-21 18:14:00,1.195,213,2
2026-05-21 18:20:00,1.248,203,2
2026-05-21 18:26:00,1.186,209,2
2026-05-21 18:32:00,1.124,236,2
2026-05-21 18:38:00,0.945,225,2
2026-05-21 18:44:00,0.869,240,2
2026-05-21 18:50:00,0.956,254,2
2026-05-21 18:56:00,0.832,219,2
2026-05-21 19:02:00,0.882,202,2
2026-05-21 19:08:00,0.764,235,2
2026-05-21 19:14:00,0.822,216,2
2026-05-21 19:20:00,0.7,235,2
2026-05-21 19:26:00,0.783,226,2
2026-05-21 19:32:00,0.614,210,2
2026-05-21 19:38:00,0.544,217,2
2026-05-21 19:44:00,0.57,259,2
2026-05-21 19:50:00,0.416,259,2
2026-05-21 19:56:00,0.321,258,2
2026-05-21 20:02:00,0.379,268,2
2026-05-21 20:08:00,0.278,258,2
2026-05-21 20:14:00,0.175,213,2
2026-05-21 20:20:00,0.208,234,2
2026-05-21 20:26:00,0.054,208,2
2026-05-21 20:32:00,0.084,303,2
2026-05-21 20:38:00,0.132,341,2
2026-05-21 20:44:00,0.117,359,2
2026-05-21 20:50:00,0.247,353,2
2026-05-21 20:56:00,0.202,342,2
2026-05-21 21:02:00,0.222,339,2
2026-05-21 21:08:00,0.22,352,2
2026-05-21 21:14:00,0.253,336,2
2026-05-21 21:20:00,0.218,348,2
2026-05-21 21:26:00,0.328,3,2
2026-05-21 21:32:00,0.227,352,2
2026-05-21 21:38:00,0.373,339,2
2026-05-21 21:44:00,0.325,9,2
2026-05-21 21:50:00,0.307,13,2
2026-05-21 21:56:00,0.315,4,2
2026-05-21 22:02:00,0.247,352,2
2026-05-21 22:08:00,0.274,7,2
2026-05-21 22:14:00,0.255,321,2
2026-05-21 22:20:00,0.227,353,2
2026-05-21 22:26:00,0.22,26,2
2026-05-21 22:32:00,0.216,26,2
2026-05-21 22:38:00,0.222,43,2
2026-05-21 22:44:00,0.253,10,2
2026-05-21 22:50:00,0.136,351,2
2026-05-21 22:56:00,0.189,353,2
2026-05-21 23:02:00,0.175,4,2
2026-05-21 23:08:00,0.103,359,2
2026-05-21 23:14:00,0.14,316,2
2026-05-21 23:20:00,0.181,321,2
2026-05-21 23:26:00,0.091,321,2
2026-05-21 23:32:00,0.113,288,2
2026-05-21 23:38:00,0.091,335,2
2026-05-21 23:44:00,0.132,17,2
2026-05-21 23:50:00,0.103,316,2
2026-05-21 23:56:00,0.109,326,2
2026-05-22 00:02:00,0.08,290,2
2026-05-22 00:08:00,0.14,278,2
2026-05-22 00:14:00,0.14,334,2
2026-05-22 00:20:00,0.128,240,2
2026-05-22 00:26:00,0.052,214,2
2026-05-22 00:32:00,0.136,261,2
2026-05-22 00:38:00,0.146,217,2
2026-05-22 00:44:00,0.121,251,2
2026-05-22 00:50:00,0.167,206,2
2026-05-22 00:56:00,0.159,205,2
2026-05-22 01:02:00,0.288,236,2
2026-05-22 01:08:00,0.28,233,2
2026-05-22 01:14:00,0.325,241,2
2026-05-22 01:20:00,0.379,251,2
2026-05-22 01:26:00,0.41,164,2
2026-05-22 01:32:00,0.393,219,2
2026-05-22 01:38:00,0.377,248,2
2026-05-22 01:44:00,0.348,251,2
2026-05-22 01:50:00,0.406,186,2
2026-05-22 01:56:00,0.371,268,2
2026-05-22 02:02:00,0.132,272,2
2026-05-22 02:08:00,0.239,210,2
2026-05-22 02:14:00,0.344,213,2
2026-05-22 02:20:00,0.4,218,2
2026-05-22 02:26:00,0.323,176,2
2026-05-22 02:32:00,0.352,217,2
2026-05-22 02:38:00,0.323,230,2
2026-05-22 02:44:00,0.441,246,2
2026-05-22 02:50:00,0.441,259,2
2026-05-22 02:56:00,0.472,242,2
2026-05-22 03:02:00,0.521,209,2
2026-05-22 03:08:00,0.502,195,2
2026-05-22 03:14:00,0.412,196,2
2026-05-22 03:20:00,0.476,249,2
2026-05-22 03:26:00,0.42,178,2
2026-05-22 03:32:00,0.521,207,2
2026-05-22 03:38:00,0.556,217,2
2026-05-22 03:44:00,0.468,238,2
2026-05-22 03:50:00,0.437,250,2
2026-05-22 03:56:00,0.54,207,2
2026-05-22 04:02:00,0.482,211,2
2026-05-22 04:08:00,0.416,234,2
2026-05-22 04:14:00,0.474,246,2
2026-05-22 04:20:00,0.367,166,2
2026-05-22 04:26:00,0.323,187,2
2026-05-22 04:32:00,0.292,209,2
2026-05-22 04:38:00,0.346,213,2
2026-05-22 04:44:00,0.338,217,2
2026-05-22 04:50:00,0.346,224,2
2026-05-22 04:56:00,0.266,240,2
2026-05-22 05:02:00,0.192,214,2
2026-05-22 05:08:00,0.214,231,2
2026-05-22 05:14:00,0.243,195,2
2026-05-22 05:20:00,0.262,215,2
2026-05-22 05:26:00,0.282,196,2
2026-05-22 05:32:00,0.119,256,2
2026-05-22 05:38:00,0.235,288,2
2026-05-22 05:44:00,0.251,327,2
2026-05-22 05:50:00,0.26,289,2
2026-05-22 05:56:00,0.233,211,2
2026-05-22 06:02:00,0.173,208,2
2026-05-22 06:08:00,0.161,149,2
2026-05-22 06:14:00,0.13,187,2
2026-05-22 06:20:00,0.064,190,2
2026-05-22 06:26:00,0.051,265,2
2026-05-22 06:32:00,0.031,64,2
2026-05-22 06:38:00,0.056,333,2
2026-05-22 06:44:00,0.119,338,2
2026-05-22 06:50:00,0.19,328,2
2026-05-22 06:56:00,0.136,29,2
2026-05-22 07:02:00,0.173,20,2
2026-05-22 07:08:00,0.301,360,2
2026-05-22 07:14:00,0.389,3,2
2026-05-22 07:20:00,0.416,2,2
2026-05-22 07:26:00,0.362,35,2
2026-05-22 07:32:00,0.432,17,2
2026-05-22 07:38:00,0.393,38,2
2026-05-22 07:44:00,0.447,346,2
2026-05-22 07:50:00,0.424,356,2
2026-05-22 07:56:00,0.572,32,2
2026-05-22 08:02:00,0.402,22,2
2026-05-22 08:08:00,0.443,357,2
2026-05-22 08:14:00,0.519,350,2
2026-05-22 08:20:00,0.636,35,2
2026-05-22 08:26:00,0.426,46,2
2026-05-22 08:32:00,0.743,28,2
2026-05-22 08:38:00,0.723,50,2
2026-05-22 08:44:00,0.715,28,2
2026-05-22 08:50:00,0.768,44,2
2026-05-22 08:56:00,0.774,34,2
2026-05-22 09:02:00,0.807,37,2
2026-05-22 09:08:00,0.853,35,2
2026-05-22 09:14:00,0.851,41,2
2026-05-22 09:20:00,0.764,40,2
2026-05-22 09:26:00,0.76,23,2
2026-05-22 09:32:00,0.803,27,2
2026-05-22 09:38:00,0.902,18,2
2026-05-22 09:44:00,0.904,30,2
2026-05-22 09:50:00,0.933,26,2
2026-05-22 09:56:00,0.898,34,2
2026-05-22 10:02:00,0.772,31,2
2026-05-22 10:08:00,0.865,33,2
2026-05-22 10:14:00,0.737,63,2
2026-05-22 10:20:00,0.776,40,2
2026-05-22 10:26:00,0.667,39,2
2026-05-22 10:32:00,0.927,25,2
2026-05-22 10:38:00,0.688,19,2
2026-05-22 10:44:00,0.711,55,2
2026-05-22 10:50:00,0.671,45,2
2026-05-22 10:56:00,0.634,43,2
2026-05-22 11:02:00,0.748,26,2
2026-05-22 11:08:00,0.659,24,2
2026-05-22 11:14:00,0.562,13,2
2026-05-22 11:20:00,0.575,35,2
2026-05-22 11:26:00,0.54,21,2
2026-05-22 11:32:00,0.383,338,2
2026-05-22 11:38:00,0.437,42,2
2026-05-22 11:44:00,0.356,44,2
2026-05-22 11:50:00,0.4,22,2
2026-05-22 11:56:00,0.27,300,2
2026-05-22 12:02:00,0.274,359,2
2026-05-22 12:08:00,0.183,35,2
2026-05-22 12:14:00,0.169,46,2
2026-05-22 12:20:00,0.315,15,2
2026-05-22 12:26:00,0.264,347,2
2026-05-22 12:32:00,0.229,333,2
2026-05-22 12:38:00,0.276,359,2
2026-05-22 12:44:00,0.222,334,2
2026-05-22 12:50:00,0.148,3,2
2026-05-22 12:56:00,0.227,341,2
2026-05-22 13:02:00,0.216,20,2
2026-05-22 13:08:00,0.179,354,2
2026-05-22 13:14:00,0.152,335,2
2026-05-22 13:20:00,0.091,325,2
2026-05-22 13:26:00,0.144,291,2
2026-05-22 13:32:00,0.214,251,2
2026-05-22 13:38:00,0.208,297,2
2026-05-22 13:44:00,0.19,239,2
2026-05-22 13:50:00,0.253,280,2
2026-05-22 13:56:00,0.198,230,2
2026-05-22 14:02:00,0.332,216,2
2026-05-22 14:08:00,0.247,187,2
2026-05-22 14:14:00,0.249,260,2
2026-05-22 14:20:00,0.177,237,2
2026-05-22 14:26:00,0.144,222,2
2026-05-22 14:32:00,0.19,217,2
2026-05-22 14:38:00,0.301,215,2
2026-05-22 14:44:00,0.259,272,2
2026-05-22 14:50:00,0.259,266,2
2026-05-22 14:56:00,0.274,208,2
2026-05-22 15:02:00,0.362,259,2
2026-05-22 15:08:00,0.369,237,2
2026-05-22 15:14:00,0.4,217,2
2026-05-22 15:20:00,0.362,227,2
2026-05-22 15:26:00,0.432,224,2
2026-05-22 15:32:00,0.42,241,2
2026-05-22 15:38:00,0.451,196,2
2026-05-22 15:44:00,0.437,262,2
2026-05-22 15:50:00,0.486,212,2
2026-05-22 15:56:00,0.552,240,2
2026-05-22 16:02:00,0.502,223,2
2026-05-22 16:08:00,0.544,226,2
2026-05-22 16:14:00,0.624,238,2
2026-05-22 16:20:00,0.649,219,2
2026-05-22 16:26:00,0.667,227,2
2026-05-22 16:32:00,0.601,214,2
2026-05-22 16:38:00,0.653,226,2
2026-05-22 16:44:00,0.649,228,2
2026-05-22 16:50:00,0.653,217,2
2026-05-22 16:56:00,0.71,223,2
2026-05-22 17:02:00,0.657,208,2
2026-05-22 17:08:00,0.56,256,2
2026-05-22 17:14:00,0.519,221,2
2026-05-22 17:20:00,0.517,207,2
2026-05-22 17:26:00,0.608,238,2
2026-05-22 17:32:00,0.618,233,2
2026-05-22 17:38:00,0.558,223,2
2026-05-22 17:44:00,0.733,221,2
2026-05-22 17:50:00,0.925,231,2
2026-05-22 17:56:00,0.978,224,2
2026-05-22 18:02:00,1.065,187,2
2026-05-22 18:08:00,1.205,189,2
2026-05-22 18:14:00,1.223,200,2
2026-05-22 18:20:00,1.135,236,2
2026-05-22 18:26:00,1.022,204,2
2026-05-22 18:32:00,1.042,242,2
2026-05-22 18:38:00,0.908,254,2
2026-05-22 18:44:00,0.838,227,2
2026-05-22 18:50:00,0.762,209,2
2026-05-22 18:56:00,0.725,228,2
2026-05-22 19:02:00,0.597,225,2
2026-05-22 19:08:00,0.453,269,2
2026-05-22 19:14:00,0.502,262,2
2026-05-22 19:20:00,0.416,243,2
2026-05-22 19:26:00,0.307,221,2
2026-05-22 19:32:00,0.546,258,2
2026-05-22 19:38:00,0.48,225,2
2026-05-22 19:44:00,0.55,206,2
2026-05-22 19:50:00,0.486,234,2
2026-05-22 19:56:00,0.406,259,2
2026-05-22 20:02:00,0.325,205,2
2026-05-22 20:08:00,0.397,215,2
2026-05-22 20:14:00,0.455,240,2
2026-05-22 20:20:00,0.391,242,2
2026-05-22 20:26:00,0.284,242,2
2026-05-22 20:32:00,0.255,284,2
2026-05-22 20:38:00,0.144,328,2
2026-05-22 20:44:00,0.185,300,2
2026-05-22 20:50:00,0.185,351,2
2026-05-22 20:56:00,0.105,292,2
2026-05-22 21:02:00,0.2,326,2
2026-05-22 21:08:00,0.249,327,2
2026-05-22 21:14:00,0.27,327,2
2026-05-22 21:20:00,0.307,286,2
2026-05-22 21:26:00,0.198,355,2
2026-05-22 21:32:00,0.319,6,2
2026-05-22 21:38:00,0.321,18,2
2026-05-22 21:44:00,0.354,352,2
2026-05-22 21:50:00,0.338,6,2
2026-05-22 21:56:00,0.414,10,2
2026-05-22 22:02:00,0.502,4,2
2026-05-22 22:08:00,0.441,358,2
2026-05-22 22:14:00,0.398,15,2
2026-05-22 22:20:00,0.445,15,2
2026-05-22 22:26:00,0.395,57,2
2026-05-22 22:32:00,0.28,43,2
2026-05-22 22:38:00,0.282,43,2
2026-05-22 22:44:00,0.249,87,2
2026-05-22 22:50:00,0.27,52,2
2026-05-22 22:56:00,0.229,328,2
2026-05-22 23:02:00,0.22,51,2
2026-05-22 23:08:00,0.154,30,2
2026-05-22 23:14:00,0.144,21,2
2026-05-22 23:20:00,0.051,236,2
2026-05-22 23:26:00,0.303,37,2
2026-05-22 23:32:00,0.194,14,2
2026-05-22 23:38:00,0.342,102,2
2026-05-22 23:44:00,0.163,31,2
2026-05-22 23:50:00,0.115,346,2
2026-05-22 23:56:00,0.122,59,2
2026-05-23 00:02:00,0.27,76,2
2026-05-23 00:08:00,0.253,13,2
2026-05-23 00:14:00,0.268,17,2
2026-05-23 00:20:00,0.204,325,2
2026-05-23 00:26:00,0.179,339,2
2026-05-23 00:32:00,0.13,352,2
2026-05-23 00:38:00,0.192,319,2
2026-05-23 00:44:00,0.179,277,2
2026-05-23 00:50:00,0.173,258,2
2026-05-23 00:56:00,0.146,271,2
2026-05-23 01:02:00,0.175,270,2
2026-05-23 01:08:00,0.2,315,2
2026-05-23 01:14:00,0.208,249,2
2026-05-23 01:20:00,0.2,239,2
2026-05-23 01:26:00,0.169,258,2
2026-05-23 01:32:00,0.146,231,2
2026-05-23 01:38:00,0.297,189,2
2026-05-23 01:44:00,0.292,245,2
2026-05-23 01:50:00,0.278,158,2
2026-05-23 01:56:00,0.371,182,2
2026-05-23 02:02:00,0.42,232,2
2026-05-23 02:08:00,0.451,184,2
2026-05-23 02:14:00,0.262,202,2
2026-05-23 02:20:00,0.482,245,2
2026-05-23 02:26:00,0.463,203,2
2026-05-23 02:32:00,0.416,263,2
2026-05-23 02:38:00,0.397,204,2
2026-05-23 02:44:00,0.424,182,2
2026-05-23 02:50:00,0.412,229,2
2026-05-23 02:56:00,0.383,198,2
2026-05-23 03:02:00,0.398,222,2
2026-05-23 03:08:00,0.542,213,2
2026-05-23 03:14:00,0.641,208,2
2026-05-23 03:20:00,0.536,192,2
2026-05-23 03:26:00,0.513,194,2
2026-05-23 03:32:00,0.605,185,2
2026-05-23 03:38:00,0.566,187,2
2026-05-23 03:44:00,0.575,245,2
2026-05-23 03:50:00,0.671,182,2
2026-05-23 03:56:00,0.54,219,2
2026-05-23 04:02:00,0.671,186,2
2026-05-23 04:08:00,0.634,184,2
2026-05-23 04:14:00,0.583,171,2
2026-05-23 04:20:00,0.69,208,2
2026-05-23 04:26:00,0.731,219,2
2026-05-23 04:32:00,0.713,269,2
2026-05-23 04:38:00,0.828,231,2
2026-05-23 04:44:00,0.888,209,2
2026-05-23 04:50:00,0.923,186,2
2026-05-23 04:56:00,0.83,214,2
2026-05-23 05:02:00,0.805,216,2
2026-05-23 05:08:00,0.758,185,2
2026-05-23 05:14:00,0.807,227,2
2026-05-23 05:20:00,0.735,232,2
2026-05-23 05:26:00,0.877,214,2
2026-05-23 05:32:00,0.9,205,2
2026-05-23 05:38:00,0.912,206,2
2026-05-23 05:44:00,0.793,220,2
2026-05-23 05:50:00,0.816,231,2
2026-05-23 05:56:00,0.811,212,2
2026-05-23 06:02:00,0.735,250,2
2026-05-23 06:08:00,0.869,234,2
2026-05-23 06:14:00,0.789,243,2
2026-05-23 06:20:00,0.859,234,2
2026-05-23 06:26:00,0.733,211,2
2026-05-23 06:32:00,0.776,245,2
2026-05-23 06:38:00,0.741,233,2
2026-05-23 06:44:00,0.647,246,2
2026-05-23 06:50:00,0.651,189,2
2026-05-23 06:56:00,0.682,250,2
2026-05-23 07:02:00,0.64,219,2
2026-05-23 07:08:00,0.599,236,2
2026-05-23 07:14:00,0.476,202,2
2026-05-23 07:20:00,0.55,178,2
2026-05-23 07:26:00,0.593,220,2
2026-05-23 07:32:00,0.517,237,2
2026-05-23 07:38:00,0.395,240,2
2026-05-23 07:44:00,0.375,225,2
2026-05-23 07:50:00,0.292,219,2
2026-05-23 07:56:00,0.377,279,2
2026-05-23 08:02:00,0.292,205,2
2026-05-23 08:08:00,0.338,228,2
2026-05-23 08:14:00,0.187,247,2
2026-05-23 08:20:00,0.276,263,2
2026-05-23 08:26:00,0.227,270,2
2026-05-23 08:32:00,0.019,259,2
2026-05-23 08:38:00,0.177,318,2
2026-05-23 08:44:00,0.041,259,2
2026-05-23 08:50:00,0.072,212,2
2026-05-23 08:56:00,0.056,25,2
2026-05-23 09:02:00,0.177,4,2
2026-05-23 09:08:00,0.222,8,2
2026-05-23 09:14:00,0.26,92,2
2026-05-23 09:20:00,0.255,20,2
2026-05-23 09:26:00,0.272,334,2
2026-05-23 09:32:00,0.356,23,2
2026-05-23 09:38:00,0.313,351,2
2026-05-23 09:44:00,0.418,22,2
2026-05-23 09:50:00,0.402,13,2
2026-05-23 09:56:00,0.455,67,2
2026-05-23 10:02:00,0.42,59,2
2026-05-23 10:08:00,0.573,43,2
2026-05-23 10:14:00,0.513,53,2
2026-05-23 10:20:00,0.593,25,2
2026-05-23 10:26:00,0.651,38,2
2026-05-23 10:32:00,0.603,43,2
2026-05-23 10:38:00,0.492,37,2
2026-05-23 10:44:00,0.472,35,2
2026-05-23 10:50:00,0.441,53,2
2026-05-23 10:56:00,0.486,38,2
2026-05-23 11:02:00,0.433,29,2
2026-05-23 11:08:00,0.502,43,2
2026-05-23 11:14:00,0.513,52,2
2026-05-23 11:20:00,0.56,37,2
2026-05-23 11:26:00,0.447,35,2
2026-05-23 11:32:00,0.42,19,2
2026-05-23 11:38:00,0.321,68,2
2026-05-23 11:44:00,0.389,27,2
2026-05-23 11:50:00,0.406,44,2
2026-05-23 11:56:00,0.494,57,2
2026-05-23 12:02:00,0.447,44,2
2026-05-23 12:08:00,0.348,54,2
2026-05-23 12:14:00,0.247,168,2
2026-05-23 12:20:00,0.239,339,2
2026-05-23 12:26:00,0.309,47,2
2026-05-23 12:32:00,0.34,23,2
2026-05-23 12:38:00,0.214,104,2
2026-05-23 12:44:00,0.142,95,2
2026-05-23 12:50:00,0.14,62,2
2026-05-23 12:56:00,0.132,101,2
2026-05-23 13:02:00,0.084,33,2
2026-05-23 13:08:00,0.122,54,2
2026-05-23 13:14:00,0.062,64,2
2026-05-23 13:20:00,0.154,18,2
2026-05-23 13:26:00,0.093,63,2
2026-05-23 13:32:00,0.014,79,2
2026-05-23 13:38:00,0.025,353,2
2026-05-23 13:44:00,0.117,85,2
2026-05-23 13:50:00,0.183,74,2
2026-05-23 13:56:00,0.187,140,2
2026-05-23 14:02:00,0.138,133,2
2026-05-23 14:08:00,0.136,100,2
2026-05-23 14:14:00,0.154,173,2
2026-05-23 14:20:00,0.251,200,2
2026-05-23 14:26:00,0.424,177,2
2026-05-23 14:32:00,0.375,213,2
2026-05-23 14:38:00,0.408,206,2
2026-05-23 14:44:00,0.348,220,2
2026-05-23 14:50:00,0.241,216,2
2026-05-23 14:56:00,0.247,203,2
2026-05-23 15:02:00,0.348,214,2
2026-05-23 15:08:00,0.354,229,2
2026-05-23 15:14:00,0.297,208,2
2026-05-23 15:20:00,0.313,229,2
2026-05-23 15:26:00,0.364,242,2
2026-05-23 15:32:00,0.414,199,2
2026-05-23 15:38:00,0.379,201,2
2026-05-23 15:44:00,0.441,230,2
2026-05-23 15:50:00,0.54,196,2
2026-05-23 15:56:00,0.525,192,2
2026-05-23 16:02:00,0.548,228,2
2026-05-23 16:08:00,0.575,243,2
2026-05-23 16:14:00,0.56,212,2
2026-05-23 16:20:00,0.612,194,2
2026-05-23 16:26:00,0.678,192,2
2026-05-23 16:32:00,0.746,209,2
2026-05-23 16:38:00,0.708,243,2
2026-05-23 16:44:00,0.853,208,2
2026-05-23 16:50:00,0.97,226,2
2026-05-23 16:56:00,0.964,213,2
2026-05-23 17:02:00,0.976,221,2
2026-05-23 17:08:00,1.129,213,2
2026-05-23 17:14:00,1.172,225,2
2026-05-23 17:20:00,1.071,232,2
2026-05-23 17:26:00,1.297,219,2
2026-05-23 17:32:00,1.283,192,2
2026-05-23 17:38:00,1.207,190,2
2026-05-23 17:44:00,1.314,229,2
2026-05-23 17:50:00,1.382,200,2
2026-05-23 17:56:00,1.382,251,2
2026-05-23 18:02:00,1.415,229,2
2026-05-23 18:08:00,1.374,249,2
2026-05-23 18:14:00,1.287,210,2
2026-05-23 18:20:00,1.495,212,2
2026-05-23 18:26:00,1.475,212,2
2026-05-23 18:32:00,1.452,226,2
2026-05-23 18:38:00,1.423,240,2
2026-05-23 18:44:00,1.332,226,2
2026-05-23 18:50:00,1.295,229,2
2026-05-23 18:56:00,1.211,247,2
2026-05-23 19:02:00,1.234,216,2
2026-05-23 19:08:00,1.365,203,2
2026-05-23 19:14:00,1.31,224,2
2026-05-23 19:20:00,1.318,199,2
2026-05-23 19:26:00,1.398,209,2
2026-05-23 19:32:00,1.402,224,2
2026-05-23 19:38:00,1.473,230,2
2026-05-23 19:44:00,1.394,204,2
2026-05-23 19:50:00,1.442,227,2
2026-05-23 19:56:00,1.433,226,2
2026-05-23 20:02:00,1.454,194,2
2026-05-23 20:08:00,1.31,237,2
2026-05-23 20:14:00,1.374,221,2
2026-05-23 20:20:00,1.328,235,2
2026-05-23 20:26:00,1.367,232,2
2026-05-23 20:32:00,1.25,231,2
2026-05-23 20:38:00,1.195,235,2
2026-05-23 20:44:00,1.056,235,2
2026-05-23 20:50:00,1.127,207,2
2026-05-23 20:56:00,1.044,189,2
2026-05-23 21:02:00,1.042,242,2
2026-05-23 21:08:00,0.98,236,2
2026-05-23 21:14:00,0.869,229,2
2026-05-23 21:20:00,0.832,205,2
2026-05-23 21:26:00,0.768,207,2
2026-05-23 21:32:00,0.667,238,2
2026-05-23 21:38:00,0.593,227,2
2026-05-23 21:44:00,0.507,225,2
2026-05-23 21:50:00,0.402,232,2
2026-05-23 21:56:00,0.414,249,2
2026-05-23 22:02:00,0.301,244,2
2026-05-23 22:08:00,0.315,231,2
2026-05-23 22:14:00,0.255,234,2
2026-05-23 22:20:00,0.185,234,2
2026-05-23 22:26:00,0.124,203,2
2026-05-23 22:32:00,0.095,214,2
2026-05-23 22:38:00,0.128,195,2
2026-05-23 22:44:00,0.115,147,2
2026-05-23 22:50:00,0.072,138,2
2026-05-23 22:56:00,0.056,115,2
2026-05-23 23:02:00,0.064,165,2
2026-05-23 23:08:00,0.064,235,2
2026-05-23 23:14:00,0.091,29,2
2026-05-23 23:20:00,0.101,169,2
2026-05-23 23:26:00,0.103,165,2
2026-05-23 23:32:00,0.148,196,2
2026-05-23 23:38:00,0.103,268,2
2026-05-23 23:44:00,0.07,223,2
2026-05-23 23:50:00,0.076,260,2
2026-05-23 23:56:00,0.264,205,2
2026-05-24 00:02:00,0.074,54,2
2026-05-24 00:08:00,0.19,346,2
2026-05-24 00:14:00,0.169,29,2
2026-05-24 00:20:00,0.076,263,2
2026-05-24 00:26:00,0.122,32,2
2026-05-24 00:32:00,0.196,346,2
2026-05-24 00:38:00,0.229,345,2
2026-05-24 00:44:00,0.284,331,2
2026-05-24 00:50:00,0.29,46,2
2026-05-24 00:56:00,0.224,358,2
2026-05-24 01:02:00,0.173,349,2
2026-05-24 01:08:00,0.165,326,2
2026-05-24 01:14:00,0.122,343,2
2026-05-24 01:20:00,0.113,254,2
2026-05-24 01:26:00,0.177,261,2
2026-05-24 01:32:00,0.204,265,2
2026-05-24 01:38:00,0.175,257,2
2026-05-24 01:44:00,0.157,248,2
2026-05-24 01:50:00,0.21,240,2
2026-05-24 01:56:00,0.241,300,2
2026-05-24 02:02:00,0.192,238,2
2026-05-24 02:08:00,0.196,276,2
2026-05-24 02:14:00,0.19,217,2
2026-05-24 02:20:00,0.274,226,2
2026-05-24 02:26:00,0.307,247,2
2026-05-24 02:32:00,0.424,220,2
2026-05-24 02:38:00,0.319,192,2
2026-05-24 02:44:00,0.336,211,2
2026-05-24 02:50:00,0.449,216,2
2026-05-24 02:56:00,0.48,255,2
2026-05-24 03:02:00,0.568,237,2
2026-05-24 03:08:00,0.568,239,2
2026-05-24 03:14:00,0.496,216,2
2026-05-24 03:20:00,0.484,222,2
2026-05-24 03:26:00,0.338,209,2
2026-05-24 03:32:00,0.494,226,2
2026-05-24 03:38:00,0.463,220,2
2026-05-24 03:44:00,0.599,200,2
2026-05-24 03:50:00,0.605,223,2
2026-05-24 03:56:00,0.531,227,2
2026-05-24 04:02:00,0.661,192,2
2026-05-24 04:08:00,0.616,203,2
2026-05-24 04:14:00,0.61,226,2
2026-05-24 04:20:00,0.7,258,2
2026-05-24 04:26:00,0.667,204,2
2026-05-24 04:32:00,0.711,224,2
2026-05-24 04:38:00,0.741,219,2
2026-05-24 04:44:00,0.764,218,2
2026-05-24 04:50:00,0.816,220,2
2026-05-24 04:56:00,0.778,186,2
2026-05-24 05:02:00,0.836,248,2
2026-05-24 05:08:00,0.879,230,2
2026-05-24 05:14:00,0.952,205,2
2026-05-24 05:20:00,0.976,180,2
2026-05-24 05:26:00,1.044,214,2
2026-05-24 05:32:00,0.937,240,2
2026-05-24 05:38:00,0.918,196,2
2026-05-24 05:44:00,0.848,218,2
2026-05-24 05:50:00,1.032,184,2
2026-05-24 05:56:00,1.139,246,2
2026-05-24 06:02:00,0.97,216,2
2026-05-24 06:08:00,1.046,240,2
2026-05-24 06:14:00,1.1,203,2
2026-05-24 06:20:00,1.298,220,2
2026-05-24 06:26:00,1.26,227,2
2026-05-24 06:32:00,1.304,223,2
2026-05-24 06:38:00,1.376,227,2
2026-05-24 06:44:00,1.236,230,2
2026-05-24 06:50:00,1.355,205,2
2026-05-24 06:56:00,1.09,249,2
2026-05-24 07:02:00,1.017,241,2
2026-05-24 07:08:00,1.05,197,2
2026-05-24 07:14:00,0.951,214,2
2026-05-24 07:20:00,0.97,199,2
2026-05-24 07:26:00,1.011,242,2
2026-05-24 07:32:00,0.886,206,2
2026-05-24 07:38:00,0.914,236,2
2026-05-24 07:44:00,1.015,231,2
2026-05-24 07:50:00,1.056,209,2
2026-05-24 07:56:00,1.036,197,2
2026-05-24 08:02:00,1.11,212,2
2026-05-24 08:08:00,0.916,243,2
2026-05-24 08:14:00,1.011,212,2
2026-05-24 08:20:00,1.104,199,2
2026-05-24 08:26:00,0.984,225,2
2026-05-24 08:32:00,0.865,217,2
2026-05-24 08:38:00,0.842,226,2
2026-05-24 08:44:00,0.748,213,2
2026-05-24 08:50:00,0.692,194,2
2026-05-24 08:56:00,0.655,235,2
2026-05-24 09:02:00,0.616,221,2
2026-05-24 09:08:00,0.465,230,2
2026-05-24 09:14:00,0.408,245,2
2026-05-24 09:20:00,0.548,222,2
2026-05-24 09:26:00,0.42,226,2
2026-05-24 09:32:00,0.367,252,2
2026-05-24 09:38:00,0.292,310,2
2026-05-24 09:44:00,0.288,252,2
2026-05-24 09:50:00,0.206,307,2
2026-05-24 09:56:00,0.214,353,2
2026-05-24 10:02:00,0.179,328,2
2026-05-24 10:08:00,0.286,331,2
2026-05-24 10:14:00,0.062,298,2
2026-05-24 10:20:00,0.19,301,2
2026-05-24 10:26:00,0.362,20,2
2026-05-24 10:32:00,0.276,18,2
2026-05-24 10:38:00,0.292,29,2
2026-05-24 10:44:00,0.346,1,2
2026-05-24 10:50:00,0.338,22,2
2026-05-24 10:56:00,0.387,1,2
2026-05-24 11:02:00,0.536,69,2
2026-05-24 11:08:00,0.455,67,2
2026-05-24 11:14:00,0.515,6,2
2026-05-24 11:20:00,0.511,81,2
2026-05-24 11:26:00,0.482,66,2
2026-05-24 11:32:00,0.48,18,2
2026-05-24 11:38:00,0.544,42,2
2026-05-24 11:44:00,0.525,51,2
2026-05-24 11:50:00,0.573,27,2
2026-05-24 11:56:00,0.673,41,2
2026-05-24 12:02:00,0.748,24,2
2026-05-24 12:08:00,0.696,34,2
2026-05-24 12:14:00,0.68,60,2
2026-05-24 12:20:00,0.708,37,2
2026-05-24 12:26:00,0.688,23,2
2026-05-24 12:32:00,0.752,33,2
2026-05-24 12:38:00,0.694,43,2
2026-05-24 12:44:00,0.618,56,2
2026-05-24 12:50:00,0.698,53,2
2026-05-24 12:56:00,0.564,41,2
2026-05-24 13:02:00,0.595,48,2
2026-05-24 13:08:00,0.515,72,2
2026-05-24 13:14:00,0.509,45,2
2026-05-24 13:20:00,0.529,42,2
2026-05-24 13:26:00,0.422,168,2
2026-05-24 13:32:00,0.321,90,2
2026-05-24 13:38:00,0.4,12,2
2026-05-24 13:44:00,0.476,9,2
2026-05-24 13:50:00,0.286,43,2
2026-05-24 13:56:00,0.175,323,2
2026-05-24 14:02:00,0.406,53,2
2026-05-24 14:08:00,0.36,72,2
2026-05-24 14:14:00,0.255,47,2
2026-05-24 14:20:00,0.247,34,2
2026-05-24 14:26:00,0.319,39,2
2026-05-24 14:32:00,0.317,89,2
2026-05-24 14:38:00,0.183,67,2
2026-05-24 14:44:00,0.262,127,2
2026-05-24 14:50:00,0.222,88,2
2026-05-24 14:56:00,0.14,115,2
2026-05-24 15:02:00,0.152,144,2
2026-05-24 15:08:00,0.157,122,2
2026-05-24 15:14:00,0.027,199,2
2026-05-24 15:20:00,0.091,224,2
2026-05-24 15:26:00,0.074,216,2
2026-05-24 15:32:00,0.13,207,2
2026-05-24 15:38:00,0.171,275,2
2026-05-24 15:44:00,0.229,201,2
2026-05-24 15:50:00,0.348,187,2
2026-05-24 15:56:00,0.338,234,2
2026-05-24 16:02:00,0.295,205,2
2026-05-24 16:08:00,0.369,212,2
2026-05-24 16:14:00,0.511,224,2
2026-05-24 16:20:00,0.515,244,2
2026-05-24 16:26:00,0.42,199,2
2026-05-24 16:32:00,0.453,214,2
2026-05-24 16:38:00,0.443,181,2
2026-05-24 16:44:00,0.496,206,2
2026-05-24 16:50:00,0.566,183,2
2026-05-24 16:56:00,0.527,264,2
2026-05-24 17:02:00,0.521,231,2
2026-05-24 17:08:00,0.568,215,2
2026-05-24 17:14:00,0.57,200,2
2026-05-24 17:20:00,0.595,200,2
2026-05-24 17:26:00,0.523,230,2
2026-05-24 17:32:00,0.676,189,2
2026-05-24 17:38:00,0.659,205,2
2026-05-24 17:44:00,0.772,246,2
2026-05-24 17:50:00,0.772,237,2
2026-05-24 17:56:00,0.737,240,2
2026-05-24 18:02:00,0.793,238,2
2026-05-24 18:08:00,0.869,226,2
2026-05-24 18:14:00,0.83,216,2
2026-05-24 18:20:00,0.785,227,2
2026-05-24 18:26:00,0.814,197,2
2026-05-24 18:32:00,0.9,198,2
2026-05-24 18:38:00,0.803,192,2
2026-05-24 18:44:00,1.032,179,2
2026-05-24 18:50:00,1.122,216,2
2026-05-24 18:56:00,1.17,228,2
2026-05-24 19:02:00,1.172,217,2
2026-05-24 19:08:00,1.028,212,2
2026-05-24 19:14:00,1.129,220,2
2026-05-24 19:20:00,1.194,244,2
2026-05-24 19:26:00,1.102,237,2
2026-05-24 19:32:00,1.267,228,2
2026-05-24 19:38:00,1.314,230,2
2026-05-24 19:44:00,1.31,226,2
2026-05-24 19:50:00,1.252,211,2
2026-05-24 19:56:00,1.162,216,2
2026-05-24 20:02:00,1.11,245,2
2026-05-24 20:08:00,0.993,220,2
2026-05-24 20:14:00,1.223,210,2
2026-05-24 20:20:00,1.036,217,2
2026-05-24 20:26:00,1.215,201,2
2026-05-24 20:32:00,1.184,203,2
2026-05-24 20:38:00,1.135,229,2
2026-05-24 20:44:00,1.287,229,2
2026-05-24 20:50:00,1.225,210,2
2026-05-24 20:56:00,1.264,229,2
2026-05-24 21:02:00,1.277,215,2
2026-05-24 21:08:00,1.139,206,2
2026-05-24 21:14:00,0.925,245,2
2026-05-24 21:20:00,1.135,195,2
2026-05-24 21:26:00,1.048,207,2
2026-05-24 21:32:00,1.005,208,2
2026-05-24 21:38:00,0.914,192,2
2026-05-24 21:44:00,0.9,215,2
2026-05-24 21:50:00,0.71,211,2
2026-05-24 21:56:00,0.634,208,2
2026-05-24 22:02:00,0.603,266,2
2026-05-24 22:08:00,0.523,191,2
2026-05-24 22:14:00,0.49,182,2
2026-05-24 22:20:00,0.383,272,2
2026-05-24 22:26:00,0.383,307,2
2026-05-24 22:32:00,0.255,248,2
2026-05-24 22:38:00,0.206,178,2
2026-05-24 22:44:00,0.167,221,2
2026-05-24 22:50:00,0.086,194,2
2026-05-24 22:56:00,0.121,223,2
2026-05-24 23:02:00,0.14,290,2
2026-05-24 23:08:00,0.144,307,2
2026-05-24 23:14:00,0.171,305,2
2026-05-24 23:20:00,0.163,21,2
2026-05-24 23:26:00,0.161,2,2
2026-05-24 23:32:00,0.317,356,2
2026-05-24 23:38:00,0.33,351,2
2026-05-24 23:44:00,0.348,359,2
2026-05-24 23:50:00,0.334,3,2
2026-05-24 23:56:00,0.321,26,2
2026-05-25 00:02:00,0.432,8,2
2026-05-25 00:08:00,0.379,20,2
2026-05-25 00:14:00,0.463,9,2
2026-05-25 00:20:00,0.498,3,2
2026-05-25 00:26:00,0.624,4,2
2026-05-25 00:32:00,0.496,354,2
2026-05-25 00:38:00,0.673,4,2
2026-05-25 00:44:00,0.733,11,2
2026-05-25 00:50:00,0.813,16,2
2026-05-25 00:56:00,0.717,13,2
2026-05-25 01:02:00,0.671,19,2
2026-05-25 01:08:00,0.727,15,2
2026-05-25 01:14:00,0.692,34,2
2026-05-25 01:20:00,0.772,30,2
2026-05-25 01:26:00,0.781,35,2
2026-05-25 01:32:00,0.748,21,2
2026-05-25 01:38:00,0.71,50,2
2026-05-25 01:44:00,0.671,42,2
2026-05-25 01:50:00,0.706,37,2
2026-05-25 01:56:00,0.669,32,2
2026-05-25 02:02:00,0.665,46,2
2026-05-25 02:08:00,0.655,46,2
2026-05-25 02:14:00,0.675,30,2
2026-05-25 02:20:00,0.597,39,2
2026-05-25 02:26:00,0.601,47,2
2026-05-25 02:32:00,0.55,56,2
2026-05-25 02:38:00,0.48,58,2
2026-05-25 02:44:00,0.517,41,2
2026-05-25 02:50:00,0.435,85,2
2026-05-25 02:56:00,0.362,63,2
2026-05-25 03:02:00,0.371,88,2
2026-05-25 03:08:00,0.387,70,2
2026-05-25 03:14:00,0.41,74,2
2026-05-25 03:20:00,0.377,69,2
2026-05-25 03:26:00,0.274,95,2
2026-05-25 03:32:00,0.276,116,2
2026-05-25 03:38:00,0.262,110,2
2026-05-25 03:44:00,0.08,0,2
2026-05-25 03:50:00,0.202,132,2
2026-05-25 03:56:00,0.222,356,2
2026-05-25 04:02:00,0.19,100,2
2026-05-25 04:08:00,0.165,67,2
2026-05-25 04:14:00,0.06,104,2
2026-05-25 04:20:00,0.093,159,2
2026-05-25 04:26:00,0.19,211,2
2026-05-25 04:32:00,0.29,182,2
2026-05-25 04:38:00,0.282,174,2
2026-05-25 04:44:00,0.28,165,2
2026-05-25 04:50:00,0.173,117,2
2026-05-25 04:56:00,0.204,219,2
2026-05-25 05:02:00,0.214,163,2
2026-05-25 05:08:00,0.122,202,2
2026-05-25 05:14:00,0.165,219,2
2026-05-25 05:20:00,0.233,207,2
2026-05-25 05:26:00,0.309,162,2
2026-05-25 05:32:00,0.344,263,2
2026-05-25 05:38:00,0.206,162,2
2026-05-25 05:44:00,0.36,241,2
2026-05-25 05:50:00,0.451,267,2
2026-05-25 05:56:00,0.377,271,2
2026-05-25 06:02:00,0.422,246,2
2026-05-25 06:08:00,0.414,191,2
2026-05-25 06:14:00,0.367,163,2
2026-05-25 06:20:00,0.515,209,2
2026-05-25 06:26:00,0.325,228,2
2026-05-25 06:32:00,0.313,231,2
2026-05-25 06:38:00,0.383,221,2
2026-05-25 06:44:00,0.488,209,2
2026-05-25 06:50:00,0.533,247,2
2026-05-25 06:56:00,0.583,229,2
2026-05-25 07:02:00,0.61,237,2
2026-05-25 07:08:00,0.49,276,2
2026-05-25 07:14:00,0.587,252,2
2026-05-25 07:20:00,0.605,208,2
2026-05-25 07:26:00,0.595,244,2
2026-05-25 07:32:00,0.641,214,2
2026-05-25 07:38:00,0.583,251,2
2026-05-25 07:44:00,0.521,244,2
2026-05-25 07:50:00,0.418,182,2
2026-05-25 07:56:00,0.264,178,2
2026-05-25 08:02:00,0.502,204,2
2026-05-25 08:08:00,0.651,193,2
2026-05-25 08:14:00,0.651,221,2
2026-05-25 08:20:00,0.661,168,2
2026-05-25 08:26:00,0.636,173,2
2026-05-25 08:32:00,0.663,152,2
2026-05-25 08:38:00,0.731,185,2
2026-05-25 08:44:00,0.793,230,2
2026-05-25 08:50:00,0.764,243,2
2026-05-25 08:56:00,0.793,159,2
2026-05-25 09:02:00,0.809,177,2
2026-05-25 09:08:00,0.711,165,2
2026-05-25 09:14:00,0.725,195,2
2026-05-25 09:20:00,0.708,238,2
2026-05-25 09:26:00,0.826,241,2
2026-05-25 09:32:00,0.729,267,2
2026-05-25 09:38:00,0.542,278,2
2026-05-25 09:44:00,0.595,233,2
2026-05-25 09:50:00,0.525,217,2
2026-05-25 09:56:00,0.414,213,2
2026-05-25 10:02:00,0.408,280,2
2026-05-25 10:08:00,0.482,186,2
2026-05-25 10:14:00,0.478,214,2
2026-05-25 10:20:00,0.251,289,2
2026-05-25 10:26:00,0.218,221,2
2026-05-25 10:32:00,0.224,255,2
2026-05-25 10:38:00,0.161,275,2
2026-05-25 10:44:00,0.198,329,2
2026-05-25 10:50:00,0.136,265,2
2026-05-25 10:56:00,0.227,330,2
2026-05-25 11:02:00,0.262,354,2
2026-05-25 11:08:00,0.301,6,2
2026-05-25 11:14:00,0.35,350,2
2026-05-25 11:20:00,0.383,28,2
2026-05-25 11:26:00,0.365,355,2
2026-05-25 11:32:00,0.358,37,2
2026-05-25 11:44:00,0.41,353,2
2026-05-25 11:50:00,0.387,358,2
2026-05-25 11:56:00,0.459,19,2
2026-05-25 12:02:00,0.416,7,2
2026-05-25 12:08:00,0.542,327,2
2026-05-25 12:14:00,0.552,52,2
2026-05-25 12:20:00,0.54,44,2
2026-05-25 12:26:00,0.538,9,2
2026-05-25 12:32:00,0.527,17,2
2026-05-25 12:38:00,0.556,3,2
2026-05-25 12:44:00,0.599,13,2
2026-05-25 12:50:00,0.587,355,2
2026-05-25 12:56:00,0.544,349,2
2026-05-25 13:02:00,0.56,19,2
2026-05-25 13:08:00,0.536,51,2
2026-05-25 13:14:00,0.556,62,2
2026-05-25 13:20:00,0.56,16,2
2026-05-25 13:26:00,0.49,6,2
2026-05-25 13:32:00,0.56,9,2
2026-05-25 13:38:00,0.573,23,2
2026-05-25 13:44:00,0.564,36,2
2026-05-25 13:50:00,0.488,34,2
2026-05-25 13:56:00,0.455,49,2
2026-05-25 14:02:00,0.459,18,2
2026-05-25 14:08:00,0.4,38,2
2026-05-25 14:14:00,0.422,6,2
2026-05-25 14:20:00,0.364,5,2
2026-05-25 14:26:00,0.373,59,2
2026-05-25 14:32:00,0.426,16,2
2026-05-25 14:38:00,0.365,334,2
2026-05-25 14:44:00,0.167,343,2
2026-05-25 14:50:00,0.398,29,2
2026-05-25 14:56:00,0.189,40,2
2026-05-25 15:02:00,0.284,35,2
2026-05-25 15:08:00,0.136,328,2
2026-05-25 15:14:00,0.237,62,2
2026-05-25 15:20:00,0.183,3,2
2026-05-25 15:26:00,0.13,52,2
2026-05-25 15:32:00,0.183,7,2
2026-05-25 15:38:00,0.218,37,2
2026-05-25 15:44:00,0.175,5,2
2026-05-25 15:50:00,0.138,69,2
2026-05-25 15:56:00,0.084,200,2
2026-05-25 16:02:00,0.115,298,2
2026-05-25 16:08:00,0.082,281,2
2026-05-25 16:14:00,0.076,241,2
2026-05-25 16:20:00,0.124,266,2
2026-05-25 16:26:00,0.243,202,2
2026-05-25 16:32:00,0.171,186,2
2026-05-25 16:38:00,0.313,167,2
2026-05-25 16:44:00,0.311,219,2
2026-05-25 16:50:00,0.247,213,2
2026-05-25 16:56:00,0.247,250,2
2026-05-25 17:02:00,0.159,192,2
2026-05-25 17:08:00,0.264,202,2
2026-05-25 17:14:00,0.311,275,2
2026-05-25 17:20:00,0.282,259,2
2026-05-25 17:26:00,0.412,187,2
2026-05-25 17:32:00,0.299,174,2
2026-05-25 17:38:00,0.262,183,2
2026-05-25 17:44:00,0.266,192,2
2026-05-25 17:50:00,0.443,194,2
2026-05-25 17:56:00,0.433,233,2
2026-05-25 18:02:00,0.437,290,2
2026-05-25 18:08:00,0.461,177,2
2026-05-25 18:14:00,0.414,251,2
2026-05-25 18:20:00,0.494,239,2
2026-05-25 18:26:00,0.503,259,2
2026-05-25 18:32:00,0.595,269,2
2026-05-25 18:38:00,0.647,269,2
2026-05-25 18:44:00,0.741,259,2
2026-05-25 18:50:00,0.694,190,2
2026-05-25 18:56:00,0.733,173,2
2026-05-25 19:02:00,0.682,224,2
2026-05-25 19:08:00,0.77,179,2
2026-05-25 19:14:00,0.91,244,2
2026-05-25 19:20:00,0.993,217,2
2026-05-25 19:26:00,0.999,224,2
2026-05-25 19:32:00,0.982,248,2
2026-05-25 19:38:00,0.921,171,2
2026-05-25 19:44:00,0.851,219,2
2026-05-25 19:50:00,0.811,259,2
2026-05-25 19:56:00,0.888,166,2
2026-05-25 20:02:00,0.894,234,2
2026-05-25 20:08:00,0.873,237,2
2026-05-25 20:14:00,0.888,211,2
2026-05-25 20:20:00,0.884,234,2
2026-05-25 20:26:00,0.912,259,2
2026-05-25 20:32:00,0.813,241,2
2026-05-25 20:38:00,0.834,256,2
2026-05-25 20:44:00,0.832,219,2
2026-05-25 20:50:00,0.772,211,2
2026-05-25 20:56:00,0.75,208,2
2026-05-25 21:02:00,0.719,242,2
2026-05-25 21:08:00,0.659,235,2
2026-05-25 21:14:00,0.71,209,2
2026-05-25 21:20:00,0.76,241,2
2026-05-25 21:26:00,0.758,259,2
2026-05-25 21:32:00,0.768,247,2
2026-05-25 21:38:00,0.653,240,2
2026-05-25 21:44:00,0.651,263,2
2026-05-25 21:50:00,0.711,261,2
2026-05-25 21:56:00,0.558,203,2
2026-05-25 22:02:00,0.505,216,2
2026-05-25 22:08:00,0.505,262,2
2026-05-25 22:14:00,0.395,268,2
2026-05-25 22:20:00,0.49,273,2
2026-05-25 22:26:00,0.257,273,2
2026-05-25 22:32:00,0.259,205,2
2026-05-25 22:38:00,0.233,291,2
2026-05-25 22:44:00,0.183,153,2
2026-05-25 22:50:00,0.06,291,2
2026-05-25 22:56:00,0.087,246,2
2026-05-25 23:02:00,0.072,240,2
2026-05-25 23:08:00,0.091,342,2
2026-05-25 23:14:00,0.161,337,2
2026-05-25 23:20:00,0.231,17,2
2026-05-25 23:26:00,0.402,12,2
2026-05-25 23:32:00,0.362,17,2
2026-05-25 23:38:00,0.395,17,2
2026-05-25 23:56:00,0.453,359,2
2026-05-26 00:02:00,0.344,79,2
2026-05-26 00:08:00,0.369,71,2
2026-05-26 00:14:00,0.472,292,2
2026-05-26 00:20:00,0.486,338,2
2026-05-26 00:26:00,0.451,36,2
2026-05-26 00:32:00,0.577,336,2
2026-05-26 00:38:00,0.719,17,2
2026-05-26 00:44:00,0.711,19,2
2026-05-26 00:50:00,0.702,40,2
2026-05-26 00:56:00,0.743,20,2
2026-05-26 01:02:00,0.585,35,2
2026-05-26 01:08:00,0.834,27,2
2026-05-26 01:14:00,0.849,51,2
2026-05-26 01:20:00,0.912,34,2
2026-05-26 01:26:00,0.935,28,2
2026-05-26 01:32:00,0.929,38,2
2026-05-26 01:38:00,0.855,20,2
2026-05-26 01:44:00,0.857,15,2
2026-05-26 01:50:00,0.863,10,2
2026-05-26 01:56:00,0.853,30,2
2026-05-26 02:02:00,0.778,25,2
2026-05-26 02:08:00,0.75,55,2
2026-05-26 02:14:00,0.787,44,2
2026-05-26 02:20:00,0.865,43,2
2026-05-26 02:26:00,0.9,49,2
2026-05-26 02:32:00,0.838,44,2
2026-05-26 02:38:00,0.828,24,2
2026-05-26 02:44:00,0.752,16,2
2026-05-26 02:50:00,0.715,11,2
2026-05-26 02:56:00,0.688,20,2
2026-05-26 03:02:00,0.56,42,2
2026-05-26 03:08:00,0.581,36,2
2026-05-26 03:14:00,0.513,47,2
2026-05-26 03:20:00,0.451,37,2
2026-05-26 03:26:00,0.433,37,2
2026-05-26 03:32:00,0.435,41,2
2026-05-26 03:38:00,0.457,45,2
2026-05-26 03:44:00,0.253,60,2
2026-05-26 03:50:00,0.336,19,2
2026-05-26 03:56:00,0.334,48,2
2026-05-26 04:02:00,0.247,24,2
2026-05-26 04:08:00,0.06,72,2
2026-05-26 04:14:00,0.103,32,2
2026-05-26 04:20:00,0.202,44,2
2026-05-26 04:26:00,0.113,19,2
2026-05-26 04:32:00,0.15,54,2
2026-05-26 04:38:00,0.086,78,2
2026-05-26 04:44:00,0.039,112,2
2026-05-26 04:50:00,0.045,189,2
2026-05-26 04:56:00,0.126,62,2
2026-05-26 05:02:00,0.027,6,2
2026-05-26 05:08:00,0.025,28,2
2026-05-26 05:14:00,0.049,121,2
2026-05-26 05:20:00,0.187,170,2
2026-05-26 05:26:00,0.163,244,2
2026-05-26 05:32:00,0.132,207,2
2026-05-26 05:38:00,0.21,193,2
2026-05-26 05:44:00,0.157,211,2
2026-05-26 05:50:00,0.163,218,2
2026-05-26 05:56:00,0.22,234,2
2026-05-26 06:02:00,0.295,285,2
2026-05-26 06:08:00,0.183,170,2
2026-05-26 06:14:00,0.315,287,2
2026-05-26 06:20:00,0.379,274,2
2026-05-26 06:26:00,0.385,217,2
2026-05-26 06:32:00,0.334,198,2
2026-05-26 06:38:00,0.317,281,2
2026-05-26 06:44:00,0.391,284,2
2026-05-26 06:50:00,0.453,195,2
2026-05-26 06:56:00,0.457,176,2
2026-05-26 07:02:00,0.521,158,2
2026-05-26 07:08:00,0.432,205,2
2026-05-26 07:14:00,0.552,247,2
2026-05-26 07:20:00,0.603,207,2
2026-05-26 07:26:00,0.696,226,2
2026-05-26 07:32:00,0.645,252,2
2026-05-26 07:38:00,0.581,179,2
2026-05-26 07:44:00,0.517,222,2
2026-05-26 07:50:00,0.529,245,2
2026-05-26 07:56:00,0.608,240,2
2026-05-26 08:02:00,0.844,212,2
2026-05-26 08:08:00,0.76,208,2
2026-05-26 08:14:00,0.778,208,2
2026-05-26 08:20:00,0.649,234,2
2026-05-26 08:26:00,0.818,212,2
2026-05-26 08:32:00,1.009,228,2
2026-05-26 08:38:00,1.153,230,2
2026-05-26 08:44:00,1.139,220,2
2026-05-26 08:50:00,1.159,242,2
2026-05-26 08:56:00,1.135,227,2
2026-05-26 09:02:00,1.199,208,2
2026-05-26 09:08:00,1.378,223,2
2026-05-26 09:14:00,1.388,219,2
2026-05-26 09:20:00,1.182,221,2
2026-05-26 09:26:00,1.45,225,2
2026-05-26 09:32:00,1.532,243,2
2026-05-26 09:38:00,1.51,229,2
2026-05-26 09:44:00,1.483,221,2
2026-05-26 09:50:00,1.495,225,2
2026-05-26 09:56:00,1.54,216,2
2026-05-26 10:02:00,1.394,217,2
2026-05-26 10:08:00,1.4,224,2
2026-05-26 10:14:00,1.394,209,2
2026-05-26 10:20:00,1.335,231,2
2026-05-26 10:26:00,1.279,231,2
2026-05-26 10:32:00,1.201,231,2
2026-05-26 10:38:00,1.162,254,2
2026-05-26 10:44:00,1.108,241,2
2026-05-26 10:50:00,1.073,246,2
2026-05-26 10:56:00,1.073,236,2
2026-05-26 11:02:00,0.976,222,2
2026-05-26 11:08:00,1.112,217,2
2026-05-26 11:14:00,1.007,226,2
2026-05-26 11:20:00,0.927,217,2
2026-05-26 11:26:00,0.813,253,2
2026-05-26 11:32:00,0.931,252,2
2026-05-26 11:38:00,0.853,249,2
2026-05-26 11:44:00,0.785,183,2
2026-05-26 11:50:00,0.725,212,2
2026-05-26 11:56:00,0.671,252,2
2026-05-26 12:02:00,0.725,191,2
2026-05-26 12:08:00,0.521,287,2
2026-05-26 12:14:00,0.542,284,2
2026-05-26 12:20:00,0.352,213,2
2026-05-26 12:26:00,0.328,289,2
2026-05-26 12:32:00,0.22,199,2
2026-05-26 12:38:00,0.282,170,2
2026-05-26 12:44:00,0.391,154,2
2026-05-26 12:50:00,0.338,240,2
2026-05-26 12:56:00,0.282,175,2
2026-05-26 13:02:00,0.282,211,2
2026-05-26 13:08:00,0.229,217,2
2026-05-26 13:14:00,0.202,282,2
2026-05-26 13:20:00,0.171,258,2
2026-05-26 13:26:00,0.136,227,2
2026-05-26 13:32:00,0.082,307,2
2026-05-26 13:38:00,0.163,266,2
2026-05-26 13:44:00,0.051,289,2
2026-05-26 13:50:00,0.15,293,2
2026-05-26 13:56:00,0.08,270,2
2026-05-26 14:02:00,0.132,279,2
2026-05-26 14:08:00,0.115,342,2
2026-05-26 14:14:00,0.132,293,2
2026-05-26 14:20:00,0.117,7,2
2026-05-26 14:26:00,0.165,323,2
2026-05-26 14:32:00,0.136,338,2
2026-05-26 14:38:00,0.121,339,2
2026-05-26 14:44:00,0.218,353,2
2026-05-26 14:50:00,0.192,359,2
2026-05-26 14:56:00,0.229,340,2
2026-05-26 15:02:00,0.309,342,2
2026-05-26 15:08:00,0.305,351,2
2026-05-26 15:14:00,0.28,10,2
2026-05-26 15:20:00,0.181,351,2
2026-05-26 15:26:00,0.276,4,2
2026-05-26 15:32:00,0.237,21,2
2026-05-26 15:38:00,0.103,18,2
2026-05-26 15:44:00,0.15,324,2
2026-05-26 15:50:00,0.122,14,2
2026-05-26 15:56:00,0.087,356,2
2026-05-26 16:02:00,0.165,47,2
2026-05-26 16:08:00,0.163,80,2
2026-05-26 16:14:00,0.111,341,2
2026-05-26 16:20:00,0.086,62,2
2026-05-26 16:26:00,0.14,332,2
2026-05-26 16:32:00,0.004,349,2
2026-05-26 16:38:00,0.01,327,2
2026-05-26 16:44:00,0.051,146,2
2026-05-26 16:50:00,0.074,93,2
2026-05-26 16:56:00,0.056,105,2
2026-05-26 17:02:00,0.08,87,2
2026-05-26 17:08:00,0.115,197,2
2026-05-26 17:14:00,0.113,182,2
2026-05-26 17:20:00,0.082,113,2
2026-05-26 17:26:00,0.144,211,2
2026-05-26 17:32:00,0.309,195,2
2026-05-26 17:38:00,0.239,201,2
2026-05-26 17:44:00,0.445,196,2
2026-05-26 17:50:00,0.266,203,2
2026-05-26 17:56:00,0.253,171,2
2026-05-26 18:02:00,0.301,254,2
2026-05-26 18:08:00,0.367,204,2
2026-05-26 18:14:00,0.439,176,2
2026-05-26 18:20:00,0.472,196,2
2026-05-26 18:26:00,0.575,246,2
2026-05-26 18:32:00,0.566,229,2
2026-05-26 18:38:00,0.505,189,2
2026-05-26 18:44:00,0.556,180,2
2026-05-26 18:50:00,0.562,188,2
2026-05-26 18:56:00,0.562,175,2
2026-05-26 19:02:00,0.612,232,2
2026-05-26 19:08:00,0.715,189,2
2026-05-26 19:14:00,0.743,227,2
2026-05-26 19:20:00,0.665,265,2
2026-05-26 19:26:00,0.748,240,2
2026-05-26 19:32:00,0.76,237,2
2026-05-26 19:38:00,0.82,235,2
2026-05-26 19:44:00,0.83,282,2
2026-05-26 19:50:00,0.857,264,2
2026-05-26 19:56:00,0.781,187,2
2026-05-26 20:02:00,0.702,251,2
2026-05-26 20:08:00,0.791,259,2
2026-05-26 20:14:00,0.826,227,2
2026-05-26 20:20:00,0.731,226,2
2026-05-26 20:26:00,0.818,241,2
2026-05-26 20:32:00,0.756,231,2
2026-05-26 20:38:00,0.774,192,2
2026-05-26 20:44:00,0.766,246,2
2026-05-26 20:50:00,0.719,187,2
2026-05-26 20:56:00,0.752,265,2
2026-05-26 21:02:00,0.772,215,2
2026-05-26 21:08:00,0.717,232,2
2026-05-26 21:14:00,0.758,193,2
2026-05-26 21:20:00,0.816,195,2
2026-05-26 21:26:00,0.811,172,2
2026-05-26 21:32:00,0.83,242,2
2026-05-26 21:38:00,0.795,243,2
2026-05-26 21:44:00,0.768,245,2
2026-05-26 21:50:00,0.758,199,2
2026-05-26 21:56:00,0.651,185,2
2026-05-26 22:02:00,0.61,191,2
2026-05-26 22:08:00,0.675,212,2
2026-05-26 22:14:00,0.521,245,2
2026-05-26 22:20:00,0.581,267,2
2026-05-26 22:26:00,0.548,229,2
2026-05-26 22:32:00,0.451,250,2
2026-05-26 22:38:00,0.439,225,2
2026-05-26 22:44:00,0.422,176,2
2026-05-26 22:50:00,0.342,181,2
2026-05-26 22:56:00,0.288,251,2
2026-05-26 23:02:00,0.194,220,2
2026-05-26 23:08:00,0.076,154,2
2026-05-26 23:14:00,0.124,115,2
2026-05-26 23:32:00,0.154,99,2
2026-05-26 23:38:00,0.103,75,2
2026-05-26 23:44:00,0.156,32,2
2026-05-26 23:50:00,0.227,49,2
2026-05-26 23:56:00,0.206,34,2
2026-05-27 00:02:00,0.36,24,2
2026-05-27 00:08:00,0.21,327,2
2026-05-27 00:14:00,0.461,32,2
2026-05-27 00:20:00,0.48,11,2
2026-05-27 00:26:00,0.515,42,2
2026-05-27 00:32:00,0.513,58,2
2026-05-27 00:38:00,0.589,13,2
2026-05-27 00:44:00,0.517,8,2
2026-05-27 00:50:00,0.721,17,2
2026-05-27 00:56:00,0.573,12,2
2026-05-27 01:02:00,0.618,27,2
2026-05-27 01:08:00,0.624,13,2
2026-05-27 01:14:00,0.762,8,2
2026-05-27 01:20:00,0.851,46,2
2026-05-27 01:26:00,0.84,34,2
2026-05-27 01:32:00,0.89,19,2
2026-05-27 01:38:00,0.995,27,2
2026-05-27 01:44:00,0.952,30,2
2026-05-27 01:50:00,0.886,3,2
2026-05-27 01:56:00,0.824,18,2
2026-05-27 02:02:00,1.054,25,2
2026-05-27 02:08:00,0.954,5,2
2026-05-27 02:14:00,1.083,48,2
2026-05-27 02:20:00,1.067,7,2
2026-05-27 02:26:00,1.098,11,2
2026-05-27 02:32:00,1.077,45,2
2026-05-27 02:38:00,1.073,9,2
2026-05-27 02:44:00,0.921,9,2
2026-05-27 02:50:00,0.912,38,2
2026-05-27 02:56:00,0.995,19,2
2026-05-27 03:02:00,0.974,51,2
2026-05-27 03:08:00,0.964,22,2
2026-05-27 03:14:00,0.803,35,2
2026-05-27 03:20:00,0.892,46,2
2026-05-27 03:26:00,0.84,38,2
2026-05-27 03:32:00,0.814,10,2
2026-05-27 03:38:00,0.71,42,2
2026-05-27 03:44:00,0.706,52,2
2026-05-27 03:50:00,0.797,47,2
2026-05-27 03:56:00,0.673,358,2
2026-05-27 04:02:00,0.595,4,2
2026-05-27 04:08:00,0.68,356,2
2026-05-27 04:14:00,0.544,73,2
2026-05-27 04:20:00,0.488,46,2
2026-05-27 04:26:00,0.503,74,2
2026-05-27 04:32:00,0.35,12,2
2026-05-27 04:38:00,0.433,75,2
2026-05-27 04:44:00,0.408,37,2
2026-05-27 04:50:00,0.414,39,2
2026-05-27 04:56:00,0.395,27,2
2026-05-27 05:02:00,0.364,41,2
2026-05-27 05:08:00,0.358,50,2
2026-05-27 05:14:00,0.179,24,2
2026-05-27 05:20:00,0.222,63,2
2026-05-27 05:26:00,0.243,40,2
2026-05-27 05:32:00,0.119,101,2
2026-05-27 05:38:00,0.103,66,2
2026-05-27 05:44:00,0.089,79,2
2026-05-27 05:50:00,0.208,35,2
2026-05-27 05:56:00,0.157,38,2
2026-05-27 06:02:00,0.266,29,2
2026-05-27 06:08:00,0.136,9,2
2026-05-27 06:14:00,0.154,44,2
2026-05-27 06:20:00,0.099,69,2
2026-05-27 06:26:00,0.037,201,2
2026-05-27 06:32:00,0.031,72,2
2026-05-27 06:38:00,0.035,232,2
2026-05-27 06:44:00,0.086,259,2
2026-05-27 06:50:00,0.218,250,2
2026-05-27 06:56:00,0.325,278,2
2026-05-27 07:02:00,0.117,276,2
2026-05-27 07:08:00,0.142,230,2
2026-05-27 07:14:00,0.229,266,2
2026-05-27 07:20:00,0.227,199,2
2026-05-27 07:26:00,0.243,211,2
2026-05-27 07:32:00,0.208,236,2
2026-05-27 07:38:00,0.299,226,2
2026-05-27 07:44:00,0.313,197,2
2026-05-27 07:50:00,0.338,211,2
2026-05-27 07:56:00,0.424,214,2
2026-05-27 08:02:00,0.383,237,2
2026-05-27 08:08:00,0.445,222,2
2026-05-27 08:14:00,0.447,249,2
2026-05-27 08:20:00,0.453,259,2
2026-05-27 08:26:00,0.486,244,2
2026-05-27 08:32:00,0.465,244,2
2026-05-27 08:38:00,0.455,204,2
2026-05-27 08:56:00,0.601,190,2
2026-05-27 09:02:00,0.678,170,2
2026-05-27 09:14:00,0.706,185,2
2026-05-27 09:20:00,0.7,200,2
2026-05-27 09:26:00,0.684,168,2
2026-05-27 09:32:00,0.595,205,2
2026-05-27 09:38:00,0.636,250,2
2026-05-27 09:44:00,0.655,243,2
2026-05-27 09:50:00,0.667,157,2
2026-05-27 09:56:00,0.744,193,2
2026-05-27 10:02:00,0.583,230,2
2026-05-27 10:08:00,0.71,218,2
2026-05-27 10:14:00,0.776,245,2
2026-05-27 10:20:00,0.744,257,2
2026-05-27 10:26:00,0.766,170,2
2026-05-27 10:32:00,1.005,245,2
2026-05-27 10:38:00,0.986,233,2
2026-05-27 10:44:00,1.034,243,2
2026-05-27 10:50:00,0.941,197,2
2026-05-27 10:56:00,0.902,238,2
2026-05-27 11:02:00,0.774,247,2
2026-05-27 11:08:00,0.77,267,2
2026-05-27 11:14:00,0.785,224,2
2026-05-27 11:20:00,0.956,215,2
2026-05-27 11:26:00,0.881,246,2
2026-05-27 11:32:00,1.007,214,2
2026-05-27 11:38:00,0.824,230,2
2026-05-27 11:44:00,0.618,175,2
2026-05-27 11:50:00,0.77,269,2
2026-05-27 11:56:00,0.826,210,2
2026-05-27 12:02:00,1.063,194,2
2026-05-27 12:08:00,0.754,258,2
2026-05-27 12:14:00,0.667,171,2
2026-05-27 12:20:00,0.593,223,2
2026-05-27 12:26:00,0.517,154,2
2026-05-27 12:32:00,0.468,185,2
2026-05-27 12:38:00,0.377,262,2
2026-05-27 12:44:00,0.28,259,2
2026-05-27 12:50:00,0.342,229,2
2026-05-27 12:56:00,0.227,193,2
2026-05-27 13:02:00,0.227,258,2
2026-05-27 13:08:00,0.245,222,2
2026-05-27 13:14:00,0.161,260,2
2026-05-27 13:20:00,0.189,296,2
2026-05-27 13:26:00,0.136,296,2
2026-05-27 13:32:00,0.13,345,2
2026-05-27 13:38:00,0.167,326,2
2026-05-27 13:44:00,0.196,3,2
2026-05-27 13:50:00,0.395,41,2
2026-05-27 13:56:00,0.432,19,2
2026-05-27 14:02:00,0.432,13,2
2026-05-27 14:08:00,0.502,21,2
2026-05-27 14:14:00,0.536,357,2
2026-05-27 14:20:00,0.558,18,2
2026-05-27 14:26:00,0.575,359,2
2026-05-27 14:32:00,0.513,16,2
2026-05-27 14:38:00,0.465,6,2
2026-05-27 14:44:00,0.568,2,2
2026-05-27 14:50:00,0.521,349,2
2026-05-27 14:56:00,0.47,18,2
2026-05-27 15:02:00,0.564,352,2
2026-05-27 15:08:00,0.515,342,2
2026-05-27 15:14:00,0.418,4,2
2026-05-27 15:20:00,0.591,9,2
2026-05-27 15:26:00,0.496,9,2
2026-05-27 15:32:00,0.575,359,2
2026-05-27 15:38:00,0.577,360,2
2026-05-27 15:44:00,0.564,4,2
2026-05-27 15:50:00,0.445,350,2
2026-05-27 15:56:00,0.414,352,2
2026-05-27 16:02:00,0.381,351,2
2026-05-27 16:08:00,0.435,1,2
2026-05-27 16:14:00,0.447,10,2
2026-05-27 16:20:00,0.435,23,2
2026-05-27 16:26:00,0.387,43,2
2026-05-27 16:32:00,0.364,33,2
2026-05-27 16:38:00,0.397,40,2
2026-05-27 16:44:00,0.33,39,2
2026-05-27 16:50:00,0.365,24,2
2026-05-27 16:56:00,0.364,27,2
2026-05-27 17:02:00,0.422,28,2
2026-05-27 17:08:00,0.408,28,2
2026-05-27 17:14:00,0.297,20,2
2026-05-27 17:20:00,0.19,354,2
2026-05-27 17:26:00,0.189,29,2
2026-05-27 17:32:00,0.06,246,2
2026-05-27 17:38:00,0.091,275,2
2026-05-27 17:44:00,0.064,235,2
2026-05-27 17:50:00,0.023,283,2
2026-05-27 17:56:00,0.109,297,2
2026-05-27 18:02:00,0.115,237,2
2026-05-27 18:08:00,0.183,257,2
2026-05-27 18:14:00,0.144,228,2
2026-05-27 18:20:00,0.233,259,2
2026-05-27 18:26:00,0.222,243,2
2026-05-27 18:32:00,0.231,240,2
2026-05-27 18:38:00,0.362,232,2
2026-05-27 18:44:00,0.224,259,2
2026-05-27 18:50:00,0.303,232,2
2026-05-27 18:56:00,0.266,249,2
2026-05-27 19:02:00,0.328,249,2
2026-05-27 19:08:00,0.41,234,2
2026-05-27 19:14:00,0.449,221,2
2026-05-27 19:20:00,0.328,224,2
2026-05-27 19:26:00,0.505,223,2
2026-05-27 19:32:00,0.478,235,2
2026-05-27 19:38:00,0.486,211,2
2026-05-27 19:44:00,0.498,245,2
2026-05-27 19:50:00,0.544,221,2
2026-05-27 19:56:00,0.636,211,2
2026-05-27 20:02:00,0.591,204,2
2026-05-27 20:08:00,0.667,207,2
2026-05-27 20:14:00,0.603,214,2
2026-05-27 20:20:00,0.653,183,2
2026-05-27 20:26:00,0.618,202,2
2026-05-27 20:32:00,0.605,237,2
2026-05-27 20:38:00,0.727,193,2
2026-05-27 20:44:00,0.766,244,2
2026-05-27 20:50:00,0.758,197,2
2026-05-27 20:56:00,0.676,221,2
2026-05-27 21:02:00,0.723,229,2
2026-05-27 21:08:00,0.762,217,2
2026-05-27 21:14:00,0.793,230,2
2026-05-27 21:20:00,0.958,212,2
2026-05-27 21:26:00,0.84,191,2
2026-05-27 21:32:00,0.82,241,2
2026-05-27 21:38:00,0.879,207,2
2026-05-27 21:44:00,0.849,225,2
2026-05-27 21:50:00,0.861,204,2
2026-05-27 21:56:00,0.859,215,2
2026-05-27 22:02:00,0.741,193,2
2026-05-27 22:08:00,0.795,218,2
2026-05-27 22:14:00,0.914,226,2
2026-05-27 22:20:00,1.007,221,2
2026-05-27 22:26:00,0.879,228,2
2026-05-27 22:32:00,0.925,225,2
2026-05-27 22:38:00,0.945,224,2
2026-05-27 22:44:00,0.873,231,2
2026-05-27 22:50:00,0.908,198,2
2026-05-27 22:56:00,0.811,217,2
2026-05-27 23:02:00,0.698,206,2
2026-05-27 23:08:00,0.741,214,2
2026-05-27 23:14:00,0.659,235,2
2026-05-27 23:20:00,0.606,238,2
2026-05-27 23:26:00,0.62,232,2
2026-05-27 23:32:00,0.548,237,2
2026-05-27 23:38:00,0.511,240,2
2026-05-27 23:44:00,0.365,226,2
2026-05-27 23:50:00,0.222,220,2
2026-05-27 23:56:00,0.286,255,2
2026-05-28 00:02:00,0.237,214,2
2026-05-28 00:08:00,0.206,240,2
2026-05-28 00:14:00,0.268,213,2
2026-05-28 00:20:00,0.22,274,2
2026-05-28 00:26:00,0.122,245,2
2026-05-28 00:32:00,0.115,277,2
2026-05-28 00:38:00,0.041,311,2
2026-05-28 00:44:00,0.014,113,2
2026-05-28 00:50:00,0.171,274,2
2026-05-28 00:56:00,0.119,66,2
2026-05-28 01:02:00,0.202,313,2
2026-05-28 01:08:00,0.152,66,2
2026-05-28 01:14:00,0.299,68,2
2026-05-28 01:20:00,0.317,360,2
2026-05-28 01:26:00,0.33,24,2
2026-05-28 01:32:00,0.395,16,2
2026-05-28 01:38:00,0.315,17,2
2026-05-28 01:44:00,0.397,11,2
2026-05-28 01:50:00,0.474,26,2
2026-05-28 01:56:00,0.496,359,2
2026-05-28 02:02:00,0.472,4,2
2026-05-28 02:08:00,0.465,14,2
2026-05-28 02:14:00,0.542,9,2
2026-05-28 02:20:00,0.682,11,2
2026-05-28 02:26:00,0.746,7,2
2026-05-28 02:32:00,0.836,21,2
2026-05-28 02:38:00,0.756,7,2
2026-05-28 02:44:00,0.84,2,2
2026-05-28 02:50:00,0.785,14,2
2026-05-28 02:56:00,0.809,356,2
2026-05-28 03:02:00,0.848,359,2
2026-05-28 03:08:00,0.803,360,2
2026-05-28 03:14:00,0.84,347,2
2026-05-28 03:20:00,0.933,356,2
2026-05-28 03:26:00,0.873,26,2
2026-05-28 03:32:00,0.908,32,2
2026-05-28 03:38:00,0.836,10,2
2026-05-28 03:44:00,0.91,348,2
2026-05-28 03:50:00,0.846,355,2
2026-05-28 03:56:00,0.741,16,2
2026-05-28 04:02:00,0.758,9,2
2026-05-28 04:08:00,0.733,5,2
2026-05-28 04:14:00,0.832,9,2
2026-05-28 04:20:00,0.921,25,2
2026-05-28 04:26:00,0.888,2,2
2026-05-28 04:32:00,0.859,4,2
2026-05-28 04:38:00,0.82,14,2
2026-05-28 04:44:00,0.717,11,2
2026-05-28 04:50:00,0.634,18,2
2026-05-28 04:56:00,0.603,12,2
2026-05-28 05:02:00,0.521,21,2
2026-05-28 05:08:00,0.496,23,2
2026-05-28 05:14:00,0.517,12,2
2026-05-28 05:20:00,0.389,14,2
2026-05-28 05:26:00,0.393,22,2
2026-05-28 05:32:00,0.348,94,2
2026-05-28 05:38:00,0.354,7,2
2026-05-28 05:44:00,0.264,14,2
2026-05-28 05:50:00,0.282,344,2
2026-05-28 05:56:00,0.262,328,2
2026-05-28 06:02:00,0.187,25,2
2026-05-28 06:08:00,0.117,355,2
2026-05-28 06:14:00,0.175,355,2
2026-05-28 06:20:00,0.175,24,2
2026-05-28 06:26:00,0.119,359,2
2026-05-28 06:32:00,0.138,5,2
2026-05-28 06:38:00,0.052,112,2
2026-05-28 06:44:00,0.056,249,2
2026-05-28 06:50:00,0.121,157,2
2026-05-28 06:56:00,0.134,187,2
2026-05-28 07:02:00,0.146,158,2
2026-05-28 07:08:00,0.266,217,2
2026-05-28 07:14:00,0.251,249,2
2026-05-28 07:20:00,0.348,212,2
2026-05-28 07:26:00,0.467,240,2
2026-05-28 07:32:00,0.408,224,2
2026-05-28 07:38:00,0.414,169,2
2026-05-28 07:44:00,0.398,256,2
2026-05-28 07:50:00,0.447,247,2
2026-05-28 07:56:00,0.597,228,2
2026-05-28 08:02:00,0.56,183,2
2026-05-28 08:08:00,0.552,248,2
2026-05-28 08:14:00,0.696,248,2
2026-05-28 08:20:00,0.698,226,2
2026-05-28 08:26:00,0.729,219,2
2026-05-28 08:32:00,0.795,219,2
2026-05-28 08:38:00,0.77,219,2
2026-05-28 08:44:00,0.892,232,2
2026-05-28 08:50:00,0.826,233,2
2026-05-28 08:56:00,0.727,231,2
2026-05-28 09:02:00,0.791,242,2
2026-05-28 09:08:00,0.781,232,2
2026-05-28 09:14:00,0.89,229,2
2026-05-28 09:20:00,0.848,241,2
2026-05-28 09:26:00,0.96,229,2
2026-05-28 09:32:00,1.075,223,2
2026-05-28 09:38:00,1.162,216,2
2026-05-28 09:44:00,1.026,215,2
2026-05-28 09:50:00,0.972,231,2
2026-05-28 09:56:00,1.054,232,2
2026-05-28 10:02:00,1.081,211,2
2026-05-28 10:08:00,1.106,210,2
2026-05-28 10:14:00,1.252,219,2
2026-05-28 10:20:00,1.293,224,2
2026-05-28 10:26:00,1.283,233,2
2026-05-28 10:32:00,1.298,218,2
2026-05-28 10:38:00,1.431,231,2
2026-05-28 10:44:00,1.508,216,2
2026-05-28 10:50:00,1.438,222,2
2026-05-28 10:56:00,1.625,211,2
2026-05-28 11:02:00,1.687,220,2
2026-05-28 11:08:00,1.713,222,2
2026-05-28 11:14:00,1.687,232,2
2026-05-28 11:20:00,1.672,209,2
2026-05-28 11:26:00,1.771,227,2
2026-05-28 11:32:00,1.639,226,2
2026-05-28 11:38:00,1.617,220,2
2026-05-28 11:44:00,1.656,215,2
2026-05-28 11:50:00,1.481,220,2
2026-05-28 11:56:00,1.51,235,2
2026-05-28 12:02:00,1.549,228,2
2026-05-28 12:08:00,1.413,209,2
2026-05-28 12:14:00,1.365,224,2
2026-05-28 12:20:00,1.339,230,2
2026-05-28 12:26:00,1.31,239,2
2026-05-28 12:32:00,1.213,221,2
2026-05-28 12:38:00,1.125,225,2
2026-05-28 12:44:00,1.186,215,2
2026-05-28 12:50:00,1.141,232,2
2026-05-28 12:56:00,1.065,223,2
2026-05-28 13:02:00,1.056,217,2
2026-05-28 13:08:00,0.976,218,2
2026-05-28 13:14:00,0.842,228,2
2026-05-28 13:20:00,0.935,213,2
2026-05-28 13:26:00,0.904,231,2
2026-05-28 13:32:00,0.795,229,2
2026-05-28 13:38:00,0.807,222,2
2026-05-28 13:44:00,0.925,212,2
2026-05-28 13:50:00,0.768,238,2
2026-05-28 13:56:00,0.754,230,2
2026-05-28 14:02:00,0.76,238,2
2026-05-28 14:08:00,0.764,220,2
2026-05-28 14:14:00,0.675,212,2
2026-05-28 14:20:00,0.651,258,2
2026-05-28 14:26:00,0.492,254,2
2026-05-28 14:32:00,0.424,235,2
2026-05-28 14:38:00,0.414,244,2
2026-05-28 14:44:00,0.365,234,2
2026-05-28 14:50:00,0.216,240,2
2026-05-28 14:56:00,0.233,224,2
2026-05-28 15:02:00,0.169,165,2
2026-05-28 15:08:00,0.119,159,2
2026-05-28 15:14:00,0.154,191,2
2026-05-28 15:20:00,0.113,141,2
2026-05-28 15:26:00,0.066,117,2
2026-05-28 15:32:00,0.115,221,2
2026-05-28 15:38:00,0.068,222,2
2026-05-28 15:44:00,0.07,169,2
2026-05-28 15:50:00,0.128,211,2
2026-05-28 15:56:00,0.082,202,2
2026-05-28 16:02:00,0.161,229,2
2026-05-28 16:08:00,0.058,226,2
2026-05-28 16:14:00,0.047,205,2
2026-05-28 16:20:00,0.15,130,2
2026-05-28 16:26:00,0.097,164,2
2026-05-28 16:38:00,0.13,204,2
2026-05-28 16:44:00,0.132,279,2
2026-05-28 16:50:00,0.107,287,2
2026-05-28 16:56:00,0.037,310,2
2026-05-28 17:02:00,0.021,354,2
2026-05-28 17:08:00,0.082,10,2
2026-05-28 17:14:00,0.128,248,2
2026-05-28 17:20:00,0.039,267,2
2026-05-28 17:26:00,0.084,63,2
2026-05-28 17:32:00,0.047,8,2
2026-05-28 17:38:00,0.047,304,2
2026-05-28 17:44:00,0.214,342,2
2026-05-28 17:50:00,0.117,75,2
2026-05-28 17:56:00,0.128,35,2
2026-05-28 18:02:00,0.076,5,2
2026-05-28 18:08:00,0.035,30,2
2026-05-28 18:14:00,0.041,30,2
2026-05-28 18:20:00,0.041,287,2
2026-05-28 18:26:00,0.018,85,2
2026-05-28 18:32:00,0.054,208,2
2026-05-28 18:38:00,0.165,184,2
2026-05-28 18:44:00,0.161,189,2
2026-05-28 18:50:00,0.165,164,2
2026-05-28 18:56:00,0.233,194,2
2026-05-28 19:02:00,0.266,208,2
2026-05-28 19:08:00,0.224,230,2
2026-05-28 19:14:00,0.416,230,2
2026-05-28 19:20:00,0.346,230,2
2026-05-28 19:26:00,0.371,165,2
2026-05-28 19:32:00,0.381,215,2
2026-05-28 19:38:00,0.325,206,2
2026-05-28 19:44:00,0.299,169,2
2026-05-28 19:50:00,0.377,262,2
2026-05-28 19:56:00,0.342,229,2
2026-05-28 20:02:00,0.406,196,2
2026-05-28 20:08:00,0.332,195,2
2026-05-28 20:14:00,0.554,225,2
2026-05-28 20:20:00,0.486,229,2
2026-05-28 20:26:00,0.597,211,2
2026-05-28 20:32:00,0.708,231,2
2026-05-28 20:38:00,0.781,213,2
2026-05-28 20:44:00,0.816,218,2
2026-05-28 20:50:00,0.717,205,2
2026-05-28 20:56:00,0.795,224,2
2026-05-28 21:02:00,0.816,215,2
2026-05-28 21:08:00,0.713,226,2
2026-05-28 21:14:00,0.882,231,2
2026-05-28 21:20:00,0.96,228,2
2026-05-28 21:26:00,0.999,215,2
2026-05-28 21:32:00,0.919,227,2
2026-05-28 21:38:00,0.931,214,2
2026-05-28 21:44:00,0.951,224,2
2026-05-28 21:50:00,0.972,221,2
2026-05-28 21:56:00,1.125,227,2
2026-05-28 22:02:00,1.116,240,2
2026-05-28 22:08:00,1.149,221,2
2026-05-28 22:14:00,1.015,216,2
2026-05-28 22:20:00,0.984,215,2
2026-05-28 22:26:00,0.997,217,2
2026-05-28 22:32:00,1.155,219,2
2026-05-28 22:38:00,1.05,225,2
2026-05-28 22:44:00,0.861,220,2
2026-05-28 22:50:00,0.894,227,2
2026-05-28 22:56:00,0.805,233,2
2026-05-28 23:02:00,0.655,231,2
2026-05-28 23:08:00,0.832,230,2
2026-05-28 23:14:00,0.741,219,2
2026-05-28 23:20:00,0.696,221,2
2026-05-28 23:26:00,0.706,226,2
2026-05-28 23:32:00,0.682,248,2
2026-05-28 23:38:00,0.731,241,2
2026-05-28 23:44:00,0.585,223,2
2026-05-28 23:50:00,0.591,236,2
2026-05-28 23:56:00,0.414,243,2
2026-05-29 00:02:00,0.511,233,2
2026-05-29 00:08:00,0.391,220,2
2026-05-29 00:14:00,0.463,214,2
2026-05-29 00:20:00,0.354,239,2
2026-05-29 00:26:00,0.313,233,2
2026-05-29 00:32:00,0.268,232,2
2026-05-29 00:38:00,0.194,227,2
2026-05-29 00:44:00,0.154,308,2
2026-05-29 00:50:00,0.284,213,2
2026-05-29 00:56:00,0.19,240,2
2026-05-29 01:02:00,0.156,262,2
2026-05-29 01:08:00,0.097,259,2
2026-05-29 01:14:00,0.076,256,2
2026-05-29 01:20:00,0.124,309,2
2026-05-29 01:26:00,0.035,311,2
2026-05-29 01:32:00,0.056,315,2
2026-05-29 01:38:00,0.095,341,2
2026-05-29 01:44:00,0.161,286,2
2026-05-29 01:50:00,0.206,273,2
2026-05-29 01:56:00,0.018,137,2
2026-05-29 02:02:00,0.08,342,2
2026-05-29 02:08:00,0.093,63,2
2026-05-29 02:14:00,0.101,91,2
2026-05-29 02:20:00,0.157,120,2
2026-05-29 02:26:00,0.136,33,2
2026-05-29 02:32:00,0.297,27,2
2026-05-29 02:38:00,0.087,97,2
2026-05-29 02:44:00,0.325,54,2
2026-05-29 02:50:00,0.328,94,2
2026-05-29 02:56:00,0.167,13,2
2026-05-29 03:02:00,0.268,29,2
2026-05-29 03:08:00,0.253,83,2
2026-05-29 03:14:00,0.272,45,2
2026-05-29 03:20:00,0.288,36,2
2026-05-29 03:26:00,0.377,13,2
2026-05-29 03:32:00,0.313,51,2
2026-05-29 03:38:00,0.395,43,2
2026-05-29 03:44:00,0.472,81,2
2026-05-29 03:50:00,0.418,20,2
2026-05-29 03:56:00,0.459,75,2
2026-05-29 04:02:00,0.488,91,2
2026-05-29 04:08:00,0.498,28,2
2026-05-29 04:14:00,0.488,103,2
2026-05-29 04:20:00,0.447,31,2
2026-05-29 04:26:00,0.416,87,2
2026-05-29 04:32:00,0.554,33,2
2026-05-29 04:38:00,0.494,38,2
2026-05-29 04:44:00,0.673,10,2
2026-05-29 04:50:00,0.717,104,2
2026-05-29 04:56:00,0.624,60,2
2026-05-29 05:02:00,0.581,92,2
2026-05-29 05:08:00,0.54,78,2
2026-05-29 05:14:00,0.432,29,2
2026-05-29 05:20:00,0.482,61,2
2026-05-29 05:26:00,0.385,67,2
2026-05-29 05:32:00,0.332,84,2
2026-05-29 05:38:00,0.41,73,2
2026-05-29 05:44:00,0.364,47,2
2026-05-29 05:50:00,0.412,52,2
2026-05-29 05:56:00,0.381,52,2
2026-05-29 06:02:00,0.303,64,2
2026-05-29 06:08:00,0.19,84,2
2026-05-29 06:14:00,0.313,79,2
2026-05-29 06:20:00,0.276,105,2
2026-05-29 06:26:00,0.367,48,2
2026-05-29 06:32:00,0.317,98,2
2026-05-29 06:38:00,0.266,77,2
2026-05-29 06:44:00,0.192,87,2
2026-05-29 06:50:00,0.177,96,2
2026-05-29 06:56:00,0.294,36,2
2026-05-29 07:02:00,0.189,77,2
2026-05-29 07:08:00,0.101,170,2
2026-05-29 07:14:00,0.142,108,2
2026-05-29 07:20:00,0.115,231,2
2026-05-29 07:26:00,0.455,224,2
2026-05-29 07:32:00,0.317,235,2
2026-05-29 07:38:00,0.161,310,2
2026-05-29 07:44:00,0.28,291,2
2026-05-29 07:50:00,0.295,230,2
2026-05-29 07:56:00,0.264,209,2
2026-05-29 08:02:00,0.243,225,2
2026-05-29 08:08:00,0.432,217,2
2026-05-29 08:14:00,0.428,208,2
2026-05-29 08:20:00,0.379,229,2
2026-05-29 08:26:00,0.443,273,2
2026-05-29 08:32:00,0.484,201,2
2026-05-29 08:38:00,0.572,207,2
2026-05-29 08:44:00,0.587,223,2
2026-05-29 08:50:00,0.562,244,2
2026-05-29 08:56:00,0.575,189,2
2026-05-29 09:02:00,0.577,184,2
2026-05-29 09:08:00,0.572,231,2
2026-05-29 09:14:00,0.461,241,2
2026-05-29 09:20:00,0.542,235,2
2026-05-29 09:26:00,0.587,231,2
2026-05-29 09:32:00,0.663,209,2
2026-05-29 09:38:00,0.698,219,2
2026-05-29 09:44:00,0.772,183,2
2026-05-29 09:50:00,0.937,195,2
2026-05-29 09:56:00,0.727,198,2
2026-05-29 10:02:00,0.616,209,2
2026-05-29 10:08:00,0.515,227,2
2026-05-29 10:14:00,0.636,210,2
2026-05-29 10:20:00,0.622,250,2
2026-05-29 10:26:00,0.713,220,2
2026-05-29 10:32:00,0.793,218,2
2026-05-29 10:38:00,0.746,226,2
2026-05-29 10:44:00,0.643,253,2
2026-05-29 10:50:00,0.711,230,2
2026-05-29 10:56:00,0.694,227,2
2026-05-29 11:02:00,0.871,255,2
2026-05-29 11:08:00,0.801,219,2
2026-05-29 11:14:00,0.739,247,2
2026-05-29 11:20:00,0.756,235,2
2026-05-29 11:26:00,0.791,238,2
2026-05-29 11:32:00,0.848,195,2
2026-05-29 11:38:00,0.882,210,2
2026-05-29 11:44:00,0.98,227,2
2026-05-29 11:50:00,0.787,218,2
2026-05-29 11:56:00,0.923,223,2
2026-05-29 12:02:00,0.98,217,2
2026-05-29 12:08:00,1.059,226,2
2026-05-29 12:14:00,1.034,219,2
2026-05-29 12:20:00,1.001,213,2
2026-05-29 12:26:00,1.034,237,2
2026-05-29 12:32:00,1.079,228,2
2026-05-29 12:38:00,1.05,206,2
2026-05-29 12:44:00,0.933,234,2
2026-05-29 12:50:00,1.061,218,2
2026-05-29 12:56:00,1.089,225,2
2026-05-29 13:02:00,1.056,214,2
2026-05-29 13:08:00,1.015,212,2
2026-05-29 13:14:00,0.696,190,2
2026-05-29 13:20:00,0.686,192,2
2026-05-29 13:26:00,0.684,225,2
2026-05-29 13:32:00,0.675,225,2
2026-05-29 13:38:00,0.546,226,2
2026-05-29 13:44:00,0.467,239,2
2026-05-29 13:50:00,0.548,235,2
2026-05-29 13:56:00,0.517,180,2
2026-05-29 14:02:00,0.437,220,2
2026-05-29 14:08:00,0.371,258,2
2026-05-29 14:14:00,0.4,210,2
2026-05-29 14:20:00,0.336,269,2
2026-05-29 14:26:00,0.307,189,2
2026-05-29 14:32:00,0.196,181,2
2026-05-29 14:38:00,0.187,194,2
2026-05-29 14:44:00,0.082,251,2
2026-05-29 14:50:00,0.051,259,2
2026-05-29 14:56:00,0.107,296,2
2026-05-29 15:02:00,0.01,132,2
2026-05-29 15:08:00,0.14,299,2
2026-05-29 15:14:00,0.058,349,2
2026-05-29 15:20:00,0.087,350,2
2026-05-29 15:26:00,0.15,345,2
2026-05-29 15:32:00,0.307,340,2
2026-05-29 15:38:00,0.239,345,2
2026-05-29 15:44:00,0.299,356,2
2026-05-29 15:50:00,0.29,330,2
2026-05-29 15:56:00,0.321,285,2
2026-05-29 16:02:00,0.33,339,2
2026-05-29 16:08:00,0.432,351,2
2026-05-29 16:14:00,0.402,356,2
2026-05-29 16:20:00,0.457,7,2
2026-05-29 16:26:00,0.41,19,2
2026-05-29 16:32:00,0.389,8,2
2026-05-29 16:38:00,0.301,11,2
2026-05-29 16:44:00,0.445,4,2
2026-05-29 16:50:00,0.507,17,2
2026-05-29 16:56:00,0.513,10,2
2026-05-29 17:02:00,0.587,22,2
2026-05-29 17:08:00,0.575,25,2
2026-05-29 17:14:00,0.56,37,2
2026-05-29 17:20:00,0.564,25,2
2026-05-29 17:26:00,0.723,22,2
2026-05-29 17:32:00,0.645,27,2
2026-05-29 17:38:00,0.661,24,2
2026-05-29 17:44:00,0.564,30,2
2026-05-29 17:56:00,0.515,24,2
2026-05-29 18:02:00,0.465,28,2
2026-05-29 18:08:00,0.432,55,2
2026-05-29 18:14:00,0.437,59,2
2026-05-29 18:20:00,0.472,32,2
2026-05-29 18:26:00,0.416,65,2
2026-05-29 18:32:00,0.398,52,2
2026-05-29 18:38:00,0.288,64,2
2026-05-29 18:44:00,0.383,35,2
2026-05-29 18:50:00,0.301,91,2
2026-05-29 18:56:00,0.262,58,2
2026-05-29 19:02:00,0.227,77,2
2026-05-29 19:08:00,0.19,65,2
2026-05-29 19:14:00,0.225,66,2
2026-05-29 19:20:00,0.177,73,2
2026-05-29 19:26:00,0.185,132,2
2026-05-29 19:32:00,0.165,21,2
2026-05-29 19:38:00,0.111,71,2
2026-05-29 19:44:00,0.095,108,2
2026-05-29 19:50:00,0.018,137,2
2026-05-29 19:56:00,0.089,160,2
2026-05-29 20:02:00,0.029,239,2
2026-05-29 20:08:00,0.056,230,2
2026-05-29 20:14:00,0.072,202,2
2026-05-29 20:20:00,0.19,142,2
2026-05-29 20:26:00,0.154,181,2
2026-05-29 20:32:00,0.332,193,2
2026-05-29 20:38:00,0.288,175,2
2026-05-29 20:44:00,0.251,243,2
2026-05-29 20:50:00,0.371,233,2
2026-05-29 20:56:00,0.305,250,2
2026-05-29 21:02:00,0.251,272,2
2026-05-29 21:08:00,0.294,247,2
2026-05-29 21:14:00,0.323,255,2
2026-05-29 21:20:00,0.216,272,2
2026-05-29 21:26:00,0.358,300,2
2026-05-29 21:32:00,0.406,246,2
2026-05-29 21:38:00,0.418,284,2
2026-05-29 21:44:00,0.408,244,2
2026-05-29 21:50:00,0.439,248,2
2026-05-29 21:56:00,0.397,250,2
2026-05-29 22:02:00,0.346,229,2
2026-05-29 22:08:00,0.313,230,2
2026-05-29 22:14:00,0.307,302,2
2026-05-29 22:20:00,0.249,212,2
2026-05-29 22:26:00,0.239,235,2
2026-05-29 22:32:00,0.356,284,2
2026-05-29 22:38:00,0.251,181,2
2026-05-29 22:44:00,0.185,250,2
2026-05-29 22:50:00,0.286,207,2
2026-05-29 22:56:00,0.276,217,2
2026-05-29 23:02:00,0.346,200,2
2026-05-29 23:08:00,0.239,242,2
2026-05-29 23:14:00,0.229,227,2
2026-05-29 23:20:00,0.27,278,2
2026-05-29 23:26:00,0.4,208,2
2026-05-29 23:32:00,0.309,212,2
2026-05-29 23:38:00,0.371,221,2
2026-05-29 23:44:00,0.328,234,2
2026-05-29 23:50:00,0.288,225,2
2026-05-29 23:56:00,0.167,238,2
2026-05-30 00:02:00,0.134,116,2
2026-05-30 00:08:00,0.222,207,2
2026-05-30 00:14:00,0.146,224,2
2026-05-30 00:20:00,0.078,292,2
2026-05-30 00:26:00,0.051,165,2
2026-05-30 00:32:00,0.054,95,2
2026-05-30 00:38:00,0.121,301,2
2026-05-30 00:44:00,0.099,35,2
2026-05-30 00:50:00,0.064,257,2
2026-05-30 00:56:00,0.103,5,2
2026-05-30 01:02:00,0.091,355,2
2026-05-30 01:08:00,0.225,352,2
2026-05-30 01:14:00,0.198,57,2
2026-05-30 01:20:00,0.206,6,2
2026-05-30 01:26:00,0.198,321,2
2026-05-30 01:32:00,0.297,46,2
2026-05-30 01:38:00,0.414,357,2
2026-05-30 01:44:00,0.373,347,2
2026-05-30 01:50:00,0.49,5,2
2026-05-30 01:56:00,0.414,343,2
2026-05-30 02:02:00,0.566,35,2
2026-05-30 02:08:00,0.544,352,2
2026-05-30 02:14:00,0.593,354,2
2026-05-30 02:20:00,0.595,344,2
2026-05-30 02:26:00,0.641,9,2
2026-05-30 02:32:00,0.692,349,2
2026-05-30 02:38:00,0.799,6,2
2026-05-30 02:44:00,0.754,9,2
2026-05-30 02:50:00,0.768,16,2
2026-05-30 02:56:00,0.873,30,2
2026-05-30 03:02:00,0.929,8,2
2026-05-30 03:08:00,0.914,4,2
2026-05-30 03:14:00,0.991,24,2
2026-05-30 03:20:00,1.048,14,2
2026-05-30 03:26:00,1.015,10,2
2026-05-30 03:32:00,1.094,10,2
2026-05-30 03:38:00,1.149,353,2
2026-05-30 03:44:00,1.137,357,2
2026-05-30 03:50:00,1.122,24,2
2026-05-30 03:56:00,1.133,4,2
2026-05-30 04:02:00,1.17,349,2
2026-05-30 04:08:00,0.941,359,2
2026-05-30 04:14:00,1.192,4,2
2026-05-30 04:20:00,1.199,353,2
2026-05-30 04:26:00,1.153,16,2
2026-05-30 04:32:00,1.042,18,2
2026-05-30 04:38:00,1.236,356,2
2026-05-30 04:44:00,1.256,20,2
2026-05-30 04:50:00,1.248,9,2
2026-05-30 04:56:00,1.258,1,2
2026-05-30 05:02:00,1.304,354,2
2026-05-30 05:08:00,1.238,30,2
2026-05-30 05:14:00,1.215,351,2
2026-05-30 05:20:00,1.19,18,2
2026-05-30 05:26:00,1.11,9,2
2026-05-30 05:32:00,1.178,28,2
2026-05-30 05:38:00,1.135,17,2
2026-05-30 05:44:00,1.069,8,2
2026-05-30 05:50:00,0.972,6,2
2026-05-30 05:56:00,0.956,35,2
2026-05-30 06:02:00,0.898,359,2
2026-05-30 06:08:00,0.851,4,2
2026-05-30 06:14:00,0.951,6,2
2026-05-30 06:20:00,1.036,2,2
2026-05-30 06:26:00,0.947,28,2
2026-05-30 06:32:00,0.711,356,2
2026-05-30 06:38:00,0.799,1,2
2026-05-30 06:44:00,0.605,2,2
2026-05-30 06:50:00,0.593,12,2
2026-05-30 06:56:00,0.124,40,2
2026-05-30 07:02:00,0.292,6,2
2026-05-30 07:08:00,0.165,339,2
2026-05-30 07:14:00,0.29,314,2
2026-05-30 07:20:00,0.214,299,2
2026-05-30 07:26:00,0.126,95,2
2026-05-30 07:32:00,0.117,330,2
2026-05-30 07:38:00,0.08,23,2
2026-05-30 07:44:00,0.156,333,2
2026-05-30 07:50:00,0.416,258,2
2026-05-30 07:56:00,0.268,272,2
2026-05-30 08:02:00,0.016,49,2
2026-05-30 08:08:00,0.072,145,2
2026-05-30 08:14:00,0.115,193,2
2026-05-30 08:20:00,0.286,197,2
2026-05-30 08:26:00,0.364,205,2
2026-05-30 08:32:00,0.675,237,2
2026-05-30 08:38:00,0.717,260,2
2026-05-30 08:44:00,0.676,195,2
2026-05-30 08:50:00,1.073,211,2
2026-05-30 08:56:00,0.933,246,2
2026-05-30 09:02:00,0.919,248,2
2026-05-30 09:08:00,0.832,218,2
2026-05-30 09:14:00,0.861,196,2
2026-05-30 09:20:00,1.188,244,2
2026-05-30 09:26:00,1.246,214,2
2026-05-30 09:32:00,1.228,209,2
2026-05-30 09:38:00,1.332,200,2
2026-05-30 09:44:00,1.349,215,2
2026-05-30 09:50:00,1.442,217,2
2026-05-30 09:56:00,1.604,243,2
2026-05-30 10:02:00,1.679,223,2
2026-05-30 10:08:00,1.779,223,2
2026-05-30 10:14:00,1.674,231,2
2026-05-30 10:20:00,1.617,224,2
2026-05-30 10:26:00,1.606,215,2
2026-05-30 10:32:00,1.775,235,2
2026-05-30 10:38:00,1.959,214,2
2026-05-30 10:44:00,1.915,211,2
2026-05-30 10:50:00,1.928,211,2
2026-05-30 10:56:00,1.942,191,2
2026-05-30 11:02:00,2.084,217,2
2026-05-30 11:08:00,2.012,222,2
2026-05-30 11:14:00,2.094,217,2
2026-05-30 11:20:00,2.117,209,2
2026-05-30 11:26:00,2.216,209,2
2026-05-30 11:32:00,2.35,217,2
2026-05-30 11:38:00,2.3,220,2
2026-05-30 11:44:00,2.36,215,2
2026-05-30 11:50:00,2.358,219,2
2026-05-30 11:56:00,2.397,211,2
2026-05-30 12:02:00,2.41,209,2
2026-05-30 12:08:00,2.3,212,2
2026-05-30 12:14:00,2.381,208,2
2026-05-30 12:20:00,2.323,220,2
2026-05-30 12:26:00,2.333,222,2
2026-05-30 12:32:00,2.177,212,2
2026-05-30 12:38:00,2.255,214,2
2026-05-30 12:44:00,2.162,202,2
2026-05-30 12:50:00,2.171,223,2
2026-05-30 12:56:00,2.191,218,2
2026-05-30 13:02:00,2.206,214,2
2026-05-30 13:08:00,2.027,199,2
2026-05-30 13:14:00,2.148,205,2
2026-05-30 13:20:00,2.08,198,2
2026-05-30 13:26:00,2.025,193,2
2026-05-30 13:32:00,2.2,217,2
2026-05-30 13:38:00,2.237,228,2
2026-05-30 13:44:00,2.004,221,2
2026-05-30 13:50:00,1.849,206,2
2026-05-30 13:56:00,1.965,210,2
2026-05-30 14:02:00,1.979,212,2
2026-05-30 14:08:00,1.913,209,2
2026-05-30 14:14:00,1.812,228,2
2026-05-30 14:20:00,1.744,224,2
2026-05-30 14:26:00,1.635,226,2
2026-05-30 14:32:00,1.705,232,2
2026-05-30 14:38:00,1.549,216,2
2026-05-30 14:44:00,1.505,216,2
2026-05-30 14:50:00,1.598,211,2
2026-05-30 14:56:00,1.516,220,2
2026-05-30 15:02:00,1.429,213,2
2026-05-30 15:08:00,1.499,230,2
2026-05-30 15:14:00,1.545,224,2
2026-05-30 15:20:00,1.532,192,2
2026-05-30 15:26:00,1.514,232,2
2026-05-30 15:32:00,1.423,197,2
2026-05-30 15:38:00,1.262,237,2
2026-05-30 15:44:00,1.137,246,2
2026-05-30 15:50:00,1.021,208,2
2026-05-30 15:56:00,0.82,210,2
2026-05-30 16:02:00,0.941,229,2
2026-05-30 16:08:00,0.832,210,2
2026-05-30 16:14:00,0.729,221,2
2026-05-30 16:20:00,0.783,244,2
2026-05-30 16:26:00,0.762,220,2
2026-05-30 16:32:00,0.758,244,2
2026-05-30 16:38:00,0.606,215,2
2026-05-30 16:44:00,0.655,214,2
2026-05-30 16:50:00,0.606,193,2
2026-05-30 16:56:00,0.719,187,2
2026-05-30 17:02:00,0.708,170,2
2026-05-30 17:08:00,0.698,194,2
2026-05-30 17:14:00,0.75,186,2
2026-05-30 17:20:00,0.71,179,2
2026-05-30 17:26:00,0.641,158,2
2026-05-30 17:32:00,0.595,177,2
2026-05-30 17:38:00,0.54,191,2
2026-05-30 17:44:00,0.589,183,2
2026-05-30 17:50:00,0.739,206,2
2026-05-30 17:56:00,0.776,195,2
2026-05-30 18:02:00,0.68,194,2
2026-05-30 18:08:00,0.661,182,2
2026-05-30 18:14:00,0.564,185,2
2026-05-30 18:20:00,0.649,175,2
2026-05-30 18:26:00,0.638,205,2
2026-05-30 18:32:00,0.577,219,2
2026-05-30 18:38:00,0.624,193,2
2026-05-30 18:44:00,0.603,214,2
2026-05-30 18:50:00,0.581,211,2
2026-05-30 18:56:00,0.507,206,2
2026-05-30 19:02:00,0.597,196,2
2026-05-30 19:08:00,0.536,198,2
2026-05-30 19:14:00,0.614,218,2
2026-05-30 19:20:00,0.62,209,2
2026-05-30 19:26:00,0.624,203,2
2026-05-30 19:32:00,0.589,211,2
2026-05-30 19:38:00,0.678,205,2
2026-05-30 19:44:00,0.659,239,2
2026-05-30 19:50:00,0.669,231,2
2026-05-30 19:56:00,0.684,221,2
2026-05-30 20:02:00,0.861,217,2
2026-05-30 20:08:00,0.669,226,2
2026-05-30 20:14:00,0.692,217,2
2026-05-30 20:20:00,0.56,229,2
2026-05-30 20:26:00,0.665,208,2
2026-05-30 20:32:00,0.632,214,2
2026-05-30 20:38:00,0.725,218,2
2026-05-30 20:44:00,0.641,216,2
2026-05-30 20:50:00,0.626,231,2
2026-05-30 20:56:00,0.719,206,2
2026-05-30 21:02:00,0.82,235,2
2026-05-30 21:08:00,0.879,197,2
2026-05-30 21:14:00,0.871,226,2
2026-05-30 21:20:00,0.799,221,2
2026-05-30 21:26:00,0.853,219,2
2026-05-30 21:32:00,0.733,221,2
2026-05-30 21:38:00,0.739,235,2
2026-05-30 21:44:00,0.741,211,2
2026-05-30 21:50:00,0.863,260,2
2026-05-30 21:56:00,0.764,246,2
2026-05-30 22:02:00,0.783,226,2
2026-05-30 22:14:00,0.879,227,2
2026-05-30 22:20:00,0.684,243,2
2026-05-30 22:26:00,0.743,255,2
2026-05-30 22:32:00,0.863,218,2
2026-05-30 22:38:00,0.809,207,2
2026-05-30 22:44:00,0.77,220,2
2026-05-30 22:50:00,0.659,222,2
2026-05-30 22:56:00,0.772,229,2
2026-05-30 23:02:00,0.702,241,2
2026-05-30 23:08:00,0.643,242,2
2026-05-30 23:14:00,0.657,233,2
2026-05-30 23:20:00,0.643,243,2
2026-05-30 23:26:00,0.597,240,2
2026-05-30 23:32:00,0.601,260,2
2026-05-30 23:38:00,0.682,205,2
2026-05-30 23:44:00,0.591,201,2
2026-05-30 23:50:00,0.577,244,2
2026-05-30 23:56:00,0.562,196,2
2026-05-31 00:02:00,0.535,238,2
2026-05-31 00:08:00,0.566,182,2
2026-05-31 00:14:00,0.544,237,2
2026-05-31 00:20:00,0.496,229,2
2026-05-31 00:26:00,0.43,249,2
2026-05-31 00:32:00,0.34,176,2
2026-05-31 00:38:00,0.406,245,2
2026-05-31 00:44:00,0.294,227,2
2026-05-31 00:50:00,0.229,262,2
2026-05-31 00:56:00,0.134,235,2
2026-05-31 01:02:00,0.122,274,2
2026-05-31 01:08:00,0.095,176,2
2026-05-31 01:14:00,0.062,68,2
2026-05-31 01:20:00,0.049,52,2
2026-05-31 01:26:00,0.167,70,2
2026-05-31 01:32:00,0.068,44,2
2026-05-31 01:38:00,0.189,81,2
2026-05-31 01:44:00,0.163,75,2
2026-05-31 01:50:00,0.21,360,2
2026-05-31 01:56:00,0.214,52,2
2026-05-31 02:02:00,0.292,38,2
2026-05-31 02:08:00,0.301,46,2
2026-05-31 02:14:00,0.422,41,2
2026-05-31 02:20:00,0.468,52,2
2026-05-31 02:26:00,0.538,28,2
2026-05-31 02:32:00,0.515,36,2
2026-05-31 02:38:00,0.498,40,2
2026-05-31 02:44:00,0.585,26,2
2026-05-31 02:50:00,0.634,59,2
2026-05-31 02:56:00,0.704,19,2
2026-05-31 03:02:00,0.7,55,2
2026-05-31 03:08:00,0.778,17,2
2026-05-31 03:14:00,0.842,56,2
2026-05-31 03:20:00,0.908,49,2
2026-05-31 03:26:00,0.84,39,2
2026-05-31 03:32:00,0.865,49,2
2026-05-31 03:38:00,0.869,12,2
2026-05-31 03:44:00,0.916,33,2
2026-05-31 03:50:00,0.875,24,2
2026-05-31 03:56:00,0.951,31,2
2026-05-31 04:02:00,0.941,17,2
2026-05-31 04:08:00,1.073,30,2
2026-05-31 04:14:00,1.197,25,2
2026-05-31 04:20:00,1.04,37,2
2026-05-31 04:26:00,1.073,32,2
2026-05-31 04:32:00,1.194,9,2
2026-05-31 04:38:00,1.075,28,2
2026-05-31 04:44:00,1.209,44,2
2026-05-31 04:50:00,1.094,34,2
2026-05-31 04:56:00,1.137,23,2
2026-05-31 05:02:00,1.213,39,2
2026-05-31 05:08:00,1.254,40,2
2026-05-31 05:14:00,1.155,27,2
2026-05-31 05:20:00,1.291,13,2
2026-05-31 05:26:00,1.174,37,2
2026-05-31 05:32:00,1.252,55,2
2026-05-31 05:38:00,1.227,50,2
2026-05-31 05:44:00,1.232,37,2
2026-05-31 05:50:00,1.238,46,2
2026-05-31 05:56:00,1.376,7,2
2026-05-31 06:02:00,1.207,28,2
2026-05-31 06:08:00,1.155,40,2
2026-05-31 06:14:00,1.332,14,2
2026-05-31 06:20:00,1.215,23,2
2026-05-31 06:26:00,1.205,44,2
2026-05-31 06:32:00,1.159,33,2
2026-05-31 06:38:00,1.186,23,2
2026-05-31 06:44:00,1.252,29,2
2026-05-31 06:50:00,1.258,14,2
2026-05-31 06:56:00,1.1,11,2
2026-05-31 07:02:00,1.116,13,2
2026-05-31 07:08:00,0.993,8,2
2026-05-31 07:14:00,1.046,59,2
2026-05-31 07:20:00,1.077,50,2
2026-05-31 07:26:00,0.904,62,2
2026-05-31 07:32:00,0.912,37,2
2026-05-31 07:38:00,0.836,24,2
2026-05-31 07:44:00,0.797,54,2
2026-05-31 07:50:00,0.715,59,2
2026-05-31 07:56:00,0.675,17,2
2026-05-31 08:02:00,0.653,10,2
2026-05-31 08:08:00,0.653,7,2
2026-05-31 08:14:00,0.612,48,2
2026-05-31 08:20:00,0.533,47,2
2026-05-31 08:26:00,0.558,359,2
2026-05-31 08:32:00,0.305,45,2
2026-05-31 08:38:00,0.422,20,2
2026-05-31 08:44:00,0.282,38,2
2026-05-31 08:50:00,0.253,37,2
2026-05-31 08:56:00,0.255,285,2
2026-05-31 09:02:00,0.284,3,2
2026-05-31 09:08:00,0.22,324,2
2026-05-31 09:14:00,0.157,292,2
2026-05-31 09:20:00,0.115,217,2
2026-05-31 09:26:00,0.049,263,2
2026-05-31 09:32:00,0.156,7,2
2026-05-31 09:38:00,0.107,344,2
2026-05-31 09:44:00,0.159,338,2
2026-05-31 09:50:00,0.167,253,2
2026-05-31 09:56:00,0.136,46,2
2026-05-31 10:02:00,0.163,69,2
2026-05-31 10:08:00,0.105,32,2
2026-05-31 10:14:00,0.175,136,2
2026-05-31 10:20:00,0.146,41,2
2026-05-31 10:26:00,0.121,65,2
2026-05-31 10:32:00,0.101,32,2
2026-05-31 10:38:00,0.122,100,2
2026-05-31 10:44:00,0.064,58,2
2026-05-31 10:50:00,0.089,208,2
2026-05-31 10:56:00,0.091,338,2
2026-05-31 11:02:00,0.115,187,2
2026-05-31 11:08:00,0.212,208,2
2026-05-31 11:14:00,0.14,224,2
2026-05-31 11:20:00,0.161,243,2
2026-05-31 11:26:00,0.206,162,2
2026-05-31 11:32:00,0.224,200,2
2026-05-31 11:38:00,0.235,226,2
2026-05-31 11:44:00,0.362,124,2
2026-05-31 11:50:00,0.369,216,2
2026-05-31 11:56:00,0.42,249,2
2026-05-31 12:02:00,0.416,247,2
2026-05-31 12:08:00,0.447,220,2
2026-05-31 12:14:00,0.245,218,2
2026-05-31 12:20:00,0.278,202,2
2026-05-31 12:26:00,0.301,228,2
2026-05-31 12:32:00,0.134,188,2
2026-05-31 12:38:00,0.262,194,2
2026-05-31 12:44:00,0.21,175,2
2026-05-31 12:50:00,0.214,186,2
2026-05-31 12:56:00,0.249,165,2
2026-05-31 13:02:00,0.21,150,2
2026-05-31 13:08:00,0.264,162,2
2026-05-31 13:14:00,0.229,162,2
2026-05-31 13:20:00,0.294,159,2
2026-05-31 13:26:00,0.365,175,2
2026-05-31 13:32:00,0.379,183,2
2026-05-31 13:38:00,0.305,153,2
2026-05-31 13:44:00,0.196,187,2
2026-05-31 13:50:00,0.212,164,2
2026-05-31 13:56:00,0.257,136,2
2026-05-31 14:02:00,0.371,172,2
2026-05-31 14:08:00,0.284,159,2
2026-05-31 14:14:00,0.371,157,2
2026-05-31 14:20:00,0.439,191,2
2026-05-31 14:26:00,0.369,210,2
2026-05-31 14:32:00,0.373,215,2
2026-05-31 14:38:00,0.552,229,2
2026-05-31 14:44:00,0.418,175,2
2026-05-31 14:50:00,0.581,231,2
2026-05-31 14:56:00,0.503,227,2
2026-05-31 15:02:00,0.657,203,2
2026-05-31 15:08:00,0.509,239,2
2026-05-31 15:14:00,0.608,202,2
2026-05-31 15:20:00,0.548,243,2
2026-05-31 15:26:00,0.474,221,2
2026-05-31 15:32:00,0.453,229,2
2026-05-31 15:38:00,0.354,234,2
2026-05-31 15:44:00,0.299,257,2
2026-05-31 15:50:00,0.284,271,2
2026-05-31 15:56:00,0.231,253,2
2026-05-31 16:02:00,0.255,271,2
2026-05-31 16:08:00,0.274,261,2
2026-05-31 16:14:00,0.321,256,2
2026-05-31 16:20:00,0.204,253,2
2026-05-31 16:26:00,0.177,303,2
2026-05-31 16:32:00,0.222,273,2
2026-05-31 16:38:00,0.099,312,2
2026-05-31 16:44:00,0.157,353,2
2026-05-31 16:50:00,0.152,19,2
2026-05-31 16:56:00,0.189,39,2
2026-05-31 17:02:00,0.286,333,2
2026-05-31 17:08:00,0.387,291,2
2026-05-31 17:14:00,0.356,39,2
2026-05-31 17:20:00,0.449,25,2
2026-05-31 17:26:00,0.408,13,2
2026-05-31 17:32:00,0.437,11,2
2026-05-31 17:38:00,0.41,35,2
2026-05-31 17:44:00,0.572,41,2
2026-05-31 17:50:00,0.414,57,2
2026-05-31 17:56:00,0.482,63,2
2026-05-31 18:02:00,0.517,22,2
2026-05-31 18:08:00,0.558,74,2
2026-05-31 18:14:00,0.562,24,2
2026-05-31 18:20:00,0.5,38,2
2026-05-31 18:26:00,0.546,31,2
2026-05-31 18:32:00,0.48,29,2
2026-05-31 18:38:00,0.527,45,2
2026-05-31 18:44:00,0.618,69,2
2026-05-31 18:50:00,0.577,71,2
2026-05-31 18:56:00,0.61,48,2
2026-05-31 19:02:00,0.457,48,2
2026-05-31 19:08:00,0.494,38,2
2026-05-31 19:14:00,0.503,38,2
2026-05-31 19:20:00,0.503,18,2
2026-05-31 19:26:00,0.439,22,2
2026-05-31 19:32:00,0.474,57,2
2026-05-31 19:38:00,0.437,51,2
2026-05-31 19:44:00,0.517,70,2
2026-05-31 19:50:00,0.412,72,2
2026-05-31 19:56:00,0.404,52,2
2026-05-31 20:02:00,0.402,76,2
2026-05-31 20:08:00,0.28,14,2
2026-05-31 20:14:00,0.171,36,2
2026-05-31 20:20:00,0.237,1,2
2026-05-31 20:26:00,0.19,301,2
2026-05-31 20:32:00,0.169,68,2
2026-05-31 20:38:00,0.225,344,2
2026-05-31 20:44:00,0.165,16,2
2026-05-31 20:50:00,0.239,30,2
2026-05-31 20:56:00,0.169,26,2
2026-05-31 21:02:00,0.198,31,2
2026-05-31 21:08:00,0.161,352,2
2026-05-31 21:14:00,0.177,19,2
2026-05-31 21:20:00,0.103,72,2
2026-05-31 21:26:00,0.078,40,2
2026-05-31 21:32:00,0.072,30,2
2026-05-31 21:38:00,0.095,46,2
2026-05-31 21:44:00,0.023,189,2
2026-05-31 21:50:00,0.054,240,2
2026-05-31 21:56:00,0.136,196,2
2026-05-31 22:02:00,0.206,218,2
2026-05-31 22:08:00,0.169,269,2
2026-05-31 22:14:00,0.177,291,2
2026-05-31 22:20:00,0.189,202,2
2026-05-31 22:26:00,0.144,255,2
2026-05-31 22:32:00,0.212,294,2
2026-05-31 22:38:00,0.208,234,2
2026-05-31 22:44:00,0.268,224,2
2026-05-31 22:50:00,0.185,278,2
2026-05-31 22:56:00,0.202,295,2
2026-05-31 23:02:00,0.22,254,2
2026-05-31 23:08:00,0.286,238,2
2026-05-31 23:14:00,0.268,220,2
2026-05-31 23:20:00,0.35,231,2
2026-05-31 23:26:00,0.346,213,2
2026-05-31 23:32:00,0.319,224,2
2026-05-31 23:38:00,0.369,224,2
2026-05-31 23:44:00,0.416,229,2
2026-05-31 23:50:00,0.34,261,2
2026-05-31 23:56:00,0.422,173,2
2026-06-01 00:02:00,0.449,223,2
2026-06-01 00:08:00,0.402,181,2
2026-06-01 00:14:00,0.395,225,2
2026-06-01 00:20:00,0.354,218,2
2026-06-01 00:26:00,0.338,167,2
2026-06-01 00:32:00,0.36,188,2
2026-06-01 00:38:00,0.243,216,2
2026-06-01 00:44:00,0.235,201,2
2026-06-01 00:50:00,0.272,176,2
2026-06-01 00:56:00,0.282,213,2
2026-06-01 01:02:00,0.307,215,2
2026-06-01 01:08:00,0.204,239,2
2026-06-01 01:14:00,0.179,180,2
2026-06-01 01:20:00,0.21,189,2
2026-06-01 01:26:00,0.161,196,2
2026-06-01 01:32:00,0.025,140,2
2026-06-01 01:38:00,0.2,145,2
2026-06-01 01:44:00,0.136,261,2
2026-06-01 01:50:00,0.109,228,2
2026-06-01 01:56:00,0.056,259,2
2026-06-01 02:02:00,0.054,310,2
2026-06-01 02:08:00,0.105,266,2
2026-06-01 02:14:00,0.111,307,2
2026-06-01 02:20:00,0.066,212,2
2026-06-01 02:26:00,0.078,320,2
2026-06-01 02:32:00,0.173,348,2
2026-06-01 02:38:00,0.185,47,2
2026-06-01 02:44:00,0.218,44,2
2026-06-01 02:50:00,0.272,9,2
2026-06-01 02:56:00,0.346,33,2
2026-06-01 03:02:00,0.352,2,2
2026-06-01 03:08:00,0.468,12,2
2026-06-01 03:14:00,0.488,14,2
2026-06-01 03:20:00,0.535,36,2
2026-06-01 03:26:00,0.632,47,2
2026-06-01 03:32:00,0.595,27,2
2026-06-01 03:38:00,0.618,4,2
2026-06-01 03:44:00,0.608,11,2
2026-06-01 03:50:00,0.725,14,2
2026-06-01 03:56:00,0.758,35,2
2026-06-01 04:02:00,0.828,30,2
2026-06-01 04:08:00,0.904,25,2
2026-06-01 04:14:00,0.98,9,2
2026-06-01 04:20:00,0.892,16,2
2026-06-01 04:26:00,0.9,22,2
2026-06-01 04:32:00,1.009,9,2
2026-06-01 04:38:00,0.995,9,2
2026-06-01 04:44:00,0.947,23,2
2026-06-01 04:50:00,1.046,29,2
2026-06-01 04:56:00,0.995,14,2
2026-06-01 05:02:00,1.118,17,2
2026-06-01 05:08:00,1.217,360,2
2026-06-01 05:14:00,1.147,5,2
2026-06-01 05:20:00,1.18,28,2
2026-06-01 05:26:00,1.089,10,2
2026-06-01 05:32:00,1.155,31,2
2026-06-01 05:38:00,1.19,17,2
2026-06-01 05:44:00,1.228,18,2
2026-06-01 05:50:00,1.213,15,2
2026-06-01 05:56:00,1.219,7,2
2026-06-01 06:02:00,1.302,28,2
2026-06-01 06:08:00,1.277,19,2
2026-06-01 06:14:00,1.209,14,2
2026-06-01 06:20:00,1.077,15,2
2026-06-01 06:26:00,1.114,30,2
2026-06-01 06:32:00,1.094,18,2
2026-06-01 06:38:00,1.061,12,2
2026-06-01 06:44:00,1.046,4,2
2026-06-01 06:50:00,0.762,22,2
2026-06-01 06:56:00,0.925,19,2
2026-06-01 07:02:00,0.828,50,2
2026-06-01 07:08:00,0.906,22,2
2026-06-01 07:14:00,0.871,13,2
2026-06-01 07:20:00,0.807,23,2
2026-06-01 07:26:00,0.694,5,2
2026-06-01 07:32:00,0.676,45,2
2026-06-01 07:38:00,0.692,21,2
2026-06-01 07:44:00,0.68,354,2
2026-06-01 07:50:00,0.566,358,2
2026-06-01 07:56:00,0.575,17,2
2026-06-01 08:02:00,0.519,334,2
2026-06-01 08:08:00,0.43,341,2
2026-06-01 08:14:00,0.268,7,2
2026-06-01 08:20:00,0.212,36,2
2026-06-01 08:26:00,0.111,326,2
2026-06-01 08:32:00,0.2,342,2
2026-06-01 08:38:00,0.27,328,2
2026-06-01 08:44:00,0.262,358,2
2026-06-01 08:50:00,0.179,334,2
2026-06-01 08:56:00,0.235,1,2
2026-06-01 09:02:00,0.295,320,2
2026-06-01 09:08:00,0.251,357,2
2026-06-01 09:14:00,0.138,306,2
2026-06-01 09:20:00,0.111,336,2
2026-06-01 09:26:00,0.142,292,2
2026-06-01 09:32:00,0.212,233,2
2026-06-01 09:38:00,0.074,326,2
2026-06-01 09:44:00,0.152,267,2
2026-06-01 09:50:00,0.194,253,2
2026-06-01 09:56:00,0.222,281,2
2026-06-01 10:02:00,0.255,259,2
2026-06-01 10:08:00,0.231,258,2
2026-06-01 10:14:00,0.327,212,2
2026-06-01 10:20:00,0.268,269,2
2026-06-01 10:26:00,0.2,215,2
2026-06-01 10:32:00,0.468,237,2
2026-06-01 10:38:00,0.416,229,2
2026-06-01 10:44:00,0.542,195,2
2026-06-01 10:50:00,0.443,240,2
2026-06-01 10:56:00,0.624,198,2
2026-06-01 11:02:00,0.721,200,2
2026-06-01 11:08:00,0.628,219,2
2026-06-01 11:14:00,0.682,229,2
2026-06-01 11:20:00,0.719,212,2
2026-06-01 11:26:00,0.904,211,2
2026-06-01 11:32:00,0.871,197,2
2026-06-01 11:38:00,0.82,209,2
2026-06-01 11:44:00,0.853,209,2
2026-06-01 11:50:00,1.052,227,2
2026-06-01 11:56:00,1.026,234,2
2026-06-01 12:02:00,1.275,205,2
2026-06-01 12:08:00,1.411,189,2
2026-06-01 12:14:00,1.512,222,2
2026-06-01 12:20:00,1.65,224,2
2026-06-01 12:26:00,2.045,222,2
2026-06-01 12:32:00,2.08,196,2
2026-06-01 12:38:00,2.121,204,2
2026-06-01 12:44:00,2.082,238,2
2026-06-01 12:50:00,2.008,210,2
2026-06-01 12:56:00,2.029,239,2
2026-06-01 13:02:00,1.971,242,2
2026-06-01 13:08:00,1.959,205,2
2026-06-01 13:14:00,1.956,248,2
2026-06-01 13:20:00,1.985,220,2
2026-06-01 13:26:00,1.956,222,2
2026-06-01 13:32:00,1.909,210,2
2026-06-01 13:38:00,1.942,231,2
2026-06-01 13:44:00,2.012,219,2
2026-06-01 13:50:00,2.08,232,2
2026-06-01 13:56:00,2.006,198,2
2026-06-01 14:02:00,1.992,221,2
2026-06-01 14:08:00,1.907,210,2
2026-06-01 14:14:00,1.961,202,2
2026-06-01 14:20:00,1.946,205,2
2026-06-01 14:26:00,1.938,223,2
2026-06-01 14:32:00,1.944,214,2
2026-06-01 14:38:00,1.884,216,2
2026-06-01 14:44:00,1.887,210,2
2026-06-01 14:50:00,1.851,220,2
2026-06-01 14:56:00,1.829,210,2
2026-06-01 15:02:00,1.74,214,2
2026-06-01 15:08:00,1.738,223,2
2026-06-01 15:14:00,1.784,221,2
2026-06-01 15:20:00,1.598,207,2
2026-06-01 15:26:00,1.623,217,2
2026-06-01 15:32:00,1.503,205,2
2026-06-01 15:38:00,1.524,204,2
2026-06-01 15:44:00,1.501,210,2
2026-06-01 15:50:00,1.376,243,2
2026-06-01 15:56:00,1.417,216,2
2026-06-01 16:02:00,1.217,241,2
2026-06-01 16:08:00,1.277,193,2
2026-06-01 16:14:00,1.166,190,2
2026-06-01 16:20:00,1.188,208,2
2026-06-01 16:26:00,1.188,260,2
2026-06-01 16:32:00,1.056,245,2
2026-06-01 16:38:00,1.026,254,2
2026-06-01 16:44:00,1.081,214,2
2026-06-01 16:50:00,0.97,188,2
2026-06-01 16:56:00,0.943,187,2
2026-06-01 17:02:00,0.991,252,2
2026-06-01 17:08:00,0.857,211,2
2026-06-01 17:14:00,0.71,252,2
2026-06-01 17:20:00,0.614,211,2
2026-06-01 17:26:00,0.694,241,2
2026-06-01 17:32:00,0.523,222,2
2026-06-01 17:38:00,0.457,189,2
2026-06-01 17:44:00,0.364,175,2
2026-06-01 17:50:00,0.259,146,2
2026-06-01 17:56:00,0.282,108,2
2026-06-01 18:02:00,0.237,121,2
2026-06-01 18:08:00,0.225,150,2
2026-06-01 18:14:00,0.307,137,2
2026-06-01 18:20:00,0.216,150,2
2026-06-01 18:26:00,0.241,108,2
2026-06-01 18:32:00,0.278,85,2
2026-06-01 18:38:00,0.179,170,2
2026-06-01 18:44:00,0.2,122,2
2026-06-01 18:50:00,0.122,179,2
2026-06-01 18:56:00,0.245,177,2
2026-06-01 19:02:00,0.208,127,2
2026-06-01 19:08:00,0.122,116,2
2026-06-01 19:14:00,0.148,163,2
2026-06-01 19:20:00,0.126,117,2
2026-06-01 19:26:00,0.014,232,2
2026-06-01 19:32:00,0.107,103,2
2026-06-01 19:38:00,0.134,146,2
2026-06-01 19:44:00,0.045,92,2
2026-06-01 19:50:00,0.062,128,2
2026-06-01 19:56:00,0.138,52,2
2026-06-01 20:02:00,0.247,73,2
2026-06-01 20:08:00,0.134,96,2
2026-06-01 20:14:00,0.227,80,2
2026-06-01 20:20:00,0.175,114,2
2026-06-01 20:26:00,0.214,95,2
2026-06-01 20:32:00,0.148,70,2
2026-06-01 20:38:00,0.177,98,2
2026-06-01 20:44:00,0.181,93,2
2026-06-01 20:50:00,0.078,156,2
2026-06-01 20:56:00,0.089,192,2
2026-06-01 21:02:00,0.109,237,2
2026-06-01 21:08:00,0.101,182,2
2026-06-01 21:14:00,0.126,216,2
2026-06-01 21:20:00,0.136,228,2
2026-06-01 21:26:00,0.225,238,2
2026-06-01 21:32:00,0.224,169,2
2026-06-01 21:38:00,0.233,167,2
2026-06-01 21:44:00,0.327,248,2
2026-06-01 21:50:00,0.33,212,2
2026-06-01 21:56:00,0.36,237,2
2026-06-01 22:02:00,0.381,196,2
2026-06-01 22:08:00,0.367,219,2
2026-06-01 22:14:00,0.468,197,2
2026-06-01 22:20:00,0.385,210,2
2026-06-01 22:26:00,0.398,272,2
2026-06-01 22:32:00,0.459,256,2
2026-06-01 22:38:00,0.362,142,2
2026-06-01 22:44:00,0.472,244,2
2026-06-01 22:50:00,0.406,181,2
2026-06-01 22:56:00,0.416,233,2
2026-06-01 23:02:00,0.447,171,2
2026-06-01 23:08:00,0.538,203,2
2026-06-01 23:14:00,0.548,165,2
2026-06-01 23:20:00,0.649,215,2
2026-06-01 23:26:00,0.57,170,2
2026-06-01 23:32:00,0.655,220,2
2026-06-01 23:38:00,0.599,200,2
2026-06-01 23:44:00,0.657,179,2
2026-06-01 23:50:00,0.651,196,2
2026-06-01 23:56:00,0.667,204,2
2026-06-02 00:02:00,0.597,193,2
2026-06-02 00:08:00,0.572,182,2
2026-06-02 00:14:00,0.636,201,2
2026-06-02 00:20:00,0.694,219,2
2026-06-02 00:26:00,0.743,237,2
2026-06-02 00:32:00,0.813,224,2
2026-06-02 00:38:00,0.84,198,2
2026-06-02 00:44:00,0.805,192,2
2026-06-02 00:50:00,0.785,217,2
2026-06-02 00:56:00,0.882,199,2
2026-06-02 01:02:00,0.824,206,2
2026-06-02 01:08:00,0.857,246,2
2026-06-02 01:14:00,0.927,256,2
2026-06-02 01:20:00,0.898,191,2
2026-06-02 01:26:00,0.801,223,2
2026-06-02 01:32:00,0.855,230,2
2026-06-02 01:38:00,0.855,227,2
2026-06-02 01:44:00,0.849,248,2
2026-06-02 01:50:00,0.779,230,2
2026-06-02 01:56:00,0.756,233,2
2026-06-02 02:02:00,0.744,192,2
2026-06-02 02:08:00,0.657,166,2
2026-06-02 02:14:00,0.61,207,2
2026-06-02 02:20:00,0.655,212,2
2026-06-02 02:26:00,0.494,253,2
2026-06-02 02:32:00,0.505,210,2
2026-06-02 02:38:00,0.447,184,2
2026-06-02 02:44:00,0.509,197,2
2026-06-02 02:50:00,0.36,221,2
2026-06-02 02:56:00,0.387,174,2
2026-06-02 03:02:00,0.34,236,2
2026-06-02 03:08:00,0.416,255,2
2026-06-02 03:14:00,0.328,252,2
2026-06-02 03:20:00,0.241,248,2
2026-06-02 03:26:00,0.14,285,2
2026-06-02 03:32:00,0.146,291,2
2026-06-02 03:38:00,0.146,285,2
2026-06-02 03:44:00,0.121,345,2
2026-06-02 03:50:00,0.169,267,2
2026-06-02 03:56:00,0.142,77,2
2026-06-02 04:02:00,0.288,343,2
2026-06-02 04:08:00,0.27,14,2
2026-06-02 04:14:00,0.356,350,2
2026-06-02 04:20:00,0.338,31,2
2026-06-02 04:26:00,0.385,21,2
2026-06-02 04:32:00,0.414,23,2
2026-06-02 04:38:00,0.422,26,2
2026-06-02 04:44:00,0.445,28,2
2026-06-02 04:50:00,0.463,35,2
2026-06-02 04:56:00,0.606,34,2
2026-06-02 05:02:00,0.628,49,2
2026-06-02 05:08:00,0.603,30,2
2026-06-02 05:14:00,0.727,27,2
2026-06-02 05:20:00,0.719,56,2
2026-06-02 05:26:00,0.824,31,2
2026-06-02 05:32:00,0.735,35,2
2026-06-02 05:38:00,0.836,19,2
2026-06-02 05:44:00,0.882,42,2
2026-06-02 05:50:00,1.001,43,2
2026-06-02 05:56:00,0.999,33,2
2026-06-02 06:02:00,0.844,33,2
2026-06-02 06:08:00,0.91,24,2
2026-06-02 06:14:00,0.793,25,2
2026-06-02 06:20:00,0.952,36,2
2026-06-02 06:26:00,0.877,23,2
2026-06-02 06:32:00,0.929,43,2
2026-06-02 06:38:00,0.849,22,2
2026-06-02 06:44:00,0.916,34,2
2026-06-02 06:50:00,0.908,38,2
2026-06-02 06:56:00,0.952,31,2
2026-06-02 07:02:00,0.964,30,2
2026-06-02 07:08:00,0.943,48,2
2026-06-02 07:14:00,0.879,45,2
2026-06-02 07:20:00,0.898,37,2
2026-06-02 07:26:00,0.933,13,2
2026-06-02 07:32:00,0.822,44,2
2026-06-02 07:38:00,0.846,27,2
2026-06-02 07:44:00,0.857,31,2
2026-06-02 07:50:00,0.859,10,2
2026-06-02 07:56:00,0.779,28,2
2026-06-02 08:02:00,0.832,17,2
2026-06-02 08:08:00,0.748,42,2
2026-06-02 08:14:00,0.678,35,2
2026-06-02 08:20:00,0.608,44,2
2026-06-02 08:26:00,0.634,55,2
2026-06-02 08:32:00,0.509,24,2
2026-06-02 08:38:00,0.529,35,2
2026-06-02 08:44:00,0.461,61,2
2026-06-02 08:50:00,0.447,76,2
2026-06-02 08:56:00,0.377,34,2
2026-06-02 09:02:00,0.204,90,2
2026-06-02 09:08:00,0.274,99,2
2026-06-02 09:14:00,0.216,124,2
2026-06-02 09:20:00,0.241,61,2
2026-06-02 09:26:00,0.249,25,2
2026-06-02 09:32:00,0.111,110,2
2026-06-02 09:38:00,0.134,71,2
2026-06-02 09:44:00,0.202,105,2
2026-06-02 09:50:00,0.231,110,2
2026-06-02 09:56:00,0.19,52,2
2026-06-02 10:02:00,0.27,50,2
2026-06-02 10:08:00,0.13,358,2
2026-06-02 10:14:00,0.317,10,2
2026-06-02 10:20:00,0.292,340,2
2026-06-02 10:26:00,0.22,38,2
2026-06-02 10:32:00,0.237,29,2
2026-06-02 10:38:00,0.121,79,2
2026-06-02 10:44:00,0.128,80,2
2026-06-02 10:50:00,0.087,234,2
2026-06-02 10:56:00,0.086,224,2
2026-06-02 11:02:00,0.194,215,2
2026-06-02 11:08:00,0.294,229,2
2026-06-02 11:14:00,0.264,207,2
2026-06-02 11:20:00,0.323,189,2
2026-06-02 11:26:00,0.332,221,2
2026-06-02 11:32:00,0.459,188,2
2026-06-02 11:38:00,0.478,192,2
2026-06-02 11:44:00,0.414,227,2
2026-06-02 11:50:00,0.517,198,2
2026-06-02 11:56:00,0.478,238,2
2026-06-02 12:02:00,0.494,232,2
2026-06-02 12:08:00,0.589,271,2
2026-06-02 12:14:00,0.573,243,2
2026-06-02 12:20:00,0.552,251,2
2026-06-02 12:26:00,0.554,236,2
2026-06-02 12:32:00,0.511,232,2
2026-06-02 12:38:00,0.597,203,2
2026-06-02 12:44:00,0.577,243,2
2026-06-02 12:50:00,0.614,210,2
2026-06-02 12:56:00,0.645,192,2
2026-06-02 13:02:00,0.616,273,2
2026-06-02 13:08:00,0.669,181,2
2026-06-02 13:14:00,0.735,197,2
2026-06-02 13:20:00,0.758,268,2
2026-06-02 13:26:00,0.669,246,2
2026-06-02 13:32:00,0.636,190,2
2026-06-02 13:38:00,0.663,178,2
2026-06-02 13:44:00,0.632,176,2
2026-06-02 13:50:00,0.676,224,2
2026-06-02 13:56:00,0.632,214,2
2026-06-02 14:02:00,0.643,227,2
2026-06-02 14:08:00,0.793,237,2
2026-06-02 14:14:00,0.577,228,2
2026-06-02 14:20:00,0.577,246,2
2026-06-02 14:26:00,0.675,219,2
2026-06-02 14:32:00,0.741,204,2
2026-06-02 14:38:00,0.7,263,2
2026-06-02 14:44:00,0.731,153,2
2026-06-02 14:50:00,0.727,283,2
2026-06-02 14:56:00,0.492,160,2
2026-06-02 15:02:00,0.521,259,2
2026-06-02 15:08:00,0.577,175,2
2026-06-02 15:14:00,0.544,202,2
2026-06-02 15:20:00,0.622,243,2
2026-06-02 15:26:00,0.587,251,2
2026-06-02 15:32:00,0.402,246,2
2026-06-02 15:38:00,0.398,275,2
2026-06-02 15:44:00,0.367,297,2
2026-06-02 15:50:00,0.488,301,2
2026-06-02 15:56:00,0.463,282,2
2026-06-02 16:02:00,0.564,238,2
2026-06-02 16:08:00,0.395,269,2
2026-06-02 16:14:00,0.519,292,2
2026-06-02 16:20:00,0.365,145,2
2026-06-02 16:26:00,0.192,258,2
2026-06-02 16:32:00,0.156,175,2
2026-06-02 16:38:00,0.177,177,2
2026-06-02 16:44:00,0.373,233,2
2026-06-02 16:50:00,0.253,272,2
2026-06-02 16:56:00,0.177,210,2
2026-06-02 17:02:00,0.179,295,2
2026-06-02 17:08:00,0.169,277,2
2026-06-02 17:14:00,0.074,311,2
2026-06-02 17:20:00,0.097,293,2
2026-06-02 17:26:00,0.138,358,2
2026-06-02 17:32:00,0.109,13,2
2026-06-02 17:38:00,0.154,23,2
2026-06-02 17:44:00,0.253,349,2
2026-06-02 17:50:00,0.105,350,2
2026-06-02 17:56:00,0.27,40,2
2026-06-02 18:02:00,0.336,35,2
2026-06-02 18:08:00,0.395,36,2
2026-06-02 18:14:00,0.439,54,2
2026-06-02 18:20:00,0.461,57,2
2026-06-02 18:26:00,0.342,60,2
2026-06-02 18:32:00,0.486,23,2
2026-06-02 18:38:00,0.513,19,2
2026-06-02 18:44:00,0.478,52,2
2026-06-02 18:50:00,0.57,37,2
2026-06-02 18:56:00,0.54,47,2
2026-06-02 19:02:00,0.614,33,2
2026-06-02 19:08:00,0.544,40,2
2026-06-02 19:14:00,0.523,45,2
2026-06-02 19:20:00,0.544,31,2
2026-06-02 19:26:00,0.614,25,2
2026-06-02 19:32:00,0.577,47,2
2026-06-02 19:38:00,0.548,29,2
2026-06-02 19:44:00,0.463,23,2
2026-06-02 19:50:00,0.445,31,2
2026-06-02 19:56:00,0.54,31,2
2026-06-02 20:02:00,0.476,18,2
2026-06-02 20:08:00,0.527,33,2
2026-06-02 20:14:00,0.554,35,2
2026-06-02 20:20:00,0.502,37,2
2026-06-02 20:26:00,0.468,25,2
2026-06-02 20:32:00,0.389,0,2
2026-06-02 20:38:00,0.54,16,2
2026-06-02 20:44:00,0.461,14,2
2026-06-02 20:50:00,0.222,42,2
2026-06-02 20:56:00,0.33,355,2
2026-06-02 21:02:00,0.214,53,2
2026-06-02 21:08:00,0.231,14,2
2026-06-02 21:14:00,0.214,76,2
2026-06-02 21:20:00,0.128,17,2
2026-06-02 21:26:00,0.124,3,2
2026-06-02 21:32:00,0.115,305,2
2026-06-02 21:38:00,0.107,75,2
2026-06-02 21:44:00,0.122,330,2
2026-06-02 21:50:00,0.095,273,2
2026-06-02 21:56:00,0.033,156,2
2026-06-02 22:02:00,0.076,1,2
2026-06-02 22:08:00,0.052,2,2
2026-06-02 22:14:00,0.068,182,2
2026-06-02 22:20:00,0.124,220,2
2026-06-02 22:26:00,0.154,218,2
2026-06-02 22:32:00,0.163,176,2
2026-06-02 22:38:00,0.202,219,2
2026-06-02 22:44:00,0.19,216,2
2026-06-02 22:50:00,0.247,240,2
2026-06-02 22:56:00,0.385,227,2
2026-06-02 23:02:00,0.472,230,2
2026-06-02 23:08:00,0.364,219,2
2026-06-02 23:14:00,0.437,257,2
2026-06-02 23:20:00,0.412,229,2
2026-06-02 23:26:00,0.432,211,2
2026-06-02 23:32:00,0.303,206,2
2026-06-02 23:38:00,0.344,235,2
2026-06-02 23:44:00,0.362,195,2
2026-06-02 23:50:00,0.383,215,2
2026-06-02 23:56:00,0.412,252,2
2026-06-03 00:02:00,0.441,191,2
2026-06-03 00:08:00,0.389,231,2
2026-06-03 00:14:00,0.43,205,2
2026-06-03 00:20:00,0.418,181,2
2026-06-03 00:26:00,0.544,225,2
2026-06-03 00:32:00,0.523,235,2
2026-06-03 00:38:00,0.587,204,2
2026-06-03 00:44:00,0.614,246,2
2026-06-03 00:50:00,0.583,240,2
2026-06-03 00:56:00,0.68,191,2
2026-06-03 01:02:00,0.641,181,2
2026-06-03 01:08:00,0.643,166,2
2026-06-03 01:14:00,0.624,202,2
2026-06-03 01:20:00,0.651,229,2
2026-06-03 01:26:00,0.608,229,2
2026-06-03 01:32:00,0.513,214,2
2026-06-03 01:38:00,0.601,279,2
2026-06-03 01:44:00,0.558,221,2
2026-06-03 01:50:00,0.503,190,2
2026-06-03 01:56:00,0.529,254,2
2026-06-03 02:02:00,0.507,263,2
2026-06-03 02:08:00,0.457,273,2
2026-06-03 02:14:00,0.358,257,2
2026-06-03 02:20:00,0.362,194,2
2026-06-03 02:26:00,0.311,279,2
2026-06-03 02:32:00,0.375,211,2
2026-06-03 02:38:00,0.393,240,2
2026-06-03 02:44:00,0.33,212,2
2026-06-03 02:50:00,0.395,266,2
2026-06-03 02:56:00,0.315,256,2
2026-06-03 03:02:00,0.342,267,2
2026-06-03 03:08:00,0.334,141,2
2026-06-03 03:14:00,0.218,276,2
2026-06-03 03:20:00,0.163,186,2
2026-06-03 03:26:00,0.2,168,2
2026-06-03 03:32:00,0.078,206,2
2026-06-03 03:38:00,0.113,330,2
2026-06-03 03:44:00,0.194,315,2
2026-06-03 03:50:00,0.19,213,2
2026-06-03 03:56:00,0.13,319,2
2026-06-03 04:02:00,0.052,290,2
2026-06-03 04:08:00,0.029,321,2
2026-06-03 04:14:00,0.107,324,2
2026-06-03 04:20:00,0.192,285,2
2026-06-03 04:26:00,0.163,348,2
2026-06-03 04:32:00,0.159,349,2
2026-06-03 04:38:00,0.202,9,2
2026-06-03 04:44:00,0.187,354,2
2026-06-03 04:50:00,0.202,6,2
2026-06-03 04:56:00,0.185,356,2
2026-06-03 05:02:00,0.43,17,2
2026-06-03 05:08:00,0.257,320,2
2026-06-03 05:14:00,0.177,188,2
2026-06-03 05:20:00,0.317,208,2
2026-06-03 05:26:00,0.474,30,2
2026-06-03 05:32:00,0.55,26,2
2026-06-03 05:38:00,0.132,146,2
2026-06-03 05:44:00,0.362,356,2
2026-06-03 05:50:00,0.362,48,2
2026-06-03 05:56:00,0.369,27,2
2026-06-03 06:02:00,0.428,342,2
2026-06-03 06:08:00,0.484,340,2
2026-06-03 06:14:00,0.402,360,2
2026-06-03 06:20:00,0.544,17,2
2026-06-03 06:26:00,0.474,16,2
2026-06-03 06:32:00,0.564,17,2
2026-06-03 06:38:00,0.482,13,2
2026-06-03 06:44:00,0.708,12,2
2026-06-03 06:50:00,0.651,10,2
2026-06-03 06:56:00,0.601,358,2
2026-06-03 07:02:00,0.665,6,2
2026-06-03 07:08:00,0.638,352,2
2026-06-03 07:14:00,0.688,19,2
2026-06-03 07:20:00,0.649,1,2
2026-06-03 07:26:00,0.618,0,2
2026-06-03 07:32:00,0.653,14,2
2026-06-03 07:38:00,0.597,15,2
2026-06-03 07:44:00,0.608,10,2
2026-06-03 07:50:00,0.307,357,2
2026-06-03 07:56:00,0.138,150,2
2026-06-03 08:02:00,0.385,73,2
2026-06-03 08:08:00,0.439,53,2
2026-06-03 08:14:00,0.488,59,2
2026-06-03 08:20:00,0.397,67,2
2026-06-03 08:26:00,0.243,353,2
2026-06-03 08:32:00,0.299,15,2
2026-06-03 08:38:00,0.297,164,2
2026-06-03 08:44:00,0.36,133,2
2026-06-03 08:56:00,0.196,261,2
2026-06-03 09:02:00,0.233,13,2
2026-06-03 09:08:00,0.222,73,2
2026-06-03 09:14:00,0.187,38,2
2026-06-03 09:20:00,0.13,40,2
2026-06-03 09:26:00,0.163,26,2
2026-06-03 09:38:00,0.105,81,2
2026-06-03 09:44:00,0.105,228,2
2026-06-03 09:50:00,0.099,271,2
2026-06-03 09:56:00,0.148,195,2
2026-06-03 10:02:00,0.15,282,2
2026-06-03 10:08:00,0.208,194,2
2026-06-03 10:14:00,0.323,198,2
2026-06-03 10:20:00,0.346,222,2
2026-06-03 10:26:00,0.328,258,2
2026-06-03 10:32:00,0.439,286,2
2026-06-03 10:38:00,0.426,199,2
2026-06-03 10:44:00,0.443,262,2
2026-06-03 10:50:00,0.414,251,2
2026-06-03 10:56:00,0.379,241,2
2026-06-03 11:02:00,0.393,231,2
2026-06-03 11:08:00,0.418,206,2
2026-06-03 11:14:00,0.5,244,2
2026-06-03 11:20:00,0.583,253,2
2026-06-03 11:26:00,0.548,225,2
2026-06-03 11:32:00,0.573,225,2
2026-06-03 11:38:00,0.698,181,2
2026-06-03 11:44:00,0.669,233,2
2026-06-03 11:50:00,0.64,192,2
2026-06-03 11:56:00,0.752,195,2
2026-06-03 12:02:00,0.842,248,2
2026-06-03 12:08:00,0.906,242,2
2026-06-03 12:14:00,1.116,212,2
2026-06-03 12:20:00,1.046,266,2
2026-06-03 12:26:00,1.168,182,2
2026-06-03 12:32:00,1.137,183,2
2026-06-03 12:38:00,1.236,187,2
2026-06-03 12:44:00,1.168,253,2
2026-06-03 12:50:00,1.135,179,2
2026-06-03 12:56:00,1.217,251,2
2026-06-03 13:02:00,1.248,245,2
2026-06-03 13:08:00,1.127,240,2
2026-06-03 13:14:00,1.322,214,2
2026-06-03 13:20:00,1.458,240,2
2026-06-03 13:26:00,1.359,211,2
2026-06-03 13:32:00,1.431,232,2
2026-06-03 13:38:00,1.606,208,2
2026-06-03 13:44:00,1.442,231,2
2026-06-03 13:50:00,1.611,225,2
2026-06-03 13:56:00,1.608,220,2
2026-06-03 14:02:00,1.479,230,2
2026-06-03 14:08:00,1.495,238,2
2026-06-03 14:14:00,1.617,214,2
2026-06-03 14:20:00,1.792,220,2
2026-06-03 14:26:00,1.742,224,2
2026-06-03 14:32:00,1.703,211,2
2026-06-03 14:38:00,1.775,226,2
2026-06-03 14:44:00,1.625,216,2
2026-06-03 14:50:00,1.751,220,2
2026-06-03 14:56:00,1.851,227,2
2026-06-03 15:02:00,1.895,217,2
2026-06-03 15:08:00,1.884,221,2
2026-06-03 15:14:00,1.959,228,2
2026-06-03 15:20:00,1.773,217,2
2026-06-03 15:26:00,1.788,224,2
2026-06-03 15:32:00,1.699,229,2
2026-06-03 15:38:00,1.722,238,2
2026-06-03 15:44:00,1.687,215,2
2026-06-03 15:50:00,1.615,215,2
2026-06-03 15:56:00,1.541,214,2
2026-06-03 16:02:00,1.456,232,2
2026-06-03 16:08:00,1.557,244,2
2026-06-03 16:14:00,1.625,236,2
2026-06-03 16:20:00,1.646,228,2
2026-06-03 16:26:00,1.598,228,2
2026-06-03 16:32:00,1.555,199,2
2026-06-03 16:38:00,1.52,237,2
2026-06-03 16:44:00,1.493,214,2
2026-06-03 16:50:00,1.433,207,2
2026-06-03 16:56:00,1.302,202,2
2026-06-03 17:02:00,1.227,207,2
2026-06-03 17:08:00,1.116,234,2
2026-06-03 17:14:00,1.036,178,2
2026-06-03 17:20:00,0.97,202,2
2026-06-03 17:26:00,0.904,224,2
2026-06-03 17:32:00,0.871,192,2
2026-06-03 17:38:00,0.799,198,2
2026-06-03 17:44:00,0.816,208,2
2026-06-03 17:50:00,0.785,224,2
2026-06-03 17:56:00,0.781,193,2
2026-06-03 18:02:00,0.77,226,2
2026-06-03 18:08:00,0.62,228,2
2026-06-03 18:14:00,0.513,142,2
2026-06-03 18:20:00,0.414,142,2
2026-06-03 18:26:00,0.334,101,2
2026-06-03 18:32:00,0.169,207,2
2026-06-03 18:38:00,0.054,314,2
2026-06-03 18:44:00,0.422,135,2
2026-06-03 18:50:00,0.276,179,2
2026-06-03 18:56:00,0.156,101,2
2026-06-03 19:02:00,0.307,69,2
2026-06-03 19:08:00,0.192,58,2
2026-06-03 19:14:00,0.428,34,2
2026-06-03 19:20:00,0.408,24,2
2026-06-03 19:26:00,0.439,21,2
2026-06-03 19:32:00,0.47,37,2
2026-06-03 19:38:00,0.55,81,2
2026-06-03 19:44:00,0.636,39,2
2026-06-03 19:50:00,0.676,36,2
2026-06-03 19:56:00,0.68,45,2
2026-06-03 20:02:00,0.717,42,2
2026-06-03 20:08:00,0.778,36,2
2026-06-03 20:14:00,0.688,40,2
2026-06-03 20:20:00,0.603,351,2
2026-06-03 20:26:00,0.684,25,2
2026-06-03 20:32:00,0.69,40,2
2026-06-03 20:38:00,0.675,36,2
2026-06-03 20:44:00,0.661,48,2
2026-06-03 20:50:00,0.694,39,2
2026-06-03 20:56:00,0.632,56,2
2026-06-03 21:02:00,0.649,30,2
2026-06-03 21:08:00,0.638,25,2
2026-06-03 21:14:00,0.641,81,2
2026-06-03 21:20:00,0.661,18,2
2026-06-03 21:26:00,0.675,47,2
2026-06-03 21:32:00,0.624,36,2
2026-06-03 21:38:00,0.589,37,2
2026-06-03 21:44:00,0.589,23,2
2026-06-03 21:50:00,0.566,63,2
2026-06-03 21:56:00,0.562,47,2
2026-06-03 22:02:00,0.54,29,2
2026-06-03 22:08:00,0.476,27,2
2026-06-03 22:14:00,0.416,29,2
2026-06-03 22:20:00,0.379,12,2
2026-06-03 22:26:00,0.206,1,2
2026-06-03 22:32:00,0.154,357,2
2026-06-03 22:38:00,0.21,334,2
2026-06-03 22:44:00,0.111,309,2
2026-06-03 22:50:00,0.157,313,2
2026-06-03 22:56:00,0.231,336,2
2026-06-03 23:02:00,0.161,314,2
2026-06-03 23:08:00,0.175,357,2
2026-06-03 23:14:00,0.22,350,2
2026-06-03 23:20:00,0.21,331,2
2026-06-03 23:26:00,0.196,294,2
2026-06-03 23:32:00,0.22,348,2
2026-06-03 23:38:00,0.076,334,2
2026-06-03 23:44:00,0.134,346,2
2026-06-03 23:50:00,0.093,320,2
2026-06-03 23:56:00,0.163,314,2
2026-06-04 00:02:00,0.109,275,2
2026-06-04 00:08:00,0.117,260,2
2026-06-04 00:14:00,0.103,251,2
2026-06-04 00:20:00,0.27,251,2
2026-06-04 00:26:00,0.206,305,2
2026-06-04 00:32:00,0.13,242,2
2026-06-04 00:38:00,0.212,225,2
2026-06-04 00:44:00,0.157,188,2
2026-06-04 00:50:00,0.14,148,2
2026-06-04 00:56:00,0.222,207,2
2026-06-04 01:02:00,0.319,212,2
2026-06-04 01:08:00,0.307,227,2
2026-06-04 01:14:00,0.375,194,2
2026-06-04 01:20:00,0.354,199,2
2026-06-04 01:26:00,0.34,213,2
2026-06-04 01:32:00,0.173,151,2
2026-06-04 01:38:00,0.338,165,2
2026-06-04 01:44:00,0.33,226,2
2026-06-04 01:50:00,0.369,192,2
2026-06-04 01:56:00,0.288,169,2
2026-06-04 02:02:00,0.299,179,2
2026-06-04 02:08:00,0.33,200,2
2026-06-04 02:14:00,0.362,251,2
2026-06-04 02:20:00,0.4,203,2
2026-06-04 02:26:00,0.379,183,2
2026-06-04 02:32:00,0.418,194,2
2026-06-04 02:38:00,0.319,183,2
2026-06-04 02:56:00,0.204,248,2
2026-06-04 03:02:00,0.309,245,2
2026-06-04 03:08:00,0.328,217,2
2026-06-04 03:14:00,0.311,204,2
2026-06-04 03:20:00,0.375,220,2
2026-06-04 03:26:00,0.259,160,2
2026-06-04 03:32:00,0.249,238,2
2026-06-04 03:38:00,0.196,198,2
2026-06-04 03:44:00,0.218,182,2
2026-06-04 03:50:00,0.222,191,2
2026-06-04 03:56:00,0.233,144,2
2026-06-04 04:02:00,0.163,167,2
2026-06-04 04:08:00,0.144,127,2
2026-06-04 04:14:00,0.134,140,2
2026-06-04 04:20:00,0.259,164,2
2026-06-04 04:26:00,0.138,122,2
2026-06-04 04:32:00,0.19,100,2
2026-06-04 04:38:00,0.105,67,2
2026-06-04 04:44:00,0.14,86,2
2026-06-04 04:50:00,0.21,44,2
2026-06-04 04:56:00,0.208,80,2
2026-06-04 05:02:00,0.233,47,2
2026-06-04 05:08:00,0.241,28,2
2026-06-04 05:14:00,0.334,48,2
2026-06-04 05:20:00,0.328,25,2
2026-06-04 05:26:00,0.303,42,2
2026-06-04 05:32:00,0.317,47,2
2026-06-04 05:38:00,0.33,32,2
2026-06-04 05:44:00,0.4,17,2
2026-06-04 05:50:00,0.478,36,2
2026-06-04 05:56:00,0.404,15,2
2026-06-04 06:02:00,0.406,36,2
2026-06-04 06:08:00,0.41,40,2
2026-06-04 06:14:00,0.503,32,2
2026-06-04 06:20:00,0.531,30,2
2026-06-04 06:26:00,0.505,42,2
2026-06-04 06:32:00,0.605,46,2
2026-06-04 06:38:00,0.651,8,2
2026-06-04 06:44:00,0.57,25,2
2026-06-04 06:50:00,0.659,8,2
2026-06-04 06:56:00,0.729,351,2
2026-06-04 07:02:00,0.791,15,2
2026-06-04 07:08:00,0.75,26,2
2026-06-04 07:14:00,0.877,30,2
2026-06-04 07:20:00,0.869,9,2
2026-06-04 07:26:00,0.848,31,2
2026-06-04 07:32:00,0.813,14,2
2026-06-04 07:38:00,0.844,2,2
2026-06-04 07:44:00,0.877,36,2
2026-06-04 07:50:00,0.83,4,2
2026-06-04 07:56:00,0.838,12,2
2026-06-04 08:02:00,0.939,18,2
2026-06-04 08:08:00,0.956,3,2
2026-06-04 08:14:00,0.982,25,2
2026-06-04 08:20:00,0.929,6,2
2026-06-04 08:26:00,0.933,21,2
2026-06-04 08:32:00,0.964,8,2
2026-06-04 08:38:00,0.914,16,2
2026-06-04 08:44:00,0.91,8,2
2026-06-04 08:50:00,0.846,1,2
2026-06-04 08:56:00,0.844,11,2
2026-06-04 09:02:00,0.805,9,2
2026-06-04 09:08:00,0.737,35,2
2026-06-04 09:14:00,0.743,347,2
2026-06-04 09:20:00,0.727,349,2
2026-06-04 09:26:00,0.68,342,2
2026-06-04 09:32:00,0.721,37,2
2026-06-04 09:38:00,0.663,343,2
2026-06-04 09:44:00,0.641,30,2
2026-06-04 09:50:00,0.572,358,2
2026-06-04 09:56:00,0.643,25,2
2026-06-04 10:02:00,0.676,351,2
2026-06-04 10:08:00,0.585,345,2
2026-06-04 10:14:00,0.583,13,2
2026-06-04 10:20:00,0.54,6,2
2026-06-04 10:26:00,0.498,347,2
2026-06-04 10:32:00,0.472,351,2
2026-06-04 10:38:00,0.54,6,2
2026-06-04 10:44:00,0.503,341,2
2026-06-04 10:50:00,0.424,341,2
2026-06-04 10:56:00,0.305,302,2
2026-06-04 11:02:00,0.264,33,2
2026-06-04 11:08:00,0.486,16,2
2026-06-04 11:14:00,0.237,347,2
2026-06-04 11:20:00,0.21,25,2
2026-06-04 11:26:00,0.016,266,2
2026-06-04 11:32:00,0.259,25,2
2026-06-04 11:38:00,0.202,34,2
2026-06-04 11:44:00,0.173,109,2
2026-06-04 11:50:00,0.097,85,2
2026-06-04 11:56:00,0.082,97,2
2026-06-04 12:02:00,0.082,73,2
2026-06-04 12:08:00,0.107,156,2
2026-06-04 12:14:00,0.115,144,2
2026-06-04 12:20:00,0.214,170,2
2026-06-04 12:26:00,0.229,202,2
2026-06-04 12:32:00,0.301,217,2
2026-06-04 12:38:00,0.262,180,2
2026-06-04 12:44:00,0.266,198,2
2026-06-04 12:50:00,0.332,202,2
2026-06-04 12:56:00,0.367,179,2
2026-06-04 13:02:00,0.371,214,2
2026-06-04 13:08:00,0.377,236,2
2026-06-04 13:14:00,0.342,226,2
2026-06-04 13:20:00,0.558,216,2
2026-06-04 13:26:00,0.511,156,2
2026-06-04 13:32:00,0.507,199,2
2026-06-04 13:38:00,0.533,193,2
2026-06-04 13:44:00,0.599,179,2
2026-06-04 13:50:00,0.546,206,2
2026-06-04 13:56:00,0.653,205,2
2026-06-04 14:02:00,0.686,189,2
2026-06-04 14:08:00,0.688,182,2
2026-06-04 14:14:00,0.793,174,2
2026-06-04 14:20:00,0.838,242,2
2026-06-04 14:26:00,0.824,216,2
2026-06-04 14:32:00,0.766,185,2
2026-06-04 14:38:00,0.713,204,2
2026-06-04 14:44:00,0.879,238,2
2026-06-04 14:50:00,0.855,178,2
2026-06-04 14:56:00,0.748,174,2
2026-06-04 15:02:00,0.816,226,2
2026-06-04 15:08:00,0.758,183,2
2026-06-04 15:14:00,0.879,233,2
2026-06-04 15:20:00,1.203,246,2
2026-06-04 15:26:00,1.073,232,2
2026-06-04 15:32:00,0.96,207,2
2026-06-04 15:38:00,1.133,258,2
2026-06-04 15:44:00,1.225,230,2
2026-06-04 15:50:00,1.287,203,2
2026-06-04 15:56:00,1.258,238,2
2026-06-04 16:02:00,1.458,202,2
2026-06-04 16:08:00,1.18,238,2
2026-06-04 16:14:00,1.376,237,2
2026-06-04 16:20:00,1.306,219,2
2026-06-04 16:26:00,1.159,257,2
2026-06-04 16:32:00,1.188,247,2
2026-06-04 16:38:00,1.168,237,2
2026-06-04 16:44:00,1.061,227,2
2026-06-04 16:50:00,1.135,248,2
2026-06-04 16:56:00,1.017,202,2
2026-06-04 17:02:00,1.067,220,2
2026-06-04 17:08:00,0.927,232,2
2026-06-04 17:14:00,0.867,202,2
2026-06-04 17:20:00,0.919,197,2
2026-06-04 17:26:00,0.822,194,2
2026-06-04 17:32:00,0.882,211,2
2026-06-04 17:38:00,0.688,260,2
2026-06-04 17:44:00,0.692,248,2
2026-06-04 17:50:00,0.669,214,2
2026-06-04 17:56:00,0.486,220,2
2026-06-04 18:02:00,0.362,236,2
2026-06-04 18:08:00,0.492,271,2
2026-06-04 18:14:00,0.367,222,2
2026-06-04 18:20:00,0.286,239,2
2026-06-04 18:26:00,0.27,299,2
2026-06-04 18:32:00,0.531,294,2
2026-06-04 18:38:00,0.288,272,2
2026-06-04 18:44:00,0.231,242,2
2026-06-04 18:50:00,0.239,299,2
2026-06-04 18:56:00,0.163,287,2
2026-06-04 19:02:00,0.091,324,2
2026-06-04 19:08:00,0.124,294,2
2026-06-04 19:14:00,0.181,329,2
2026-06-04 19:20:00,0.313,350,2
2026-06-04 19:26:00,0.27,2,2
2026-06-04 19:32:00,0.377,348,2
2026-06-04 19:38:00,0.397,351,2
2026-06-04 19:44:00,0.424,341,2
2026-06-04 19:50:00,0.408,333,2
2026-06-04 19:56:00,0.414,335,2
2026-06-04 20:02:00,0.443,348,2
2026-06-04 20:08:00,0.445,335,2
2026-06-04 20:14:00,0.418,12,2
2026-06-04 20:20:00,0.397,1,2
2026-06-04 20:26:00,0.472,5,2
2026-06-04 20:32:00,0.49,350,2
2026-06-04 20:38:00,0.435,356,2
2026-06-04 20:44:00,0.455,339,2
2026-06-04 20:50:00,0.525,25,2
2026-06-04 20:56:00,0.581,349,2
2026-06-04 21:02:00,0.406,347,2
2026-06-04 21:08:00,0.412,357,2
2026-06-04 21:14:00,0.387,17,2
2026-06-04 21:20:00,0.467,23,2
2026-06-04 21:26:00,0.398,13,2
2026-06-04 21:32:00,0.356,21,2
2026-06-04 21:38:00,0.418,5,2
2026-06-04 21:44:00,0.375,358,2
2026-06-04 21:50:00,0.377,5,2
2026-06-04 21:56:00,0.496,4,2
2026-06-04 22:02:00,0.441,7,2
2026-06-04 22:08:00,0.35,342,2
2026-06-04 22:14:00,0.367,8,2
2026-06-04 22:20:00,0.47,351,2
2026-06-04 22:26:00,0.432,6,2
2026-06-04 22:32:00,0.323,348,2
2026-06-04 22:38:00,0.28,342,2
2026-06-04 22:44:00,0.323,345,2
2026-06-04 22:50:00,0.303,319,2
2026-06-04 22:56:00,0.354,344,2
2026-06-04 23:02:00,0.299,328,2
2026-06-04 23:08:00,0.348,337,2
2026-06-04 23:14:00,0.278,353,2
2026-06-04 23:20:00,0.313,338,2
2026-06-04 23:26:00,0.325,350,2
2026-06-04 23:32:00,0.212,340,2
2026-06-04 23:38:00,0.247,310,2
2026-06-04 23:44:00,0.159,295,2
2026-06-04 23:50:00,0.157,292,2
2026-06-04 23:56:00,0.214,278,2
2026-06-05 00:02:00,0.222,274,2
2026-06-05 00:08:00,0.309,283,2
2026-06-05 00:14:00,0.292,283,2
2026-06-05 00:20:00,0.259,267,2
2026-06-05 00:26:00,0.245,253,2
2026-06-05 00:32:00,0.264,287,2
2026-06-05 00:38:00,0.309,252,2
2026-06-05 00:44:00,0.315,241,2
2026-06-05 00:50:00,0.334,239,2
2026-06-05 00:56:00,0.338,233,2
2026-06-05 01:02:00,0.21,241,2
2026-06-05 01:08:00,0.245,262,2
2026-06-05 01:14:00,0.338,198,2
2026-06-05 01:20:00,0.33,232,2
2026-06-05 01:26:00,0.408,219,2
2026-06-05 01:32:00,0.451,256,2
2026-06-05 01:38:00,0.433,255,2
2026-06-05 01:44:00,0.4,238,2
2026-06-05 01:50:00,0.451,224,2
2026-06-05 01:56:00,0.468,251,2
2026-06-05 02:02:00,0.5,237,2
2026-06-05 02:08:00,0.467,229,2
2026-06-05 02:14:00,0.498,197,2
2026-06-05 02:20:00,0.505,239,2
2026-06-05 02:26:00,0.503,253,2
2026-06-05 02:32:00,0.583,161,2
2026-06-05 02:38:00,0.675,189,2
2026-06-05 02:44:00,0.511,164,2
2026-06-05 02:50:00,0.579,250,2
2026-06-05 02:56:00,0.682,248,2
2026-06-05 03:02:00,0.632,169,2
2026-06-05 03:08:00,0.651,228,2
2026-06-05 03:14:00,0.566,219,2
2026-06-05 03:20:00,0.5,192,2
2026-06-05 03:26:00,0.515,205,2
2026-06-05 03:32:00,0.486,239,2
2026-06-05 03:38:00,0.468,202,2
2026-06-05 03:44:00,0.527,183,2
2026-06-05 03:50:00,0.47,208,2
2026-06-05 03:56:00,0.459,258,2
2026-06-05 04:02:00,0.404,172,2
2026-06-05 04:08:00,0.472,213,2
2026-06-05 04:14:00,0.362,264,2
2026-06-05 04:20:00,0.41,213,2
2026-06-05 04:26:00,0.377,225,2
2026-06-05 04:32:00,0.305,191,2
2026-06-05 04:38:00,0.284,245,2
2026-06-05 04:44:00,0.303,208,2
2026-06-05 04:50:00,0.255,191,2
2026-06-05 04:56:00,0.297,233,2
2026-06-05 05:02:00,0.313,220,2
2026-06-05 05:08:00,0.243,217,2
2026-06-05 05:14:00,0.27,182,2
2026-06-05 05:20:00,0.307,257,2
2026-06-05 05:26:00,0.2,263,2
2026-06-05 05:32:00,0.041,204,2
2026-06-05 05:38:00,0.089,248,2
2026-06-05 05:44:00,0.121,301,2
2026-06-05 05:50:00,0.035,278,2
2026-06-05 05:56:00,0.056,259,2
2026-06-05 06:02:00,0.021,131,2
2026-06-05 06:08:00,0.15,2,2
2026-06-05 06:14:00,0.169,34,2
2026-06-05 06:20:00,0.194,34,2
2026-06-05 06:26:00,0.284,339,2
2026-06-05 06:32:00,0.299,20,2
2026-06-05 06:38:00,0.397,20,2
2026-06-05 06:44:00,0.307,4,2
2026-06-05 06:50:00,0.385,30,2
2026-06-05 06:56:00,0.447,40,2
2026-06-05 07:02:00,0.474,28,2
2026-06-05 07:08:00,0.453,24,2
2026-06-05 07:14:00,0.523,2,2
2026-06-05 07:20:00,0.579,31,2
2026-06-05 07:26:00,0.585,5,2
2026-06-05 07:32:00,0.612,4,2
2026-06-05 07:38:00,0.628,15,2
2026-06-05 07:44:00,0.624,3,2
2026-06-05 07:50:00,0.694,13,2
2026-06-05 07:56:00,0.634,5,2
2026-06-05 08:02:00,0.669,359,2
2026-06-05 08:08:00,0.676,1,2
2026-06-05 08:14:00,0.758,358,2
2026-06-05 08:20:00,0.785,41,2
2026-06-05 08:26:00,0.766,36,2
2026-06-05 08:32:00,0.678,28,2
2026-06-05 08:38:00,0.708,16,2
2026-06-05 08:44:00,0.748,32,2
2026-06-05 08:50:00,0.711,12,2
2026-06-05 08:56:00,0.671,36,2
2026-06-05 09:02:00,0.682,39,2
2026-06-05 09:08:00,0.708,28,2
2026-06-05 09:14:00,0.624,16,2
2026-06-05 09:20:00,0.754,16,2
2026-06-05 09:26:00,0.591,12,2
2026-06-05 09:32:00,0.7,31,2
2026-06-05 09:38:00,0.641,10,2
2026-06-05 09:44:00,0.626,6,2
2026-06-05 09:50:00,0.669,28,2
2026-06-05 09:56:00,0.606,39,2
2026-06-05 10:02:00,0.591,20,2
2026-06-05 10:08:00,0.676,22,2
2026-06-05 10:14:00,0.583,34,2
2026-06-05 10:20:00,0.478,9,2
2026-06-05 10:26:00,0.398,19,2
2026-06-05 10:32:00,0.507,35,2
2026-06-05 10:38:00,0.463,30,2
2026-06-05 10:44:00,0.435,38,2
2026-06-05 10:50:00,0.435,15,2
2026-06-05 10:56:00,0.34,29,2
2026-06-05 11:02:00,0.408,19,2
2026-06-05 11:08:00,0.264,39,2
2026-06-05 11:14:00,0.274,56,2
2026-06-05 11:20:00,0.249,31,2
2026-06-05 11:26:00,0.222,82,2
2026-06-05 11:38:00,0.159,0,2
2026-06-05 11:44:00,0.126,348,2
2026-06-05 11:50:00,0.159,358,2
2026-06-05 11:56:00,0.14,61,2
2026-06-05 12:02:00,0.117,82,2
2026-06-05 12:08:00,0.095,132,2
2026-06-05 12:14:00,0.124,219,2
2026-06-05 12:20:00,0.165,224,2
2026-06-05 12:26:00,0.132,220,2
2026-06-05 12:32:00,0.119,219,2
2026-06-05 12:38:00,0.28,225,2
2026-06-05 12:44:00,0.21,233,2
2026-06-05 12:50:00,0.336,244,2
2026-06-05 12:56:00,0.389,233,2
2026-06-05 13:02:00,0.552,245,2
2026-06-05 13:08:00,0.554,253,2
2026-06-05 13:14:00,0.515,234,2
2026-06-05 13:20:00,0.496,228,2
2026-06-05 13:26:00,0.554,229,2
2026-06-05 13:32:00,0.552,213,2
2026-06-05 13:38:00,0.746,215,2
2026-06-05 13:44:00,0.717,244,2
2026-06-05 13:50:00,0.774,224,2
2026-06-05 13:56:00,0.715,204,2
2026-06-05 14:02:00,0.779,208,2
2026-06-05 14:08:00,0.764,233,2
2026-06-05 14:14:00,0.76,202,2
2026-06-05 14:20:00,0.739,210,2
2026-06-05 14:26:00,0.643,244,2
2026-06-05 14:32:00,0.783,222,2
2026-06-05 14:38:00,0.851,206,2
2026-06-05 14:44:00,0.943,191,2
2026-06-05 14:50:00,0.927,204,2
2026-06-05 14:56:00,1.16,211,2
2026-06-05 15:02:00,1.087,230,2
2026-06-05 15:08:00,1.127,205,2
2026-06-05 15:14:00,1.164,209,2
2026-06-05 15:20:00,1.207,196,2
2026-06-05 15:26:00,1.114,193,2
2026-06-05 15:32:00,1.102,215,2
2026-06-05 15:38:00,0.906,225,2
2026-06-05 15:44:00,0.937,214,2
2026-06-05 15:50:00,0.881,242,2
2026-06-05 15:56:00,0.875,187,2
2026-06-05 16:02:00,0.956,230,2
2026-06-05 16:08:00,0.84,218,2
2026-06-05 16:14:00,0.849,225,2
2026-06-05 16:20:00,1.059,202,2
2026-06-05 16:26:00,1.048,222,2
2026-06-05 16:32:00,1.149,237,2
2026-06-05 16:38:00,1.19,226,2
2026-06-05 16:44:00,1.306,224,2
2026-06-05 16:50:00,1.326,204,2
2026-06-05 16:56:00,1.252,231,2
2026-06-05 17:02:00,1.192,212,2
2026-06-05 17:08:00,1.118,239,2
2026-06-05 17:14:00,1.12,230,2
2026-06-05 17:20:00,1.12,238,2
2026-06-05 17:26:00,1.073,237,2
2026-06-05 17:32:00,0.989,253,2
2026-06-05 17:38:00,1.137,225,2
2026-06-05 17:44:00,1.104,225,2
2026-06-05 17:50:00,1.147,214,2
2026-06-05 17:56:00,1.137,207,2
2026-06-05 18:02:00,1.071,229,2
2026-06-05 18:08:00,0.974,240,2
2026-06-05 18:14:00,1.057,238,2
2026-06-05 18:20:00,1.011,212,2
2026-06-05 18:26:00,0.896,225,2
2026-06-05 18:32:00,0.824,201,2
2026-06-05 18:38:00,0.727,228,2
2026-06-05 18:44:00,0.599,246,2
2026-06-05 18:50:00,0.606,281,2
2026-06-05 18:56:00,0.706,205,2
2026-06-05 19:02:00,0.733,267,2
2026-06-05 19:08:00,0.643,251,2
2026-06-05 19:14:00,0.686,279,2
2026-06-05 19:20:00,0.671,266,2
2026-06-05 19:26:00,0.583,226,2
2026-06-05 19:32:00,0.447,226,2
2026-06-05 19:38:00,0.36,218,2
2026-06-05 19:44:00,0.26,279,2
2026-06-05 19:50:00,0.187,261,2
2026-06-05 19:56:00,0.29,248,2
2026-06-05 20:02:00,0.251,228,2
2026-06-05 20:08:00,0.181,260,2
2026-06-05 20:14:00,0.2,261,2
2026-06-05 20:20:00,0.19,295,2
2026-06-05 20:26:00,0.214,325,2
2026-06-05 20:32:00,0.202,306,2
2026-06-05 20:38:00,0.21,319,2
2026-06-05 20:44:00,0.334,306,2
2026-06-05 20:50:00,0.241,7,2
2026-06-05 20:56:00,0.26,339,2
2026-06-05 21:02:00,0.299,330,2
2026-06-05 21:08:00,0.309,354,2
2026-06-05 21:14:00,0.305,322,2
2026-06-05 21:20:00,0.34,332,2
2026-06-05 21:26:00,0.313,351,2
2026-06-05 21:32:00,0.294,9,2
2026-06-05 21:38:00,0.313,13,2
2026-06-05 21:44:00,0.346,354,2
2026-06-05 21:50:00,0.323,337,2
2026-06-05 21:56:00,0.268,6,2
2026-06-05 22:02:00,0.362,339,2
2026-06-05 22:08:00,0.309,342,2
2026-06-05 22:14:00,0.33,351,2
2026-06-05 22:20:00,0.395,355,2
2026-06-05 22:26:00,0.239,355,2
2026-06-05 22:32:00,0.393,12,2
2026-06-05 22:38:00,0.338,342,2
2026-06-05 22:44:00,0.299,36,2
2026-06-05 22:50:00,0.346,32,2
2026-06-05 22:56:00,0.447,13,2
2026-06-05 23:02:00,0.383,355,2
2026-06-05 23:08:00,0.453,352,2
2026-06-05 23:14:00,0.49,39,2
2026-06-05 23:20:00,0.356,13,2
2026-06-05 23:26:00,0.393,27,2
2026-06-05 23:32:00,0.383,10,2
2026-06-05 23:38:00,0.292,6,2
2026-06-05 23:44:00,0.342,18,2
2026-06-05 23:50:00,0.321,39,2
2026-06-05 23:56:00,0.268,350,2
2026-06-06 00:02:00,0.183,28,2
2026-06-06 00:08:00,0.208,23,2
2026-06-06 00:14:00,0.185,7,2
2026-06-06 00:20:00,0.117,352,2
2026-06-06 00:26:00,0.047,6,2
2026-06-06 00:32:00,0.181,335,2
2026-06-06 00:38:00,0.237,292,2
2026-06-06 00:44:00,0.222,318,2
2026-06-06 00:50:00,0.167,319,2
2026-06-06 00:56:00,0.095,262,2
2026-06-06 01:02:00,0.19,274,2
2026-06-06 01:08:00,0.204,255,2
2026-06-06 01:14:00,0.198,234,2
2026-06-06 01:20:00,0.292,243,2
2026-06-06 01:26:00,0.332,239,2
2026-06-06 01:32:00,0.325,221,2
2026-06-06 01:38:00,0.268,225,2
2026-06-06 01:44:00,0.307,223,2
2026-06-06 01:50:00,0.294,201,2
2026-06-06 01:56:00,0.342,215,2
2026-06-06 02:02:00,0.297,248,2
2026-06-06 02:08:00,0.418,258,2
2026-06-06 02:14:00,0.284,251,2
2026-06-06 02:20:00,0.313,220,2
2026-06-06 02:26:00,0.373,234,2
2026-06-06 02:32:00,0.294,230,2
2026-06-06 02:38:00,0.241,207,2
2026-06-06 02:44:00,0.303,206,2
2026-06-06 02:50:00,0.317,208,2
2026-06-06 02:56:00,0.262,193,2
2026-06-06 03:02:00,0.294,216,2
2026-06-06 03:08:00,0.445,220,2
2026-06-06 03:14:00,0.42,200,2
2026-06-06 03:20:00,0.461,200,2
2026-06-06 03:26:00,0.451,184,2
2026-06-06 03:32:00,0.463,193,2
2026-06-06 03:38:00,0.426,202,2
2026-06-06 03:44:00,0.542,234,2
2026-06-06 03:50:00,0.393,192,2
2026-06-06 03:56:00,0.449,198,2
2026-06-06 04:02:00,0.445,217,2
2026-06-06 04:08:00,0.358,165,2
2026-06-06 04:14:00,0.435,224,2
2026-06-06 04:20:00,0.548,189,2
2026-06-06 04:26:00,0.432,188,2
2026-06-06 04:32:00,0.362,178,2
2026-06-06 04:38:00,0.274,231,2
2026-06-06 04:44:00,0.247,227,2
2026-06-06 04:50:00,0.301,192,2
2026-06-06 04:56:00,0.305,247,2
2026-06-06 05:02:00,0.243,202,2
2026-06-06 05:08:00,0.241,201,2
2026-06-06 05:14:00,0.148,216,2
2026-06-06 05:20:00,0.192,227,2
2026-06-06 05:26:00,0.233,230,2
2026-06-06 05:32:00,0.154,196,2
2026-06-06 05:38:00,0.082,212,2
2026-06-06 05:44:00,0.14,247,2
2026-06-06 05:50:00,0.121,349,2
2026-06-06 05:56:00,0.062,342,2
2026-06-06 06:02:00,0.124,348,2
2026-06-06 06:08:00,0.157,90,2
2026-06-06 06:14:00,0.105,342,2
2026-06-06 06:20:00,0.126,360,2
2026-06-06 06:26:00,0.091,9,2
2026-06-06 06:32:00,0.225,357,2
2026-06-06 06:38:00,0.259,13,2
2026-06-06 06:44:00,0.22,18,2
2026-06-06 06:50:00,0.315,24,2
2026-06-06 06:56:00,0.272,7,2
2026-06-06 07:02:00,0.274,353,2
2026-06-06 07:08:00,0.315,7,2
2026-06-06 07:14:00,0.369,358,2
2026-06-06 07:20:00,0.379,41,2
2026-06-06 07:26:00,0.416,42,2
2026-06-06 07:32:00,0.513,15,2
2026-06-06 07:38:00,0.482,23,2
2026-06-06 07:44:00,0.527,15,2
2026-06-06 07:50:00,0.61,349,2
2026-06-06 07:56:00,0.509,354,2
2026-06-06 08:02:00,0.548,26,2
2026-06-06 08:08:00,0.636,36,2
2026-06-06 08:14:00,0.605,4,2
2026-06-06 08:20:00,0.673,19,2
2026-06-06 08:26:00,0.706,34,2
2026-06-06 08:32:00,0.702,357,2
2026-06-06 08:38:00,0.748,36,2
2026-06-06 08:44:00,0.762,30,2
2026-06-06 08:50:00,0.739,346,2
2026-06-06 08:56:00,0.855,43,2
2026-06-06 09:02:00,0.848,2,2
2026-06-06 09:08:00,0.766,53,2
2026-06-06 09:14:00,0.807,353,2
2026-06-06 09:20:00,0.748,30,2
2026-06-06 09:26:00,0.865,58,2
2026-06-06 09:32:00,0.758,35,2
2026-06-06 09:38:00,0.762,8,2
2026-06-06 09:44:00,0.832,63,2
2026-06-06 09:50:00,0.729,12,2
2026-06-06 09:56:00,0.816,25,2
2026-06-06 10:02:00,0.76,47,2
2026-06-06 10:08:00,0.752,26,2
2026-06-06 10:14:00,0.675,27,2
2026-06-06 10:20:00,0.684,20,2
2026-06-06 10:26:00,0.645,8,2
2026-06-06 10:32:00,0.671,355,2
2026-06-06 10:38:00,0.636,9,2
2026-06-06 10:44:00,0.729,21,2
2026-06-06 10:50:00,0.61,359,2
2026-06-06 10:56:00,0.634,15,2
2026-06-06 11:02:00,0.527,13,2
2026-06-06 11:08:00,0.5,2,2
2026-06-06 11:14:00,0.416,17,2
2026-06-06 11:20:00,0.36,2,2
2026-06-06 11:26:00,0.365,342,2
2026-06-06 11:32:00,0.348,6,2
2026-06-06 11:38:00,0.344,355,2
2026-06-06 11:44:00,0.301,14,2
2026-06-06 11:50:00,0.295,3,2
2026-06-06 11:56:00,0.187,19,2
2026-06-06 12:02:00,0.264,19,2
2026-06-06 12:08:00,0.138,17,2
2026-06-06 12:14:00,0.212,327,2
2026-06-06 12:20:00,0.187,313,2
2026-06-06 12:26:00,0.132,9,2
2026-06-06 12:32:00,0.198,8,2
2026-06-06 12:38:00,0.122,26,2
2026-06-06 12:44:00,0.08,60,2
2026-06-06 12:50:00,0.107,10,2
2026-06-06 12:56:00,0.052,158,2
2026-06-06 13:02:00,0.074,154,2
2026-06-06 13:08:00,0.198,143,2
2026-06-06 13:14:00,0.222,192,2
2026-06-06 13:20:00,0.313,216,2
2026-06-06 13:26:00,0.148,205,2
2026-06-06 13:32:00,0.212,199,2
2026-06-06 13:38:00,0.194,238,2
2026-06-06 13:44:00,0.315,209,2
2026-06-06 13:50:00,0.264,160,2
2026-06-06 13:56:00,0.212,324,2
2026-06-06 14:02:00,0.334,222,2
2026-06-06 14:08:00,0.365,184,2
2026-06-06 14:14:00,0.233,248,2
2026-06-06 14:20:00,0.478,219,2
2026-06-06 14:26:00,0.511,249,2
2026-06-06 14:32:00,0.603,205,2
2026-06-06 14:38:00,0.57,260,2
2026-06-06 14:44:00,0.665,237,2
2026-06-06 14:50:00,0.572,243,2
2026-06-06 14:56:00,0.653,247,2
2026-06-06 15:08:00,0.758,254,2
2026-06-06 15:14:00,0.834,217,2
2026-06-06 15:20:00,0.838,234,2
2026-06-06 15:26:00,0.929,222,2
2026-06-06 15:32:00,0.91,228,2
2026-06-06 15:38:00,0.952,225,2
2026-06-06 15:44:00,1.147,228,2
2026-06-06 15:50:00,1.199,228,2
2026-06-06 15:56:00,1.11,242,2
2026-06-06 16:02:00,1.166,243,2
2026-06-06 16:08:00,1.215,215,2
2026-06-06 16:14:00,1.448,205,2
2026-06-06 16:20:00,1.155,218,2
2026-06-06 16:26:00,1.044,229,2
2026-06-06 16:32:00,1.12,231,2
2026-06-06 16:38:00,1.26,203,2
2026-06-06 16:44:00,1.112,209,2
2026-06-06 16:50:00,0.879,251,2
2026-06-06 16:56:00,1.042,233,2
2026-06-06 17:02:00,1.145,239,2
2026-06-06 17:08:00,1.077,244,2
2026-06-06 17:14:00,0.987,207,2
2026-06-06 17:20:00,1.127,262,2
2026-06-06 17:26:00,0.923,233,2
2026-06-06 17:32:00,0.995,220,2
2026-06-06 17:38:00,1.083,247,2
2026-06-06 17:44:00,0.91,252,2
2026-06-06 17:50:00,0.921,252,2
2026-06-06 17:56:00,1.094,201,2
2026-06-06 18:02:00,0.982,211,2
2026-06-06 18:08:00,1.052,237,2
2026-06-06 18:20:00,1.038,240,2
2026-06-06 18:26:00,1.007,198,2
2026-06-06 18:32:00,0.976,241,2
2026-06-06 18:38:00,1.021,220,2
2026-06-06 18:44:00,0.9,189,2
2026-06-06 18:50:00,0.921,255,2
2026-06-06 18:56:00,0.762,208,2
2026-06-06 19:02:00,0.783,190,2
2026-06-06 19:08:00,0.764,230,2
2026-06-06 19:14:00,0.741,190,2
2026-06-06 19:20:00,0.744,238,2
2026-06-06 19:26:00,0.618,266,2
2026-06-06 19:32:00,0.509,238,2
2026-06-06 19:38:00,0.554,236,2
2026-06-06 19:44:00,0.544,252,2
2026-06-06 19:50:00,0.36,222,2
2026-06-06 19:56:00,0.334,266,2
2026-06-06 20:02:00,0.397,215,2
2026-06-06 20:08:00,0.519,223,2
2026-06-06 20:14:00,0.381,283,2
2026-06-06 20:20:00,0.19,279,2
2026-06-06 20:26:00,0.171,321,2
2026-06-06 20:32:00,0.325,331,2
2026-06-06 20:38:00,0.381,340,2
2026-06-06 20:44:00,0.264,338,2
2026-06-06 20:50:00,0.36,11,2
2026-06-06 20:56:00,0.34,353,2
2026-06-06 21:02:00,0.286,349,2
2026-06-06 21:08:00,0.295,22,2
2026-06-06 21:14:00,0.346,22,2
2026-06-06 21:20:00,0.402,22,2
2026-06-06 21:26:00,0.36,341,2
2026-06-06 21:32:00,0.521,353,2
2026-06-06 21:38:00,0.467,14,2
2026-06-06 21:44:00,0.568,337,2
2026-06-06 21:50:00,0.62,340,2
2026-06-06 21:56:00,0.509,346,2
2026-06-06 22:02:00,0.581,348,2
2026-06-06 22:08:00,0.552,346,2
2026-06-06 22:14:00,0.614,12,2
2026-06-06 22:20:00,0.776,19,2
2026-06-06 22:26:00,0.698,19,2
2026-06-06 22:32:00,0.735,1,2
2026-06-06 22:38:00,0.696,352,2
2026-06-06 22:44:00,0.779,50,2
2026-06-06 22:50:00,0.651,12,2
2026-06-06 22:56:00,0.754,9,2
2026-06-06 23:02:00,0.612,0,2
2026-06-06 23:08:00,0.675,342,2
2026-06-06 23:14:00,0.626,343,2
2026-06-06 23:20:00,0.566,14,2
2026-06-06 23:26:00,0.585,26,2
2026-06-06 23:32:00,0.554,355,2
2026-06-06 23:38:00,0.591,8,2
2026-06-06 23:44:00,0.449,346,2
2026-06-06 23:50:00,0.519,4,2
2026-06-06 23:56:00,0.474,351,2
2026-06-07 00:02:00,0.492,354,2
2026-06-07 00:08:00,0.441,357,2
2026-06-07 00:14:00,0.441,15,2
2026-06-07 00:20:00,0.474,8,2
2026-06-07 00:26:00,0.276,349,2
2026-06-07 00:32:00,0.402,9,2
2026-06-07 00:38:00,0.336,1,2
2026-06-07 00:44:00,0.4,6,2
2026-06-07 00:50:00,0.294,3,2
2026-06-07 00:56:00,0.286,4,2
2026-06-07 01:02:00,0.212,353,2
2026-06-07 01:08:00,0.214,45,2
2026-06-07 01:14:00,0.144,32,2
2026-06-07 01:20:00,0.035,79,2
2026-06-07 01:26:00,0.144,327,2
2026-06-07 01:32:00,0.033,228,2
2026-06-07 01:38:00,0.084,236,2
2026-06-07 01:44:00,0.082,245,2
2026-06-07 01:50:00,0.231,230,2
2026-06-07 01:56:00,0.148,258,2
2026-06-07 02:02:00,0.233,243,2
2026-06-07 02:08:00,0.132,262,2
2026-06-07 02:14:00,0.167,270,2
2026-06-07 02:32:00,0.294,259,2
2026-06-07 02:38:00,0.27,268,2
2026-06-07 02:44:00,0.336,224,2
2026-06-07 02:50:00,0.257,223,2
2026-06-07 02:56:00,0.297,230,2
2026-06-07 03:02:00,0.414,264,2
2026-06-07 03:08:00,0.364,196,2
2026-06-07 03:14:00,0.41,270,2
2026-06-07 03:20:00,0.449,159,2
2026-06-07 03:26:00,0.383,256,2
2026-06-07 03:32:00,0.486,250,2
2026-06-07 03:38:00,0.472,252,2
2026-06-07 03:44:00,0.507,229,2
2026-06-07 03:50:00,0.564,159,2
2026-06-07 03:56:00,0.529,226,2
2026-06-07 04:02:00,0.579,154,2
2026-06-07 04:08:00,0.634,248,2
2026-06-07 04:14:00,0.624,209,2
2026-06-07 04:20:00,0.533,154,2
2026-06-07 04:26:00,0.641,147,2
2026-06-07 04:32:00,0.667,146,2
2026-06-07 04:38:00,0.715,265,2
2026-06-07 04:44:00,0.659,224,2
2026-06-07 04:50:00,0.643,150,2
2026-06-07 04:56:00,0.659,225,2
2026-06-07 05:02:00,0.651,253,2
2026-06-07 05:08:00,0.663,272,2
2026-06-07 05:14:00,0.626,172,2
2026-06-07 05:20:00,0.521,201,2
2026-06-07 05:26:00,0.517,169,2
2026-06-07 05:32:00,0.562,202,2
2026-06-07 05:38:00,0.568,215,2
2026-06-07 05:44:00,0.55,281,2
2026-06-07 05:50:00,0.54,168,2
2026-06-07 05:56:00,0.443,253,2
2026-06-07 06:02:00,0.5,227,2
2026-06-07 06:08:00,0.418,174,2
2026-06-07 06:14:00,0.492,194,2
2026-06-07 06:20:00,0.55,253,2
2026-06-07 06:26:00,0.511,211,2
2026-06-07 06:32:00,0.492,220,2
2026-06-07 06:38:00,0.455,246,2
2026-06-07 06:44:00,0.416,230,2
2026-06-07 06:50:00,0.342,246,2
2026-06-07 06:56:00,0.49,179,2
2026-06-07 07:02:00,0.542,251,2
2026-06-07 07:08:00,0.523,222,2
2026-06-07 07:14:00,0.418,187,2
2026-06-07 07:20:00,0.385,250,2
2026-06-07 07:26:00,0.313,275,2
2026-06-07 07:32:00,0.381,258,2
2026-06-07 07:38:00,0.492,265,2
2026-06-07 07:44:00,0.468,199,2
2026-06-07 07:50:00,0.348,165,2
2026-06-07 07:56:00,0.465,224,2
2026-06-07 08:02:00,0.34,262,2
2026-06-07 08:08:00,0.373,162,2
2026-06-07 08:14:00,0.259,175,2
2026-06-07 08:20:00,0.198,202,2
2026-06-07 08:26:00,0.179,221,2
2026-06-07 08:32:00,0.119,181,2
2026-06-07 08:38:00,0.039,279,2
2026-06-07 08:44:00,0.111,155,2
2026-06-07 08:50:00,0.058,292,2
2026-06-07 08:56:00,0.148,26,2
2026-06-07 09:02:00,0.175,358,2
2026-06-07 09:08:00,0.224,8,2
2026-06-07 09:14:00,0.266,347,2
2026-06-07 09:20:00,0.297,353,2
2026-06-07 09:26:00,0.268,342,2
2026-06-07 09:32:00,0.284,24,2
2026-06-07 09:38:00,0.389,9,2
2026-06-07 09:44:00,0.398,11,2
2026-06-07 09:50:00,0.406,341,2
2026-06-07 09:56:00,0.494,356,2
2026-06-07 10:02:00,0.492,23,2
2026-06-07 10:08:00,0.461,6,2
2026-06-07 10:14:00,0.638,11,2
2026-06-07 10:20:00,0.531,63,2
2026-06-07 10:26:00,0.587,16,2
2026-06-07 10:32:00,0.521,9,2
2026-06-07 10:38:00,0.645,23,2
2026-06-07 10:44:00,0.581,39,2
2026-06-07 10:50:00,0.577,20,2
2026-06-07 10:56:00,0.494,21,2
2026-06-07 11:02:00,0.455,16,2
2026-06-07 11:08:00,0.509,23,2
2026-06-07 11:14:00,0.468,44,2
2026-06-07 11:20:00,0.433,351,2
2026-06-07 11:26:00,0.435,340,2
2026-06-07 11:32:00,0.443,63,2
2026-06-07 11:38:00,0.426,358,2
2026-06-07 11:44:00,0.375,13,2
2026-06-07 11:50:00,0.358,345,2
2026-06-07 11:56:00,0.288,350,2
2026-06-07 12:02:00,0.369,6,2
2026-06-07 12:08:00,0.22,339,2
2026-06-07 12:14:00,0.257,352,2
2026-06-07 12:20:00,0.194,112,2
2026-06-07 12:26:00,0.328,3,2
2026-06-07 12:32:00,0.21,301,2
2026-06-07 12:38:00,0.222,304,2
2026-06-07 12:44:00,0.134,26,2
2026-06-07 12:50:00,0.222,0,2
2026-06-07 12:56:00,0.2,2,2
2026-06-07 13:02:00,0.099,324,2
2026-06-07 13:08:00,0.214,301,2
2026-06-07 13:14:00,0.225,235,2
2026-06-07 13:20:00,0.216,207,2
2026-06-07 13:26:00,0.173,265,2
2026-06-07 13:32:00,0.171,309,2
2026-06-07 13:38:00,0.222,237,2
2026-06-07 13:44:00,0.243,236,2
2026-06-07 13:50:00,0.245,219,2
2026-06-07 13:56:00,0.301,220,2
2026-06-07 14:02:00,0.377,251,2
2026-06-07 14:08:00,0.36,219,2
2026-06-07 14:14:00,0.323,224,2
2026-06-07 14:20:00,0.332,229,2
2026-06-07 14:26:00,0.457,217,2
2026-06-07 14:32:00,0.474,232,2
2026-06-07 14:38:00,0.511,216,2
2026-06-07 14:44:00,0.513,218,2
2026-06-07 14:50:00,0.498,209,2
2026-06-07 14:56:00,0.651,213,2
2026-06-07 15:02:00,0.624,202,2
2026-06-07 15:08:00,0.572,224,2
2026-06-07 15:14:00,0.608,233,2
2026-06-07 15:20:00,0.536,206,2
2026-06-07 15:26:00,0.535,248,2
2026-06-07 15:32:00,0.542,191,2
2026-06-07 15:38:00,0.647,194,2
2026-06-07 15:44:00,0.605,221,2
2026-06-07 15:50:00,0.655,194,2
2026-06-07 15:56:00,0.706,216,2
2026-06-07 16:02:00,0.7,235,2
2026-06-07 16:08:00,0.873,260,2
2026-06-07 16:14:00,0.807,201,2
2026-06-07 16:20:00,0.787,218,2
2026-06-07 16:26:00,0.966,193,2
2026-06-07 16:32:00,1.046,236,2
2026-06-07 16:38:00,1.026,235,2
2026-06-07 16:44:00,0.982,212,2
2026-06-07 16:50:00,0.978,211,2
2026-06-07 16:56:00,1.135,208,2
2026-06-07 17:02:00,1.151,208,2
2026-06-07 17:08:00,1.075,222,2
2026-06-07 17:14:00,1.133,207,2
2026-06-07 17:20:00,1.094,238,2
2026-06-07 17:26:00,1.054,220,2
2026-06-07 17:32:00,0.939,227,2
2026-06-07 17:38:00,0.902,243,2
2026-06-07 17:44:00,0.921,210,2
2026-06-07 17:50:00,0.935,233,2
2026-06-07 17:56:00,0.834,224,2
2026-06-07 18:02:00,0.927,232,2
2026-06-07 18:08:00,0.894,216,2
2026-06-07 18:14:00,0.785,222,2
2026-06-07 18:20:00,0.727,241,2
2026-06-07 18:26:00,0.9,231,2
2026-06-07 18:32:00,0.641,237,2
2026-06-07 18:38:00,0.655,237,2
2026-06-07 18:44:00,0.651,243,2
2026-06-07 18:50:00,0.684,212,2
2026-06-07 18:56:00,0.774,227,2
2026-06-07 19:02:00,0.834,225,2
2026-06-07 19:08:00,0.748,225,2
2026-06-07 19:14:00,0.743,230,2
2026-06-07 19:20:00,0.682,237,2
2026-06-07 19:26:00,0.688,223,2
2026-06-07 19:32:00,0.667,228,2
2026-06-07 19:38:00,0.583,250,2
2026-06-07 19:44:00,0.529,211,2
2026-06-07 19:50:00,0.519,241,2
2026-06-07 19:56:00,0.542,270,2
2026-06-07 20:02:00,0.371,224,2
2026-06-07 20:08:00,0.342,257,2
2026-06-07 20:14:00,0.422,203,2
2026-06-07 20:20:00,0.354,285,2
2026-06-07 20:26:00,0.28,218,2
2026-06-07 20:32:00,0.152,275,2
2026-06-07 20:38:00,0.093,259,2
2026-06-07 20:44:00,0.107,291,2
2026-06-07 20:50:00,0.148,5,2
2026-06-07 20:56:00,0.105,9,2
2026-06-07 21:02:00,0.198,20,2
2026-06-07 21:08:00,0.136,66,2
2026-06-07 21:14:00,0.13,53,2
2026-06-07 21:20:00,0.212,68,2
2026-06-07 21:26:00,0.222,65,2
2026-06-07 21:32:00,0.251,28,2
2026-06-07 21:38:00,0.241,61,2
2026-06-07 21:44:00,0.414,40,2
2026-06-07 21:50:00,0.41,46,2
2026-06-07 21:56:00,0.194,160,2
2026-06-07 22:02:00,0.449,33,2
2026-06-07 22:08:00,0.49,62,2
2026-06-07 22:14:00,0.517,28,2
2026-06-07 22:20:00,0.552,18,2
2026-06-07 22:26:00,0.548,22,2
2026-06-07 22:32:00,0.69,38,2
2026-06-07 22:38:00,0.711,53,2
2026-06-07 22:44:00,0.684,44,2
2026-06-07 22:50:00,0.669,33,2
2026-06-07 22:56:00,0.744,39,2
2026-06-07 23:02:00,0.684,27,2
2026-06-07 23:08:00,0.75,31,2
2026-06-07 23:14:00,0.725,18,2
2026-06-07 23:20:00,0.727,28,2
2026-06-07 23:26:00,0.696,35,2
2026-06-07 23:32:00,0.669,37,2
2026-06-07 23:38:00,0.671,33,2
2026-06-07 23:44:00,0.64,56,2
2026-06-07 23:50:00,0.527,39,2
2026-06-07 23:56:00,0.513,44,2
2026-06-08 00:02:00,0.558,26,2
2026-06-08 00:08:00,0.531,39,2
2026-06-08 00:14:00,0.449,48,2
2026-06-08 00:20:00,0.505,61,2
2026-06-08 00:26:00,0.437,71,2
2026-06-08 00:32:00,0.416,82,2
2026-06-08 00:38:00,0.377,79,2
2026-06-08 00:44:00,0.294,73,2
2026-06-08 00:50:00,0.309,96,2
2026-06-08 00:56:00,0.334,125,2
2026-06-08 01:02:00,0.303,120,2
2026-06-08 01:08:00,0.208,164,2
2026-06-08 01:14:00,0.138,63,2
2026-06-08 01:20:00,0.126,48,2
2026-06-08 01:26:00,0.163,88,2
2026-06-08 01:32:00,0.122,138,2
2026-06-08 01:38:00,0.066,150,2
2026-06-08 01:44:00,0.082,150,2
2026-06-08 01:50:00,0.117,240,2
2026-06-08 01:56:00,0.276,206,2
2026-06-08 02:02:00,0.29,194,2
2026-06-08 02:08:00,0.332,224,2
2026-06-08 02:14:00,0.422,222,2
2026-06-08 02:20:00,0.35,224,2
2026-06-08 02:26:00,0.412,211,2
2026-06-08 02:32:00,0.511,217,2
2026-06-08 02:38:00,0.478,235,2
2026-06-08 02:44:00,0.511,247,2
2026-06-08 02:50:00,0.527,242,2
2026-06-08 02:56:00,0.478,269,2
2026-06-08 03:02:00,0.381,233,2
2026-06-08 03:08:00,0.4,220,2
2026-06-08 03:14:00,0.352,238,2
2026-06-08 03:20:00,0.288,256,2
2026-06-08 03:26:00,0.284,251,2
2026-06-08 03:32:00,0.426,255,2
2026-06-08 03:38:00,0.317,260,2
2026-06-08 03:44:00,0.336,246,2
2026-06-08 03:50:00,0.295,247,2
2026-06-08 03:56:00,0.297,235,2
2026-06-08 04:02:00,0.439,237,2
2026-06-08 04:08:00,0.406,225,2
2026-06-08 04:14:00,0.414,234,2
2026-06-08 04:20:00,0.451,203,2
2026-06-08 04:26:00,0.49,218,2
2026-06-08 04:32:00,0.603,241,2
2026-06-08 04:38:00,0.562,242,2
2026-06-08 04:44:00,0.566,248,2
2026-06-08 04:50:00,0.579,222,2
2026-06-08 04:56:00,0.634,232,2
2026-06-08 05:02:00,0.717,237,2
2026-06-08 05:08:00,0.729,228,2
2026-06-08 05:14:00,0.711,226,2
2026-06-08 05:20:00,0.688,230,2
2026-06-08 05:26:00,0.735,236,2
2026-06-08 05:32:00,0.725,241,2
2026-06-08 05:38:00,0.622,243,2
2026-06-08 05:44:00,0.706,209,2
2026-06-08 05:50:00,0.655,212,2
2026-06-08 05:56:00,0.676,220,2
2026-06-08 06:02:00,0.686,231,2
2026-06-08 06:08:00,0.731,209,2
2026-06-08 06:14:00,0.62,245,2
2026-06-08 06:20:00,0.713,244,2
2026-06-08 06:26:00,0.754,199,2
2026-06-08 06:32:00,0.877,190,2
2026-06-08 06:38:00,0.869,230,2
2026-06-08 06:44:00,0.781,230,2
2026-06-08 06:50:00,0.713,216,2
2026-06-08 06:56:00,0.572,271,2
2026-06-08 07:02:00,0.651,257,2
2026-06-08 07:08:00,0.599,247,2
2026-06-08 07:14:00,0.533,249,2
2026-06-08 07:20:00,0.556,239,2
2026-06-08 07:26:00,0.465,255,2
2026-06-08 07:32:00,0.305,223,2
2026-06-08 07:38:00,0.385,210,2
2026-06-08 07:44:00,0.395,253,2
2026-06-08 07:50:00,0.364,241,2
2026-06-08 07:56:00,0.509,224,2
2026-06-08 08:02:00,0.511,227,2
2026-06-08 08:08:00,0.247,290,2
2026-06-08 08:14:00,0.253,263,2
2026-06-08 08:20:00,0.292,240,2
2026-06-08 08:26:00,0.262,285,2
2026-06-08 08:32:00,0.332,281,2
2026-06-08 08:38:00,0.212,250,2
2026-06-08 08:44:00,0.179,261,2
2026-06-08 08:50:00,0.253,306,2
2026-06-08 08:56:00,0.21,294,2
2026-06-08 09:02:00,0.064,3,2
2026-06-08 09:08:00,0.148,314,2
2026-06-08 09:14:00,0.167,316,2
2026-06-08 09:20:00,0.132,358,2
2026-06-08 09:26:00,0.156,273,2
2026-06-08 09:32:00,0.175,1,2
2026-06-08 09:38:00,0.105,343,2
2026-06-08 09:44:00,0.204,26,2
2026-06-08 09:50:00,0.103,29,2
2026-06-08 09:56:00,0.266,37,2
2026-06-08 10:02:00,0.206,29,2
2026-06-08 10:08:00,0.225,33,2
2026-06-08 10:14:00,0.187,55,2
2026-06-08 10:20:00,0.239,35,2
2026-06-08 10:26:00,0.305,87,2
2026-06-08 10:32:00,0.303,55,2
2026-06-08 10:38:00,0.255,78,2
2026-06-08 10:44:00,0.33,54,2
2026-06-08 10:50:00,0.418,72,2
2026-06-08 10:56:00,0.286,56,2
2026-06-08 11:02:00,0.342,69,2
2026-06-08 11:08:00,0.354,69,2
2026-06-08 11:14:00,0.268,68,2
2026-06-08 11:20:00,0.336,38,2
2026-06-08 11:26:00,0.218,56,2
2026-06-08 11:32:00,0.303,66,2
2026-06-08 11:38:00,0.206,61,2
2026-06-08 11:44:00,0.19,52,2
2026-06-08 11:50:00,0.216,68,2
2026-06-08 11:56:00,0.27,74,2
2026-06-08 12:02:00,0.169,8,2
2026-06-08 12:08:00,0.229,90,2
2026-06-08 12:14:00,0.19,65,2
2026-06-08 12:20:00,0.159,65,2
2026-06-08 12:26:00,0.093,43,2
2026-06-08 12:32:00,0.072,63,2
2026-06-08 12:38:00,0.047,199,2
2026-06-08 12:44:00,0.086,48,2
2026-06-08 12:50:00,0.056,115,2
2026-06-08 12:56:00,0.091,114,2
2026-06-08 13:02:00,0.01,248,2
2026-06-08 13:08:00,0.074,192,2
2026-06-08 13:14:00,0.058,239,2
2026-06-08 13:20:00,0.124,211,2
2026-06-08 13:26:00,0.064,169,2
2026-06-08 13:32:00,0.202,217,2
2026-06-08 13:38:00,0.225,224,2
2026-06-08 13:44:00,0.292,207,2
2026-06-08 13:50:00,0.239,230,2
2026-06-08 13:56:00,0.126,241,2
2026-06-08 14:02:00,0.233,172,2
2026-06-08 14:08:00,0.218,186,2
2026-06-08 14:14:00,0.297,183,2
2026-06-08 14:20:00,0.278,203,2
2026-06-08 14:26:00,0.34,200,2
2026-06-08 14:32:00,0.463,206,2
2026-06-08 14:38:00,0.235,226,2
2026-06-08 14:44:00,0.2,253,2
2026-06-08 14:50:00,0.284,225,2
2026-06-08 14:56:00,0.268,237,2
2026-06-08 15:02:00,0.309,244,2
2026-06-08 15:08:00,0.309,202,2
2026-06-08 15:14:00,0.299,208,2
2026-06-08 15:20:00,0.284,239,2
2026-06-08 15:26:00,0.356,266,2
2026-06-08 15:32:00,0.301,217,2
2026-06-08 15:38:00,0.299,216,2
2026-06-08 15:44:00,0.393,243,2
2026-06-08 15:50:00,0.391,231,2
2026-06-08 15:56:00,0.465,233,2
2026-06-08 16:02:00,0.503,235,2
2026-06-08 16:08:00,0.531,250,2
2026-06-08 16:14:00,0.531,211,2
2026-06-08 16:20:00,0.509,233,2
2026-06-08 16:26:00,0.509,206,2
2026-06-08 16:32:00,0.459,220,2
2026-06-08 16:38:00,0.498,176,2
2026-06-08 16:44:00,0.572,194,2
2026-06-08 16:50:00,0.64,223,2
2026-06-08 16:56:00,0.69,186,2
2026-06-08 17:02:00,0.702,183,2
2026-06-08 17:08:00,0.743,224,2
2026-06-08 17:14:00,0.776,206,2
2026-06-08 17:20:00,0.694,229,2
2026-06-08 17:26:00,0.68,253,2
2026-06-08 17:32:00,0.851,209,2
2026-06-08 17:38:00,0.676,240,2
2026-06-08 17:44:00,0.585,251,2
2026-06-08 17:50:00,0.502,229,2
2026-06-08 17:56:00,0.566,235,2
2026-06-08 18:02:00,0.371,216,2
2026-06-08 18:08:00,0.387,215,2
2026-06-08 18:14:00,0.369,213,2
2026-06-08 18:20:00,0.356,222,2
2026-06-08 18:26:00,0.395,221,2
2026-06-08 18:32:00,0.383,247,2
2026-06-08 18:38:00,0.383,190,2
2026-06-08 18:44:00,0.395,224,2
2026-06-08 18:50:00,0.317,191,2
2026-06-08 18:56:00,0.235,237,2
2026-06-08 19:02:00,0.264,207,2
2026-06-08 19:08:00,0.266,235,2
2026-06-08 19:14:00,0.235,227,2
2026-06-08 19:20:00,0.198,242,2
2026-06-08 19:26:00,0.231,236,2
2026-06-08 19:32:00,0.101,259,2
2026-06-08 19:38:00,0.159,258,2
2026-06-08 19:44:00,0.14,227,2
2026-06-08 19:50:00,0.115,274,2
2026-06-08 19:56:00,0.076,226,2
2026-06-08 20:02:00,0.033,209,2
2026-06-08 20:08:00,0.13,51,2
2026-06-08 20:14:00,0.01,191,2
2026-06-08 20:20:00,0.136,48,2
2026-06-08 20:26:00,0.208,61,2
2026-06-08 20:32:00,0.336,56,2
2026-06-08 20:38:00,0.348,69,2
2026-06-08 20:44:00,0.268,65,2
2026-06-08 20:50:00,0.418,52,2
2026-06-08 20:56:00,0.41,35,2
2026-06-08 21:02:00,0.356,51,2
2026-06-08 21:08:00,0.453,40,2
2026-06-08 21:14:00,0.395,24,2
2026-06-08 21:20:00,0.445,43,2
2026-06-08 21:26:00,0.527,54,2
2026-06-08 21:32:00,0.587,54,2
2026-06-08 21:38:00,0.55,49,2
2026-06-08 21:44:00,0.502,51,2
2026-06-08 21:50:00,0.513,56,2
2026-06-08 21:56:00,0.511,31,2
2026-06-08 22:02:00,0.511,42,2
2026-06-08 22:08:00,0.645,30,2
2026-06-08 22:14:00,0.758,52,2
2026-06-08 22:20:00,0.731,7,2
2026-06-08 22:26:00,0.715,17,2
2026-06-08 22:32:00,0.776,31,2
2026-06-08 22:38:00,0.797,29,2
2026-06-08 22:44:00,0.789,20,2
2026-06-08 22:50:00,0.848,7,2
2026-06-08 22:56:00,0.795,15,2
2026-06-08 23:02:00,0.875,34,2
2026-06-08 23:08:00,0.849,21,2
2026-06-08 23:14:00,0.929,21,2
2026-06-08 23:20:00,0.923,28,2
2026-06-08 23:26:00,0.772,16,2
2026-06-08 23:32:00,0.801,18,2
2026-06-08 23:38:00,0.83,36,2
2026-06-08 23:44:00,0.832,19,2
2026-06-08 23:50:00,0.941,11,2
2026-06-08 23:56:00,0.904,20,2
2026-06-09 00:02:00,0.875,26,2
2026-06-09 00:08:00,0.846,23,2
2026-06-09 00:14:00,0.851,33,2
2026-06-09 00:20:00,0.834,23,2
2026-06-09 00:26:00,0.886,29,2
2026-06-09 00:32:00,0.826,22,2
2026-06-09 00:38:00,0.832,21,2
2026-06-09 00:44:00,0.842,12,2
2026-06-09 00:50:00,0.836,25,2
2026-06-09 00:56:00,0.836,14,2
2026-06-09 01:02:00,0.768,20,2
2026-06-09 01:08:00,0.869,25,2
2026-06-09 01:14:00,0.766,39,2
2026-06-09 01:20:00,0.762,14,2
2026-06-09 01:26:00,0.762,26,2
2026-06-09 01:32:00,0.77,36,2
2026-06-09 01:38:00,0.612,19,2
2026-06-09 01:44:00,0.694,11,2
2026-06-09 01:50:00,0.601,6,2
2026-06-09 01:56:00,0.581,13,2
2026-06-09 02:02:00,0.556,31,2
2026-06-09 02:08:00,0.538,19,2
2026-06-09 02:14:00,0.509,9,2
2026-06-09 02:20:00,0.367,352,2
2026-06-09 02:26:00,0.365,7,2
2026-06-09 02:32:00,0.311,19,2
2026-06-09 02:38:00,0.375,17,2
2026-06-09 02:44:00,0.502,9,2
2026-06-09 02:50:00,0.389,1,2
2026-06-09 02:56:00,0.416,5,2
2026-06-09 03:02:00,0.354,344,2
2026-06-09 03:08:00,0.342,353,2
2026-06-09 03:14:00,0.274,348,2
2026-06-09 03:20:00,0.262,339,2
2026-06-09 03:26:00,0.27,342,2
2026-06-09 03:32:00,0.262,359,2
2026-06-09 03:38:00,0.177,306,2
2026-06-09 03:44:00,0.237,342,2
2026-06-09 03:50:00,0.27,287,2
2026-06-09 03:56:00,0.369,6,2
2026-06-09 04:02:00,0.29,347,2
2026-06-09 04:08:00,0.222,323,2
2026-06-09 04:14:00,0.319,332,2
2026-06-09 04:20:00,0.239,348,2
2026-06-09 04:26:00,0.187,346,2
2026-06-09 04:32:00,0.229,271,2
2026-06-09 04:38:00,0.183,222,2
2026-06-09 04:44:00,0.177,349,2
2026-06-09 04:50:00,0.161,345,2
2026-06-09 04:56:00,0.121,320,2
2026-06-09 05:02:00,0.117,276,2
2026-06-09 05:08:00,0.124,311,2
2026-06-09 05:14:00,0.208,314,2
2026-06-09 05:20:00,0.243,326,2
2026-06-09 05:26:00,0.21,280,2
2026-06-09 05:32:00,0.124,273,2
2026-06-09 05:38:00,0.138,225,2
2026-06-09 05:44:00,0.206,196,2
2026-06-09 05:50:00,0.121,219,2
2026-06-09 05:56:00,0.264,224,2
2026-06-09 06:02:00,0.192,219,2
2026-06-09 06:08:00,0.202,207,2
2026-06-09 06:14:00,0.208,195,2
2026-06-09 06:20:00,0.161,185,2
2026-06-09 06:26:00,0.196,169,2
2026-06-09 06:32:00,0.253,175,2
2026-06-09 06:38:00,0.177,191,2
2026-06-09 06:44:00,0.222,238,2
2026-06-09 06:50:00,0.286,217,2
2026-06-09 06:56:00,0.15,196,2
2026-06-09 07:02:00,0.239,139,2
2026-06-09 07:08:00,0.379,199,2
2026-06-09 07:14:00,0.463,153,2
2026-06-09 07:20:00,0.323,251,2
2026-06-09 07:26:00,0.336,173,2
2026-06-09 07:32:00,0.48,199,2
2026-06-09 07:38:00,0.505,229,2
2026-06-09 07:44:00,0.595,230,2
2026-06-09 07:50:00,0.581,250,2
2026-06-09 07:56:00,0.634,237,2
2026-06-09 08:02:00,0.572,193,2
2026-06-09 08:08:00,0.713,224,2
2026-06-09 08:14:00,0.572,235,2
2026-06-09 08:20:00,0.56,205,2
2026-06-09 08:26:00,0.502,173,2
2026-06-09 08:32:00,0.605,188,2
2026-06-09 08:38:00,0.686,243,2
2026-06-09 08:44:00,0.616,181,2
2026-06-09 08:50:00,0.498,207,2
2026-06-09 08:56:00,0.505,191,2
2026-06-09 09:02:00,0.393,167,2
2026-06-09 09:08:00,0.418,193,2
2026-06-09 09:14:00,0.435,240,2
2026-06-09 09:20:00,0.433,214,2
2026-06-09 09:26:00,0.449,209,2
2026-06-09 09:32:00,0.385,254,2
2026-06-09 09:38:00,0.288,200,2
2026-06-09 09:44:00,0.299,184,2
2026-06-09 09:50:00,0.295,271,2
2026-06-09 09:56:00,0.19,242,2
2026-06-09 10:02:00,0.165,277,2
2026-06-09 10:08:00,0.132,320,2
2026-06-09 10:14:00,0.189,329,2
2026-06-09 10:20:00,0.225,325,2
2026-06-09 10:26:00,0.29,321,2
2026-06-09 10:32:00,0.284,323,2
2026-06-09 10:38:00,0.241,341,2
2026-06-09 10:44:00,0.222,353,2
2026-06-09 10:50:00,0.297,36,2
2026-06-09 10:56:00,0.167,88,2
2026-06-09 11:02:00,0.397,51,2
2026-06-09 11:08:00,0.449,53,2
2026-06-09 11:14:00,0.184,57,2
2026-06-09 11:20:00,0.328,74,2
2026-06-09 11:26:00,0.45,35,2
2026-06-09 11:32:00,0.599,67,2
2026-06-09 11:38:00,0.534,26,2
2026-06-09 11:44:00,0.489,4,2
2026-06-09 11:50:00,0.488,27,2
2026-06-09 11:56:00,0.623,36,2
2026-06-09 12:02:00,0.521,32,2
2026-06-09 12:08:00,0.462,338,2
2026-06-09 12:14:00,0.532,51,2
2026-06-09 12:20:00,0.586,38,2
2026-06-09 12:26:00,0.486,351,2
2026-06-09 12:32:00,0.559,5,2
2026-06-09 12:38:00,0.561,9,2
2026-06-09 12:44:00,0.598,30,2
2026-06-09 12:50:00,0.484,34,2
2026-06-09 12:56:00,0.562,34,2
2026-06-09 13:02:00,0.543,28,2
2026-06-09 13:08:00,0.438,39,2
2026-06-09 13:14:00,0.466,16,2
2026-06-09 13:20:00,0.447,9,2
2026-06-09 13:26:00,0.44,23,2
2026-06-09 13:32:00,0.447,348,2
2026-06-09 13:38:00,0.398,23,2
2026-06-09 13:44:00,0.346,346,2
2026-06-09 13:50:00,0.311,25,2
2026-06-09 13:56:00,0.353,345,2
2026-06-09 14:02:00,0.386,34,2
2026-06-09 14:08:00,0.329,7,2
2026-06-09 14:14:00,0.332,16,2
2026-06-09 14:20:00,0.197,13,2
2026-06-09 14:26:00,0.231,24,2
2026-06-09 14:32:00,0.191,24,2
2026-06-09 14:38:00,0.287,5,2
2026-06-09 14:44:00,0.194,24,2
2026-06-09 14:50:00,0.11,41,2
2026-06-09 14:56:00,0.27,22,2
2026-06-09 15:02:00,0.102,354,2
2026-06-09 15:08:00,0.052,33,2
2026-06-09 15:14:00,0.119,326,2
2026-06-09 15:20:00,0.061,285,2
2026-06-09 15:26:00,0.039,328,2
2026-06-09 15:32:00,0.093,333,2
2026-06-09 15:44:00,0.18,301,2
2026-06-09 15:50:00,0.155,235,2
2026-06-09 15:56:00,0.14,258,2
2026-06-09 16:02:00,0.222,259,2
2026-06-09 16:08:00,0.107,200,2
2026-06-09 16:14:00,0.066,314,2
2026-06-09 16:20:00,0.208,236,2
2026-06-09 16:26:00,0.151,240,2
2026-06-09 16:32:00,0.175,203,2
2026-06-09 16:38:00,0.143,251,2
2026-06-09 16:44:00,0.173,214,2
2026-06-09 16:50:00,0.288,200,2
2026-06-09 16:56:00,0.27,169,2
2026-06-09 17:02:00,0.324,191,2
2026-06-09 17:08:00,0.327,185,2
2026-06-09 17:14:00,0.438,156,2
2026-06-09 17:20:00,0.342,180,2
2026-06-09 17:26:00,0.491,197,2
2026-06-09 17:32:00,0.51,179,2
2026-06-09 17:38:00,0.382,209,2
2026-06-09 17:44:00,0.474,199,2
2026-06-09 17:50:00,0.495,230,2
2026-06-09 17:56:00,0.579,263,2
2026-06-09 18:02:00,0.582,190,2
2026-06-09 18:08:00,0.661,207,2
2026-06-09 18:14:00,0.669,209,2
2026-06-09 18:20:00,0.544,209,2
2026-06-09 18:26:00,0.66,193,2
2026-06-09 18:32:00,0.674,209,2
2026-06-09 18:38:00,0.707,218,2
2026-06-09 18:44:00,0.665,231,2
2026-06-09 18:50:00,0.75,231,2
2026-06-09 18:56:00,0.666,225,2
2026-06-09 19:02:00,0.624,217,2
2026-06-09 19:08:00,0.311,224,2
2026-06-09 19:14:00,0.668,241,2
2026-06-09 19:20:00,0.714,256,2
2026-06-09 19:26:00,0.536,234,2
2026-06-09 19:32:00,0.645,231,2
2026-06-09 19:38:00,0.539,238,2
2026-06-09 19:44:00,0.688,211,2
2026-06-09 19:50:00,0.644,220,2
2026-06-09 19:56:00,0.499,226,2
2026-06-09 20:02:00,0.56,223,2
2026-06-09 20:08:00,0.441,200,2
2026-06-09 20:14:00,0.501,244,2
2026-06-09 20:20:00,0.5,242,2
2026-06-09 20:26:00,0.514,215,2
2026-06-09 20:32:00,0.348,244,2
2026-06-09 20:38:00,0.527,217,2
2026-06-09 20:44:00,0.349,246,2
2026-06-09 20:50:00,0.331,243,2
2026-06-09 20:56:00,0.18,248,2
2026-06-09 21:02:00,0.06,233,2
2026-06-09 21:08:00,0.105,207,2
2026-06-09 21:14:00,0.218,218,2
2026-06-09 21:20:00,0.301,237,2
2026-06-09 21:26:00,0.285,236,2
2026-06-09 21:32:00,0.124,211,2
2026-06-09 21:38:00,0.13,235,2
2026-06-09 21:44:00,0.008,213,2
2026-06-09 21:50:00,0.068,342,2
2026-06-09 21:56:00,0.207,353,2
2026-06-09 22:02:00,0.238,339,2
2026-06-09 22:08:00,0.311,357,2
2026-06-09 22:14:00,0.235,31,2
2026-06-09 22:20:00,0.35,354,2
2026-06-09 22:26:00,0.438,30,2
2026-06-09 22:32:00,0.479,16,2
2026-06-09 22:38:00,0.551,16,2
2026-06-09 22:44:00,0.614,25,2
2026-06-09 22:50:00,0.537,15,2
2026-06-09 22:56:00,0.57,40,2
2026-06-09 23:02:00,0.581,20,2
2026-06-09 23:08:00,0.609,15,2
2026-06-09 23:14:00,0.722,20,2
2026-06-09 23:20:00,0.811,21,2
2026-06-09 23:26:00,0.84,30,2
2026-06-09 23:32:00,0.967,43,2
2026-06-09 23:38:00,0.951,27,2
2026-06-09 23:44:00,1.047,25,2
2026-06-09 23:50:00,1.141,41,2
2026-06-09 23:56:00,1.172,3,2
2026-06-10 00:02:00,1.148,27,2
2026-06-10 00:08:00,1.18,8,2
2026-06-10 00:14:00,1.256,37,2
2026-06-10 00:20:00,1.294,11,2
2026-06-10 00:26:00,1.272,21,2
2026-06-10 00:32:00,1.314,10,2
2026-06-10 00:38:00,1.429,22,2
2026-06-10 00:44:00,1.272,7,2
2026-06-10 00:50:00,1.414,15,2
2026-06-10 00:56:00,1.419,13,2
2026-06-10 01:02:00,1.367,21,2
2026-06-10 01:08:00,1.306,27,2
2026-06-10 01:14:00,1.391,29,2
2026-06-10 01:20:00,1.363,17,2
2026-06-10 01:26:00,1.288,29,2
2026-06-10 01:32:00,1.253,25,2
2026-06-10 01:38:00,1.246,11,2
2026-06-10 01:44:00,1.263,17,2
2026-06-10 01:50:00,1.141,15,2
2026-06-10 01:56:00,1.132,28,2
2026-06-10 02:02:00,1.161,16,2
2026-06-10 02:08:00,1.115,27,2
2026-06-10 02:14:00,1.148,3,2
2026-06-10 02:20:00,1.033,26,2
2026-06-10 02:26:00,1.067,24,2
2026-06-10 02:32:00,1.137,20,2
2026-06-10 02:38:00,1.036,34,2
2026-06-10 02:44:00,1.0,27,2
2026-06-10 02:50:00,1.029,26,2
2026-06-10 02:56:00,0.931,17,2
2026-06-10 03:02:00,0.854,25,2
2026-06-10 03:08:00,0.859,11,2
2026-06-10 03:14:00,0.721,29,2
2026-06-10 03:20:00,0.624,356,2
2026-06-10 03:26:00,0.633,5,2
2026-06-10 03:32:00,0.645,358,2
2026-06-10 03:38:00,0.6,341,2
2026-06-10 03:44:00,0.794,351,2
2026-06-10 03:50:00,0.58,28,2
2026-06-10 03:56:00,0.528,12,2
2026-06-10 04:02:00,0.496,20,2
2026-06-10 04:08:00,0.489,27,2
2026-06-10 04:14:00,0.437,26,2
2026-06-10 04:20:00,0.505,15,2
2026-06-10 04:26:00,0.402,18,2
2026-06-10 04:32:00,0.284,23,2
2026-06-10 04:38:00,0.278,21,2
2026-06-10 04:44:00,0.304,352,2
2026-06-10 04:50:00,0.316,356,2
2026-06-10 04:56:00,0.327,352,2
2026-06-10 05:02:00,0.32,2,2
2026-06-10 05:08:00,0.351,5,2
2026-06-10 05:14:00,0.264,0,2
2026-06-10 05:20:00,0.168,24,2
2026-06-10 05:26:00,0.15,353,2
2026-06-10 05:32:00,0.12,5,2
2026-06-10 05:38:00,0.115,3,2
2026-06-10 05:44:00,0.082,354,2
2026-06-10 05:50:00,0.076,326,2
2026-06-10 05:56:00,0.064,107,2
2026-06-10 06:02:00,0.052,134,2
2026-06-10 06:08:00,0.018,156,2
2026-06-10 06:14:00,0.051,175,2
2026-06-10 06:20:00,0.096,37,2
2026-06-10 06:26:00,0.072,97,2
2026-06-10 06:32:00,0.107,180,2
2026-06-10 06:38:00,0.107,204,2
2026-06-10 06:44:00,0.137,225,2
2026-06-10 06:50:00,0.17,231,2
2026-06-10 06:56:00,0.323,218,2
2026-06-10 07:02:00,0.326,226,2
2026-06-10 07:08:00,0.443,211,2
2026-06-10 07:14:00,0.436,212,2
2026-06-10 07:20:00,0.392,268,2
2026-06-10 07:26:00,0.388,214,2
2026-06-10 07:32:00,0.264,32,2
2026-06-10 07:38:00,0.49,188,2
2026-06-10 07:44:00,0.504,144,2
2026-06-10 07:50:00,0.455,200,2
2026-06-10 07:56:00,0.458,180,2
2026-06-10 08:02:00,0.367,158,2
2026-06-10 08:08:00,0.54,178,2
2026-06-10 08:14:00,0.513,143,2
2026-06-10 08:20:00,0.566,219,2
2026-06-10 08:26:00,0.548,242,2
2026-06-10 08:32:00,0.61,244,2
2026-06-10 08:38:00,0.764,205,2
2026-06-10 08:44:00,0.881,234,2
2026-06-10 08:50:00,0.865,238,2
2026-06-10 08:56:00,1.057,210,2
2026-06-10 09:02:00,1.147,206,2
2026-06-10 09:08:00,1.172,247,2
2026-06-10 09:14:00,1.217,232,2
2026-06-10 09:20:00,1.071,203,2
2026-06-10 09:26:00,1.11,234,2
2026-06-10 09:32:00,1.046,198,2
2026-06-10 09:38:00,1.235,237,2
2026-06-10 09:44:00,1.23,213,2
2026-06-10 09:50:00,1.287,247,2
2026-06-10 09:56:00,1.175,238,2
2026-06-10 10:02:00,1.251,232,2
2026-06-10 10:14:00,0.892,252,2
2026-06-10 10:20:00,0.683,246,2
2026-06-10 10:26:00,0.565,236,2
2026-06-10 10:32:00,0.402,253,2
2026-06-10 10:38:00,0.373,257,2
2026-06-10 10:44:00,0.234,217,2
2026-06-10 10:50:00,0.143,238,2
2026-06-10 10:56:00,0.224,319,2
2026-06-10 11:02:00,0.169,307,2
2026-06-10 11:08:00,0.222,345,2
2026-06-10 11:14:00,0.376,341,2
2026-06-10 11:20:00,0.309,305,2
2026-06-10 11:26:00,0.361,299,2
2026-06-10 11:32:00,0.259,314,2
2026-06-10 11:38:00,0.255,324,2
2026-06-10 11:44:00,0.312,334,2
2026-06-10 11:50:00,0.183,351,2
2026-06-10 11:56:00,0.15,11,2
2026-06-10 12:02:00,0.158,333,2
2026-06-10 12:08:00,0.21,355,2
2026-06-10 12:14:00,0.218,344,2
2026-06-10 12:20:00,0.149,8,2
2026-06-10 12:26:00,0.183,327,2
2026-06-10 12:32:00,0.2,9,2
2026-06-10 12:38:00,0.247,344,2
2026-06-10 12:44:00,0.352,12,2
2026-06-10 12:56:00,0.37,352,2
2026-06-10 13:02:00,0.389,3,2
2026-06-10 13:08:00,0.267,310,2
2026-06-10 13:14:00,0.359,3,2
2026-06-10 13:20:00,0.261,325,2
2026-06-10 13:26:00,0.351,355,2
2026-06-10 13:32:00,0.35,335,2
2026-06-10 13:38:00,0.384,330,2
2026-06-10 13:44:00,0.403,345,2
2026-06-10 13:50:00,0.443,350,2
2026-06-10 13:56:00,0.387,0,2
2026-06-10 14:02:00,0.419,323,2
2026-06-10 14:08:00,0.422,333,2
2026-06-10 14:14:00,0.331,332,2
2026-06-10 14:20:00,0.315,346,2
2026-06-10 14:26:00,0.26,354,2
2026-06-10 14:32:00,0.225,18,2
2026-06-10 14:38:00,0.213,42,2
2026-06-10 14:44:00,0.148,50,2
2026-06-10 14:50:00,0.249,338,2
2026-06-10 14:56:00,0.2,346,2
2026-06-10 15:02:00,0.242,329,2
2026-06-10 15:08:00,0.223,5,2
2026-06-10 15:14:00,0.226,345,2
2026-06-10 15:20:00,0.305,327,2
2026-06-10 15:26:00,0.193,311,2
2026-06-10 15:32:00,0.121,307,2
2026-06-10 15:38:00,0.134,263,2
2026-06-10 15:44:00,0.121,260,2
2026-06-10 15:50:00,0.202,233,2
2026-06-10 15:56:00,0.148,213,2
2026-06-10 16:02:00,0.255,221,2
2026-06-10 16:08:00,0.353,233,2
2026-06-10 16:14:00,0.402,234,2
2026-06-10 16:20:00,0.484,241,2
2026-06-10 16:26:00,0.417,280,2
2026-06-10 16:32:00,0.457,251,2
2026-06-10 16:38:00,0.401,260,2
2026-06-10 16:44:00,0.544,259,2
2026-06-10 16:50:00,0.515,250,2
2026-06-10 16:56:00,0.513,269,2
2026-06-10 17:02:00,0.523,290,2
2026-06-10 17:08:00,0.471,264,2
2026-06-10 17:14:00,0.598,216,2
2026-06-10 17:20:00,0.655,207,2
2026-06-10 17:26:00,0.703,218,2
2026-06-10 17:32:00,0.713,232,2
2026-06-10 17:38:00,0.749,186,2
2026-06-10 17:44:00,0.761,210,2
2026-06-10 17:50:00,0.774,199,2
2026-06-10 17:56:00,0.785,199,2
2026-06-10 18:02:00,0.874,255,2
2026-06-10 18:08:00,0.905,197,2
2026-06-10 18:14:00,0.745,256,2
2026-06-10 18:20:00,0.827,266,2
2026-06-10 18:26:00,0.781,250,2
2026-06-10 18:32:00,0.961,251,2
2026-06-10 18:38:00,0.841,241,2
2026-06-10 18:44:00,1.062,250,2
2026-06-10 18:50:00,1.0,247,2
2026-06-10 18:56:00,1.044,240,2
2026-06-10 19:02:00,0.879,195,2
2026-06-10 19:08:00,1.07,217,2
2026-06-10 19:14:00,0.989,235,2
2026-06-10 19:20:00,0.936,265,2
2026-06-10 19:26:00,1.03,209,2
2026-06-10 19:32:00,1.115,245,2
2026-06-10 19:38:00,1.123,222,2
2026-06-10 19:44:00,1.271,240,2
2026-06-10 19:50:00,1.284,237,2
2026-06-10 19:56:00,1.241,214,2
2026-06-10 20:02:00,1.145,231,2
2026-06-10 20:08:00,1.081,237,2
2026-06-10 20:14:00,1.075,214,2
2026-06-10 20:20:00,1.128,233,2
2026-06-10 20:26:00,0.989,218,2
2026-06-10 20:32:00,1.057,201,2
2026-06-10 20:38:00,1.071,207,2
2026-06-10 20:44:00,1.01,241,2
2026-06-10 20:50:00,0.989,184,2
2026-06-10 20:56:00,1.033,203,2
2026-06-10 21:02:00,1.026,218,2
2026-06-10 21:08:00,0.996,201,2
2026-06-10 21:14:00,0.999,209,2
2026-06-10 21:20:00,0.975,204,2
2026-06-10 21:26:00,0.933,219,2
2026-06-10 21:32:00,0.915,200,2
2026-06-10 21:38:00,0.823,237,2
2026-06-10 21:44:00,0.764,226,2
2026-06-10 21:50:00,0.655,227,2
2026-06-10 21:56:00,0.58,206,2
2026-06-10 22:02:00,0.526,248,2
2026-06-10 22:08:00,0.557,222,2
2026-06-10 22:14:00,0.534,250,2
2026-06-10 22:20:00,0.444,286,2
2026-06-10 22:26:00,0.372,265,2
2026-06-10 22:32:00,0.4,263,2
2026-06-10 22:38:00,0.267,273,2
2026-06-10 22:44:00,0.295,295,2
2026-06-10 22:50:00,0.213,297,2
2026-06-10 22:56:00,0.197,286,2
2026-06-10 23:02:00,0.107,326,2
2026-06-10 23:08:00,0.081,340,2
2026-06-10 23:14:00,0.14,329,2
2026-06-10 23:20:00,0.043,253,2
2026-06-10 23:26:00,0.268,347,2
2026-06-10 23:32:00,0.343,356,2
2026-06-10 23:38:00,0.309,26,2
2026-06-10 23:44:00,0.36,36,2
2026-06-10 23:50:00,0.383,25,2
2026-06-10 23:56:00,0.468,17,2
2026-06-11 00:02:00,0.537,15,2
2026-06-11 00:08:00,0.543,22,2
2026-06-11 00:14:00,0.589,14,2
2026-06-11 00:20:00,0.566,16,2
2026-06-11 00:26:00,0.682,18,2
2026-06-11 00:32:00,0.773,1,2
2026-06-11 00:38:00,0.728,30,2
2026-06-11 00:44:00,0.815,25,2
2026-06-11 00:50:00,0.866,17,2
2026-06-11 00:56:00,0.906,23,2
2026-06-11 01:02:00,0.82,31,2
2026-06-11 01:08:00,0.775,11,2
2026-06-11 01:14:00,0.798,359,2
2026-06-11 01:20:00,0.834,13,2
2026-06-11 01:26:00,0.922,15,2
2026-06-11 01:32:00,0.901,6,2
2026-06-11 01:38:00,0.886,5,2
2026-06-11 01:44:00,0.987,19,2
2026-06-11 01:50:00,0.862,37,2
2026-06-11 01:56:00,0.818,24,2
2026-06-11 02:02:00,0.833,42,2
2026-06-11 02:08:00,0.867,22,2
2026-06-11 02:14:00,0.849,1,2
2026-06-11 02:20:00,0.775,13,2
2026-06-11 02:26:00,0.768,46,2
2026-06-11 02:32:00,0.744,4,2
2026-06-11 02:38:00,0.781,44,2
2026-06-11 02:44:00,0.718,350,2
2026-06-11 02:50:00,0.702,10,2
2026-06-11 02:56:00,0.758,58,2
2026-06-11 03:02:00,0.645,51,2
2026-06-11 03:08:00,0.698,39,2
2026-06-11 03:14:00,0.676,345,2
2026-06-11 03:20:00,0.62,359,2
2026-06-11 03:26:00,0.583,11,2
2026-06-11 03:32:00,0.512,14,2
2026-06-11 03:38:00,0.472,25,2
2026-06-11 03:44:00,0.359,24,2
2026-06-11 03:50:00,0.263,33,2
2026-06-11 03:56:00,0.36,10,2
2026-06-11 04:02:00,0.28,18,2
2026-06-11 04:08:00,0.18,17,2
2026-06-11 04:14:00,0.143,0,2
2026-06-11 04:20:00,0.113,10,2
2026-06-11 04:26:00,0.133,17,2
2026-06-11 04:32:00,0.154,347,2
2026-06-11 04:38:00,0.099,81,2
2026-06-11 04:44:00,0.154,321,2
2026-06-11 04:50:00,0.011,123,2
2026-06-11 04:56:00,0.039,186,2
2026-06-11 05:02:00,0.122,206,2
2026-06-11 05:08:00,0.152,167,2
2026-06-11 05:14:00,0.135,191,2
2026-06-11 05:20:00,0.255,191,2
2026-06-11 05:26:00,0.088,208,2
2026-06-11 05:32:00,0.258,185,2
2026-06-11 05:38:00,0.224,214,2
2026-06-11 05:44:00,0.3,172,2
2026-06-11 05:50:00,0.343,243,2
2026-06-11 05:56:00,0.452,217,2
2026-06-11 06:02:00,0.442,205,2
2026-06-11 06:08:00,0.398,219,2
2026-06-11 06:14:00,0.44,182,2
2026-06-11 06:20:00,0.489,204,2
2026-06-11 06:26:00,0.443,224,2
2026-06-11 06:32:00,0.332,225,2
2026-06-11 06:38:00,0.51,237,2
2026-06-11 06:44:00,0.529,244,2
2026-06-11 06:50:00,0.62,197,2
2026-06-11 06:56:00,0.623,231,2
2026-06-11 07:02:00,0.669,196,2
2026-06-11 07:08:00,0.687,213,2
2026-06-11 07:14:00,0.806,247,2
2026-06-11 07:20:00,0.706,204,2
2026-06-11 07:26:00,0.661,204,2
2026-06-11 07:32:00,0.828,189,2
2026-06-11 07:38:00,0.813,191,2
2026-06-11 07:44:00,0.855,182,2
2026-06-11 07:50:00,0.805,181,2
2026-06-11 07:56:00,0.887,182,2
2026-06-11 08:02:00,0.802,208,2
2026-06-11 08:08:00,1.041,207,2
2026-06-11 08:14:00,1.007,240,2
2026-06-11 08:20:00,1.014,205,2
2026-06-11 08:26:00,0.939,188,2
2026-06-11 08:32:00,0.899,254,2
2026-06-11 08:38:00,0.93,216,2
2026-06-11 08:44:00,0.94,254,2
2026-06-11 08:50:00,1.006,202,2
2026-06-11 08:56:00,1.041,197,2
2026-06-11 09:02:00,1.158,226,2
2026-06-11 09:08:00,1.348,233,2
2026-06-11 09:14:00,1.192,210,2
2026-06-11 09:20:00,1.196,227,2
2026-06-11 09:26:00,1.188,227,2
2026-06-11 09:32:00,1.185,234,2
2026-06-11 09:38:00,0.986,212,2
2026-06-11 09:44:00,1.069,208,2
2026-06-11 09:50:00,1.017,253,2
2026-06-11 09:56:00,0.996,257,2
2026-06-11 10:02:00,1.042,221,2
2026-06-11 10:08:00,1.281,240,2
2026-06-11 10:14:00,1.218,254,2
2026-06-11 10:20:00,1.114,208,2
2026-06-11 10:26:00,1.162,191,2
2026-06-11 10:32:00,1.023,248,2
2026-06-11 10:38:00,1.008,234,2
2026-06-11 10:44:00,0.938,196,2
2026-06-11 10:50:00,0.872,248,2
2026-06-11 10:56:00,1.076,232,2
2026-06-11 11:02:00,0.97,231,2
2026-06-11 11:08:00,0.96,216,2
2026-06-11 11:14:00,0.869,225,2
2026-06-11 11:20:00,0.835,200,2
2026-06-11 11:26:00,0.814,252,2
2026-06-11 11:32:00,0.656,239,2
2026-06-11 11:38:00,0.567,243,2
2026-06-11 11:44:00,0.558,239,2
2026-06-11 11:50:00,0.636,267,2
2026-06-11 11:56:00,0.628,195,2
2026-06-11 12:02:00,0.515,280,2
2026-06-11 12:08:00,0.403,274,2
2026-06-11 12:14:00,0.462,235,2
2026-06-11 12:20:00,0.455,306,2
2026-06-11 12:26:00,0.309,248,2
2026-06-11 12:32:00,0.202,258,2
2026-06-11 12:38:00,0.162,269,2
2026-06-11 12:44:00,0.245,250,2
2026-06-11 12:50:00,0.196,28,2
2026-06-11 12:56:00,0.157,292,2
2026-06-11 13:02:00,0.239,11,2
2026-06-11 13:08:00,0.238,342,2
2026-06-11 13:14:00,0.216,346,2
2026-06-11 13:20:00,0.121,25,2
2026-06-11 13:26:00,0.122,62,2
2026-06-11 13:32:00,0.205,340,2
2026-06-11 13:38:00,0.305,355,2
2026-06-11 13:44:00,0.268,341,2
2026-06-11 13:50:00,0.31,357,2
2026-06-11 13:56:00,0.257,11,2
2026-06-11 14:02:00,0.328,329,2
2026-06-11 14:08:00,0.371,331,2
2026-06-11 14:14:00,0.397,342,2
2026-06-11 14:20:00,0.28,5,2
2026-06-11 14:38:00,0.334,332,2
2026-06-11 14:44:00,0.355,337,2
2026-06-11 14:50:00,0.412,348,2
2026-06-11 14:56:00,0.428,7,2
2026-06-11 15:02:00,0.325,358,2
2026-06-11 15:08:00,0.311,340,2
2026-06-11 15:14:00,0.266,358,2
2026-06-11 15:20:00,0.327,318,2
2026-06-11 15:26:00,0.223,304,2
2026-06-11 15:32:00,0.266,9,2
2026-06-11 15:38:00,0.263,353,2
2026-06-11 15:44:00,0.3,316,2
2026-06-11 15:50:00,0.329,349,2
2026-06-11 15:56:00,0.272,15,2
2026-06-11 16:02:00,0.23,2,2
2026-06-11 16:08:00,0.155,24,2
2026-06-11 16:14:00,0.142,338,2
2026-06-11 16:20:00,0.088,334,2
2026-06-11 16:26:00,0.098,285,2
2026-06-11 16:32:00,0.039,348,2
2026-06-11 16:38:00,0.116,245,2
2026-06-11 16:44:00,0.099,254,2
2026-06-11 16:50:00,0.147,264,2
2026-06-11 16:56:00,0.089,239,2
2026-06-11 17:02:00,0.177,191,2
2026-06-11 17:08:00,0.22,210,2
2026-06-11 17:14:00,0.195,208,2
2026-06-11 17:20:00,0.26,232,2
2026-06-11 17:26:00,0.215,206,2
2026-06-11 17:32:00,0.269,233,2
2026-06-11 17:38:00,0.299,208,2
2026-06-11 17:44:00,0.268,228,2
2026-06-11 17:50:00,0.282,238,2
2026-06-11 17:56:00,0.44,234,2
2026-06-11 18:02:00,0.392,200,2
2026-06-11 18:08:00,0.415,230,2
2026-06-11 18:14:00,0.396,208,2
2026-06-11 18:20:00,0.448,234,2
2026-06-11 18:26:00,0.531,223,2
2026-06-11 18:32:00,0.576,218,2
2026-06-11 18:38:00,0.554,198,2
2026-06-11 18:44:00,0.617,185,2
2026-06-11 18:50:00,0.772,160,2
2026-06-11 18:56:00,0.827,165,2
2026-06-11 19:02:00,0.719,181,2
2026-06-11 19:08:00,0.731,205,2
2026-06-11 19:14:00,0.636,166,2
2026-06-11 19:20:00,0.789,218,2
2026-06-11 19:26:00,0.706,198,2
2026-06-11 19:32:00,0.849,219,2
2026-06-11 19:38:00,0.862,234,2
2026-06-11 19:44:00,0.909,212,2
2026-06-11 19:50:00,0.853,193,2
2026-06-11 19:56:00,0.768,210,2
2026-06-11 20:02:00,0.856,223,2
2026-06-11 20:08:00,0.792,201,2
2026-06-11 20:14:00,0.75,231,2
2026-06-11 20:20:00,0.704,231,2
2026-06-11 20:26:00,0.689,177,2
2026-06-11 20:32:00,0.554,214,2
2026-06-11 20:38:00,0.541,236,2
2026-06-11 20:44:00,0.529,217,2
2026-06-11 20:50:00,0.553,199,2
2026-06-11 20:56:00,0.541,209,2
2026-06-11 21:02:00,0.567,240,2
2026-06-11 21:08:00,0.304,187,2
2026-06-11 21:14:00,0.424,167,2
2026-06-11 21:20:00,0.513,170,2
2026-06-11 21:26:00,0.421,203,2
2026-06-11 21:32:00,0.435,198,2
2026-06-11 21:38:00,0.321,165,2
2026-06-11 21:44:00,0.329,135,2
2026-06-11 21:50:00,0.324,201,2
2026-06-11 21:56:00,0.437,185,2
2026-06-11 22:02:00,0.342,145,2
2026-06-11 22:08:00,0.248,177,2
2026-06-11 22:14:00,0.367,164,2
2026-06-11 22:20:00,0.214,158,2
2026-06-11 22:26:00,0.322,122,2
2026-06-11 22:32:00,0.115,206,2
2026-06-11 22:38:00,0.129,210,2
2026-06-11 22:44:00,0.156,224,2
2026-06-11 22:50:00,0.163,208,2
2026-06-11 22:56:00,0.113,226,2
2026-06-11 23:02:00,0.101,268,2
2026-06-11 23:08:00,0.152,291,2
2026-06-11 23:14:00,0.072,306,2
2026-06-11 23:20:00,0.319,349,2
2026-06-11 23:26:00,0.266,354,2
2026-06-11 23:32:00,0.34,348,2
2026-06-11 23:38:00,0.435,2,2
2026-06-11 23:44:00,0.333,18,2
2026-06-11 23:50:00,0.438,9,2
2026-06-11 23:56:00,0.521,19,2
2026-06-12 00:02:00,0.599,27,2
2026-06-12 00:08:00,0.645,2,2
2026-06-12 00:14:00,0.559,5,2
2026-06-12 00:20:00,0.664,355,2
2026-06-12 00:26:00,0.664,21,2
2026-06-12 00:32:00,0.796,343,2
2026-06-12 00:38:00,0.757,0,2
2026-06-12 00:44:00,0.772,17,2
2026-06-12 00:50:00,0.82,3,2
2026-06-12 00:56:00,0.894,7,2
2026-06-12 01:02:00,0.894,0,2
2026-06-12 01:08:00,0.958,3,2
2026-06-12 01:14:00,0.942,32,2
2026-06-12 01:20:00,0.942,358,2
2026-06-12 01:26:00,0.989,37,2
2026-06-12 01:32:00,0.93,14,2
2026-06-12 01:38:00,1.064,351,2
2026-06-12 01:44:00,1.054,20,2
2026-06-12 01:50:00,1.066,6,2
2026-06-12 01:56:00,1.116,10,2
2026-06-12 02:02:00,1.054,19,2
2026-06-12 02:08:00,0.979,9,2
2026-06-12 02:14:00,0.935,24,2
2026-06-12 02:20:00,1.051,17,2
2026-06-12 02:26:00,1.01,9,2
2026-06-12 02:32:00,0.954,24,2
2026-06-12 02:38:00,0.994,13,2
2026-06-12 02:44:00,0.989,32,2
2026-06-12 02:50:00,1.131,37,2
2026-06-12 02:56:00,1.1,45,2
2026-06-12 03:02:00,1.056,35,2
2026-06-12 03:08:00,1.113,43,2
2026-06-12 03:14:00,1.169,13,2
2026-06-12 03:20:00,1.117,6,2
2026-06-12 03:26:00,1.055,50,2
2026-06-12 03:32:00,1.069,0,2
2026-06-12 03:38:00,1.043,9,2
2026-06-12 03:44:00,0.98,41,2
2026-06-12 03:50:00,0.888,29,2
2026-06-12 03:56:00,0.797,31,2
2026-06-12 04:02:00,0.735,21,2
2026-06-12 04:08:00,0.738,37,2
2026-06-12 04:14:00,0.711,17,2
2026-06-12 04:20:00,0.698,3,2
2026-06-12 04:26:00,0.66,8,2
2026-06-12 04:32:00,0.547,2,2
2026-06-12 04:38:00,0.431,358,2
2026-06-12 04:44:00,0.381,32,2
2026-06-12 04:50:00,0.322,34,2
2026-06-12 04:56:00,0.324,13,2
2026-06-12 05:02:00,0.247,356,2
2026-06-12 05:08:00,0.31,359,2
2026-06-12 05:14:00,0.179,358,2
2026-06-12 05:20:00,0.09,356,2
2026-06-12 05:26:00,0.194,13,2
2026-06-12 05:32:00,0.185,9,2
2026-06-12 05:38:00,0.134,28,2
2026-06-12 05:44:00,0.109,326,2
2026-06-12 05:50:00,0.113,359,2
2026-06-12 05:56:00,0.065,35,2
2026-06-12 06:02:00,0.104,325,2
2026-06-12 06:08:00,0.081,199,2
2026-06-12 06:14:00,0.107,337,2
2026-06-12 06:20:00,0.176,234,2
2026-06-12 06:26:00,0.12,229,2
2026-06-12 06:32:00,0.087,242,2
2026-06-12 06:38:00,0.26,235,2
2026-06-12 06:44:00,0.337,262,2
2026-06-12 06:50:00,0.385,248,2
2026-06-12 06:56:00,0.441,259,2
2026-06-12 07:02:00,0.326,245,2
2026-06-12 07:08:00,0.431,224,2
2026-06-12 07:14:00,0.459,231,2
2026-06-12 07:20:00,0.381,180,2
2026-06-12 07:26:00,0.436,218,2
2026-06-12 07:32:00,0.601,216,2
2026-06-12 07:38:00,0.489,230,2
2026-06-12 07:44:00,0.614,181,2
2026-06-12 07:50:00,0.69,178,2
2026-06-12 07:56:00,0.587,180,2
2026-06-12 08:02:00,0.694,176,2
2026-06-12 08:08:00,0.83,182,2
2026-06-12 08:14:00,0.719,212,2
2026-06-12 08:20:00,0.778,205,2
2026-06-12 08:26:00,1.006,217,2
2026-06-12 08:32:00,0.942,196,2
2026-06-12 08:38:00,0.844,234,2
2026-06-12 08:44:00,0.919,195,2
2026-06-12 08:50:00,0.989,247,2
2026-06-12 08:56:00,1.257,189,2
2026-06-12 09:02:00,1.221,230,2
2026-06-12 09:08:00,1.181,216,2
2026-06-12 09:14:00,1.361,196,2
2026-06-12 09:20:00,1.3,211,2
2026-06-12 09:26:00,1.26,242,2
2026-06-12 09:32:00,1.137,199,2
2026-06-12 09:38:00,1.131,220,2
2026-06-12 09:44:00,1.359,219,2
2026-06-12 09:50:00,1.522,204,2
2026-06-12 10:02:00,1.679,224,2
2026-06-12 10:08:00,1.53,221,2
2026-06-12 10:14:00,1.609,206,2
2026-06-12 10:20:00,1.482,221,2
2026-06-12 10:26:00,1.509,228,2
2026-06-12 10:32:00,1.464,231,2
2026-06-12 10:38:00,1.222,201,2
2026-06-12 10:44:00,1.258,229,2
2026-06-12 10:50:00,1.341,198,2
2026-06-12 10:56:00,1.344,187,2
2026-06-12 11:02:00,1.41,231,2
2026-06-12 11:08:00,1.299,224,2
2026-06-12 11:14:00,1.171,205,2
2026-06-12 11:20:00,1.142,210,2
2026-06-12 11:26:00,1.088,231,2
2026-06-12 11:32:00,0.98,203,2
2026-06-12 11:38:00,0.863,207,2
2026-06-12 11:44:00,0.963,193,2
2026-06-12 11:50:00,0.873,213,2
2026-06-12 11:56:00,0.835,192,2
2026-06-12 12:02:00,0.755,198,2
2026-06-12 12:08:00,0.654,214,2
2026-06-12 12:14:00,0.557,219,2
2026-06-12 12:20:00,0.575,203,2
2026-06-12 12:26:00,0.591,231,2
2026-06-12 12:32:00,0.493,267,2
2026-06-12 12:38:00,0.377,168,2
2026-06-12 12:44:00,0.315,252,2
2026-06-12 12:50:00,0.258,268,2
2026-06-12 12:56:00,0.185,239,2
2026-06-12 13:02:00,0.233,199,2
2026-06-12 13:08:00,0.131,264,2
2026-06-12 13:14:00,0.096,251,2
2026-06-12 13:20:00,0.169,302,2
2026-06-12 13:26:00,0.146,293,2
2026-06-12 13:32:00,0.092,255,2
2026-06-12 13:38:00,0.266,297,2
2026-06-12 13:44:00,0.105,253,2
2026-06-12 13:50:00,0.135,25,2
2026-06-12 13:56:00,0.116,357,2
2026-06-12 14:02:00,0.135,9,2
2026-06-12 14:14:00,0.311,351,2
2026-06-12 14:20:00,0.334,18,2
2026-06-12 14:26:00,0.243,356,2
2026-06-12 14:32:00,0.293,5,2
2026-06-12 14:38:00,0.232,32,2
2026-06-12 14:44:00,0.242,332,2
2026-06-12 14:50:00,0.359,321,2
2026-06-12 14:56:00,0.392,32,2
2026-06-12 15:02:00,0.361,7,2
2026-06-12 15:08:00,0.448,9,2
2026-06-12 15:14:00,0.448,14,2
2026-06-12 15:20:00,0.378,358,2
2026-06-12 15:26:00,0.351,330,2
2026-06-12 15:32:00,0.361,10,2
2026-06-12 15:38:00,0.313,21,2
2026-06-12 15:44:00,0.346,27,2
2026-06-12 15:50:00,0.277,357,2
2026-06-12 15:56:00,0.362,354,2
2026-06-12 16:02:00,0.343,352,2
2026-06-12 16:08:00,0.292,348,2
2026-06-12 16:14:00,0.303,308,2
2026-06-12 16:20:00,0.255,298,2
2026-06-12 16:26:00,0.338,343,2
2026-06-12 16:32:00,0.336,331,2
2026-06-12 16:38:00,0.401,289,2
2026-06-12 16:44:00,0.326,302,2
2026-06-12 16:50:00,0.382,287,2
2026-06-12 16:56:00,0.357,279,2
2026-06-12 17:02:00,0.115,206,2
2026-06-12 17:08:00,0.2,258,2
2026-06-12 17:14:00,0.205,294,2
2026-06-12 17:20:00,0.346,276,2
2026-06-12 17:26:00,0.239,347,2
2026-06-12 17:32:00,0.383,295,2
2026-06-12 17:38:00,0.254,304,2
2026-06-12 17:44:00,0.284,310,2
2026-06-12 17:50:00,0.272,286,2
2026-06-12 17:56:00,0.219,315,2
2026-06-12 18:02:00,0.289,327,2
2026-06-12 18:08:00,0.284,293,2
2026-06-12 18:14:00,0.302,272,2
2026-06-12 18:20:00,0.424,307,2
2026-06-12 18:26:00,0.334,279,2
2026-06-12 18:32:00,0.222,274,2
2026-06-12 18:38:00,0.343,172,2
2026-06-12 18:44:00,0.245,226,2
2026-06-12 18:50:00,0.399,281,2
2026-06-12 18:56:00,0.454,212,2
2026-06-12 19:02:00,0.621,269,2
2026-06-12 19:08:00,0.522,224,2
2026-06-12 19:14:00,0.595,212,2
2026-06-12 19:20:00,0.649,247,2
2026-06-12 19:26:00,0.662,211,2
2026-06-12 19:32:00,0.716,232,2
2026-06-12 19:38:00,0.729,259,2
2026-06-12 19:44:00,0.731,210,2
2026-06-12 19:50:00,0.726,223,2
2026-06-12 19:56:00,0.731,243,2
2026-06-12 20:02:00,0.757,180,2
2026-06-12 20:08:00,0.653,240,2
2026-06-12 20:14:00,0.777,202,2
2026-06-12 20:20:00,0.692,187,2
2026-06-12 20:26:00,0.8,197,2
2026-06-12 20:32:00,0.769,232,2
2026-06-12 20:38:00,0.777,203,2
2026-06-12 20:50:00,0.665,214,2
2026-06-12 20:56:00,0.66,187,2
2026-06-12 21:02:00,0.72,220,2
2026-06-12 21:08:00,0.667,211,2
2026-06-12 21:14:00,0.703,227,2
2026-06-12 21:20:00,0.554,206,2
2026-06-12 21:26:00,0.731,199,2
2026-06-12 21:32:00,0.726,228,2
2026-06-12 21:38:00,0.686,159,2
2026-06-12 21:44:00,0.828,215,2
2026-06-12 21:50:00,0.753,207,2
2026-06-12 21:56:00,0.719,182,2
2026-06-12 22:02:00,0.869,170,2
2026-06-12 22:08:00,0.628,169,2
2026-06-12 22:14:00,0.613,213,2
2026-06-12 22:20:00,0.597,244,2
2026-06-12 22:26:00,0.695,228,2
2026-06-12 22:32:00,0.65,242,2
2026-06-12 22:38:00,0.459,224,2
2026-06-12 22:44:00,0.432,201,2
2026-06-12 22:50:00,0.368,194,2
2026-06-12 22:56:00,0.339,218,2
2026-06-12 23:02:00,0.28,236,2
2026-06-12 23:08:00,0.129,254,2
2026-06-12 23:14:00,0.093,268,2
2026-06-12 23:20:00,0.111,293,2
2026-06-12 23:26:00,0.117,295,2
2026-06-12 23:32:00,0.182,306,2
2026-06-12 23:38:00,0.137,353,2
2026-06-12 23:44:00,0.302,337,2
2026-06-12 23:50:00,0.083,18,2
2026-06-12 23:56:00,0.206,346,2
2026-06-13 00:02:00,0.307,6,2
2026-06-13 00:08:00,0.298,320,2
2026-06-13 00:14:00,0.248,13,2
2026-06-13 00:20:00,0.308,33,2
2026-06-13 00:26:00,0.345,12,2
2026-06-13 00:32:00,0.349,355,2
2026-06-13 00:38:00,0.36,8,2
2026-06-13 00:44:00,0.361,18,2
2026-06-13 00:50:00,0.426,5,2
2026-06-13 00:56:00,0.413,17,2
2026-06-13 01:02:00,0.508,13,2
2026-06-13 01:08:00,0.586,9,2
2026-06-13 01:14:00,0.693,7,2
2026-06-13 01:20:00,0.622,35,2
2026-06-13 01:26:00,0.716,4,2
2026-06-13 01:32:00,0.745,17,2
2026-06-13 01:38:00,0.79,357,2
2026-06-13 01:44:00,0.773,16,2
2026-06-13 01:50:00,0.78,351,2
2026-06-13 01:56:00,0.877,12,2
2026-06-13 02:02:00,0.921,348,2
2026-06-13 02:08:00,0.828,34,2
2026-06-13 02:14:00,0.957,17,2
2026-06-13 02:20:00,0.831,12,2
2026-06-13 02:26:00,0.944,11,2
2026-06-13 02:32:00,0.891,9,2
2026-06-13 02:38:00,1.001,8,2
2026-06-13 02:44:00,0.917,38,2
2026-06-13 02:50:00,0.941,38,2
2026-06-13 02:56:00,0.959,30,2
2026-06-13 03:02:00,0.983,356,2
2026-06-13 03:08:00,0.946,35,2
2026-06-13 03:14:00,0.893,7,2
2026-06-13 03:20:00,0.886,40,2
2026-06-13 03:26:00,0.818,3,2
2026-06-13 03:32:00,0.807,354,2
2026-06-13 03:38:00,0.928,20,2
2026-06-13 03:44:00,0.82,16,2
2026-06-13 03:50:00,0.86,356,2
2026-06-13 03:56:00,0.856,1,2
2026-06-13 04:02:00,0.901,353,2
2026-06-13 04:08:00,0.869,344,2
2026-06-13 04:14:00,0.888,13,2
2026-06-13 04:20:00,0.88,37,2
2026-06-13 04:26:00,0.834,18,2
2026-06-13 04:32:00,0.717,358,2
2026-06-13 04:38:00,0.715,31,2
2026-06-13 04:44:00,0.693,36,2
2026-06-13 04:50:00,0.721,359,2
2026-06-13 04:56:00,0.68,357,2
2026-06-13 05:02:00,0.649,348,2
2026-06-13 05:08:00,0.492,22,2
2026-06-13 05:14:00,0.518,5,2
2026-06-13 05:20:00,0.43,5,2
2026-06-13 05:26:00,0.342,354,2
2026-06-13 05:32:00,0.272,6,2
2026-06-13 05:38:00,0.328,14,2
2026-06-13 05:44:00,0.257,4,2
2026-06-13 05:50:00,0.264,348,2
2026-06-13 05:56:00,0.21,331,2
2026-06-13 06:02:00,0.277,344,2
2026-06-13 06:08:00,0.186,9,2
2026-06-13 06:14:00,0.158,242,2
2026-06-13 06:20:00,0.47,4,2
2026-06-13 06:26:00,0.233,15,2
2026-06-13 06:32:00,0.045,78,2
2026-06-13 06:38:00,0.062,297,2
2026-06-13 06:44:00,0.198,230,2
2026-06-13 06:50:00,0.175,186,2
2026-06-13 06:56:00,0.158,249,2
2026-06-13 07:02:00,0.239,232,2
2026-06-13 07:08:00,0.304,227,2
2026-06-13 07:14:00,0.305,249,2
2026-06-13 07:20:00,0.396,232,2
2026-06-13 07:26:00,0.423,240,2
2026-06-13 07:32:00,0.434,219,2
2026-06-13 07:38:00,0.547,193,2
2026-06-13 07:44:00,0.515,194,2
2026-06-13 07:50:00,0.521,244,2
2026-06-13 07:56:00,0.542,167,2
2026-06-13 08:02:00,0.733,180,2
2026-06-13 08:08:00,0.774,271,2
2026-06-13 08:14:00,0.791,192,2
2026-06-13 08:20:00,0.792,236,2
2026-06-13 08:26:00,0.834,243,2
2026-06-13 08:32:00,0.779,200,2
2026-06-13 08:38:00,0.928,214,2
2026-06-13 08:44:00,0.965,220,2
2026-06-13 08:50:00,1.04,250,2
2026-06-13 08:56:00,1.029,238,2
2026-06-13 09:02:00,1.08,247,2
2026-06-13 09:08:00,1.11,222,2
2026-06-13 09:14:00,1.146,223,2
2026-06-13 09:20:00,1.319,194,2
2026-06-13 09:26:00,1.349,210,2
2026-06-13 09:32:00,1.3,208,2
2026-06-13 09:38:00,1.526,239,2
2026-06-13 09:44:00,1.51,224,2
2026-06-13 09:50:00,1.573,213,2
2026-06-13 09:56:00,1.542,216,2
2026-06-13 10:02:00,1.591,207,2
2026-06-13 10:08:00,1.556,221,2
2026-06-13 10:14:00,1.52,221,2
2026-06-13 10:20:00,1.499,222,2
2026-06-13 10:26:00,1.458,209,2
2026-06-13 10:32:00,1.512,214,2
2026-06-13 10:38:00,1.567,225,2
2026-06-13 10:44:00,1.505,196,2
2026-06-13 10:50:00,1.469,185,2
2026-06-13 10:56:00,1.494,213,2
2026-06-13 11:02:00,1.592,191,2
2026-06-13 11:08:00,1.622,218,2
2026-06-13 11:14:00,1.643,207,2
2026-06-13 11:20:00,1.645,184,2
2026-06-13 11:26:00,1.641,224,2
2026-06-13 11:32:00,1.671,226,2
2026-06-13 11:38:00,1.659,196,2
2026-06-13 11:44:00,1.687,193,2
2026-06-13 11:50:00,1.653,203,2
2026-06-13 11:56:00,1.681,218,2
2026-06-13 12:02:00,1.678,192,2
2026-06-13 12:08:00,1.508,218,2
2026-06-13 12:14:00,1.507,206,2
2026-06-13 12:20:00,1.488,186,2
2026-06-13 12:26:00,1.474,209,2
2026-06-13 12:32:00,1.437,225,2
2026-06-13 12:38:00,1.34,217,2
2026-06-13 12:44:00,1.261,176,2
2026-06-13 12:50:00,1.276,220,2
2026-06-13 12:56:00,1.223,179,2
2026-06-13 13:02:00,1.143,183,2
2026-06-13 13:08:00,1.036,196,2
2026-06-13 13:14:00,0.822,192,2
2026-06-13 13:20:00,0.866,186,2
2026-06-13 13:26:00,0.828,193,2
2026-06-13 13:32:00,0.729,221,2
2026-06-13 13:38:00,0.531,223,2
2026-06-13 13:44:00,0.6,189,2
2026-06-13 13:50:00,0.51,165,2
2026-06-13 13:56:00,0.324,197,2
2026-06-13 14:02:00,0.447,190,2
2026-06-13 14:08:00,0.325,231,2
2026-06-13 14:14:00,0.238,250,2
2026-06-13 14:20:00,0.137,220,2
2026-06-13 14:26:00,0.086,194,2
2026-06-13 14:32:00,0.084,170,2
2026-06-13 14:38:00,0.097,152,2
2026-06-13 14:44:00,0.084,64,2
2026-06-13 14:50:00,0.154,23,2
2026-06-13 14:56:00,0.121,36,2
2026-06-13 15:02:00,0.099,106,2
2026-06-13 15:08:00,0.227,52,2
2026-06-13 15:14:00,0.23,345,2
2026-06-13 15:20:00,0.17,109,2
2026-06-13 15:26:00,0.305,100,2
2026-06-13 15:32:00,0.357,83,2
2026-06-13 15:38:00,0.468,70,2
2026-06-13 15:44:00,0.416,73,2
2026-06-13 15:50:00,0.366,37,2
2026-06-13 15:56:00,0.465,7,2
2026-06-13 16:02:00,0.509,68,2
2026-06-13 16:08:00,0.514,6,2
2026-06-13 16:14:00,0.521,30,2
2026-06-13 16:20:00,0.448,31,2
2026-06-13 16:26:00,0.422,34,2
2026-06-13 16:32:00,0.34,79,2
2026-06-13 16:38:00,0.397,40,2
2026-06-13 16:44:00,0.461,62,2
2026-06-13 16:50:00,0.388,50,2
2026-06-13 16:56:00,0.439,7,2
2026-06-13 17:02:00,0.433,15,2
2026-06-13 17:08:00,0.392,58,2
2026-06-13 17:14:00,0.287,64,2
2026-06-13 17:20:00,0.296,49,2
2026-06-13 17:26:00,0.255,36,2
2026-06-13 17:32:00,0.211,73,2
2026-06-13 17:38:00,0.144,75,2
2026-06-13 17:44:00,0.225,102,2
2026-06-13 17:50:00,0.139,50,2
2026-06-13 17:56:00,0.139,103,2
2026-06-13 18:02:00,0.053,70,2
2026-06-13 18:08:00,0.08,254,2
2026-06-13 18:14:00,0.089,184,2
2026-06-13 18:20:00,0.039,186,2
2026-06-13 18:26:00,0.094,202,2
2026-06-13 18:32:00,0.023,258,2
2026-06-13 18:38:00,0.087,207,2
2026-06-13 18:44:00,0.222,193,2
2026-06-13 18:50:00,0.359,153,2
2026-06-13 18:56:00,0.182,153,2
2026-06-13 19:02:00,0.299,201,2
2026-06-13 19:08:00,0.267,222,2
2026-06-13 19:14:00,0.116,217,2
2026-06-13 19:20:00,0.226,223,2
2026-06-13 19:26:00,0.335,213,2
2026-06-13 19:32:00,0.323,214,2
2026-06-13 19:38:00,0.38,229,2
2026-06-13 19:44:00,0.384,208,2
2026-06-13 19:50:00,0.372,194,2
2026-06-13 19:56:00,0.528,215,2
2026-06-13 20:02:00,0.471,178,2
2026-06-13 20:08:00,0.584,235,2
2026-06-13 20:14:00,0.51,200,2
2026-06-13 20:20:00,0.608,169,2
2026-06-13 20:26:00,0.514,162,2
2026-06-13 20:32:00,0.547,215,2
2026-06-13 20:38:00,0.553,266,2
2026-06-13 20:44:00,0.607,223,2
2026-06-13 20:50:00,0.668,226,2
2026-06-13 20:56:00,0.62,208,2
2026-06-13 21:02:00,0.732,211,2
2026-06-13 21:08:00,0.746,232,2
2026-06-13 21:14:00,0.749,243,2
2026-06-13 21:20:00,0.662,236,2
2026-06-13 21:26:00,0.757,234,2
2026-06-13 21:32:00,0.815,195,2
2026-06-13 21:38:00,0.756,237,2
2026-06-13 21:44:00,0.847,204,2
2026-06-13 21:50:00,0.733,199,2
2026-06-13 21:56:00,0.701,235,2
2026-06-13 22:02:00,0.722,191,2
2026-06-13 22:08:00,0.715,262,2
2026-06-13 22:14:00,0.735,227,2
2026-06-13 22:20:00,0.713,172,2
2026-06-13 22:26:00,0.704,258,2
2026-06-13 22:32:00,0.705,198,2
2026-06-13 22:38:00,0.629,242,2
2026-06-13 22:44:00,0.477,215,2
2026-06-13 22:50:00,0.424,208,2
2026-06-13 22:56:00,0.48,203,2
2026-06-13 23:02:00,0.351,173,2
2026-06-13 23:08:00,0.402,237,2
2026-06-13 23:14:00,0.327,221,2
2026-06-13 23:20:00,0.312,191,2
2026-06-13 23:26:00,0.344,228,2
2026-06-13 23:32:00,0.222,255,2
2026-06-13 23:38:00,0.271,237,2
2026-06-13 23:44:00,0.241,181,2
2026-06-13 23:50:00,0.254,180,2
2026-06-13 23:56:00,0.177,250,2
2026-06-14 00:02:00,0.173,239,2
2026-06-14 00:08:00,0.149,194,2
2026-06-14 00:14:00,0.057,252,2
2026-06-14 00:20:00,0.056,292,2
2026-06-14 00:26:00,0.09,355,2
2026-06-14 00:32:00,0.143,355,2
2026-06-14 00:38:00,0.183,333,2
2026-06-14 00:44:00,0.205,74,2
2026-06-14 00:50:00,0.203,343,2
2026-06-14 00:56:00,0.28,20,2
2026-06-14 01:02:00,0.488,21,2
2026-06-14 01:08:00,0.444,23,2
2026-06-14 01:14:00,0.495,32,2
2026-06-14 01:20:00,0.493,30,2
2026-06-14 01:26:00,0.614,26,2
2026-06-14 01:32:00,0.569,44,2
2026-06-14 01:38:00,0.656,7,2
2026-06-14 01:44:00,0.667,29,2
2026-06-14 01:50:00,0.673,5,2
2026-06-14 01:56:00,0.74,353,2
2026-06-14 02:02:00,0.89,32,2
2026-06-14 02:08:00,0.832,50,2
2026-06-14 02:14:00,0.876,42,2
2026-06-14 02:20:00,0.995,11,2
2026-06-14 02:26:00,0.934,31,2
2026-06-14 02:32:00,1.06,34,2
2026-06-14 02:38:00,1.128,47,2
2026-06-14 02:44:00,1.096,34,2
2026-06-14 02:50:00,1.067,9,2
2026-06-14 02:56:00,1.068,26,2
2026-06-14 03:02:00,1.082,14,2
2026-06-14 03:08:00,1.189,13,2
2026-06-14 03:14:00,1.078,23,2
2026-06-14 03:20:00,1.073,4,2
2026-06-14 03:26:00,1.146,21,2
2026-06-14 03:32:00,1.084,353,2
2026-06-14 03:38:00,1.075,17,2
2026-06-14 03:44:00,1.069,12,2
2026-06-14 03:50:00,1.067,20,2
2026-06-14 03:56:00,1.087,356,2
2026-06-14 04:02:00,1.116,20,2
2026-06-14 04:08:00,1.009,352,2
2026-06-14 04:14:00,1.089,12,2
2026-06-14 04:20:00,1.015,16,2
2026-06-14 04:26:00,1.115,32,2
2026-06-14 04:32:00,1.111,25,2
2026-06-14 04:38:00,1.1,27,2
2026-06-14 04:44:00,1.156,30,2
2026-06-14 04:50:00,1.145,18,2
2026-06-14 04:56:00,1.016,15,2
2026-06-14 05:02:00,1.063,24,2
2026-06-14 05:08:00,1.047,24,2
2026-06-14 05:14:00,1.031,13,2
2026-06-14 05:20:00,0.977,22,2
2026-06-14 05:26:00,1.023,17,2
2026-06-14 05:32:00,1.036,37,2
2026-06-14 05:38:00,0.983,26,2
2026-06-14 05:44:00,0.937,14,2
2026-06-14 05:50:00,0.962,31,2
2026-06-14 05:56:00,0.809,9,2
2026-06-14 06:02:00,0.774,8,2
2026-06-14 06:08:00,0.791,9,2
2026-06-14 06:14:00,0.755,15,2
2026-06-14 06:20:00,0.78,351,2
2026-06-14 06:26:00,0.687,28,2
2026-06-14 06:32:00,0.538,3,2
2026-06-14 06:38:00,0.543,44,2
2026-06-14 06:44:00,0.439,20,2
2026-06-14 06:50:00,0.329,352,2
2026-06-14 06:56:00,0.187,25,2
2026-06-14 07:02:00,0.177,348,2
2026-06-14 07:08:00,0.211,343,2
2026-06-14 07:14:00,0.186,320,2
2026-06-14 07:20:00,0.177,322,2
2026-06-14 07:26:00,0.225,308,2
2026-06-14 07:32:00,0.186,324,2
2026-06-14 07:38:00,0.187,336,2
2026-06-14 07:44:00,0.122,92,2
2026-06-14 07:50:00,0.162,16,2
2026-06-14 07:56:00,0.131,336,2
2026-06-14 08:02:00,0.077,9,2
2026-06-14 08:08:00,0.039,15,2
2026-06-14 08:14:00,0.142,87,2
2026-06-14 08:20:00,0.08,303,2
2026-06-14 08:26:00,0.069,249,2
2026-06-14 08:32:00,0.157,258,2
2026-06-14 08:38:00,0.211,249,2
2026-06-14 08:44:00,0.29,258,2
2026-06-14 08:50:00,0.357,237,2
2026-06-14 08:56:00,0.406,216,2
2026-06-14 09:02:00,0.466,247,2
2026-06-14 09:08:00,0.303,235,2
2026-06-14 09:14:00,0.349,211,2
2026-06-14 09:20:00,0.437,244,2
2026-06-14 09:26:00,0.489,222,2
2026-06-14 09:32:00,0.567,200,2
2026-06-14 09:38:00,0.581,204,2
2026-06-14 09:44:00,0.687,210,2
2026-06-14 09:50:00,0.642,222,2
2026-06-14 09:56:00,0.709,245,2
2026-06-14 10:02:00,0.884,235,2
2026-06-14 10:08:00,0.894,211,2
2026-06-14 10:14:00,0.867,237,2
2026-06-14 10:20:00,0.992,206,2
2026-06-14 10:26:00,0.849,231,2
2026-06-14 10:32:00,0.793,191,2
2026-06-14 10:38:00,0.815,188,2
2026-06-14 10:44:00,0.886,173,2
2026-06-14 10:50:00,0.91,174,2
2026-06-14 10:56:00,0.827,216,2
2026-06-14 11:02:00,0.887,199,2
2026-06-14 11:08:00,0.93,211,2
2026-06-14 11:14:00,0.921,232,2
2026-06-14 11:20:00,0.906,212,2
2026-06-14 11:26:00,0.908,220,2
2026-06-14 11:32:00,0.927,216,2
2026-06-14 11:38:00,0.991,203,2
2026-06-14 11:44:00,1.249,224,2
2026-06-14 11:50:00,1.5,218,2
2026-06-14 11:56:00,1.452,206,2
2026-06-14 12:02:00,1.455,217,2
2026-06-14 12:08:00,1.619,210,2
2026-06-14 12:14:00,1.577,208,2
2026-06-14 12:20:00,1.343,192,2
2026-06-14 12:26:00,1.362,216,2
2026-06-14 12:32:00,1.417,193,2
2026-06-14 12:38:00,1.316,225,2
2026-06-14 12:44:00,1.261,241,2
2026-06-14 12:50:00,1.253,201,2
2026-06-14 12:56:00,1.199,204,2
2026-06-14 13:02:00,1.245,208,2
2026-06-14 13:08:00,1.152,229,2
2026-06-14 13:14:00,1.241,190,2
2026-06-14 13:20:00,1.269,227,2
2026-06-14 13:26:00,1.1,228,2
2026-06-14 13:32:00,1.126,225,2
2026-06-14 13:38:00,0.981,192,2
2026-06-14 13:44:00,0.991,207,2
2026-06-14 13:50:00,0.972,186,2
2026-06-14 13:56:00,0.876,196,2
2026-06-14 14:02:00,0.778,198,2
2026-06-14 14:08:00,0.757,192,2
2026-06-14 14:26:00,0.575,215,2
2026-06-14 14:38:00,0.443,242,2
2026-06-14 14:44:00,0.345,233,2
2026-06-14 14:56:00,0.454,312,2
2026-06-14 15:02:00,0.481,327,2
2026-06-14 15:08:00,0.453,320,2
2026-06-14 15:14:00,0.56,261,2
2026-06-14 15:20:00,0.553,278,2
2026-06-14 15:26:00,0.421,288,2
2026-06-14 15:32:00,0.504,348,2
2026-06-14 15:38:00,0.486,347,2
2026-06-14 15:44:00,0.546,0,2
2026-06-14 15:50:00,0.71,356,2
2026-06-14 15:56:00,0.762,9,2
2026-06-14 16:02:00,0.705,9,2
2026-06-14 16:08:00,0.68,5,2
2026-06-14 16:14:00,0.648,3,2
2026-06-14 16:20:00,0.656,8,2
2026-06-14 16:26:00,0.81,359,2
2026-06-14 16:32:00,0.803,9,2
2026-06-14 16:38:00,0.701,357,2
2026-06-14 16:44:00,0.793,24,2
2026-06-14 16:50:00,0.711,8,2
2026-06-14 16:56:00,0.796,3,2
2026-06-14 17:02:00,0.758,2,2
2026-06-14 17:08:00,0.816,14,2
2026-06-14 17:14:00,0.595,18,2
2026-06-14 17:20:00,0.72,9,2
2026-06-14 17:26:00,0.831,32,2
2026-06-14 17:32:00,0.779,19,2
2026-06-14 17:38:00,0.774,25,2
2026-06-14 17:44:00,0.798,14,2
2026-06-14 17:50:00,0.761,22,2
2026-06-14 17:56:00,0.89,11,2
2026-06-14 18:02:00,0.903,35,2
2026-06-14 18:08:00,0.947,29,2
2026-06-14 18:14:00,1.004,37,2
2026-06-14 18:20:00,0.818,41,2
2026-06-14 18:26:00,0.757,10,2
2026-06-14 18:32:00,0.769,31,2
2026-06-14 18:38:00,0.75,45,2
2026-06-14 18:44:00,0.791,36,2
2026-06-14 18:50:00,0.845,13,2
2026-06-14 18:56:00,0.717,4,2
2026-06-14 19:02:00,0.641,32,2
2026-06-14 19:08:00,0.633,333,2
2026-06-14 19:14:00,0.482,340,2
2026-06-14 19:20:00,0.532,359,2
2026-06-14 19:26:00,0.462,352,2
2026-06-14 19:32:00,0.661,4,2
2026-06-14 19:38:00,0.558,19,2
2026-06-14 19:44:00,0.422,15,2
2026-06-14 19:50:00,0.409,39,2
2026-06-14 19:56:00,0.203,28,2
2026-06-14 20:02:00,0.208,41,2
2026-06-14 20:08:00,0.241,41,2
2026-06-14 20:14:00,0.135,28,2
2026-06-14 20:20:00,0.181,78,2
2026-06-14 20:26:00,0.209,47,2
2026-06-14 20:32:00,0.115,73,2
2026-06-14 20:38:00,0.137,58,2
2026-06-14 20:44:00,0.123,73,2
2026-06-14 20:50:00,0.173,54,2
2026-06-14 20:56:00,0.211,7,2
2026-06-14 21:02:00,0.185,30,2
2026-06-14 21:08:00,0.163,351,2
2026-06-14 21:14:00,0.155,6,2
2026-06-14 21:20:00,0.148,348,2
2026-06-14 21:26:00,0.125,342,2
2026-06-14 21:32:00,0.012,40,2
2026-06-14 21:38:00,0.047,13,2
2026-06-14 21:44:00,0.058,100,2
2026-06-14 21:50:00,0.138,352,2
2026-06-14 21:56:00,0.091,5,2
2026-06-14 22:02:00,0.023,47,2
2026-06-14 22:08:00,0.128,28,2
2026-06-14 22:14:00,0.12,31,2
2026-06-14 22:20:00,0.127,14,2
2026-06-14 22:26:00,0.2,31,2
2026-06-14 22:32:00,0.285,30,2
2026-06-14 22:38:00,0.294,59,2
2026-06-14 22:44:00,0.336,19,2
2026-06-14 22:50:00,0.268,28,2
2026-06-14 22:56:00,0.268,39,2
2026-06-14 23:02:00,0.227,41,2
2026-06-14 23:08:00,0.223,45,2
2026-06-14 23:14:00,0.274,34,2
2026-06-14 23:20:00,0.197,58,2
2026-06-14 23:26:00,0.268,43,2
2026-06-14 23:32:00,0.194,44,2
2026-06-14 23:38:00,0.207,54,2
2026-06-14 23:44:00,0.22,35,2
2026-06-14 23:50:00,0.187,53,2
2026-06-14 23:56:00,0.241,41,2
2026-06-15 00:02:00,0.146,69,2
2026-06-15 00:08:00,0.209,57,2
2026-06-15 00:14:00,0.187,66,2
2026-06-15 00:26:00,0.276,63,2
2026-06-15 00:32:00,0.225,64,2
2026-06-15 00:38:00,0.216,45,2
2026-06-15 00:44:00,0.276,65,2
2026-06-15 00:50:00,0.193,62,2
2026-06-15 00:56:00,0.355,60,2
2026-06-15 01:02:00,0.34,56,2
2026-06-15 01:08:00,0.394,39,2
2026-06-15 01:14:00,0.383,44,2
2026-06-15 01:20:00,0.497,43,2
2026-06-15 01:26:00,0.486,29,2
2026-06-15 01:32:00,0.52,31,2
2026-06-15 01:38:00,0.41,25,2
2026-06-15 01:44:00,0.479,19,2
2026-06-15 01:50:00,0.513,33,2
2026-06-15 01:56:00,0.554,26,2
2026-06-15 02:02:00,0.612,27,2
2026-06-15 02:08:00,0.692,54,2
2026-06-15 02:14:00,0.648,24,2
2026-06-15 02:20:00,0.778,26,2
2026-06-15 02:26:00,0.771,20,2
2026-06-15 02:32:00,0.753,25,2
2026-06-15 02:38:00,0.751,14,2
2026-06-15 02:44:00,0.755,18,2
2026-06-15 02:50:00,0.798,23,2
2026-06-15 02:56:00,0.715,18,2
2026-06-15 03:02:00,0.766,23,2
2026-06-15 03:08:00,0.846,9,2
2026-06-15 03:14:00,0.836,19,2
2026-06-15 03:20:00,0.836,353,2
2026-06-15 03:26:00,0.829,7,2
2026-06-15 03:32:00,0.807,12,2
2026-06-15 03:38:00,0.822,19,2
2026-06-15 03:44:00,0.911,22,2
2026-06-15 03:50:00,0.802,355,2
2026-06-15 03:56:00,0.869,24,2
2026-06-15 04:02:00,0.913,32,2
2026-06-15 04:08:00,0.89,23,2
2026-06-15 04:14:00,0.91,11,2
2026-06-15 04:20:00,0.872,39,2
2026-06-15 04:26:00,0.907,21,2
2026-06-15 04:32:00,0.876,29,2
2026-06-15 04:38:00,0.769,13,2
2026-06-15 04:44:00,0.821,23,2
2026-06-15 04:50:00,0.791,30,2
2026-06-15 04:56:00,0.772,9,2
2026-06-15 05:02:00,0.747,13,2
2026-06-15 05:08:00,0.761,25,2
2026-06-15 05:14:00,0.747,31,2
2026-06-15 05:20:00,0.719,39,2
2026-06-15 05:26:00,0.822,16,2
2026-06-15 05:32:00,0.723,28,2
2026-06-15 05:38:00,0.685,357,2
2026-06-15 05:44:00,0.67,35,2
2026-06-15 05:50:00,0.622,7,2
2026-06-15 05:56:00,0.515,15,2
2026-06-15 06:02:00,0.558,6,2
2026-06-15 06:08:00,0.536,21,2
2026-06-15 06:14:00,0.554,349,2
2026-06-15 06:20:00,0.361,354,2
2026-06-15 06:26:00,0.48,350,2
2026-06-15 06:32:00,0.373,354,2
2026-06-15 06:38:00,0.317,355,2
2026-06-15 06:44:00,0.231,306,2
2026-06-15 06:50:00,0.096,253,2
2026-06-15 06:56:00,0.075,280,2
2026-06-15 07:02:00,0.064,43,2
2026-06-15 07:08:00,0.079,310,2
2026-06-15 07:14:00,0.038,282,2
2026-06-15 07:20:00,0.115,255,2
2026-06-15 07:26:00,0.072,258,2
2026-06-15 07:32:00,0.142,173,2
2026-06-15 07:38:00,0.195,253,2
2026-06-15 07:44:00,0.238,234,2
2026-06-15 07:50:00,0.207,230,2
2026-06-15 07:56:00,0.247,244,2
2026-06-15 08:02:00,0.348,226,2
2026-06-15 08:08:00,0.382,243,2
2026-06-15 08:14:00,0.441,229,2
2026-06-15 08:20:00,0.466,242,2
2026-06-15 08:26:00,0.594,224,2
2026-06-15 08:32:00,0.617,212,2
2026-06-15 08:38:00,0.651,251,2
2026-06-15 08:44:00,0.657,212,2
2026-06-15 08:50:00,0.654,205,2
2026-06-15 08:56:00,0.7,231,2
2026-06-15 09:02:00,0.78,241,2
2026-06-15 09:08:00,0.85,211,2
2026-06-15 09:14:00,1.059,207,2
2026-06-15 09:20:00,0.972,248,2
2026-06-15 09:26:00,1.088,211,2
2026-06-15 09:32:00,1.173,212,2
2026-06-15 09:38:00,1.332,219,2
2026-06-15 09:44:00,1.513,198,2
2026-06-15 09:50:00,1.528,203,2
2026-06-15 09:56:00,1.532,181,2
2026-06-15 10:02:00,1.798,209,2
2026-06-15 10:08:00,1.716,204,2
2026-06-15 10:14:00,1.745,231,2
2026-06-15 10:20:00,1.816,211,2
2026-06-15 10:26:00,1.594,209,2
2026-06-15 10:32:00,1.783,206,2
2026-06-15 10:38:00,1.692,196,2
2026-06-15 10:44:00,1.77,215,2
2026-06-15 10:50:00,1.857,222,2
2026-06-15 10:56:00,1.674,234,2
2026-06-15 11:02:00,1.683,195,2
2026-06-15 11:08:00,1.823,204,2
2026-06-15 11:14:00,1.765,213,2
2026-06-15 11:20:00,1.873,204,2
2026-06-15 11:26:00,1.873,210,2
2026-06-15 11:32:00,1.973,214,2
2026-06-15 11:38:00,2.015,211,2
2026-06-15 11:44:00,2.057,206,2
2026-06-15 11:50:00,2.029,209,2
2026-06-15 11:56:00,2.108,214,2
2026-06-15 12:02:00,2.113,221,2
2026-06-15 12:08:00,2.278,215,2
2026-06-15 12:14:00,2.322,205,2
2026-06-15 12:20:00,2.48,213,2
2026-06-15 12:26:00,2.472,208,2
2026-06-15 12:32:00,2.163,210,2
2026-06-15 12:38:00,2.068,216,2
2026-06-15 12:44:00,1.933,206,2
2026-06-15 12:50:00,2.146,214,2
2026-06-15 12:56:00,2.177,207,2
2026-06-15 13:02:00,1.869,203,2
2026-06-15 13:08:00,2.008,211,2
2026-06-15 13:14:00,2.277,206,2
2026-06-15 13:20:00,2.175,209,2
2026-06-15 13:26:00,2.271,208,2
2026-06-15 13:32:00,2.36,209,2
2026-06-15 13:38:00,2.362,202,2
2026-06-15 13:44:00,2.369,217,2
2026-06-15 13:50:00,2.118,211,2
2026-06-15 13:56:00,2.221,223,2
2026-06-15 14:02:00,2.107,215,2
2026-06-15 14:08:00,1.971,199,2
2026-06-15 14:14:00,1.996,200,2
2026-06-15 14:20:00,1.818,202,2
2026-06-15 14:26:00,1.801,218,2
2026-06-15 14:32:00,1.634,222,2
2026-06-15 14:38:00,1.59,208,2
2026-06-15 14:44:00,1.557,217,2
2026-06-15 14:50:00,1.575,195,2
2026-06-15 14:56:00,1.487,214,2
2026-06-15 15:02:00,1.266,202,2
2026-06-15 15:08:00,1.213,205,2
2026-06-15 15:14:00,1.242,217,2
2026-06-15 15:20:00,0.979,212,2
2026-06-15 15:26:00,0.758,209,2
2026-06-15 15:32:00,0.696,206,2
2026-06-15 15:38:00,0.767,224,2
2026-06-15 15:44:00,0.818,245,2
2026-06-15 15:50:00,0.667,182,2
2026-06-15 15:56:00,0.49,199,2
2026-06-15 16:02:00,0.439,215,2
2026-06-15 16:08:00,0.32,214,2
2026-06-15 16:14:00,0.238,269,2
2026-06-15 16:20:00,0.224,288,2
2026-06-15 16:26:00,0.275,264,2
2026-06-15 16:32:00,0.128,188,2
2026-06-15 16:38:00,0.151,183,2
2026-06-15 16:44:00,0.105,180,2
2026-06-15 16:50:00,0.153,100,2
2026-06-15 16:56:00,0.206,40,2
2026-06-15 17:02:00,0.175,86,2
2026-06-15 17:08:00,0.233,56,2
2026-06-15 17:14:00,0.183,61,2
2026-06-15 17:20:00,0.273,17,2
2026-06-15 17:26:00,0.092,344,2
2026-06-15 17:32:00,0.335,25,2
2026-06-15 17:38:00,0.276,2,2
2026-06-15 17:44:00,0.309,53,2
2026-06-15 17:50:00,0.319,46,2
2026-06-15 17:56:00,0.076,191,2
2026-06-15 18:02:00,0.454,37,2
2026-06-15 18:08:00,0.304,25,2
2026-06-15 18:14:00,0.576,33,2
2026-06-15 18:20:00,0.685,7,2
2026-06-15 18:26:00,0.539,2,2
2026-06-15 18:32:00,0.533,33,2
2026-06-15 18:38:00,0.538,358,2
2026-06-15 18:44:00,0.529,32,2
2026-06-15 18:50:00,0.605,7,2
2026-06-15 18:56:00,0.579,17,2
2026-06-15 19:02:00,0.541,357,2
2026-06-15 19:08:00,0.506,34,2
2026-06-15 19:14:00,0.496,33,2
2026-06-15 19:20:00,0.505,355,2
2026-06-15 19:26:00,0.422,9,2
2026-06-15 19:32:00,0.389,6,2
2026-06-15 19:38:00,0.335,5,2
2026-06-15 19:44:00,0.399,20,2
2026-06-15 19:50:00,0.331,42,2
2026-06-15 19:56:00,0.293,27,2
2026-06-15 20:02:00,0.277,11,2
2026-06-15 20:08:00,0.273,23,2
2026-06-15 20:14:00,0.285,344,2
2026-06-15 20:20:00,0.186,5,2
2026-06-15 20:26:00,0.217,73,2
2026-06-15 20:32:00,0.202,105,2
2026-06-15 20:38:00,0.307,69,2
2026-06-15 20:44:00,0.199,104,2
2026-06-15 20:50:00,0.188,65,2
2026-06-15 20:56:00,0.282,120,2
2026-06-15 21:02:00,0.273,109,2
2026-06-15 21:08:00,0.262,128,2
2026-06-15 21:14:00,0.298,125,2
2026-06-15 21:20:00,0.234,130,2
2026-06-15 21:26:00,0.274,184,2
2026-06-15 21:32:00,0.312,146,2
2026-06-15 21:38:00,0.155,201,2
2026-06-15 21:44:00,0.21,244,2
2026-06-15 21:50:00,0.268,171,2
2026-06-15 21:56:00,0.21,272,2
2026-06-15 22:02:00,0.367,177,2
2026-06-15 22:08:00,0.389,241,2
2026-06-15 22:14:00,0.361,246,2
2026-06-15 22:20:00,0.485,206,2
2026-06-15 22:26:00,0.435,297,2
2026-06-15 22:32:00,0.423,252,2
2026-06-15 22:38:00,0.514,266,2
2026-06-15 22:44:00,0.568,255,2
2026-06-15 22:50:00,0.633,231,2
2026-06-15 22:56:00,0.557,197,2
2026-06-15 23:02:00,0.609,201,2
2026-06-15 23:08:00,0.684,207,2
2026-06-15 23:14:00,0.793,217,2
2026-06-15 23:20:00,0.796,219,2
2026-06-15 23:26:00,0.818,203,2
2026-06-15 23:32:00,0.848,256,2
2026-06-15 23:38:00,0.802,230,2
2026-06-15 23:44:00,0.65,196,2
2026-06-15 23:50:00,0.764,234,2
2026-06-15 23:56:00,0.766,257,2
2026-06-16 00:02:00,0.777,223,2
2026-06-16 00:08:00,0.661,211,2
2026-06-16 00:14:00,0.654,192,2
2026-06-16 00:20:00,0.637,212,2
2026-06-16 00:26:00,0.713,214,2
2026-06-16 00:32:00,0.741,236,2
2026-06-16 00:38:00,0.729,237,2
2026-06-16 00:44:00,0.679,239,2
2026-06-16 00:50:00,0.746,248,2
2026-06-16 00:56:00,0.753,192,2
2026-06-16 01:02:00,0.713,236,2
2026-06-16 01:08:00,0.719,244,2
2026-06-16 01:14:00,0.691,197,2
2026-06-16 01:20:00,0.671,213,2
2026-06-16 01:26:00,0.52,227,2
2026-06-16 01:32:00,0.541,228,2
2026-06-16 01:38:00,0.493,242,2
2026-06-16 01:44:00,0.366,240,2
2026-06-16 01:50:00,0.437,237,2
2026-06-16 01:56:00,0.391,253,2
2026-06-16 02:02:00,0.304,220,2
2026-06-16 02:08:00,0.363,253,2
2026-06-16 02:14:00,0.249,212,2
2026-06-16 02:20:00,0.251,235,2
2026-06-16 02:26:00,0.228,263,2
2026-06-16 02:32:00,0.13,280,2
2026-06-16 02:38:00,0.055,275,2
2026-06-16 02:44:00,0.118,341,2
2026-06-16 02:50:00,0.208,345,2
2026-06-16 02:56:00,0.191,358,2
2026-06-16 03:02:00,0.296,29,2
2026-06-16 03:08:00,0.362,21,2
2026-06-16 03:14:00,0.327,356,2
2026-06-16 03:20:00,0.366,15,2
2026-06-16 03:26:00,0.421,2,2
2026-06-16 03:32:00,0.456,314,2
2026-06-16 03:38:00,0.381,348,2
2026-06-16 03:44:00,0.59,31,2
2026-06-16 03:50:00,0.492,13,2
2026-06-16 03:56:00,0.619,10,2
2026-06-16 04:02:00,0.71,14,2
2026-06-16 04:08:00,0.687,14,2
2026-06-16 04:14:00,0.826,17,2
2026-06-16 04:20:00,0.687,16,2
2026-06-16 04:26:00,0.791,17,2
2026-06-16 04:32:00,0.784,11,2
2026-06-16 04:38:00,0.878,10,2
2026-06-16 04:44:00,0.805,10,2
2026-06-16 04:50:00,0.919,15,2
2026-06-16 04:56:00,0.93,18,2
2026-06-16 05:02:00,0.902,28,2
2026-06-16 05:08:00,0.986,35,2
2026-06-16 05:14:00,0.908,19,2
2026-06-16 05:20:00,0.975,28,2
2026-06-16 05:26:00,0.937,31,2
2026-06-16 05:32:00,0.911,22,2
2026-06-16 05:38:00,0.976,21,2
2026-06-16 05:44:00,0.896,18,2
2026-06-16 05:50:00,0.896,16,2
2026-06-16 05:56:00,0.891,12,2
2026-06-16 06:02:00,1.032,21,2
2026-06-16 06:08:00,0.955,17,2
2026-06-16 06:14:00,0.916,51,2
2026-06-16 06:20:00,0.947,15,2
2026-06-16 06:26:00,0.959,31,2
2026-06-16 06:32:00,0.942,25,2
2026-06-16 06:38:00,1.001,36,2
2026-06-16 06:44:00,0.953,37,2
2026-06-16 06:50:00,0.9,25,2
2026-06-16 06:56:00,0.939,25,2
2026-06-16 07:02:00,0.94,16,2
2026-06-16 07:08:00,0.932,38,2
2026-06-16 07:14:00,0.744,50,2
2026-06-16 07:20:00,0.753,52,2
2026-06-16 07:26:00,0.73,25,2
2026-06-16 07:32:00,0.632,5,2
2026-06-16 07:38:00,0.62,30,2
2026-06-16 07:44:00,0.605,5,2
2026-06-16 07:50:00,0.497,10,2
2026-06-16 07:56:00,0.468,18,2
2026-06-16 08:02:00,0.438,17,2
2026-06-16 08:08:00,0.311,355,2
2026-06-16 08:14:00,0.095,0,2
2026-06-16 08:20:00,0.271,46,2
2026-06-16 08:26:00,0.168,2,2
2026-06-16 08:32:00,0.089,34,2
2026-06-16 08:38:00,0.153,12,2
2026-06-16 08:44:00,0.071,49,2
2026-06-16 08:50:00,0.08,121,2
2026-06-16 08:56:00,0.029,78,2
2026-06-16 09:02:00,0.068,150,2
2026-06-16 09:08:00,0.121,78,2
2026-06-16 09:14:00,0.144,101,2
2026-06-16 09:20:00,0.135,147,2
2026-06-16 09:26:00,0.135,136,2
2026-06-16 09:32:00,0.177,164,2
2026-06-16 09:38:00,0.147,175,2
2026-06-16 09:44:00,0.216,202,2
2026-06-16 09:50:00,0.301,201,2
2026-06-16 09:56:00,0.349,185,2
2026-06-16 10:02:00,0.285,218,2
2026-06-16 10:08:00,0.385,225,2
2026-06-16 10:14:00,0.394,217,2
2026-06-16 10:20:00,0.56,238,2
2026-06-16 10:26:00,0.526,181,2
2026-06-16 10:32:00,0.604,233,2
2026-06-16 10:38:00,0.567,217,2
2026-06-16 10:44:00,0.741,233,2
2026-06-16 10:50:00,0.727,210,2
2026-06-16 10:56:00,0.566,184,2
2026-06-16 11:02:00,0.716,215,2
2026-06-16 11:08:00,0.757,234,2
2026-06-16 11:14:00,0.715,264,2
2026-06-16 11:20:00,0.783,200,2
2026-06-16 11:26:00,0.778,242,2
2026-06-16 11:32:00,0.653,167,2
2026-06-16 11:38:00,0.714,180,2
2026-06-16 11:44:00,0.751,252,2
2026-06-16 11:50:00,0.766,168,2
2026-06-16 11:56:00,0.871,203,2
2026-06-16 12:02:00,0.92,198,2
2026-06-16 12:08:00,1.005,224,2
2026-06-16 12:14:00,1.08,186,2
2026-06-16 12:20:00,1.069,203,2
2026-06-16 12:26:00,1.075,219,2
2026-06-16 12:32:00,1.194,199,2
2026-06-16 12:38:00,1.082,211,2
2026-06-16 12:44:00,1.244,187,2
2026-06-16 12:50:00,1.53,192,2
2026-06-16 12:56:00,1.38,205,2
2026-06-16 13:02:00,1.384,198,2
2026-06-16 13:08:00,1.49,206,2
2026-06-16 13:14:00,1.432,235,2
2026-06-16 13:20:00,1.552,217,2
2026-06-16 13:26:00,1.422,234,2
2026-06-16 13:32:00,1.475,234,2
2026-06-16 13:38:00,1.436,198,2
2026-06-16 13:44:00,1.495,229,2
2026-06-16 13:50:00,1.391,202,2
2026-06-16 13:56:00,1.361,234,2
2026-06-16 14:02:00,1.352,193,2
2026-06-16 14:08:00,1.474,214,2
2026-06-16 14:14:00,1.363,210,2
2026-06-16 14:20:00,1.409,200,2
2026-06-16 14:26:00,1.483,210,2
2026-06-16 14:32:00,1.473,198,2
2026-06-16 14:38:00,1.465,220,2
2026-06-16 14:44:00,1.405,208,2
2026-06-16 14:50:00,1.324,232,2
2026-06-16 14:56:00,1.381,179,2
2026-06-16 15:02:00,1.221,230,2
2026-06-16 15:08:00,1.223,223,2
2026-06-16 15:14:00,1.227,223,2
2026-06-16 15:20:00,1.241,185,2
2026-06-16 15:26:00,1.148,188,2
2026-06-16 15:32:00,0.92,230,2
2026-06-16 15:38:00,0.994,176,2
2026-06-16 15:44:00,0.813,230,2
2026-06-16 15:50:00,0.792,217,2
2026-06-16 15:56:00,0.648,216,2
2026-06-16 16:02:00,0.608,252,2
2026-06-16 16:08:00,0.693,157,2
2026-06-16 16:14:00,0.536,223,2
2026-06-16 16:20:00,0.475,162,2
2026-06-16 16:26:00,0.363,244,2
2026-06-16 16:32:00,0.276,179,2
2026-06-16 16:38:00,0.19,197,2
2026-06-16 16:44:00,0.215,202,2
2026-06-16 16:50:00,0.163,138,2
2026-06-16 16:56:00,0.068,224,2
2026-06-16 17:02:00,0.051,302,2
2026-06-16 17:08:00,0.135,9,2
2026-06-16 17:14:00,0.099,4,2
2026-06-16 17:20:00,0.179,0,2
2026-06-16 17:26:00,0.22,31,2
2026-06-16 17:32:00,0.235,36,2
2026-06-16 17:38:00,0.196,333,2
2026-06-16 17:44:00,0.352,21,2
2026-06-16 17:50:00,0.312,24,2
2026-06-16 17:56:00,0.387,350,2
2026-06-16 18:02:00,0.388,12,2
2026-06-16 18:08:00,0.508,22,2
2026-06-16 18:14:00,0.609,15,2
2026-06-16 18:20:00,0.663,7,2
2026-06-16 18:26:00,0.643,33,2
2026-06-16 18:32:00,0.61,9,2
2026-06-16 18:38:00,0.748,24,2
2026-06-16 18:44:00,0.776,19,2
2026-06-16 18:50:00,0.797,21,2
2026-06-16 18:56:00,0.812,25,2
2026-06-16 19:02:00,0.692,36,2
2026-06-16 19:08:00,0.716,19,2
2026-06-16 19:14:00,0.758,36,2
2026-06-16 19:20:00,0.61,45,2
2026-06-16 19:26:00,0.741,13,2
2026-06-16 19:32:00,0.756,22,2
2026-06-16 19:38:00,0.712,30,2
2026-06-16 19:44:00,0.62,37,2
2026-06-16 19:50:00,0.693,45,2
2026-06-16 19:56:00,0.585,36,2
2026-06-16 20:02:00,0.678,40,2
2026-06-16 20:08:00,0.636,44,2
2026-06-16 20:14:00,0.621,9,2
2026-06-16 20:20:00,0.602,42,2
2026-06-16 20:26:00,0.553,12,2
2026-06-16 20:32:00,0.518,46,2
2026-06-16 20:38:00,0.532,33,2
2026-06-16 20:44:00,0.437,44,2
2026-06-16 20:50:00,0.392,62,2
2026-06-16 20:56:00,0.371,62,2
2026-06-16 21:02:00,0.327,51,2
2026-06-16 21:08:00,0.275,82,2
2026-06-16 21:14:00,0.313,57,2
2026-06-16 21:20:00,0.356,35,2
2026-06-16 21:26:00,0.257,33,2
2026-06-16 21:32:00,0.234,37,2
2026-06-16 21:38:00,0.231,102,2
2026-06-16 21:44:00,0.236,83,2
2026-06-16 21:50:00,0.165,64,2
2026-06-16 21:56:00,0.142,32,2
2026-06-16 22:02:00,0.164,138,2
2026-06-16 22:14:00,0.15,142,2
2026-06-16 22:20:00,0.177,170,2
2026-06-16 22:26:00,0.291,136,2
2026-06-16 22:32:00,0.263,165,2
2026-06-16 22:38:00,0.298,150,2
2026-06-16 22:44:00,0.282,117,2
2026-06-16 22:50:00,0.502,214,2
2026-06-16 22:56:00,0.356,197,2
2026-06-16 23:02:00,0.358,172,2
2026-06-16 23:08:00,0.421,214,2
2026-06-16 23:14:00,0.459,230,2
2026-06-16 23:20:00,0.5,210,2
2026-06-16 23:26:00,0.515,229,2
2026-06-16 23:32:00,0.572,249,2
2026-06-16 23:38:00,0.694,215,2
2026-06-16 23:44:00,0.627,213,2
2026-06-16 23:50:00,0.618,247,2
2026-06-16 23:56:00,0.615,245,2
2026-06-17 00:02:00,0.582,239,2
2026-06-17 00:08:00,0.659,225,2
2026-06-17 00:14:00,0.693,215,2
2026-06-17 00:20:00,0.635,236,2
2026-06-17 00:26:00,0.636,250,2
2026-06-17 00:32:00,0.704,201,2
2026-06-17 00:38:00,0.708,186,2
2026-06-17 00:44:00,0.714,200,2
2026-06-17 00:50:00,0.75,217,2
2026-06-17 00:56:00,0.858,230,2
2026-06-17 01:02:00,0.809,182,2
2026-06-17 01:08:00,0.812,210,2
2026-06-17 01:14:00,0.701,213,2
2026-06-17 01:20:00,0.743,221,2
2026-06-17 01:26:00,0.669,195,2
2026-06-17 01:32:00,0.694,187,2
2026-06-17 01:38:00,0.754,237,2
2026-06-17 01:44:00,0.719,200,2
2026-06-17 01:50:00,0.68,204,2
2026-06-17 01:56:00,0.7,226,2
2026-06-17 02:02:00,0.572,206,2
2026-06-17 02:08:00,0.539,202,2
2026-06-17 02:14:00,0.451,259,2
2026-06-17 02:20:00,0.53,237,2
2026-06-17 02:26:00,0.466,211,2
2026-06-17 02:32:00,0.392,194,2
2026-06-17 02:38:00,0.275,207,2
2026-06-17 02:44:00,0.279,231,2
2026-06-17 02:50:00,0.165,198,2
2026-06-17 02:56:00,0.164,253,2
2026-06-17 03:02:00,0.13,248,2
2026-06-17 03:08:00,0.067,223,2
2026-06-17 03:14:00,0.037,255,2
2026-06-17 03:20:00,0.089,350,2
2026-06-17 03:26:00,0.063,25,2
2026-06-17 03:32:00,0.107,103,2
2026-06-17 03:38:00,0.026,151,2
2026-06-17 03:44:00,0.211,7,2
2026-06-17 03:50:00,0.112,12,2
2026-06-17 03:56:00,0.258,48,2
2026-06-17 04:02:00,0.254,63,2
2026-06-17 04:08:00,0.29,53,2
2026-06-17 04:14:00,0.366,48,2
2026-06-17 04:20:00,0.356,35,2
2026-06-17 04:26:00,0.452,23,2
2026-06-17 04:32:00,0.473,63,2
2026-06-17 04:38:00,0.606,33,2
2026-06-17 04:44:00,0.661,33,2
2026-06-17 04:50:00,0.701,35,2
2026-06-17 04:56:00,0.75,50,2
2026-06-17 05:02:00,0.866,24,2
2026-06-17 05:08:00,0.812,12,2
2026-06-17 05:14:00,0.851,32,2
2026-06-17 05:20:00,0.94,22,2
2026-06-17 05:26:00,0.975,32,2
2026-06-17 05:32:00,0.863,40,2
2026-06-17 05:38:00,0.945,32,2
2026-06-17 05:44:00,1.042,20,2
2026-06-17 05:50:00,0.956,27,2
2026-06-17 05:56:00,1.076,28,2
2026-06-17 06:02:00,0.999,16,2
2026-06-17 06:08:00,1.02,27,2
2026-06-17 06:14:00,1.108,2,2
2026-06-17 06:26:00,1.159,11,2
2026-06-17 06:32:00,1.159,2,2
2026-06-17 06:38:00,1.196,5,2
2026-06-17 06:44:00,1.206,5,2
2026-06-17 06:50:00,1.295,29,2
2026-06-17 06:56:00,1.313,352,2
2026-06-17 07:02:00,1.209,6,2
2026-06-17 07:08:00,1.166,17,2
2026-06-17 07:14:00,1.152,36,2
2026-06-17 07:20:00,1.117,31,2
2026-06-17 07:26:00,1.105,9,2
2026-06-17 07:32:00,1.162,16,2
2026-06-17 07:38:00,1.016,11,2
2026-06-17 07:44:00,1.097,12,2
2026-06-17 07:50:00,1.026,12,2
2026-06-17 07:56:00,1.013,21,2
2026-06-17 08:02:00,1.02,25,2
2026-06-17 08:08:00,1.024,15,2
2026-06-17 08:14:00,0.986,16,2
2026-06-17 08:20:00,0.983,24,2
2026-06-17 08:26:00,0.951,30,2
2026-06-17 08:32:00,0.942,19,2
2026-06-17 08:38:00,1.025,15,2
2026-06-17 08:44:00,1.026,30,2
2026-06-17 09:02:00,0.891,2,2
2026-06-17 09:08:00,0.766,13,2
2026-06-17 09:14:00,0.727,26,2
2026-06-17 09:20:00,0.772,19,2
2026-06-17 09:26:00,0.641,5,2
2026-06-17 09:32:00,0.564,41,2
2026-06-17 09:38:00,0.652,26,2
2026-06-17 09:44:00,0.609,30,2
2026-06-17 09:50:00,0.525,17,2
2026-06-17 09:56:00,0.446,36,2
2026-06-17 10:02:00,0.443,11,2
2026-06-17 10:08:00,0.311,45,2
2026-06-17 10:14:00,0.274,35,2
2026-06-17 10:20:00,0.175,16,2
2026-06-17 10:26:00,0.198,21,2
2026-06-17 10:32:00,0.202,359,2
2026-06-17 10:38:00,0.149,36,2
2026-06-17 10:44:00,0.168,17,2
2026-06-17 10:50:00,0.125,44,2
2026-06-17 10:56:00,0.078,102,2
2026-06-17 11:02:00,0.063,96,2
2026-06-17 11:08:00,0.025,220,2
2026-06-17 11:14:00,0.098,208,2
2026-06-17 11:20:00,0.03,213,2
2026-06-17 11:26:00,0.089,180,2
2026-06-17 11:32:00,0.076,139,2
2026-06-17 11:38:00,0.239,195,2
2026-06-17 11:44:00,0.251,196,2
2026-06-17 11:50:00,0.241,211,2
2026-06-17 11:56:00,0.252,204,2
2026-06-17 12:02:00,0.25,174,2
2026-06-17 12:08:00,0.224,210,2
2026-06-17 12:14:00,0.325,274,2
2026-06-17 12:20:00,0.27,188,2
2026-06-17 12:26:00,0.207,232,2
2026-06-17 12:32:00,0.385,214,2
2026-06-17 12:38:00,0.466,216,2
2026-06-17 12:44:00,0.44,190,2
2026-06-17 12:50:00,0.505,239,2
2026-06-17 12:56:00,0.621,231,2
2026-06-17 13:02:00,0.638,233,2
2026-06-17 13:08:00,0.639,278,2
2026-06-17 13:14:00,0.535,237,2
2026-06-17 13:20:00,0.71,222,2
2026-06-17 13:26:00,0.762,223,2
2026-06-17 13:32:00,0.863,186,2
2026-06-17 13:38:00,0.799,191,2
2026-06-17 13:44:00,0.886,200,2
2026-06-17 13:50:00,0.874,210,2
2026-06-17 13:56:00,0.693,193,2
2026-06-17 14:02:00,0.776,218,2
2026-06-17 14:08:00,0.656,226,2
2026-06-17 14:14:00,0.752,209,2
2026-06-17 14:20:00,0.706,196,2
2026-06-17 14:26:00,0.759,182,2
2026-06-17 14:32:00,0.739,185,2
2026-06-17 14:38:00,0.975,194,2
2026-06-17 14:44:00,1.057,246,2
2026-06-17 14:50:00,1.1,207,2
2026-06-17 14:56:00,1.11,237,2
2026-06-17 15:02:00,1.076,211,2
2026-06-17 15:08:00,1.188,226,2
2026-06-17 15:14:00,1.088,211,2
2026-06-17 15:20:00,1.015,211,2
2026-06-17 15:26:00,0.996,253,2
2026-06-17 15:32:00,1.107,241,2
2026-06-17 15:38:00,1.193,211,2
2026-06-17 15:44:00,0.899,221,2
2026-06-17 15:50:00,0.929,217,2
2026-06-17 15:56:00,0.924,204,2
2026-06-17 16:02:00,0.995,228,2
2026-06-17 16:08:00,0.905,231,2
2026-06-17 16:14:00,0.864,225,2
2026-06-17 16:20:00,0.733,200,2
2026-06-17 16:26:00,0.76,251,2
2026-06-17 16:32:00,0.678,251,2
2026-06-17 16:38:00,0.731,230,2
2026-06-17 16:44:00,0.527,232,2
2026-06-17 16:50:00,0.517,212,2
2026-06-17 16:56:00,0.6,228,2
2026-06-17 17:02:00,0.501,223,2
2026-06-17 17:08:00,0.434,247,2
2026-06-17 17:14:00,0.294,257,2
2026-06-17 17:20:00,0.067,194,2
2026-06-17 17:26:00,0.255,294,2
2026-06-17 17:32:00,0.155,309,2
2026-06-17 17:38:00,0.224,337,2
2026-06-17 17:44:00,0.287,315,2
2026-06-17 17:50:00,0.352,319,2
2026-06-17 17:56:00,0.424,335,2
2026-06-17 18:02:00,0.364,332,2
2026-06-17 18:08:00,0.431,343,2
2026-06-17 18:14:00,0.41,332,2
2026-06-17 18:20:00,0.524,323,2
2026-06-17 18:26:00,0.424,343,2
2026-06-17 18:32:00,0.489,351,2
2026-06-17 18:38:00,0.652,356,2
2026-06-17 18:44:00,0.645,22,2
2026-06-17 18:50:00,0.676,19,2
2026-06-17 18:56:00,0.652,10,2
2026-06-17 19:02:00,0.752,1,2
2026-06-17 19:08:00,0.711,6,2
2026-06-17 19:14:00,0.767,15,2
2026-06-17 19:20:00,0.777,19,2
2026-06-17 19:26:00,0.744,15,2
2026-06-17 19:32:00,0.713,19,2
2026-06-17 19:38:00,0.803,6,2
2026-06-17 19:44:00,0.863,0,2
2026-06-17 19:50:00,0.845,14,2
2026-06-17 19:56:00,0.826,19,2
2026-06-17 20:02:00,0.838,356,2
2026-06-17 20:08:00,0.867,19,2
2026-06-17 20:14:00,1.031,356,2
2026-06-17 20:20:00,1.002,27,2
2026-06-17 20:26:00,1.08,10,2
2026-06-17 20:32:00,0.993,36,2
2026-06-17 20:38:00,1.066,10,2
2026-06-17 20:44:00,0.975,14,2
2026-06-17 20:50:00,0.953,10,2
2026-06-17 20:56:00,0.915,31,2
2026-06-17 21:02:00,0.891,46,2
2026-06-17 21:08:00,0.952,47,2
2026-06-17 21:14:00,0.93,32,2
2026-06-17 21:20:00,0.949,46,2
2026-06-17 21:26:00,0.957,30,2
2026-06-17 21:32:00,0.872,62,2
2026-06-17 21:38:00,0.885,28,2
2026-06-17 21:44:00,0.831,10,2
2026-06-17 21:50:00,0.812,39,2
2026-06-17 21:56:00,0.725,11,2
2026-06-17 22:02:00,0.782,12,2
2026-06-17 22:08:00,0.74,6,2
2026-06-17 22:14:00,0.705,14,2
2026-06-17 22:20:00,0.611,354,2
2026-06-17 22:26:00,0.575,20,2
2026-06-17 22:32:00,0.488,31,2
2026-06-17 22:38:00,0.461,347,2
2026-06-17 22:44:00,0.474,341,2
2026-06-17 22:50:00,0.323,35,2
2026-06-17 22:56:00,0.409,29,2
2026-06-17 23:02:00,0.308,43,2
2026-06-17 23:08:00,0.265,31,2
2026-06-17 23:14:00,0.184,40,2
2026-06-17 23:20:00,0.206,33,2
2026-06-17 23:26:00,0.168,50,2
2026-06-17 23:32:00,0.055,60,2
2026-06-17 23:38:00,0.135,17,2
2026-06-17 23:44:00,0.044,94,2
2026-06-17 23:50:00,0.024,17,2
2026-06-17 23:56:00,0.077,192,2
2026-06-18 00:02:00,0.141,136,2
2026-06-18 00:08:00,0.034,158,2
2026-06-18 00:14:00,0.014,184,2
2026-06-18 00:20:00,0.154,206,2
2026-06-18 00:26:00,0.081,231,2
2026-06-18 00:32:00,0.18,203,2
2026-06-18 00:38:00,0.171,215,2
2026-06-18 00:44:00,0.194,247,2
2026-06-18 00:50:00,0.198,205,2
2026-06-18 00:56:00,0.313,209,2
2026-06-18 01:02:00,0.274,218,2
2026-06-18 01:08:00,0.231,217,2
2026-06-18 01:14:00,0.158,224,2
2026-06-18 01:20:00,0.188,202,2
2026-06-18 01:26:00,0.175,262,2
2026-06-18 01:32:00,0.251,171,2
2026-06-18 01:38:00,0.132,166,2
2026-06-18 01:44:00,0.109,220,2
2026-06-18 01:50:00,0.159,258,2
2026-06-18 01:56:00,0.213,238,2
2026-06-18 02:02:00,0.247,156,2
2026-06-18 02:08:00,0.272,156,2
2026-06-18 02:14:00,0.243,176,2
2026-06-18 02:20:00,0.185,201,2
2026-06-18 02:26:00,0.324,148,2
2026-06-18 02:32:00,0.261,138,2
2026-06-18 02:38:00,0.259,144,2
2026-06-18 02:44:00,0.164,104,2
2026-06-18 02:50:00,0.125,213,2
2026-06-18 02:56:00,0.148,118,2
2026-06-18 03:02:00,0.188,147,2
2026-06-18 03:08:00,0.171,125,2
2026-06-18 03:14:00,0.198,167,2
2026-06-18 03:20:00,0.233,200,2
2026-06-18 03:26:00,0.194,170,2
2026-06-18 03:32:00,0.124,167,2
2026-06-18 03:38:00,0.158,146,2
2026-06-18 03:44:00,0.237,185,2
2026-06-18 03:50:00,0.189,135,2
2026-06-18 03:56:00,0.122,177,2
2026-06-18 04:02:00,0.118,177,2
2026-06-18 04:08:00,0.138,166,2
2026-06-18 04:14:00,0.174,163,2
2026-06-18 04:20:00,0.154,122,2
2026-06-18 04:26:00,0.086,118,2
2026-06-18 04:32:00,0.02,354,2
2026-06-18 04:38:00,0.087,126,2
2026-06-18 04:44:00,0.115,46,2
2026-06-18 04:50:00,0.282,42,2
2026-06-18 05:02:00,0.267,51,2
2026-06-18 05:08:00,0.378,33,2
2026-06-18 05:14:00,0.376,58,2
2026-06-18 05:20:00,0.454,34,2
2026-06-18 05:32:00,0.518,48,2
2026-06-18 05:38:00,0.655,36,2
2026-06-18 05:44:00,0.701,14,2
2026-06-18 05:50:00,0.731,22,2
2026-06-18 05:56:00,0.822,35,2
2026-06-18 06:02:00,0.973,25,2
2026-06-18 06:08:00,0.972,18,2
2026-06-18 06:20:00,0.995,46,2
2026-06-18 06:26:00,0.931,15,2
2026-06-18 06:32:00,0.902,18,2
2026-06-18 06:38:00,1.001,35,2
2026-06-18 06:44:00,0.991,42,2
2026-06-18 06:50:00,1.049,22,2
2026-06-18 06:56:00,1.108,28,2
2026-06-18 07:02:00,1.185,26,2
2026-06-18 07:08:00,1.105,9,2
2026-06-18 07:14:00,1.183,27,2
2026-06-18 07:20:00,1.196,22,2
2026-06-18 07:26:00,1.19,18,2
2026-06-18 07:32:00,1.214,6,2
2026-06-18 07:38:00,1.25,15,2
2026-06-18 07:44:00,1.31,11,2
2026-06-18 07:50:00,1.248,14,2
2026-06-18 07:56:00,1.342,10,2
2026-06-18 08:02:00,1.314,2,2
2026-06-18 08:08:00,1.393,21,2
2026-06-18 08:14:00,1.239,15,2
2026-06-18 08:20:00,1.185,9,2
2026-06-18 08:26:00,1.363,1,2
2026-06-18 08:32:00,1.27,29,2
2026-06-18 08:38:00,1.225,19,2
2026-06-18 08:44:00,1.147,24,2
2026-06-18 08:50:00,1.122,21,2
2026-06-18 08:56:00,1.217,19,2
2026-06-18 09:02:00,1.174,21,2
2026-06-18 09:08:00,1.106,11,2
2026-06-18 09:14:00,1.062,16,2
2026-06-18 09:20:00,1.05,28,2
2026-06-18 09:26:00,1.047,2,2
2026-06-18 09:32:00,0.714,20,2
2026-06-18 09:38:00,0.759,2,2
2026-06-18 09:44:00,0.81,16,2
2026-06-18 09:50:00,0.751,25,2
2026-06-18 09:56:00,0.682,26,2
2026-06-18 10:02:00,0.415,10,2
2026-06-18 10:08:00,0.717,24,2
2026-06-18 10:14:00,0.664,32,2
2026-06-18 10:20:00,0.506,29,2
2026-06-18 10:26:00,0.415,23,2
2026-06-18 10:32:00,0.387,5,2
2026-06-18 10:38:00,0.314,354,2
2026-06-18 10:44:00,0.331,19,2
2026-06-18 10:50:00,0.274,31,2
2026-06-18 10:56:00,0.272,36,2
2026-06-18 11:02:00,0.212,9,2
2026-06-18 11:08:00,0.271,13,2
2026-06-18 11:14:00,0.254,4,2
2026-06-18 11:20:00,0.181,353,2
2026-06-18 11:26:00,0.192,2,2
2026-06-18 11:32:00,0.198,342,2
2026-06-18 11:38:00,0.211,358,2
2026-06-18 11:44:00,0.174,341,2
2026-06-18 11:50:00,0.068,65,2
2026-06-18 11:56:00,0.065,322,2
2026-06-18 12:02:00,0.039,348,2
2026-06-18 12:08:00,0.006,258,2
2026-06-18 12:14:00,0.036,218,2
2026-06-18 12:20:00,0.096,217,2
2026-06-18 12:26:00,0.15,229,2
2026-06-18 12:32:00,0.204,269,2
2026-06-18 12:38:00,0.219,264,2
2026-06-18 12:44:00,0.404,260,2
2026-06-18 12:50:00,0.268,203,2
2026-06-18 12:56:00,0.023,173,2
2026-06-18 13:02:00,0.3,180,2
2026-06-18 13:08:00,0.235,130,2
2026-06-18 13:14:00,0.317,227,2
2026-06-18 13:20:00,0.409,234,2
2026-06-18 13:26:00,0.521,198,2
2026-06-18 13:32:00,0.56,216,2
2026-06-18 13:38:00,0.639,180,2
2026-06-18 13:44:00,0.702,193,2
2026-06-18 13:50:00,0.726,214,2
2026-06-18 13:56:00,0.82,179,2
2026-06-18 14:02:00,0.921,192,2
2026-06-18 14:08:00,0.906,184,2
2026-06-18 14:14:00,0.915,188,2
2026-06-18 14:20:00,0.737,189,2
2026-06-18 14:26:00,1.016,199,2
2026-06-18 14:32:00,1.257,218,2
2026-06-18 14:38:00,1.46,235,2
2026-06-18 14:44:00,2.03,239,2
2026-06-18 14:50:00,2.057,243,2
2026-06-18 14:56:00,2.334,211,2
2026-06-18 15:02:00,2.244,194,2
2026-06-18 15:08:00,1.969,219,2
2026-06-18 15:14:00,1.724,206,2
2026-06-18 15:20:00,1.682,226,2
2026-06-18 15:26:00,1.66,208,2
2026-06-18 15:32:00,1.564,222,2
2026-06-18 15:38:00,1.427,237,2
2026-06-18 15:44:00,1.493,213,2
2026-06-18 15:50:00,1.711,211,2
2026-06-18 15:56:00,1.604,208,2
2026-06-18 16:02:00,1.625,218,2
2026-06-18 16:08:00,1.413,204,2
2026-06-18 16:14:00,1.382,229,2
2026-06-18 16:20:00,1.252,228,2
2026-06-18 16:26:00,1.394,212,2
2026-06-18 16:32:00,1.278,228,2
2026-06-18 16:38:00,1.304,202,2
2026-06-18 16:44:00,1.331,194,2
2026-06-18 16:50:00,1.308,194,2
2026-06-18 16:56:00,1.229,198,2
2026-06-18 17:02:00,1.108,223,2
2026-06-18 17:08:00,1.153,205,2
2026-06-18 17:14:00,1.088,200,2
2026-06-18 17:20:00,1.033,211,2
2026-06-18 17:26:00,0.988,191,2
2026-06-18 17:32:00,0.834,258,2
2026-06-18 17:38:00,0.813,211,2
2026-06-18 17:44:00,0.81,202,2
2026-06-18 17:50:00,0.758,236,2
2026-06-18 17:56:00,0.671,231,2
2026-06-18 18:02:00,0.609,214,2
2026-06-18 18:08:00,0.608,178,2
2026-06-18 18:14:00,0.5,217,2
2026-06-18 18:20:00,0.408,246,2
2026-06-18 18:26:00,0.321,184,2
2026-06-18 18:32:00,0.132,327,2
2026-06-18 18:38:00,0.192,312,2
2026-06-18 18:44:00,0.167,292,2
2026-06-18 18:50:00,0.216,263,2
2026-06-18 18:56:00,0.217,332,2
2026-06-18 19:02:00,0.189,323,2
2026-06-18 19:08:00,0.15,20,2
2026-06-18 19:14:00,0.256,315,2
2026-06-18 19:20:00,0.321,339,2
2026-06-18 19:26:00,0.442,334,2
2026-06-18 19:32:00,0.403,350,2
2026-06-18 19:38:00,0.373,347,2
2026-06-18 19:44:00,0.408,343,2
2026-06-18 19:50:00,0.452,14,2
2026-06-18 19:56:00,0.433,0,2
2026-06-18 20:02:00,0.439,348,2
2026-06-18 20:08:00,0.454,7,2
2026-06-18 20:14:00,0.459,4,2
2026-06-18 20:20:00,0.491,10,2
2026-06-18 20:26:00,0.472,0,2
2026-06-18 20:32:00,0.446,12,2
2026-06-18 20:38:00,0.424,12,2
2026-06-18 20:44:00,0.425,10,2
2026-06-18 20:50:00,0.478,13,2
2026-06-18 20:56:00,0.449,10,2
2026-06-18 21:02:00,0.574,3,2
2026-06-18 21:08:00,0.498,359,2
2026-06-18 21:14:00,0.443,12,2
2026-06-18 21:20:00,0.426,351,2
2026-06-18 21:26:00,0.373,18,2
2026-06-18 21:32:00,0.408,5,2
2026-06-18 21:38:00,0.404,45,2
2026-06-18 21:44:00,0.324,24,2
2026-06-18 21:50:00,0.336,354,2
2026-06-18 21:56:00,0.364,5,2
2026-06-18 22:02:00,0.331,32,2
2026-06-18 22:08:00,0.287,5,2
2026-06-18 22:14:00,0.305,20,2
2026-06-18 22:20:00,0.307,4,2
2026-06-18 22:26:00,0.219,7,2
2026-06-18 22:32:00,0.206,357,2
2026-06-18 22:38:00,0.185,351,2
2026-06-18 22:44:00,0.121,26,2
2026-06-18 22:50:00,0.056,139,2
2026-06-18 22:56:00,0.133,134,2
2026-06-18 23:02:00,0.076,92,2
2026-06-18 23:08:00,0.166,163,2
2026-06-18 23:14:00,0.148,192,2
2026-06-18 23:20:00,0.136,177,2
2026-06-18 23:26:00,0.185,202,2
2026-06-18 23:32:00,0.123,209,2
2026-06-18 23:38:00,0.26,234,2
2026-06-18 23:44:00,0.281,183,2
2026-06-18 23:50:00,0.239,195,2
2026-06-18 23:56:00,0.257,216,2
2026-06-19 00:02:00,0.354,190,2
2026-06-19 00:08:00,0.424,245,2
2026-06-19 00:14:00,0.445,154,2
2026-06-19 00:20:00,0.444,242,2
2026-06-19 00:26:00,0.323,259,2
2026-06-19 00:32:00,0.486,201,2
2026-06-19 00:38:00,0.463,256,2
2026-06-19 00:44:00,0.504,241,2
2026-06-19 00:50:00,0.701,261,2
2026-06-19 00:56:00,0.611,208,2
2026-06-19 01:02:00,0.669,241,2
2026-06-19 01:08:00,0.756,195,2
2026-06-19 01:14:00,0.691,201,2
2026-06-19 01:20:00,0.737,162,2
2026-06-19 01:26:00,0.733,191,2
2026-06-19 01:32:00,0.752,151,2
2026-06-19 01:38:00,0.764,205,2
2026-06-19 01:44:00,0.822,175,2
2026-06-19 01:50:00,0.891,224,2
2026-06-19 01:56:00,0.926,162,2
2026-06-19 02:02:00,0.925,229,2
2026-06-19 02:08:00,0.949,215,2
2026-06-19 02:14:00,1.044,248,2
2026-06-19 02:20:00,1.113,203,2
2026-06-19 02:26:00,1.211,183,2
2026-06-19 02:32:00,1.294,197,2
2026-06-19 02:38:00,1.268,212,2
2026-06-19 02:44:00,1.17,209,2
2026-06-19 02:50:00,1.113,196,2
2026-06-19 02:56:00,1.22,208,2
2026-06-19 03:02:00,1.224,183,2
2026-06-19 03:08:00,1.286,188,2
2026-06-19 03:14:00,1.352,222,2
2026-06-19 03:20:00,1.288,244,2
2026-06-19 03:26:00,1.144,206,2
2026-06-19 03:32:00,1.349,194,2
2026-06-19 03:38:00,1.326,236,2
2026-06-19 03:44:00,1.347,203,2
2026-06-19 03:50:00,1.369,191,2
2026-06-19 03:56:00,1.366,220,2
2026-06-19 04:02:00,1.335,232,2
2026-06-19 04:08:00,1.29,179,2
2026-06-19 04:14:00,1.209,179,2
2026-06-19 04:20:00,1.217,189,2
2026-06-19 04:26:00,1.194,207,2
2026-06-19 04:32:00,1.136,215,2
2026-06-19 04:38:00,1.112,193,2
2026-06-19 04:44:00,1.179,195,2
2026-06-19 04:50:00,1.095,231,2
2026-06-19 04:56:00,1.109,184,2
2026-06-19 05:02:00,0.971,240,2
2026-06-19 05:08:00,0.956,243,2
2026-06-19 05:14:00,0.995,213,2
2026-06-19 05:20:00,0.852,215,2
2026-06-19 05:26:00,0.915,153,2
2026-06-19 05:32:00,0.772,251,2
2026-06-19 05:38:00,0.736,234,2
2026-06-19 05:44:00,0.799,189,2
2026-06-19 05:50:00,0.692,254,2
2026-06-19 05:56:00,0.587,273,2
2026-06-19 06:02:00,0.539,267,2
2026-06-19 06:14:00,0.49,257,2
2026-06-19 06:20:00,0.343,216,2
2026-06-19 06:26:00,0.477,171,2
2026-06-19 06:32:00,0.347,217,2
2026-06-19 06:38:00,0.211,216,2
2026-06-19 06:44:00,0.157,225,2
2026-06-19 06:50:00,0.089,287,2
2026-06-19 06:56:00,0.12,43,2
2026-06-19 07:02:00,0.216,37,2
2026-06-19 07:08:00,0.226,9,2
2026-06-19 07:14:00,0.348,2,2
2026-06-19 07:20:00,0.474,2,2
2026-06-19 07:26:00,0.426,358,2
2026-06-19 07:32:00,0.397,32,2
2026-06-19 07:38:00,0.567,15,2
2026-06-19 07:44:00,0.539,15,2
2026-06-19 07:50:00,0.553,7,2
2026-06-19 07:56:00,0.628,22,2
2026-06-19 08:02:00,0.669,30,2
2026-06-19 08:08:00,0.659,15,2
2026-06-19 08:14:00,0.629,4,2
2026-06-19 08:20:00,0.767,12,2
2026-06-19 08:26:00,0.648,12,2
2026-06-19 08:32:00,0.784,31,2
2026-06-19 08:38:00,0.734,1,2
2026-06-19 08:44:00,0.739,358,2
2026-06-19 08:50:00,0.769,4,2
2026-06-19 08:56:00,0.72,328,2
2026-06-19 09:02:00,0.608,10,2
2026-06-19 09:08:00,0.731,18,2
2026-06-19 09:14:00,0.766,13,2
2026-06-19 09:20:00,0.725,359,2
2026-06-19 09:26:00,0.754,352,2
2026-06-19 09:32:00,0.87,357,2
2026-06-19 09:38:00,0.843,18,2
2026-06-19 09:44:00,0.751,7,2
2026-06-19 09:50:00,0.764,9,2
2026-06-19 09:56:00,0.653,33,2
2026-06-19 10:02:00,0.644,31,2
2026-06-19 10:08:00,0.608,1,2
2026-06-19 10:14:00,0.634,28,2
2026-06-19 10:20:00,0.577,28,2
2026-06-19 10:26:00,0.515,27,2
2026-06-19 10:32:00,0.586,3,2
2026-06-19 10:38:00,0.46,4,2
2026-06-19 10:44:00,0.332,53,2
2026-06-19 10:50:00,0.393,44,2
2026-06-19 10:56:00,0.295,56,2
2026-06-19 11:02:00,0.349,61,2
2026-06-19 11:08:00,0.181,20,2
2026-06-19 11:14:00,0.267,39,2
2026-06-19 11:20:00,0.245,3,2
2026-06-19 11:26:00,0.165,6,2
2026-06-19 11:32:00,0.133,7,2
2026-06-19 11:38:00,0.124,3,2
2026-06-19 11:44:00,0.09,65,2
2026-06-19 11:50:00,0.135,264,2
2026-06-19 11:56:00,0.16,269,2
2026-06-19 12:02:00,0.207,246,2
2026-06-19 12:08:00,0.191,284,2
2026-06-19 12:14:00,0.332,252,2
2026-06-19 12:20:00,0.195,255,2
2026-06-19 12:26:00,0.191,234,2
2026-06-19 12:32:00,0.113,163,2
2026-06-19 12:38:00,0.216,188,2
2026-06-19 12:44:00,0.2,211,2
2026-06-19 12:50:00,0.354,194,2
2026-06-19 12:56:00,0.354,220,2
2026-06-19 13:02:00,0.448,235,2
2026-06-19 13:08:00,0.508,198,2
2026-06-19 13:14:00,0.408,210,2
2026-06-19 13:20:00,0.576,197,2
2026-06-19 13:26:00,0.561,165,2
2026-06-19 13:32:00,0.616,202,2
2026-06-19 13:38:00,0.568,202,2
2026-06-19 13:44:00,0.608,213,2
2026-06-19 13:50:00,0.631,184,2
2026-06-19 13:56:00,0.607,181,2
2026-06-19 14:02:00,0.671,222,2
2026-06-19 14:08:00,0.694,227,2
2026-06-19 14:14:00,1.035,201,2
2026-06-19 14:20:00,0.888,215,2
2026-06-19 14:26:00,1.08,189,2
2026-06-19 14:32:00,0.963,182,2
2026-06-19 14:38:00,0.975,212,2
2026-06-19 14:44:00,0.993,224,2
2026-06-19 14:50:00,0.895,179,2
2026-06-19 14:56:00,0.968,234,2
2026-06-19 15:02:00,0.922,217,2
2026-06-19 15:08:00,0.957,196,2
2026-06-19 15:14:00,0.986,200,2
2026-06-19 15:20:00,1.207,218,2
2026-06-19 15:26:00,1.208,191,2
2026-06-19 15:32:00,0.979,234,2
2026-06-19 15:38:00,1.161,190,2
2026-06-19 15:44:00,1.313,226,2
2026-06-19 15:50:00,0.955,219,2
2026-06-19 15:56:00,1.327,206,2
2026-06-19 16:02:00,1.412,227,2
2026-06-19 16:08:00,1.292,194,2
2026-06-19 16:14:00,1.227,225,2
2026-06-19 16:20:00,1.146,211,2
2026-06-19 16:26:00,1.2,191,2
2026-06-19 16:32:00,1.363,189,2
2026-06-19 16:38:00,1.396,211,2
2026-06-19 16:44:00,1.097,205,2
2026-06-19 16:50:00,1.397,222,2
2026-06-19 16:56:00,1.374,208,2
2026-06-19 17:02:00,1.441,208,2
2026-06-19 17:08:00,1.419,213,2
2026-06-19 17:14:00,1.43,206,2
2026-06-19 17:20:00,1.301,205,2
2026-06-19 17:26:00,1.321,229,2
2026-06-19 17:32:00,1.247,197,2
2026-06-19 17:38:00,1.259,220,2
2026-06-19 17:44:00,1.11,204,2
2026-06-19 17:50:00,1.197,209,2
2026-06-19 17:56:00,1.281,208,2
2026-06-19 18:02:00,1.23,199,2
2026-06-19 18:08:00,1.19,208,2
2026-06-19 18:14:00,1.148,182,2
2026-06-19 18:20:00,1.133,214,2
2026-06-19 18:26:00,1.09,200,2
2026-06-19 18:32:00,1.044,204,2
2026-06-19 18:38:00,1.032,228,2
2026-06-19 18:44:00,0.855,236,2
2026-06-19 18:50:00,0.894,203,2
2026-06-19 18:56:00,0.85,236,2
2026-06-19 19:02:00,0.793,196,2
2026-06-19 19:08:00,0.564,223,2
2026-06-19 19:14:00,0.46,202,2
2026-06-19 19:20:00,0.398,181,2
2026-06-19 19:26:00,0.403,235,2
2026-06-19 19:32:00,0.343,218,2
2026-06-19 19:38:00,0.198,224,2
2026-06-19 19:44:00,0.149,293,2
2026-06-19 19:50:00,0.172,251,2
2026-06-19 19:56:00,0.278,291,2
2026-06-19 20:02:00,0.225,297,2
2026-06-19 20:08:00,0.15,285,2
2026-06-19 20:14:00,0.131,330,2
2026-06-19 20:20:00,0.126,346,2
2026-06-19 20:26:00,0.122,19,2
2026-06-19 20:32:00,0.157,334,2
2026-06-19 20:38:00,0.188,320,2
2026-06-19 20:44:00,0.247,1,2
2026-06-19 20:50:00,0.37,33,2
2026-06-19 20:56:00,0.409,12,2
2026-06-19 21:02:00,0.452,35,2
2026-06-19 21:08:00,0.473,331,2
2026-06-19 21:14:00,0.449,4,2
2026-06-19 21:20:00,0.63,351,2
2026-06-19 21:26:00,0.599,3,2
2026-06-19 21:32:00,0.683,350,2
2026-06-19 21:38:00,0.559,352,2
2026-06-19 21:44:00,0.697,351,2
2026-06-19 21:50:00,0.619,1,2
2026-06-19 21:56:00,0.603,347,2
2026-06-19 22:02:00,0.537,357,2
2026-06-19 22:08:00,0.54,353,2
2026-06-19 22:14:00,0.569,2,2
2026-06-19 22:20:00,0.647,358,2
2026-06-19 22:26:00,0.612,0,2
2026-06-19 22:32:00,0.591,4,2
2026-06-19 22:38:00,0.55,11,2
2026-06-19 22:44:00,0.488,8,2
2026-06-19 22:50:00,0.51,9,2
2026-06-19 22:56:00,0.657,5,2
2026-06-19 23:02:00,0.712,0,2
2026-06-19 23:08:00,0.573,12,2
2026-06-19 23:14:00,0.457,3,2
2026-06-19 23:20:00,0.429,9,2
2026-06-19 23:26:00,0.402,12,2
2026-06-19 23:32:00,0.369,10,2
2026-06-19 23:38:00,0.335,339,2
2026-06-19 23:44:00,0.304,353,2
2026-06-19 23:50:00,0.274,350,2
2026-06-19 23:56:00,0.322,338,2
2026-06-20 00:02:00,0.191,321,2
2026-06-20 00:08:00,0.273,336,2
2026-06-20 00:14:00,0.198,306,2
2026-06-20 00:20:00,0.149,252,2
2026-06-20 00:26:00,0.087,297,2
2026-06-20 00:32:00,0.024,69,2
2026-06-20 00:38:00,0.214,269,2
2026-06-20 00:44:00,0.17,233,2
2026-06-20 00:50:00,0.13,257,2
2026-06-20 00:56:00,0.188,265,2
2026-06-20 01:02:00,0.165,210,2
2026-06-20 01:08:00,0.196,275,2
2026-06-20 01:14:00,0.252,216,2
2026-06-20 01:20:00,0.277,217,2
2026-06-20 01:26:00,0.375,202,2
2026-06-20 01:32:00,0.329,219,2
2026-06-20 01:38:00,0.429,216,2
2026-06-20 01:44:00,0.416,178,2
2026-06-20 01:50:00,0.39,221,2
2026-06-20 01:56:00,0.416,222,2
2026-06-20 02:02:00,0.53,248,2
2026-06-20 02:08:00,0.542,212,2
2026-06-20 02:14:00,0.505,208,2
2026-06-20 02:20:00,0.585,221,2
2026-06-20 02:26:00,0.522,215,2
2026-06-20 02:32:00,0.672,204,2
2026-06-20 02:38:00,0.603,229,2
2026-06-20 02:44:00,0.683,194,2
2026-06-20 02:50:00,0.657,204,2
2026-06-20 02:56:00,0.655,218,2
2026-06-20 03:02:00,0.813,226,2
2026-06-20 03:08:00,0.719,210,2
2026-06-20 03:14:00,0.807,213,2
2026-06-20 03:20:00,0.834,191,2
2026-06-20 03:26:00,0.669,205,2
2026-06-20 03:32:00,0.707,180,2
2026-06-20 03:38:00,0.785,228,2
2026-06-20 03:44:00,0.767,230,2
2026-06-20 03:50:00,0.823,188,2
2026-06-20 03:56:00,0.718,227,2
2026-06-20 04:02:00,0.865,230,2
2026-06-20 04:08:00,0.878,212,2
2026-06-20 04:14:00,1.045,230,2
2026-06-20 04:20:00,0.943,216,2
2026-06-20 04:26:00,0.976,207,2
2026-06-20 04:32:00,0.892,225,2
2026-06-20 04:38:00,0.973,231,2
2026-06-20 04:44:00,0.667,212,2
2026-06-20 04:50:00,0.594,236,2
2026-06-20 04:56:00,0.465,237,2
2026-06-20 05:02:00,0.509,169,2
2026-06-20 05:08:00,0.477,182,2
2026-06-20 05:14:00,0.611,260,2
2026-06-20 05:20:00,0.584,240,2
2026-06-20 05:26:00,0.553,223,2
2026-06-20 05:32:00,0.424,256,2
2026-06-20 05:38:00,0.507,258,2
2026-06-20 05:44:00,0.388,235,2
2026-06-20 05:50:00,0.373,168,2
2026-06-20 05:56:00,0.374,189,2
2026-06-20 06:02:00,0.363,215,2
2026-06-20 06:08:00,0.258,189,2
2026-06-20 06:14:00,0.354,294,2
2026-06-20 06:20:00,0.314,197,2
2026-06-20 06:26:00,0.205,224,2
2026-06-20 06:32:00,0.149,308,2
2026-06-20 06:38:00,0.161,229,2
2026-06-20 06:44:00,0.232,304,2
2026-06-20 06:50:00,0.163,258,2
2026-06-20 06:56:00,0.102,313,2
2026-06-20 07:02:00,0.174,279,2
2026-06-20 07:08:00,0.125,286,2
2026-06-20 07:14:00,0.194,332,2
2026-06-20 07:20:00,0.195,327,2
2026-06-20 07:26:00,0.064,107,2
2026-06-20 07:32:00,0.265,330,2
2026-06-20 07:38:00,0.269,351,2
2026-06-20 07:44:00,0.274,10,2
2026-06-20 07:50:00,0.401,15,2
2026-06-20 07:56:00,0.559,7,2
2026-06-20 08:02:00,0.565,10,2
2026-06-20 08:08:00,0.432,21,2
2026-06-20 08:14:00,0.464,10,2
2026-06-20 08:20:00,0.501,0,2
2026-06-20 08:26:00,0.617,19,2
2026-06-20 08:32:00,0.541,21,2
2026-06-20 08:38:00,0.537,19,2
2026-06-20 08:44:00,0.532,17,2
2026-06-20 08:50:00,0.615,13,2
2026-06-20 08:56:00,0.709,26,2
2026-06-20 09:02:00,0.736,7,2
2026-06-20 09:08:00,0.838,354,2
2026-06-20 09:14:00,0.586,9,2
2026-06-20 09:20:00,0.571,18,2
2026-06-20 09:26:00,0.579,21,2
2026-06-20 09:32:00,0.657,18,2
2026-06-20 09:38:00,0.609,16,2
2026-06-20 09:44:00,0.539,11,2
2026-06-20 09:50:00,0.448,351,2
2026-06-20 09:56:00,0.312,359,2
2026-06-20 10:02:00,0.198,349,2
2026-06-20 10:08:00,0.309,8,2
2026-06-20 10:14:00,0.25,0,2
2026-06-20 10:20:00,0.373,14,2
2026-06-20 10:26:00,0.382,35,2
2026-06-20 10:32:00,0.33,6,2
2026-06-20 10:38:00,0.283,31,2
2026-06-20 10:44:00,0.201,17,2
2026-06-20 10:50:00,0.494,7,2
2026-06-20 10:56:00,0.517,24,2
2026-06-20 11:02:00,0.263,17,2
2026-06-20 11:08:00,0.3,14,2
2026-06-20 11:14:00,0.237,359,2
2026-06-20 11:20:00,0.263,318,2
2026-06-20 11:26:00,0.305,11,2
2026-06-20 11:32:00,0.422,24,2
2026-06-20 11:38:00,0.316,354,2
2026-06-20 11:44:00,0.243,10,2
2026-06-20 11:50:00,0.256,358,2
2026-06-20 11:56:00,0.257,127,2
2026-06-20 12:02:00,0.169,301,2
2026-06-20 12:08:00,0.224,351,2
2026-06-20 12:14:00,0.164,29,2
2026-06-20 12:20:00,0.085,278,2
2026-06-20 12:26:00,0.094,40,2
2026-06-20 12:32:00,0.066,347,2
2026-06-20 12:38:00,0.105,141,2
2026-06-20 12:44:00,0.228,123,2
2026-06-20 12:50:00,0.168,298,2
2026-06-20 12:56:00,0.265,305,2
2026-06-20 13:02:00,0.095,113,2
2026-06-20 13:08:00,0.136,211,2
2026-06-20 13:14:00,0.213,217,2
2026-06-20 13:20:00,0.23,197,2
2026-06-20 13:26:00,0.297,244,2
2026-06-20 13:32:00,0.214,233,2
2026-06-20 13:38:00,0.255,217,2
2026-06-20 13:44:00,0.267,164,2
2026-06-20 13:50:00,0.257,242,2
2026-06-20 13:56:00,0.326,198,2
2026-06-20 14:02:00,0.286,217,2
2026-06-20 14:08:00,0.332,187,2
2026-06-20 14:14:00,0.308,191,2
2026-06-20 14:20:00,0.516,181,2
2026-06-20 14:26:00,0.485,215,2
2026-06-20 14:32:00,0.492,246,2
2026-06-20 14:38:00,0.529,261,2
2026-06-20 14:44:00,0.555,230,2
2026-06-20 14:50:00,0.684,220,2
2026-06-20 14:56:00,0.741,208,2
2026-06-20 15:02:00,0.721,198,2
2026-06-20 15:08:00,0.684,253,2
2026-06-20 15:14:00,0.894,174,2
2026-06-20 15:20:00,0.915,213,2
2026-06-20 15:26:00,0.95,235,2
2026-06-20 15:32:00,1.037,205,2
2026-06-20 15:38:00,0.998,217,2
2026-06-20 15:44:00,1.004,229,2
2026-06-20 15:50:00,1.11,196,2
2026-06-20 15:56:00,1.207,236,2
2026-06-20 16:02:00,1.268,224,2
2026-06-20 16:08:00,1.287,218,2
2026-06-20 16:14:00,1.273,191,2
2026-06-20 16:20:00,1.308,229,2
2026-06-20 16:26:00,1.2,224,2
2026-06-20 16:32:00,1.335,208,2
2026-06-20 16:38:00,1.207,209,2
2026-06-20 16:44:00,1.232,206,2
2026-06-20 16:50:00,1.337,230,2
2026-06-20 16:56:00,1.256,237,2
2026-06-20 17:02:00,1.215,229,2
2026-06-20 17:08:00,1.314,227,2
2026-06-20 17:14:00,1.192,220,2
2026-06-20 17:20:00,1.096,186,2
2026-06-20 17:26:00,1.152,242,2
2026-06-20 17:32:00,0.943,198,2
2026-06-20 17:38:00,1.171,222,2
2026-06-20 17:44:00,1.032,199,2
2026-06-20 17:50:00,1.144,212,2
2026-06-20 17:56:00,1.074,192,2
2026-06-20 18:02:00,1.073,197,2
2026-06-20 18:08:00,1.159,221,2
2026-06-20 18:14:00,0.952,205,2
2026-06-20 18:20:00,1.064,180,2
2026-06-20 18:26:00,1.026,209,2
2026-06-20 18:32:00,1.026,205,2
2026-06-20 18:38:00,0.947,179,2
2026-06-20 18:44:00,0.824,180,2
2026-06-20 18:50:00,0.912,234,2
2026-06-20 18:56:00,0.757,171,2
2026-06-20 19:02:00,0.736,187,2
2026-06-20 19:08:00,0.619,201,2
2026-06-20 19:14:00,0.609,208,2
2026-06-20 19:20:00,0.624,192,2
2026-06-20 19:26:00,0.532,238,2
2026-06-20 19:32:00,0.528,201,2
2026-06-20 19:38:00,0.474,217,2
2026-06-20 19:44:00,0.464,230,2
2026-06-20 19:50:00,0.358,224,2
2026-06-20 19:56:00,0.326,206,2
2026-06-20 20:02:00,0.37,228,2
2026-06-20 20:08:00,0.302,247,2
2026-06-20 20:14:00,0.306,238,2
2026-06-20 20:20:00,0.42,247,2
2026-06-20 20:26:00,0.291,287,2
2026-06-20 20:32:00,0.359,304,2
2026-06-20 20:38:00,0.256,304,2
2026-06-20 20:44:00,0.24,295,2
2026-06-20 20:50:00,0.237,299,2
2026-06-20 20:56:00,0.266,320,2
2026-06-20 21:02:00,0.381,12,2
2026-06-20 21:08:00,0.343,7,2
2026-06-20 21:14:00,0.46,7,2
2026-06-20 21:20:00,0.389,11,2
2026-06-20 21:26:00,0.463,347,2
2026-06-20 21:32:00,0.476,15,2
2026-06-20 21:38:00,0.544,355,2
2026-06-20 21:44:00,0.617,8,2
2026-06-20 21:50:00,0.621,24,2
2026-06-20 21:56:00,0.668,17,2
2026-06-20 22:02:00,0.696,14,2
2026-06-20 22:08:00,0.593,42,2
2026-06-20 22:14:00,0.672,1,2
2026-06-20 22:20:00,0.612,41,2
2026-06-20 22:26:00,0.699,12,2
2026-06-20 22:32:00,0.745,357,2
2026-06-20 22:38:00,0.725,16,2
2026-06-20 22:44:00,0.801,2,2
2026-06-20 22:50:00,0.795,17,2
2026-06-20 22:56:00,0.755,355,2
2026-06-20 23:02:00,0.762,5,2
2026-06-20 23:08:00,0.662,31,2
2026-06-20 23:14:00,0.725,5,2
2026-06-20 23:20:00,0.741,32,2
2026-06-20 23:26:00,0.641,354,2
2026-06-20 23:32:00,0.642,10,2
2026-06-20 23:38:00,0.697,358,2
2026-06-20 23:44:00,0.685,359,2
2026-06-20 23:50:00,0.578,48,2
2026-06-20 23:56:00,0.534,10,2
2026-06-21 00:02:00,0.589,49,2
2026-06-21 00:08:00,0.488,73,2
2026-06-21 00:14:00,0.432,35,2
2026-06-21 00:20:00,0.455,44,2
2026-06-21 00:26:00,0.507,24,2
2026-06-21 00:32:00,0.446,67,2
2026-06-21 00:38:00,0.334,44,2
2026-06-21 00:44:00,0.224,65,2
2026-06-21 00:50:00,0.32,56,2
2026-06-21 00:56:00,0.271,50,2
2026-06-21 01:02:00,0.218,54,2
2026-06-21 01:08:00,0.163,77,2
2026-06-21 01:20:00,0.092,61,2
2026-06-21 01:26:00,0.15,164,2
2026-06-21 01:32:00,0.052,113,2
2026-06-21 01:38:00,0.138,211,2
2026-06-21 01:44:00,0.099,183,2
2026-06-21 01:50:00,0.255,185,2
2026-06-21 01:56:00,0.165,205,2
2026-06-21 02:02:00,0.243,219,2
2026-06-21 02:08:00,0.293,204,2
2026-06-21 02:14:00,0.341,231,2
2026-06-21 02:20:00,0.355,202,2
2026-06-21 02:26:00,0.383,220,2
2026-06-21 02:32:00,0.429,229,2
2026-06-21 02:38:00,0.5,199,2
2026-06-21 02:44:00,0.54,203,2
2026-06-21 02:50:00,0.452,210,2
2026-06-21 02:56:00,0.398,229,2
2026-06-21 03:02:00,0.514,235,2
2026-06-21 03:08:00,0.509,246,2
2026-06-21 03:14:00,0.508,221,2
2026-06-21 03:20:00,0.461,238,2
2026-06-21 03:26:00,0.526,255,2
2026-06-21 03:32:00,0.55,240,2
2026-06-21 03:38:00,0.617,175,2
2026-06-21 03:44:00,0.568,240,2
2026-06-21 03:50:00,0.626,258,2
2026-06-21 03:56:00,0.651,182,2
2026-06-21 04:02:00,0.74,205,2
2026-06-21 04:08:00,0.691,210,2
2026-06-21 04:14:00,0.663,252,2
2026-06-21 04:20:00,0.772,240,2
2026-06-21 04:26:00,0.725,231,2
2026-06-21 04:32:00,0.851,190,2
2026-06-21 04:38:00,0.81,229,2
2026-06-21 04:44:00,0.85,196,2
2026-06-21 04:50:00,0.888,216,2
2026-06-21 04:56:00,0.635,195,2
2026-06-21 05:02:00,0.836,232,2
2026-06-21 05:08:00,0.729,231,2
2026-06-21 05:14:00,0.815,167,2
2026-06-21 05:20:00,0.904,229,2
2026-06-21 05:26:00,0.96,195,2
2026-06-21 05:32:00,1.032,241,2
2026-06-21 05:38:00,0.834,199,2
2026-06-21 05:44:00,0.943,189,2
2026-06-21 05:50:00,1.025,239,2
2026-06-21 05:56:00,1.017,230,2
2026-06-21 06:02:00,0.801,208,2
2026-06-21 06:08:00,0.828,208,2
2026-06-21 06:14:00,0.851,243,2
2026-06-21 06:20:00,0.948,217,2
2026-06-21 06:26:00,0.972,213,2
2026-06-21 06:32:00,0.901,246,2
2026-06-21 06:38:00,0.998,232,2
2026-06-21 06:44:00,1.007,197,2
2026-06-21 06:50:00,0.959,245,2
2026-06-21 06:56:00,0.891,222,2
2026-06-21 07:02:00,0.81,233,2
2026-06-21 07:08:00,0.719,234,2
2026-06-21 07:14:00,0.709,249,2
2026-06-21 07:20:00,0.658,239,2
2026-06-21 07:26:00,0.67,191,2
2026-06-21 07:32:00,0.614,223,2
2026-06-21 07:38:00,0.41,204,2
2026-06-21 07:44:00,0.444,180,2
2026-06-21 07:50:00,0.342,232,2
2026-06-21 07:56:00,0.379,167,2
2026-06-21 08:02:00,0.309,245,2
2026-06-21 08:08:00,0.224,161,2
2026-06-21 08:14:00,0.18,185,2
2026-06-21 08:20:00,0.173,165,2
2026-06-21 08:26:00,0.181,200,2
2026-06-21 08:32:00,0.081,243,2
2026-06-21 08:38:00,0.114,275,2
2026-06-21 08:44:00,0.092,113,2
2026-06-21 08:50:00,0.008,348,2
2026-06-21 08:56:00,0.153,109,2
2026-06-21 09:02:00,0.059,341,2
2026-06-21 09:08:00,0.021,174,2
2026-06-21 09:14:00,0.111,157,2
2026-06-21 09:20:00,0.203,145,2
2026-06-21 09:26:00,0.109,140,2
2026-06-21 09:32:00,0.055,70,2
2026-06-21 09:38:00,0.018,85,2
2026-06-21 09:44:00,0.106,340,2
2026-06-21 09:50:00,0.137,33,2
2026-06-21 09:56:00,0.189,26,2
2026-06-21 10:02:00,0.241,8,2
2026-06-21 10:08:00,0.199,336,2
2026-06-21 10:14:00,0.339,12,2
2026-06-21 10:20:00,0.31,336,2
2026-06-21 10:26:00,0.361,337,2
2026-06-21 10:32:00,0.463,348,2
2026-06-21 10:38:00,0.46,2,2
2026-06-21 10:44:00,0.518,357,2
2026-06-21 10:50:00,0.45,6,2
2026-06-21 10:56:00,0.42,37,2
2026-06-21 11:02:00,0.403,341,2
2026-06-21 11:08:00,0.437,344,2
2026-06-21 11:14:00,0.33,12,2
2026-06-21 11:20:00,0.229,354,2
2026-06-21 11:26:00,0.28,40,2
2026-06-21 11:32:00,0.203,16,2
2026-06-21 11:38:00,0.28,355,2
2026-06-21 11:44:00,0.323,19,2
2026-06-21 11:50:00,0.433,11,2
2026-06-21 11:56:00,0.333,357,2
2026-06-21 12:02:00,0.278,36,2
2026-06-21 12:08:00,0.194,329,2
2026-06-21 12:14:00,0.192,320,2
2026-06-21 12:20:00,0.094,342,2
2026-06-21 12:26:00,0.169,340,2
2026-06-21 12:32:00,0.153,326,2
2026-06-21 12:38:00,0.12,319,2
2026-06-21 12:44:00,0.126,348,2
2026-06-21 12:50:00,0.218,316,2
2026-06-21 12:56:00,0.229,283,2
2026-06-21 13:02:00,0.209,294,2
2026-06-21 13:08:00,0.071,160,2
2026-06-21 13:14:00,0.186,295,2
2026-06-21 13:26:00,0.084,354,2
2026-06-21 13:32:00,0.104,276,2
2026-06-21 13:38:00,0.094,279,2
2026-06-21 13:44:00,0.167,255,2
2026-06-21 13:50:00,0.102,265,2
2026-06-21 13:56:00,0.346,160,2
2026-06-21 14:02:00,0.268,237,2
2026-06-21 14:08:00,0.229,196,2
2026-06-21 14:14:00,0.326,218,2
2026-06-21 14:20:00,0.25,184,2
2026-06-21 14:26:00,0.361,188,2
2026-06-21 14:32:00,0.345,270,2
2026-06-21 14:38:00,0.422,245,2
2026-06-21 14:44:00,0.46,238,2
2026-06-21 14:50:00,0.491,273,2
2026-06-21 14:56:00,0.628,254,2
2026-06-21 15:02:00,0.567,262,2
2026-06-21 15:08:00,0.508,178,2
2026-06-21 15:14:00,0.549,192,2
2026-06-21 15:20:00,0.525,174,2
2026-06-21 15:26:00,0.634,213,2
2026-06-21 15:32:00,0.587,225,2
2026-06-21 15:38:00,0.716,198,2
2026-06-21 15:44:00,0.626,187,2
2026-06-21 15:50:00,0.787,208,2
2026-06-21 15:56:00,0.858,167,2
2026-06-21 16:02:00,0.852,194,2
2026-06-21 16:08:00,0.919,186,2
2026-06-21 16:14:00,0.935,214,2
2026-06-21 16:20:00,0.895,208,2
2026-06-21 16:26:00,0.797,239,2
2026-06-21 16:32:00,0.899,233,2
2026-06-21 16:38:00,0.847,216,2
2026-06-21 16:44:00,0.89,209,2
2026-06-21 16:50:00,0.824,199,2
2026-06-21 16:56:00,0.787,231,2
2026-06-21 17:02:00,0.764,191,2
2026-06-21 17:08:00,0.902,210,2
2026-06-21 17:14:00,0.796,194,2
2026-06-21 17:20:00,1.022,230,2
2026-06-21 17:26:00,1.003,207,2
2026-06-21 17:32:00,0.903,216,2
2026-06-21 17:38:00,1.003,210,2
2026-06-21 17:44:00,0.762,218,2
2026-06-21 17:50:00,0.94,208,2
2026-06-21 17:56:00,0.942,194,2
2026-06-21 18:02:00,0.922,217,2
2026-06-21 18:08:00,0.904,201,2
2026-06-21 18:14:00,1.056,200,2
2026-06-21 18:20:00,0.853,233,2
2026-06-21 18:26:00,0.755,210,2
2026-06-21 18:32:00,0.847,207,2
2026-06-21 18:38:00,0.944,213,2
2026-06-21 18:44:00,1.08,238,2
2026-06-21 18:50:00,0.9,230,2
2026-06-21 18:56:00,0.832,198,2
2026-06-21 19:02:00,0.829,215,2
2026-06-21 19:08:00,0.805,204,2
2026-06-21 19:14:00,0.77,193,2
2026-06-21 19:20:00,0.747,197,2
2026-06-21 19:26:00,0.753,221,2
2026-06-21 19:32:00,0.818,209,2
2026-06-21 19:38:00,0.792,192,2
2026-06-21 19:44:00,0.747,182,2
2026-06-21 19:50:00,0.641,230,2
2026-06-21 19:56:00,0.583,245,2
2026-06-21 20:02:00,0.453,245,2
2026-06-21 20:08:00,0.457,261,2
2026-06-21 20:14:00,0.565,203,2
2026-06-21 20:20:00,0.35,269,2
2026-06-21 20:26:00,0.397,214,2
2026-06-21 20:32:00,0.366,217,2
2026-06-21 20:38:00,0.334,257,2
2026-06-21 20:44:00,0.215,246,2
2026-06-21 20:50:00,0.157,231,2
2026-06-21 20:56:00,0.236,221,2
2026-06-21 21:02:00,0.18,190,2
2026-06-21 21:08:00,0.119,293,2
2026-06-21 21:14:00,0.078,261,2
2026-06-21 21:20:00,0.129,295,2
2026-06-21 21:26:00,0.115,353,2
2026-06-21 21:32:00,0.027,87,2
2026-06-21 21:38:00,0.161,339,2
2026-06-21 21:44:00,0.286,50,2
2026-06-21 21:50:00,0.239,3,2
2026-06-21 21:56:00,0.342,13,2
2026-06-21 22:02:00,0.503,41,2
2026-06-21 22:08:00,0.516,15,2
2026-06-21 22:14:00,0.62,25,2
2026-06-21 22:20:00,0.719,19,2
2026-06-21 22:26:00,0.726,31,2
2026-06-21 22:32:00,0.702,17,2
2026-06-21 22:38:00,0.793,7,2
2026-06-21 22:44:00,0.799,10,2
2026-06-21 22:50:00,0.953,18,2
2026-06-21 22:56:00,0.931,1,2
2026-06-21 23:02:00,0.927,15,2
2026-06-21 23:08:00,0.863,15,2
2026-06-21 23:14:00,0.937,13,2
2026-06-21 23:20:00,0.995,23,2
2026-06-21 23:26:00,0.964,18,2
2026-06-21 23:32:00,1.029,10,2
2026-06-21 23:38:00,1.065,17,2
2026-06-21 23:44:00,0.866,39,2
2026-06-21 23:50:00,0.887,35,2
2026-06-21 23:56:00,0.85,22,2
2026-06-22 00:02:00,0.944,34,2
2026-06-22 00:08:00,0.925,18,2
2026-06-22 00:14:00,0.882,36,2
2026-06-22 00:20:00,0.891,1,2
2026-06-22 00:26:00,0.915,31,2
2026-06-22 00:32:00,0.815,25,2
2026-06-22 00:38:00,0.824,16,2
2026-06-22 00:44:00,0.836,5,2
2026-06-22 00:50:00,0.774,46,2
2026-06-22 00:56:00,0.792,21,2
2026-06-22 01:02:00,0.798,12,2
2026-06-22 01:08:00,0.815,22,2
2026-06-22 01:14:00,0.714,56,2
2026-06-22 01:20:00,0.632,41,2
2026-06-22 01:26:00,0.568,34,2
2026-06-22 01:32:00,0.617,27,2
2026-06-22 01:38:00,0.558,13,2
2026-06-22 01:44:00,0.563,27,2
2026-06-22 01:50:00,0.491,17,2
2026-06-22 01:56:00,0.422,33,2
2026-06-22 02:02:00,0.414,20,2
2026-06-22 02:08:00,0.387,14,2
2026-06-22 02:14:00,0.442,19,2
2026-06-22 02:20:00,0.247,17,2
2026-06-22 02:26:00,0.243,49,2
2026-06-22 02:32:00,0.239,48,2
2026-06-22 02:38:00,0.202,44,2
2026-06-22 02:44:00,0.165,131,2
2026-06-22 02:50:00,0.244,11,2
2026-06-22 02:56:00,0.117,39,2
2026-06-22 03:02:00,0.058,352,2
2026-06-22 03:08:00,0.15,49,2
2026-06-22 03:14:00,0.025,111,2
2026-06-22 03:20:00,0.14,27,2
2026-06-22 03:26:00,0.12,64,2
2026-06-22 03:32:00,0.055,254,2
2026-06-22 03:38:00,0.117,158,2
2026-06-22 03:44:00,0.082,163,2
2026-06-22 03:50:00,0.089,221,2
2026-06-22 03:56:00,0.112,202,2
2026-06-22 04:02:00,0.175,214,2
2026-06-22 04:08:00,0.223,216,2
2026-06-22 04:14:00,0.233,217,2
2026-06-22 04:20:00,0.297,216,2
2026-06-22 04:26:00,0.345,231,2
2026-06-22 04:32:00,0.386,236,2
2026-06-22 04:38:00,0.404,220,2
2026-06-22 04:44:00,0.322,240,2
2026-06-22 04:50:00,0.343,242,2
2026-06-22 04:56:00,0.208,193,2
2026-06-22 05:02:00,0.332,210,2
2026-06-22 05:08:00,0.495,223,2
2026-06-22 05:14:00,0.549,230,2
2026-06-22 05:20:00,0.439,241,2
2026-06-22 05:26:00,0.432,216,2
2026-06-22 05:32:00,0.589,235,2
2026-06-22 05:38:00,0.441,209,2
2026-06-22 05:44:00,0.561,215,2
2026-06-22 05:50:00,0.498,225,2
2026-06-22 05:56:00,0.496,232,2
2026-06-22 06:02:00,0.47,214,2
2026-06-22 06:08:00,0.509,221,2
2026-06-22 06:14:00,0.493,205,2
2026-06-22 06:20:00,0.552,228,2
2026-06-22 06:26:00,0.499,203,2
2026-06-22 06:32:00,0.414,217,2
2026-06-22 06:38:00,0.495,211,2
2026-06-22 06:44:00,0.575,219,2
2026-06-22 06:50:00,0.601,226,2
2026-06-22 06:56:00,0.533,222,2
2026-06-22 07:02:00,0.516,191,2
2026-06-22 07:08:00,0.471,202,2
2026-06-22 07:14:00,0.415,182,2
2026-06-22 07:20:00,0.309,195,2
2026-06-22 07:26:00,0.263,194,2
2026-06-22 07:32:00,0.321,186,2
2026-06-22 07:38:00,0.256,197,2
2026-06-22 07:44:00,0.283,203,2
2026-06-22 07:50:00,0.282,191,2
2026-06-22 07:56:00,0.24,204,2
2026-06-22 08:02:00,0.215,206,2
2026-06-22 08:08:00,0.271,193,2
2026-06-22 08:14:00,0.145,132,2
2026-06-22 08:20:00,0.153,162,2
2026-06-22 08:26:00,0.136,165,2
2026-06-22 08:32:00,0.082,143,2
2026-06-22 08:38:00,0.109,162,2
2026-06-22 08:44:00,0.155,137,2
2026-06-22 08:50:00,0.091,101,2
2026-06-22 08:56:00,0.144,81,2
2026-06-22 09:02:00,0.148,119,2
2026-06-22 09:08:00,0.109,45,2
2026-06-22 09:14:00,0.17,51,2
2026-06-22 09:20:00,0.275,60,2
2026-06-22 09:26:00,0.158,64,2
2026-06-22 09:32:00,0.298,86,2
2026-06-22 09:38:00,0.319,44,2
2026-06-22 09:44:00,0.363,69,2
2026-06-22 09:50:00,0.4,40,2
2026-06-22 09:56:00,0.348,38,2
2026-06-22 10:02:00,0.423,47,2
2026-06-22 10:08:00,0.411,39,2
2026-06-22 10:14:00,0.432,72,2
2026-06-22 10:20:00,0.448,33,2
2026-06-22 10:26:00,0.469,43,2
2026-06-22 10:32:00,0.367,10,2
2026-06-22 10:38:00,0.613,60,2
2026-06-22 10:44:00,0.474,12,2
2026-06-22 10:50:00,0.376,11,2
2026-06-22 10:56:00,0.517,24,2
2026-06-22 11:02:00,0.524,11,2
2026-06-22 11:08:00,0.612,29,2
2026-06-22 11:14:00,0.567,38,2
2026-06-22 11:20:00,0.667,28,2
2026-06-22 11:26:00,0.65,58,2
2026-06-22 11:32:00,0.61,13,2
2026-06-22 11:38:00,0.795,41,2
2026-06-22 11:44:00,0.857,10,2
2026-06-22 11:50:00,0.873,20,2
2026-06-22 11:56:00,0.802,357,2
2026-06-22 12:02:00,0.874,22,2
2026-06-22 12:08:00,1.04,10,2
2026-06-22 12:14:00,1.025,38,2
2026-06-22 12:20:00,0.926,23,2
2026-06-22 12:26:00,0.904,26,2
2026-06-22 12:32:00,0.873,30,2
2026-06-22 12:38:00,0.905,27,2
2026-06-22 12:44:00,0.85,11,2
2026-06-22 12:50:00,0.762,19,2
2026-06-22 12:56:00,0.758,27,2
2026-06-22 13:02:00,0.772,23,2
2026-06-22 13:08:00,0.726,22,2
2026-06-22 13:14:00,0.686,22,2
2026-06-22 13:20:00,0.741,4,2
2026-06-22 13:26:00,0.67,28,2
2026-06-22 13:32:00,0.656,32,2
2026-06-22 13:38:00,0.613,25,2
2026-06-22 13:44:00,0.634,32,2
2026-06-22 13:50:00,0.556,18,2
2026-06-22 13:56:00,0.574,10,2
2026-06-22 14:02:00,0.521,11,2
2026-06-22 14:08:00,0.533,8,2
2026-06-22 14:14:00,0.491,13,2
2026-06-22 14:20:00,0.377,36,2
2026-06-22 14:26:00,0.392,30,2
2026-06-22 14:32:00,0.341,7,2
2026-06-22 14:38:00,0.503,337,2
2026-06-22 14:44:00,0.388,22,2
2026-06-22 14:50:00,0.358,14,2
2026-06-22 14:56:00,0.422,2,2
2026-06-22 15:02:00,0.351,69,2
2026-06-22 15:08:00,0.348,53,2
2026-06-22 15:14:00,0.296,35,2
2026-06-22 15:20:00,0.234,41,2
2026-06-22 15:26:00,0.134,12,2
2026-06-22 15:32:00,0.247,28,2
2026-06-22 15:38:00,0.176,13,2
2026-06-22 15:44:00,0.206,32,2
2026-06-22 15:50:00,0.124,66,2
2026-06-22 15:56:00,0.097,348,2
2026-06-22 16:02:00,0.03,3,2
2026-06-22 16:08:00,0.123,80,2
2026-06-22 16:14:00,0.082,40,2
2026-06-22 16:20:00,0.062,21,2
2026-06-22 16:26:00,0.069,10,2
2026-06-22 16:32:00,0.065,10,2
2026-06-22 16:38:00,0.054,38,2
2026-06-22 16:44:00,0.112,40,2
2026-06-22 16:50:00,0.07,78,2
2026-06-22 16:56:00,0.051,348,2
2026-06-22 17:02:00,0.086,50,2
2026-06-22 17:08:00,0.056,148,2
2026-06-22 17:14:00,0.037,84,2
2026-06-22 17:20:00,0.047,8,2
2026-06-22 17:26:00,0.037,264,2
2026-06-22 17:32:00,0.041,168,2
2026-06-22 17:38:00,0.033,99,2
2026-06-22 17:44:00,0.066,140,2
2026-06-22 17:50:00,0.156,139,2
2026-06-22 17:56:00,0.082,81,2
2026-06-22 18:02:00,0.027,168,2
2026-06-22 18:08:00,0.172,84,2
2026-06-22 18:14:00,0.122,101,2
2026-06-22 18:20:00,0.254,55,2
2026-06-22 18:26:00,0.137,91,2
2026-06-22 18:32:00,0.131,94,2
2026-06-22 18:38:00,0.121,77,2
2026-06-22 18:44:00,0.123,93,2
2026-06-22 18:50:00,0.124,77,2
2026-06-22 18:56:00,0.198,78,2
2026-06-22 19:02:00,0.206,63,2
2026-06-22 19:08:00,0.115,83,2
2026-06-22 19:14:00,0.112,118,2
2026-06-22 19:20:00,0.149,86,2
2026-06-22 19:26:00,0.161,132,2
2026-06-22 19:32:00,0.155,118,2
2026-06-22 19:38:00,0.159,156,2
2026-06-22 19:44:00,0.09,163,2
2026-06-22 19:50:00,0.101,95,2
2026-06-22 19:56:00,0.084,80,2
2026-06-22 20:02:00,0.072,72,2
2026-06-22 20:08:00,0.154,41,2
2026-06-22 20:14:00,0.135,107,2
2026-06-22 20:20:00,0.002,258,2
2026-06-22 20:26:00,0.216,86,2
2026-06-22 20:32:00,0.14,74,2
2026-06-22 20:38:00,0.281,38,2
2026-06-22 20:44:00,0.207,49,2
2026-06-22 20:50:00,0.262,63,2
2026-06-22 20:56:00,0.235,34,2
2026-06-22 21:02:00,0.235,62,2
2026-06-22 21:08:00,0.16,27,2
2026-06-22 21:14:00,0.134,40,2
2026-06-22 21:20:00,0.278,65,2
2026-06-22 21:26:00,0.224,54,2
2026-06-22 21:32:00,0.202,52,2
2026-06-22 21:38:00,0.256,36,2
2026-06-22 21:44:00,0.336,36,2
2026-06-22 21:50:00,0.297,33,2
2026-06-22 21:56:00,0.352,40,2
2026-06-22 22:02:00,0.374,7,2
2026-06-22 22:08:00,0.462,8,2
2026-06-22 22:14:00,0.371,10,2
2026-06-22 22:20:00,0.382,18,2
2026-06-22 22:26:00,0.317,26,2
2026-06-22 22:32:00,0.402,29,2
2026-06-22 22:38:00,0.466,18,2
2026-06-22 22:44:00,0.619,35,2
2026-06-22 22:50:00,0.654,21,2
2026-06-22 22:56:00,0.688,24,2
2026-06-22 23:02:00,0.66,21,2
2026-06-22 23:08:00,0.767,17,2
2026-06-22 23:14:00,0.717,7,2
2026-06-22 23:20:00,0.706,3,2
2026-06-22 23:26:00,0.77,16,2
2026-06-22 23:32:00,0.782,15,2
2026-06-22 23:38:00,0.713,8,2
2026-06-22 23:44:00,0.781,25,2
2026-06-22 23:50:00,0.846,8,2
2026-06-22 23:56:00,0.822,18,2
2026-06-23 00:02:00,0.787,20,2
2026-06-23 00:08:00,0.841,5,2
2026-06-23 00:14:00,0.806,10,2
2026-06-23 00:20:00,0.817,359,2
2026-06-23 00:26:00,0.805,7,2
2026-06-23 00:32:00,0.811,24,2
2026-06-23 00:38:00,0.923,10,2
2026-06-23 00:44:00,0.738,14,2
2026-06-23 00:50:00,0.768,36,2
2026-06-23 00:56:00,0.768,7,2
2026-06-23 01:02:00,0.813,28,2
2026-06-23 01:08:00,0.723,30,2
2026-06-23 01:14:00,0.725,28,2
2026-06-23 01:20:00,0.792,25,2
2026-06-23 01:26:00,0.746,17,2
2026-06-23 01:32:00,0.736,8,2
2026-06-23 01:38:00,0.768,24,2
2026-06-23 01:44:00,0.71,29,2
2026-06-23 01:50:00,0.783,26,2
2026-06-23 01:56:00,0.662,15,2
2026-06-23 02:02:00,0.683,18,2
2026-06-23 02:08:00,0.625,357,2
2026-06-23 02:14:00,0.658,14,2
2026-06-23 02:20:00,0.523,25,2
2026-06-23 02:26:00,0.585,42,2
2026-06-23 02:32:00,0.555,22,2
2026-06-23 02:38:00,0.551,20,2
2026-06-23 02:44:00,0.564,6,2
2026-06-23 02:50:00,0.536,17,2
2026-06-23 02:56:00,0.488,8,2
2026-06-23 03:02:00,0.508,30,2
2026-06-23 03:08:00,0.5,17,2
2026-06-23 03:14:00,0.413,42,2
2026-06-23 03:20:00,0.359,23,2
2026-06-23 03:26:00,0.243,40,2
2026-06-23 03:32:00,0.243,13,2
2026-06-23 03:38:00,0.328,354,2
2026-06-23 03:44:00,0.288,6,2
2026-06-23 03:50:00,0.283,357,2
2026-06-23 03:56:00,0.283,15,2
2026-06-23 04:02:00,0.157,28,2
2026-06-23 04:08:00,0.168,15,2
2026-06-23 04:14:00,0.061,15,2
2026-06-23 04:20:00,0.099,350,2
2026-06-23 04:26:00,0.02,90,2
2026-06-23 04:32:00,0.04,313,2
2026-06-23 04:38:00,0.109,259,2
2026-06-23 04:44:00,0.101,171,2
2026-06-23 04:50:00,0.075,220,2
2026-06-23 04:56:00,0.175,137,2
2026-06-23 05:02:00,0.1,126,2
2026-06-23 05:08:00,0.176,195,2
2026-06-23 05:14:00,0.187,165,2
2026-06-23 05:20:00,0.156,150,2
2026-06-23 05:26:00,0.238,190,2
2026-06-23 05:32:00,0.324,217,2
2026-06-23 05:38:00,0.28,198,2
2026-06-23 05:44:00,0.305,261,2
2026-06-23 05:50:00,0.359,201,2
2026-06-23 05:56:00,0.389,250,2
2026-06-23 06:02:00,0.369,231,2
2026-06-23 06:08:00,0.466,221,2
2026-06-23 06:14:00,0.494,219,2
2026-06-23 06:20:00,0.411,221,2
2026-06-23 06:26:00,0.561,208,2
2026-06-23 06:32:00,0.539,266,2
2026-06-23 06:38:00,0.525,207,2
2026-06-23 06:44:00,0.562,247,2
2026-06-23 06:50:00,0.651,182,2
2026-06-23 06:56:00,0.735,234,2
2026-06-23 07:02:00,0.71,258,2
2026-06-23 07:08:00,0.805,240,2
2026-06-23 07:14:00,0.989,197,2
2026-06-23 07:20:00,1.01,189,2
2026-06-23 07:26:00,0.919,172,2
2026-06-23 07:32:00,0.893,186,2
2026-06-23 07:38:00,0.989,174,2
2026-06-23 07:44:00,1.014,246,2
2026-06-23 07:50:00,1.165,184,2
2026-06-23 07:56:00,1.321,231,2
2026-06-23 08:02:00,1.462,207,2
2026-06-23 08:08:00,1.46,206,2
2026-06-23 08:14:00,1.704,219,2
2026-06-23 08:20:00,1.673,206,2
2026-06-23 08:26:00,1.63,212,2
2026-06-23 08:32:00,1.667,200,2
2026-06-23 08:38:00,1.683,204,2
2026-06-23 08:44:00,1.6,217,2
2026-06-23 08:50:00,1.605,212,2
2026-06-23 08:56:00,1.548,213,2
2026-06-23 09:02:00,1.47,212,2
2026-06-23 09:08:00,1.523,209,2
2026-06-23 09:14:00,1.546,206,2
2026-06-23 09:20:00,1.541,221,2
2026-06-23 09:26:00,1.548,206,2
2026-06-23 09:32:00,1.539,207,2
2026-06-23 09:38:00,1.534,206,2
2026-06-23 09:44:00,1.206,217,2
2026-06-23 09:50:00,1.349,223,2
2026-06-23 09:56:00,1.14,192,2
2026-06-23 10:02:00,1.301,210,2
2026-06-23 10:08:00,1.334,184,2
2026-06-23 10:14:00,1.202,189,2
2026-06-23 10:20:00,1.079,215,2
2026-06-23 10:26:00,1.315,201,2
2026-06-23 10:32:00,1.228,200,2
2026-06-23 10:38:00,1.17,191,2
2026-06-23 10:44:00,1.031,208,2
2026-06-23 10:50:00,1.153,211,2
2026-06-23 10:56:00,1.142,216,2
2026-06-23 11:02:00,1.137,207,2
2026-06-23 11:08:00,1.048,183,2
2026-06-23 11:14:00,0.904,190,2
2026-06-23 11:20:00,0.988,225,2
2026-06-23 11:26:00,1.04,220,2
2026-06-23 11:32:00,0.933,214,2
2026-06-23 11:38:00,0.79,213,2
2026-06-23 11:44:00,0.921,240,2
2026-06-23 11:50:00,0.75,194,2
2026-06-23 11:56:00,0.786,170,2
2026-06-23 12:02:00,0.627,208,2
2026-06-23 12:08:00,0.576,251,2
2026-06-23 12:14:00,0.566,249,2
2026-06-23 12:20:00,0.604,195,2
2026-06-23 12:26:00,0.663,258,2
2026-06-23 12:32:00,0.658,245,2
2026-06-23 12:38:00,0.507,225,2
2026-06-23 12:44:00,0.528,228,2
2026-06-23 12:50:00,0.426,253,2
2026-06-23 12:56:00,0.468,217,2
2026-06-23 13:02:00,0.317,262,2
2026-06-23 13:08:00,0.414,215,2
2026-06-23 13:14:00,0.302,192,2
2026-06-23 13:20:00,0.435,251,2
2026-06-23 13:26:00,0.469,193,2
2026-06-23 13:32:00,0.347,182,2
2026-06-23 13:38:00,0.525,200,2
2026-06-23 13:44:00,0.31,199,2
2026-06-23 13:50:00,0.228,201,2
2026-06-23 13:56:00,0.31,228,2
2026-06-23 14:02:00,0.245,217,2
2026-06-23 14:08:00,0.266,170,2
2026-06-23 14:14:00,0.223,174,2
2026-06-23 14:20:00,0.267,212,2
2026-06-23 14:26:00,0.312,213,2
2026-06-23 14:32:00,0.314,202,2
2026-06-23 14:38:00,0.308,242,2
2026-06-23 14:44:00,0.274,228,2
2026-06-23 14:50:00,0.392,184,2
2026-06-23 14:56:00,0.331,206,2
2026-06-23 15:02:00,0.358,233,2
2026-06-23 15:08:00,0.309,202,2
2026-06-23 15:14:00,0.328,218,2
2026-06-23 15:20:00,0.351,208,2
2026-06-23 15:26:00,0.499,241,2
2026-06-23 15:32:00,0.502,243,2
2026-06-23 15:38:00,0.551,220,2
2026-06-23 15:44:00,0.473,186,2
2026-06-23 15:50:00,0.594,199,2
2026-06-23 15:56:00,0.393,206,2
2026-06-23 16:02:00,0.522,190,2
2026-06-23 16:08:00,0.62,245,2
2026-06-23 16:14:00,0.712,213,2
2026-06-23 16:20:00,0.731,222,2
2026-06-23 16:26:00,0.759,198,2
2026-06-23 16:32:00,0.77,206,2
2026-06-23 16:38:00,0.806,221,2
2026-06-23 16:44:00,0.864,209,2
2026-06-23 16:50:00,0.795,215,2
2026-06-23 16:56:00,0.842,202,2
2026-06-23 17:02:00,0.942,209,2
2026-06-23 17:08:00,1.104,227,2
2026-06-23 17:14:00,1.11,225,2
2026-06-23 17:20:00,1.047,221,2
2026-06-23 17:26:00,1.101,215,2
2026-06-23 17:32:00,1.066,243,2
2026-06-23 17:38:00,1.295,230,2
2026-06-23 17:44:00,1.282,230,2
2026-06-23 17:50:00,1.354,228,2
2026-06-23 17:56:00,1.341,223,2
2026-06-23 18:02:00,1.327,236,2
2026-06-23 18:08:00,1.35,209,2
2026-06-23 18:14:00,1.449,206,2
2026-06-23 18:20:00,1.369,218,2
2026-06-23 18:26:00,1.436,200,2
2026-06-23 18:32:00,1.411,204,2
2026-06-23 18:38:00,1.363,218,2
2026-06-23 18:44:00,1.392,218,2
2026-06-23 18:50:00,1.465,214,2
2026-06-23 18:56:00,1.488,219,2
2026-06-23 19:02:00,1.573,219,2
2026-06-23 19:08:00,1.486,220,2
2026-06-23 19:14:00,1.542,204,2
2026-06-23 19:20:00,1.451,221,2
2026-06-23 19:26:00,1.474,213,2
2026-06-23 19:32:00,1.589,220,2
2026-06-23 19:38:00,1.442,216,2
2026-06-23 19:44:00,1.444,224,2
2026-06-23 19:50:00,1.412,214,2
2026-06-23 19:56:00,1.259,207,2
2026-06-23 20:02:00,1.266,220,2
2026-06-23 20:08:00,1.112,209,2
2026-06-23 20:14:00,1.177,207,2
2026-06-23 20:20:00,1.276,214,2
2026-06-23 20:26:00,1.274,212,2
2026-06-23 20:32:00,1.13,211,2
2026-06-23 20:38:00,1.09,198,2
2026-06-23 20:44:00,1.066,209,2
2026-06-23 20:50:00,1.06,233,2
2026-06-23 20:56:00,1.0,190,2
2026-06-23 21:02:00,0.966,183,2
2026-06-23 21:08:00,1.036,184,2
2026-06-23 21:14:00,0.869,229,2
2026-06-23 21:20:00,0.911,218,2
2026-06-23 21:26:00,0.814,198,2
2026-06-23 21:32:00,0.818,203,2
2026-06-23 21:38:00,0.779,220,2
2026-06-23 21:44:00,0.65,219,2
2026-06-23 21:50:00,0.698,170,2
2026-06-23 21:56:00,0.698,158,2
2026-06-23 22:02:00,0.733,210,2
2026-06-23 22:08:00,0.703,194,2
2026-06-23 22:14:00,0.649,244,2
2026-06-23 22:20:00,0.602,220,2
2026-06-23 22:26:00,0.472,263,2
2026-06-23 22:32:00,0.414,216,2
2026-06-23 22:38:00,0.388,199,2
2026-06-23 22:44:00,0.294,200,2
2026-06-23 22:50:00,0.326,202,2
2026-06-23 22:56:00,0.391,250,2
2026-06-23 23:02:00,0.281,210,2
2026-06-23 23:08:00,0.272,251,2
2026-06-23 23:14:00,0.185,219,2
2026-06-23 23:20:00,0.025,303,2
2026-06-23 23:26:00,0.136,24,2
2026-06-23 23:32:00,0.14,325,2
2026-06-23 23:38:00,0.121,351,2
2026-06-23 23:44:00,0.18,329,2
2026-06-23 23:50:00,0.261,351,2
2026-06-23 23:56:00,0.366,37,2
2026-06-24 00:02:00,0.445,30,2
2026-06-24 00:08:00,0.504,37,2
2026-06-24 00:14:00,0.41,17,2
2026-06-24 00:20:00,0.469,22,2
2026-06-24 00:26:00,0.539,47,2
2026-06-24 00:32:00,0.588,21,2
2026-06-24 00:38:00,0.676,16,2
2026-06-24 00:44:00,0.705,28,2
2026-06-24 00:50:00,0.737,16,2
2026-06-24 00:56:00,0.667,49,2
2026-06-24 01:02:00,0.604,24,2
2026-06-24 01:08:00,0.665,3,2
2026-06-24 01:14:00,0.673,49,2
2026-06-24 01:20:00,0.661,56,2
2026-06-24 01:26:00,0.642,26,2
2026-06-24 01:32:00,0.666,6,2
2026-06-24 01:38:00,0.602,357,2
2026-06-24 01:44:00,0.65,16,2
2026-06-24 01:50:00,0.624,37,2
2026-06-24 01:56:00,0.712,23,2
2026-06-24 02:02:00,0.631,2,2
2026-06-24 02:08:00,0.551,24,2
2026-06-24 02:14:00,0.655,23,2
2026-06-24 02:20:00,0.691,28,2
2026-06-24 02:26:00,0.635,20,2
2026-06-24 02:32:00,0.637,16,2
2026-06-24 02:38:00,0.593,48,2
2026-06-24 02:44:00,0.433,25,2
2026-06-24 02:50:00,0.479,2,2
2026-06-24 02:56:00,0.421,47,2
2026-06-24 03:02:00,0.46,25,2
2026-06-24 03:08:00,0.417,14,2
2026-06-24 03:14:00,0.374,30,2
2026-06-24 03:20:00,0.337,30,2
2026-06-24 03:26:00,0.255,51,2
2026-06-24 03:32:00,0.134,348,2
2026-06-24 03:38:00,0.2,4,2
2026-06-24 03:44:00,0.111,72,2
2026-06-24 03:50:00,0.068,98,2
2026-06-24 03:56:00,0.131,198,2
2026-06-24 04:02:00,0.035,329,2
2026-06-24 04:08:00,0.097,0,2
2026-06-24 04:14:00,0.046,238,2
2026-06-24 04:20:00,0.142,140,2
2026-06-24 04:26:00,0.077,186,2
2026-06-24 04:32:00,0.153,138,2
2026-06-24 04:38:00,0.135,236,2
2026-06-24 04:44:00,0.032,216,2
2026-06-24 04:50:00,0.027,254,2
2026-06-24 05:02:00,0.175,219,2
2026-06-24 05:08:00,0.242,217,2
2026-06-24 05:14:00,0.346,204,2
2026-06-24 05:20:00,0.282,200,2
2026-06-24 05:26:00,0.323,222,2
2026-06-24 05:32:00,0.242,217,2
2026-06-24 05:38:00,0.31,222,2
2026-06-24 05:44:00,0.359,231,2
2026-06-24 05:50:00,0.284,220,2
2026-06-24 05:56:00,0.275,236,2
2026-06-24 06:14:00,0.472,230,2
2026-06-24 06:20:00,0.443,199,2
2026-06-24 06:26:00,0.506,222,2
2026-06-24 06:32:00,0.569,235,2
2026-06-24 06:38:00,0.507,243,2
2026-06-24 06:44:00,0.446,204,2
2026-06-24 06:50:00,0.611,234,2
2026-06-24 06:56:00,0.548,207,2
2026-06-24 07:02:00,0.508,236,2
2026-06-24 07:08:00,0.597,205,2
2026-06-24 07:14:00,0.543,216,2
2026-06-24 07:20:00,0.609,256,2
2026-06-24 07:26:00,0.686,208,2
2026-06-24 07:32:00,0.601,214,2
2026-06-24 07:38:00,0.577,185,2
2026-06-24 07:44:00,0.654,234,2
2026-06-24 07:50:00,0.595,209,2
2026-06-24 07:56:00,0.669,232,2
2026-06-24 08:02:00,0.69,250,2
2026-06-24 08:08:00,0.65,191,2
2026-06-24 08:14:00,0.756,227,2
2026-06-24 08:20:00,0.64,231,2
2026-06-24 08:26:00,0.653,192,2
2026-06-24 08:32:00,0.818,213,2
2026-06-24 08:38:00,0.857,207,2
2026-06-24 08:44:00,0.816,190,2
2026-06-24 08:50:00,0.711,235,2
2026-06-24 08:56:00,0.782,170,2
2026-06-24 09:02:00,0.761,220,2
2026-06-24 09:08:00,0.779,232,2
2026-06-24 09:14:00,0.787,229,2
2026-06-24 09:20:00,0.723,249,2
2026-06-24 09:26:00,0.641,205,2
2026-06-24 09:32:00,0.671,263,2
2026-06-24 09:38:00,0.668,255,2
2026-06-24 09:44:00,0.576,201,2
2026-06-24 09:50:00,0.559,186,2
2026-06-24 09:56:00,0.61,199,2
2026-06-24 10:02:00,0.454,233,2
2026-06-24 10:08:00,0.402,217,2
2026-06-24 10:14:00,0.343,211,2
2026-06-24 10:20:00,0.45,280,2
2026-06-24 10:26:00,0.477,232,2
2026-06-24 10:32:00,0.529,261,2
2026-06-24 10:38:00,0.459,206,2
2026-06-24 10:44:00,0.387,258,2
2026-06-24 10:50:00,0.393,212,2
2026-06-24 10:56:00,0.371,211,2
2026-06-24 11:02:00,0.247,232,2
2026-06-24 11:08:00,0.233,269,2
2026-06-24 11:14:00,0.266,236,2
2026-06-24 11:20:00,0.302,321,2
2026-06-24 11:26:00,0.264,298,2
2026-06-24 11:32:00,0.252,252,2
2026-06-24 11:38:00,0.19,287,2
2026-06-24 11:44:00,0.11,302,2
2026-06-24 11:50:00,0.2,15,2
2026-06-24 11:56:00,0.074,330,2
2026-06-24 12:02:00,0.209,330,2
2026-06-24 12:08:00,0.192,4,2
2026-06-24 12:14:00,0.181,50,2
2026-06-24 12:20:00,0.256,35,2
2026-06-24 12:26:00,0.358,354,2
2026-06-24 12:32:00,0.324,15,2
2026-06-24 12:38:00,0.431,19,2
2026-06-24 12:44:00,0.369,43,2
2026-06-24 12:50:00,0.343,47,2
2026-06-24 12:56:00,0.441,38,2
2026-06-24 13:02:00,0.419,34,2
2026-06-24 13:08:00,0.472,42,2
2026-06-24 13:20:00,0.483,10,2
2026-06-24 13:26:00,0.514,23,2
2026-06-24 13:38:00,0.604,29,2
2026-06-24 13:44:00,0.532,36,2
2026-06-24 13:50:00,0.44,29,2
2026-06-24 13:56:00,0.547,27,2
2026-06-24 14:02:00,0.522,39,2
2026-06-24 14:08:00,0.508,24,2
2026-06-24 14:14:00,0.506,13,2
2026-06-24 14:20:00,0.501,10,2
2026-06-24 14:26:00,0.509,61,2
2026-06-24 14:32:00,0.516,14,2
2026-06-24 14:38:00,0.543,35,2
2026-06-24 14:44:00,0.484,32,2
2026-06-24 14:50:00,0.403,42,2
2026-06-24 14:56:00,0.479,24,2
2026-06-24 15:02:00,0.503,32,2
2026-06-24 15:08:00,0.443,32,2
2026-06-24 15:14:00,0.442,16,2
2026-06-24 15:20:00,0.385,35,2
2026-06-24 15:26:00,0.284,46,2
2026-06-24 15:32:00,0.32,50,2
2026-06-24 15:38:00,0.302,54,2
2026-06-24 15:44:00,0.286,44,2
2026-06-24 15:50:00,0.227,26,2
2026-06-24 15:56:00,0.117,29,2
2026-06-24 16:02:00,0.088,73,2
2026-06-24 16:08:00,0.241,59,2
2026-06-24 16:14:00,0.5,84,2
2026-06-24 16:20:00,0.285,97,2
2026-06-24 16:26:00,0.107,78,2
2026-06-24 16:32:00,0.157,63,2
2026-06-24 16:38:00,0.07,77,2
2026-06-24 16:44:00,0.059,55,2
2026-06-24 16:50:00,0.141,196,2
2026-06-24 16:56:00,0.043,219,2
2026-06-24 17:02:00,0.129,237,2
2026-06-24 17:08:00,0.159,204,2
2026-06-24 17:14:00,0.172,218,2
2026-06-24 17:20:00,0.172,240,2
2026-06-24 17:26:00,0.255,230,2
2026-06-24 17:32:00,0.271,216,2
2026-06-24 17:38:00,0.286,228,2
2026-06-24 17:44:00,0.319,249,2
2026-06-24 17:50:00,0.243,227,2
2026-06-24 17:56:00,0.251,225,2
2026-06-24 18:02:00,0.258,225,2
2026-06-24 18:08:00,0.322,220,2
2026-06-24 18:14:00,0.304,227,2
2026-06-24 18:20:00,0.234,235,2
2026-06-24 18:26:00,0.308,215,2
2026-06-24 18:32:00,0.341,240,2
2026-06-24 18:38:00,0.378,221,2
2026-06-24 18:44:00,0.353,234,2
2026-06-24 18:50:00,0.45,235,2
2026-06-24 18:56:00,0.379,224,2
2026-06-24 19:02:00,0.425,222,2
2026-06-24 19:08:00,0.396,208,2
2026-06-24 19:14:00,0.433,225,2
2026-06-24 19:20:00,0.356,234,2
2026-06-24 19:26:00,0.305,216,2
2026-06-24 19:32:00,0.403,224,2
2026-06-24 19:38:00,0.417,185,2
2026-06-24 19:44:00,0.465,171,2
2026-06-24 19:50:00,0.508,220,2
2026-06-24 19:56:00,0.419,218,2
2026-06-24 20:02:00,0.368,188,2
2026-06-24 20:08:00,0.458,219,2
2026-06-24 20:14:00,0.57,211,2
2026-06-24 20:20:00,0.519,217,2
2026-06-24 20:26:00,0.562,187,2
2026-06-24 20:32:00,0.505,210,2
2026-06-24 20:38:00,0.532,213,2
2026-06-24 20:44:00,0.55,217,2
2026-06-24 20:50:00,0.54,250,2
2026-06-24 20:56:00,0.454,207,2
2026-06-24 21:02:00,0.424,210,2
2026-06-24 21:08:00,0.343,180,2
2026-06-24 21:14:00,0.304,220,2
2026-06-24 21:20:00,0.425,203,2
2026-06-24 21:26:00,0.309,203,2
2026-06-24 21:32:00,0.241,184,2
2026-06-24 21:38:00,0.258,197,2
2026-06-24 21:44:00,0.244,202,2
2026-06-24 21:50:00,0.227,178,2
2026-06-24 21:56:00,0.079,206,2
2026-06-24 22:02:00,0.138,192,2
2026-06-24 22:08:00,0.166,191,2
2026-06-24 22:14:00,0.023,278,2
2026-06-24 22:20:00,0.02,242,2
2026-06-24 22:26:00,0.13,192,2
2026-06-24 22:32:00,0.125,101,2
2026-06-24 22:38:00,0.044,123,2
2026-06-24 22:44:00,0.054,29,2
2026-06-24 22:50:00,0.024,50,2
2026-06-24 22:56:00,0.135,122,2
2026-06-24 23:02:00,0.11,53,2
2026-06-24 23:08:00,0.226,75,2
2026-06-24 23:14:00,0.187,47,2
2026-06-24 23:20:00,0.268,34,2
2026-06-24 23:26:00,0.252,27,2
2026-06-24 23:32:00,0.326,32,2
2026-06-24 23:38:00,0.328,14,2
2026-06-24 23:44:00,0.378,4,2
2026-06-24 23:50:00,0.429,25,2
2026-06-24 23:56:00,0.506,16,2
2026-06-25 00:02:00,0.473,7,2
2026-06-25 00:08:00,0.49,22,2
2026-06-25 00:14:00,0.531,0,2
2026-06-25 00:20:00,0.575,5,2
2026-06-25 00:26:00,0.63,10,2
2026-06-25 00:32:00,0.618,14,2
2026-06-25 00:38:00,0.651,354,2
2026-06-25 00:44:00,0.691,36,2
2026-06-25 00:50:00,0.731,4,2
2026-06-25 00:56:00,0.785,17,2
2026-06-25 01:02:00,0.751,20,2
2026-06-25 01:08:00,0.848,21,2
2026-06-25 01:14:00,0.817,357,2
2026-06-25 01:20:00,0.935,29,2
2026-06-25 01:26:00,0.829,27,2
2026-06-25 01:32:00,0.767,26,2
2026-06-25 01:38:00,0.715,20,2
2026-06-25 01:44:00,0.621,16,2
2026-06-25 01:50:00,0.703,16,2
2026-06-25 01:56:00,0.735,26,2
2026-06-25 02:02:00,0.842,3,2
2026-06-25 02:08:00,0.857,18,2
2026-06-25 02:14:00,0.825,9,2
2026-06-25 02:20:00,0.748,16,2
2026-06-25 02:26:00,0.754,40,2
2026-06-25 02:32:00,0.846,47,2
2026-06-25 02:38:00,0.825,39,2
2026-06-25 02:44:00,0.815,24,2
2026-06-25 02:50:00,0.799,16,2
2026-06-25 02:56:00,0.727,11,2
2026-06-25 03:02:00,0.788,15,2
2026-06-25 03:08:00,0.833,17,2
2026-06-25 03:14:00,0.691,17,2
2026-06-25 03:20:00,0.726,9,2
2026-06-25 03:26:00,0.706,30,2
2026-06-25 03:32:00,0.724,13,2
2026-06-25 03:38:00,0.651,20,2
2026-06-25 03:44:00,0.598,9,2
2026-06-25 03:50:00,0.641,356,2
2026-06-25 03:56:00,0.595,28,2
2026-06-25 04:02:00,0.407,18,2
2026-06-25 04:08:00,0.468,39,2
2026-06-25 04:14:00,0.359,21,2
2026-06-25 04:20:00,0.347,1,2
2026-06-25 04:26:00,0.398,318,2
2026-06-25 04:32:00,0.308,16,2
2026-06-25 04:38:00,0.225,336,2
2026-06-25 04:44:00,0.236,308,2
2026-06-25 04:50:00,0.213,1,2
2026-06-25 04:56:00,0.174,3,2
2026-06-25 05:02:00,0.211,330,2
2026-06-25 05:08:00,0.085,303,2
2026-06-25 05:14:00,0.117,336,2
2026-06-25 05:20:00,0.204,307,2
2026-06-25 05:26:00,0.203,313,2
2026-06-25 05:32:00,0.194,347,2
2026-06-25 05:38:00,0.236,352,2
2026-06-25 05:44:00,0.11,303,2
2026-06-25 05:50:00,0.111,5,2
2026-06-25 05:56:00,0.04,11,2
2026-06-25 06:02:00,0.083,243,2
2026-06-25 06:08:00,0.049,62,2
2026-06-25 06:14:00,0.082,222,2
2026-06-25 06:20:00,0.086,251,2
2026-06-25 06:26:00,0.185,249,2
2026-06-25 06:32:00,0.218,234,2
2026-06-25 06:38:00,0.13,235,2
2026-06-25 06:44:00,0.066,230,2
2026-06-25 06:50:00,0.027,87,2
2026-06-25 06:56:00,0.194,223,2
2026-06-25 07:02:00,0.209,247,2
2026-06-25 07:08:00,0.296,217,2
2026-06-25 07:14:00,0.297,182,2
2026-06-25 07:20:00,0.342,265,2
2026-06-25 07:26:00,0.333,202,2
2026-06-25 07:32:00,0.387,199,2
2026-06-25 07:38:00,0.465,153,2
2026-06-25 07:44:00,0.423,198,2
2026-06-25 07:50:00,0.499,195,2
2026-06-25 07:56:00,0.572,218,2
2026-06-25 08:02:00,0.576,255,2
2026-06-25 08:08:00,0.619,261,2
2026-06-25 08:14:00,0.677,200,2
2026-06-25 08:20:00,0.633,222,2
2026-06-25 08:26:00,0.648,223,2
2026-06-25 08:32:00,0.736,202,2
2026-06-25 08:38:00,0.613,249,2
2026-06-25 08:44:00,0.687,214,2
2026-06-25 08:50:00,0.665,176,2
2026-06-25 08:56:00,0.494,217,2
2026-06-25 09:02:00,0.594,199,2
2026-06-25 09:08:00,0.481,233,2
2026-06-25 09:14:00,0.595,210,2
2026-06-25 09:20:00,0.591,234,2
2026-06-25 09:26:00,0.686,197,2
2026-06-25 09:32:00,0.639,223,2
2026-06-25 09:38:00,0.732,202,2
2026-06-25 09:44:00,0.919,218,2
2026-06-25 09:50:00,0.901,217,2
2026-06-25 09:56:00,0.818,186,2
2026-06-25 10:02:00,0.908,240,2
2026-06-25 10:08:00,1.03,254,2
2026-06-25 10:14:00,0.973,222,2
2026-06-25 10:20:00,0.926,218,2
2026-06-25 10:26:00,0.979,201,2
2026-06-25 10:32:00,0.98,232,2
2026-06-25 10:38:00,0.907,214,2
2026-06-25 10:44:00,0.857,239,2
2026-06-25 10:50:00,0.753,245,2
2026-06-25 10:56:00,0.818,211,2
2026-06-25 11:02:00,0.731,241,2
2026-06-25 11:08:00,0.695,236,2
2026-06-25 11:14:00,0.56,201,2
2026-06-25 11:20:00,0.671,220,2
2026-06-25 11:26:00,0.624,215,2
2026-06-25 11:32:00,0.618,254,2
2026-06-25 11:38:00,0.635,225,2
2026-06-25 11:44:00,0.553,229,2
2026-06-25 11:50:00,0.576,201,2
2026-06-25 11:56:00,0.615,197,2
2026-06-25 12:02:00,0.587,213,2
2026-06-25 12:08:00,0.573,235,2
2026-06-25 12:14:00,0.541,202,2
2026-06-25 12:20:00,0.481,246,2
2026-06-25 12:26:00,0.408,234,2
2026-06-25 12:32:00,0.429,240,2
2026-06-25 12:38:00,0.519,238,2
2026-06-25 12:44:00,0.439,253,2
2026-06-25 12:56:00,0.249,298,2
2026-06-25 13:02:00,0.208,294,2
2026-06-25 13:08:00,0.163,323,2
2026-06-25 13:14:00,0.039,279,2
2026-06-25 13:20:00,0.103,284,2
2026-06-25 13:26:00,0.123,300,2
2026-06-25 13:32:00,0.173,357,2
2026-06-25 13:38:00,0.176,355,2
2026-06-25 13:44:00,0.343,17,2
2026-06-25 13:50:00,0.258,11,2
2026-06-25 13:56:00,0.382,21,2
2026-06-25 14:02:00,0.41,5,2
2026-06-25 14:08:00,0.366,3,2
2026-06-25 14:14:00,0.518,20,2
2026-06-25 14:20:00,0.45,28,2
2026-06-25 14:26:00,0.43,18,2
2026-06-25 14:32:00,0.451,358,2
2026-06-25 14:38:00,0.472,27,2
2026-06-25 14:44:00,0.381,20,2
2026-06-25 14:50:00,0.468,16,2
2026-06-25 14:56:00,0.466,20,2
2026-06-25 15:02:00,0.408,28,2
2026-06-25 15:08:00,0.502,35,2
2026-06-25 15:14:00,0.414,28,2
2026-06-25 15:20:00,0.401,11,2
2026-06-25 15:26:00,0.423,39,2
2026-06-25 15:32:00,0.396,6,2
2026-06-25 15:38:00,0.328,10,2
2026-06-25 15:44:00,0.319,3,2
2026-06-25 15:50:00,0.273,17,2
2026-06-25 15:56:00,0.218,2,2
2026-06-25 16:02:00,0.146,335,2
2026-06-25 16:08:00,0.219,334,2
2026-06-25 16:14:00,0.221,342,2
2026-06-25 16:20:00,0.197,311,2
2026-06-25 16:26:00,0.134,335,2
2026-06-25 16:32:00,0.239,320,2
2026-06-25 16:38:00,0.294,303,2
2026-06-25 16:44:00,0.242,307,2
2026-06-25 16:50:00,0.084,240,2
2026-06-25 16:56:00,0.089,258,2
2026-06-25 17:02:00,0.149,266,2
2026-06-25 17:08:00,0.18,272,2
2026-06-25 17:14:00,0.187,302,2
2026-06-25 17:20:00,0.134,316,2
2026-06-25 17:26:00,0.179,296,2
2026-06-25 17:32:00,0.197,262,2
2026-06-25 17:38:00,0.158,260,2
2026-06-25 17:44:00,0.179,257,2
2026-06-25 17:50:00,0.208,248,2
2026-06-25 17:56:00,0.172,265,2
2026-06-25 18:02:00,0.234,255,2
2026-06-25 18:08:00,0.209,263,2
2026-06-25 18:14:00,0.22,238,2
2026-06-25 18:20:00,0.116,208,2
2026-06-25 18:26:00,0.285,241,2
2026-06-25 18:32:00,0.325,238,2
2026-06-25 18:38:00,0.243,323,2
2026-06-25 18:44:00,0.211,238,2
2026-06-25 18:50:00,0.312,226,2
2026-06-25 18:56:00,0.092,110,2
2026-06-25 19:02:00,0.286,185,2
2026-06-25 19:08:00,0.271,247,2
2026-06-25 19:14:00,0.274,257,2
2026-06-25 19:20:00,0.126,266,2
2026-06-25 19:26:00,0.212,307,2
2026-06-25 19:32:00,0.148,256,2
2026-06-25 19:38:00,0.253,278,2
2026-06-25 19:44:00,0.189,278,2
2026-06-25 19:50:00,0.191,268,2
2026-06-25 19:56:00,0.294,271,2
2026-06-25 20:02:00,0.34,217,2
2026-06-25 20:08:00,0.302,230,2
2026-06-25 20:14:00,0.312,215,2
2026-06-25 20:20:00,0.273,209,2
2026-06-25 20:26:00,0.349,203,2
2026-06-25 20:32:00,0.292,209,2
2026-06-25 20:38:00,0.33,197,2
2026-06-25 20:44:00,0.352,209,2
2026-06-25 20:50:00,0.338,220,2
2026-06-25 20:56:00,0.354,201,2
2026-06-25 21:02:00,0.257,186,2
2026-06-25 21:08:00,0.095,258,2
2026-06-25 21:14:00,0.318,200,2
2026-06-25 21:20:00,0.343,189,2
2026-06-25 21:26:00,0.256,182,2
2026-06-25 21:32:00,0.282,195,2
2026-06-25 21:38:00,0.19,237,2
2026-06-25 21:44:00,0.107,216,2
2026-06-25 21:50:00,0.17,203,2
2026-06-25 21:56:00,0.142,168,2
2026-06-25 22:02:00,0.105,74,2
2026-06-25 22:08:00,0.099,81,2
2026-06-25 22:14:00,0.081,67,2
2026-06-25 22:20:00,0.085,203,2
2026-06-25 22:26:00,0.08,77,2
2026-06-25 22:32:00,0.087,27,2
2026-06-25 22:38:00,0.071,67,2
2026-06-25 22:44:00,0.166,68,2
2026-06-25 22:50:00,0.22,63,2
2026-06-25 22:56:00,0.201,55,2
2026-06-25 23:02:00,0.216,35,2
2026-06-25 23:08:00,0.394,62,2
2026-06-25 23:14:00,0.287,56,2
2026-06-25 23:20:00,0.339,38,2
2026-06-25 23:26:00,0.444,24,2
2026-06-25 23:32:00,0.438,3,2
2026-06-25 23:38:00,0.511,30,2
2026-06-25 23:44:00,0.458,18,2
2026-06-25 23:50:00,0.558,2,2
2026-06-25 23:56:00,0.627,19,2
2026-06-26 00:02:00,0.754,29,2
2026-06-26 00:08:00,0.793,34,2
2026-06-26 00:14:00,0.856,29,2
2026-06-26 00:20:00,0.852,26,2
2026-06-26 00:26:00,0.817,14,2
2026-06-26 00:32:00,0.943,18,2
2026-06-26 00:38:00,0.994,24,2
2026-06-26 00:44:00,0.994,19,2
2026-06-26 00:50:00,1.124,23,2
2026-06-26 00:56:00,0.944,8,2
2026-06-26 01:02:00,1.065,16,2
2026-06-26 01:08:00,1.033,29,2
2026-06-26 01:14:00,1.045,30,2
2026-06-26 01:20:00,1.144,14,2
2026-06-26 01:26:00,1.134,22,2
2026-06-26 01:32:00,1.234,15,2
2026-06-26 01:38:00,1.313,20,2
2026-06-26 01:44:00,1.301,27,2
2026-06-26 01:50:00,1.35,14,2
2026-06-26 01:56:00,1.462,20,2
2026-06-26 02:02:00,1.364,21,2
2026-06-26 02:08:00,1.269,20,2
2026-06-26 02:14:00,1.256,24,2
2026-06-26 02:20:00,1.3,12,2
2026-06-26 02:26:00,1.471,24,2
2026-06-26 02:32:00,1.488,22,2
2026-06-26 02:38:00,1.503,16,2
2026-06-26 02:44:00,1.352,20,2
2026-06-26 02:50:00,1.483,19,2
2026-06-26 02:56:00,1.437,23,2
2026-06-26 03:02:00,1.615,21,2
2026-06-26 03:08:00,1.544,11,2
2026-06-26 03:14:00,1.652,21,2
2026-06-26 03:20:00,1.659,22,2
2026-06-26 03:26:00,1.675,18,2
2026-06-26 03:32:00,1.586,29,2
2026-06-26 03:38:00,1.614,23,2
2026-06-26 03:44:00,1.654,15,2
2026-06-26 03:50:00,1.622,17,2
2026-06-26 03:56:00,1.529,33,2
2026-06-26 04:02:00,1.519,14,2
2026-06-26 04:08:00,1.38,32,2
2026-06-26 04:14:00,1.477,16,2
2026-06-26 04:20:00,1.426,18,2
2026-06-26 04:26:00,1.366,12,2
2026-06-26 04:32:00,1.357,20,2
2026-06-26 04:38:00,1.234,20,2
2026-06-26 04:44:00,1.174,15,2
2026-06-26 04:50:00,1.135,18,2
2026-06-26 04:56:00,1.157,34,2
2026-06-26 05:02:00,1.213,27,2
2026-06-26 05:08:00,1.138,30,2
2026-06-26 05:14:00,0.973,13,2
2026-06-26 05:20:00,1.061,19,2
2026-06-26 05:32:00,1.092,19,2
2026-06-26 05:38:00,1.111,16,2
2026-06-26 05:44:00,0.802,29,2
2026-06-26 05:50:00,0.87,23,2
2026-06-26 05:56:00,0.798,25,2
2026-06-26 06:02:00,0.687,22,2
2026-06-26 06:08:00,0.626,41,2
2026-06-26 06:14:00,0.668,55,2
2026-06-26 06:20:00,0.626,67,2
2026-06-26 06:26:00,0.537,76,2
2026-06-26 06:32:00,0.383,26,2
2026-06-26 06:38:00,0.323,10,2
2026-06-26 06:44:00,0.34,351,2
2026-06-26 06:50:00,0.315,359,2
2026-06-26 06:56:00,0.324,9,2
2026-06-26 07:02:00,0.338,26,2
2026-06-26 07:08:00,0.25,0,2
2026-06-26 07:14:00,0.229,25,2
2026-06-26 07:20:00,0.247,24,2
2026-06-26 07:26:00,0.121,350,2
2026-06-26 07:32:00,0.126,242,2
2026-06-26 07:38:00,0.095,306,2
2026-06-26 07:44:00,0.061,187,2
2026-06-26 07:50:00,0.066,290,2
2026-06-26 07:56:00,0.074,15,2
2026-06-26 08:02:00,0.126,182,2
2026-06-26 08:08:00,0.053,225,2
2026-06-26 08:14:00,0.152,206,2
2026-06-26 08:20:00,0.274,182,2
2026-06-26 08:26:00,0.231,220,2
2026-06-26 08:32:00,0.317,193,2
2026-06-26 08:38:00,0.262,199,2
2026-06-26 08:44:00,0.228,204,2
2026-06-26 08:50:00,0.305,213,2
2026-06-26 08:56:00,0.433,182,2
2026-06-26 09:02:00,0.49,249,2
2026-06-26 09:08:00,0.496,196,2
2026-06-26 09:14:00,0.671,206,2
2026-06-26 09:20:00,0.836,222,2
2026-06-26 09:26:00,0.988,193,2
2026-06-26 09:32:00,1.042,223,2
2026-06-26 09:38:00,1.177,194,2
2026-06-26 09:44:00,1.326,235,2
2026-06-26 09:50:00,1.403,222,2
2026-06-26 09:56:00,1.432,234,2
2026-06-26 10:02:00,1.572,213,2
2026-06-26 10:08:00,1.744,234,2
2026-06-26 10:14:00,2.028,207,2
2026-06-26 10:20:00,2.339,209,2
2026-06-26 10:26:00,2.406,208,2
2026-06-26 10:32:00,2.321,204,2
2026-06-26 10:38:00,2.085,200,2
2026-06-26 10:44:00,1.844,224,2
2026-06-26 10:50:00,1.641,215,2
2026-06-26 10:56:00,1.448,205,2
2026-06-26 11:02:00,1.35,234,2
2026-06-26 11:08:00,1.299,220,2
2026-06-26 11:14:00,1.148,239,2
2026-06-26 11:20:00,1.097,186,2
2026-06-26 11:26:00,1.115,227,2
2026-06-26 11:32:00,1.012,249,2
2026-06-26 11:38:00,0.966,205,2
2026-06-26 11:44:00,1.041,216,2
2026-06-26 11:50:00,1.037,226,2
2026-06-26 11:56:00,0.997,208,2
2026-06-26 12:02:00,0.962,215,2
2026-06-26 12:08:00,0.947,210,2
2026-06-26 12:14:00,0.916,196,2
2026-06-26 12:20:00,0.848,241,2
2026-06-26 12:26:00,0.758,190,2
2026-06-26 12:32:00,0.75,213,2
2026-06-26 12:38:00,0.751,194,2
2026-06-26 12:44:00,0.803,234,2
2026-06-26 12:50:00,0.724,208,2
2026-06-26 12:56:00,0.637,205,2
2026-06-26 13:02:00,0.677,202,2
2026-06-26 13:08:00,0.647,216,2
2026-06-26 13:14:00,0.54,199,2
2026-06-26 13:20:00,0.576,217,2
2026-06-26 13:26:00,0.497,205,2
2026-06-26 13:32:00,0.378,263,2
2026-06-26 13:38:00,0.347,237,2
2026-06-26 13:44:00,0.322,253,2
2026-06-26 13:50:00,0.402,260,2
2026-06-26 13:56:00,0.309,256,2
2026-06-26 14:02:00,0.268,260,2
2026-06-26 14:08:00,0.32,241,2
2026-06-26 14:14:00,0.248,275,2
2026-06-26 14:20:00,0.148,256,2
2026-06-26 14:26:00,0.195,232,2
2026-06-26 14:32:00,0.162,236,2
2026-06-26 14:38:00,0.192,317,2
2026-06-26 14:44:00,0.139,289,2
2026-06-26 14:50:00,0.257,302,2
2026-06-26 14:56:00,0.134,327,2
2026-06-26 15:02:00,0.042,332,2
2026-06-26 15:08:00,0.118,288,2
2026-06-26 15:14:00,0.075,338,2
2026-06-26 15:20:00,0.126,293,2
2026-06-26 15:26:00,0.076,217,2
2026-06-26 15:32:00,0.021,45,2
2026-06-26 15:38:00,0.054,57,2
2026-06-26 15:44:00,0.049,332,2
2026-06-26 15:50:00,0.121,259,2
2026-06-26 15:56:00,0.065,100,2
2026-06-26 16:02:00,0.045,71,2
2026-06-26 16:08:00,0.135,336,2
2026-06-26 16:14:00,0.114,310,2
2026-06-26 16:20:00,0.164,339,2
2026-06-26 16:26:00,0.086,294,2
2026-06-26 16:32:00,0.014,340,2
2026-06-26 16:38:00,0.038,247,2
2026-06-26 16:44:00,0.076,291,2
2026-06-26 16:50:00,0.101,326,2
2026-06-26 16:56:00,0.092,335,2
2026-06-26 17:02:00,0.104,139,2
2026-06-26 17:08:00,0.062,27,2
2026-06-26 17:14:00,0.084,103,2
2026-06-26 17:20:00,0.075,40,2
2026-06-26 17:26:00,0.102,71,2
2026-06-26 17:32:00,0.054,156,2
2026-06-26 17:38:00,0.235,175,2
2026-06-26 17:44:00,0.094,120,2
2026-06-26 17:50:00,0.185,170,2
2026-06-26 17:56:00,0.002,78,2
2026-06-26 18:02:00,0.033,123,2
2026-06-26 18:08:00,0.094,240,2
2026-06-26 18:14:00,0.19,218,2
2026-06-26 18:20:00,0.062,279,2
2026-06-26 18:26:00,0.226,198,2
2026-06-26 18:32:00,0.225,243,2
2026-06-26 18:38:00,0.267,233,2
2026-06-26 18:44:00,0.173,223,2
2026-06-26 18:50:00,0.219,178,2
2026-06-26 18:56:00,0.238,203,2
2026-06-26 19:02:00,0.242,196,2
2026-06-26 19:08:00,0.206,151,2
2026-06-26 19:14:00,0.297,235,2
2026-06-26 19:20:00,0.437,175,2
2026-06-26 19:26:00,0.38,178,2
2026-06-26 19:32:00,0.417,208,2
2026-06-26 19:38:00,0.419,209,2
2026-06-26 19:44:00,0.479,202,2
2026-06-26 19:50:00,0.5,245,2
2026-06-26 19:56:00,0.479,185,2
2026-06-26 20:02:00,0.499,187,2
2026-06-26 20:08:00,0.364,206,2
2026-06-26 20:14:00,0.514,197,2
2026-06-26 20:20:00,0.514,251,2
2026-06-26 20:26:00,0.556,237,2
2026-06-26 20:32:00,0.604,193,2
2026-06-26 20:38:00,0.599,213,2
2026-06-26 20:44:00,0.639,250,2
2026-06-26 20:50:00,0.588,202,2
2026-06-26 20:56:00,0.59,214,2
2026-06-26 21:02:00,0.693,229,2
2026-06-26 21:08:00,0.695,234,2
2026-06-26 21:14:00,0.687,182,2
2026-06-26 21:20:00,0.641,235,2
2026-06-26 21:26:00,0.598,172,2
2026-06-26 21:32:00,0.605,224,2
2026-06-26 21:38:00,0.655,142,2
2026-06-26 21:44:00,0.761,262,2
2026-06-26 21:50:00,0.781,205,2
2026-06-26 21:56:00,0.808,241,2
2026-06-26 22:02:00,0.875,232,2
2026-06-26 22:08:00,0.873,263,2
2026-06-26 22:14:00,0.91,231,2
2026-06-26 22:20:00,0.85,175,2
2026-06-26 22:26:00,0.936,256,2
2026-06-26 22:32:00,0.896,190,2
2026-06-26 22:38:00,0.941,217,2
2026-06-26 22:44:00,0.859,248,2
2026-06-26 22:50:00,0.91,235,2
2026-06-26 22:56:00,0.9,187,2
2026-06-26 23:02:00,0.899,239,2
2026-06-26 23:08:00,0.7,183,2
2026-06-26 23:14:00,0.709,253,2
2026-06-26 23:20:00,0.737,258,2
2026-06-26 23:26:00,0.747,170,2
2026-06-26 23:32:00,0.573,187,2
2026-06-26 23:38:00,0.664,179,2
2026-06-26 23:44:00,0.632,212,2
2026-06-26 23:50:00,0.39,213,2
2026-06-26 23:56:00,0.443,234,2
2026-06-27 00:02:00,0.363,234,2
2026-06-27 00:08:00,0.249,181,2
2026-06-27 00:14:00,0.227,205,2
2026-06-27 00:20:00,0.017,52,2
2026-06-27 00:26:00,0.248,252,2
2026-06-27 00:32:00,0.181,244,2
2026-06-27 00:38:00,0.155,204,2
2026-06-27 00:44:00,0.05,138,2
2026-06-27 00:50:00,0.037,284,2
2026-06-27 00:56:00,0.152,9,2
2026-06-27 01:02:00,0.109,275,2
2026-06-27 01:08:00,0.126,347,2
2026-06-27 01:14:00,0.231,14,2
2026-06-27 01:20:00,0.277,23,2
2026-06-27 01:26:00,0.281,357,2
2026-06-27 01:32:00,0.505,7,2
2026-06-27 01:38:00,0.498,23,2
2026-06-27 01:44:00,0.489,7,2
2026-06-27 01:50:00,0.642,356,2
2026-06-27 01:56:00,0.642,351,2
2026-06-27 02:02:00,0.584,26,2
2026-06-27 02:08:00,0.676,344,2
2026-06-27 02:14:00,0.642,359,2
2026-06-27 02:20:00,0.647,353,2
2026-06-27 02:26:00,0.694,344,2
2026-06-27 02:32:00,0.816,348,2
2026-06-27 02:38:00,0.892,352,2
2026-06-27 02:44:00,0.875,351,2
2026-06-27 02:50:00,1.059,15,2
2026-06-27 02:56:00,0.969,346,2
2026-06-27 03:02:00,0.89,31,2
2026-06-27 03:08:00,0.893,45,2
2026-06-27 03:14:00,0.866,7,2
2026-06-27 03:20:00,0.895,35,2
2026-06-27 03:26:00,0.9,33,2
2026-06-27 03:32:00,0.873,35,2
2026-06-27 03:38:00,0.992,56,2
2026-06-27 03:44:00,0.977,47,2
2026-06-27 03:50:00,1.067,15,2
2026-06-27 03:56:00,0.976,359,2
2026-06-27 04:02:00,1.017,50,2
2026-06-27 04:08:00,1.034,358,2
2026-06-27 04:14:00,0.888,33,2
2026-06-27 04:20:00,0.976,10,2
2026-06-27 04:26:00,0.89,356,2
2026-06-27 04:32:00,0.893,14,2
2026-06-27 04:38:00,1.01,28,2
2026-06-27 04:44:00,0.96,31,2
2026-06-27 04:50:00,1.047,31,2
2026-06-27 04:56:00,0.813,31,2
2026-06-27 05:02:00,0.708,25,2
2026-06-27 05:08:00,0.704,31,2
2026-06-27 05:14:00,0.607,341,2
2026-06-27 05:20:00,0.591,18,2
2026-06-27 05:26:00,0.623,339,2
2026-06-27 05:32:00,0.457,16,2
2026-06-27 05:38:00,0.426,18,2
2026-06-27 05:44:00,0.448,35,2
2026-06-27 05:50:00,0.414,359,2
2026-06-27 05:56:00,0.38,24,2
2026-06-27 06:02:00,0.323,4,2
2026-06-27 06:08:00,0.33,4,2
2026-06-27 06:14:00,0.339,7,2
2026-06-27 06:20:00,0.307,13,2
2026-06-27 06:26:00,0.184,68,2
2026-06-27 06:32:00,0.176,105,2
2026-06-27 06:38:00,0.193,11,2
2026-06-27 06:44:00,0.096,74,2
2026-06-27 06:50:00,0.069,240,2
2026-06-27 06:56:00,0.107,167,2
2026-06-27 07:02:00,0.014,225,2
2026-06-27 07:08:00,0.026,126,2
2026-06-27 07:14:00,0.022,131,2
2026-06-27 07:20:00,0.09,253,2
2026-06-27 07:26:00,0.049,225,2
2026-06-27 07:32:00,0.151,175,2
2026-06-27 07:38:00,0.105,216,2
2026-06-27 07:44:00,0.111,170,2
2026-06-27 07:50:00,0.272,185,2
2026-06-27 07:56:00,0.227,236,2
2026-06-27 08:02:00,0.205,218,2
2026-06-27 08:08:00,0.257,228,2
2026-06-27 08:14:00,0.339,219,2
2026-06-27 08:20:00,0.422,241,2
2026-06-27 08:26:00,0.356,231,2
2026-06-27 08:32:00,0.401,172,2
2026-06-27 08:38:00,0.473,250,2
2026-06-27 08:44:00,0.448,198,2
2026-06-27 08:50:00,0.465,172,2
2026-06-27 08:56:00,0.497,206,2
2026-06-27 09:02:00,0.576,235,2
2026-06-27 09:08:00,0.489,246,2
2026-06-27 09:14:00,0.552,238,2
2026-06-27 09:20:00,0.599,158,2
2026-06-27 09:26:00,0.597,181,2
2026-06-27 09:32:00,0.798,251,2
2026-06-27 09:38:00,0.882,207,2
2026-06-27 09:44:00,0.913,190,2
2026-06-27 09:50:00,0.842,229,2
2026-06-27 09:56:00,0.875,235,2
2026-06-27 10:02:00,0.955,183,2
2026-06-27 10:08:00,0.994,235,2
2026-06-27 10:14:00,1.0,234,2
2026-06-27 10:20:00,0.936,219,2
2026-06-27 10:26:00,1.034,205,2
2026-06-27 10:32:00,1.009,240,2
2026-06-27 10:38:00,1.154,230,2
2026-06-27 10:44:00,1.169,194,2
2026-06-27 10:50:00,1.088,222,2
2026-06-27 10:56:00,1.047,216,2
2026-06-27 11:02:00,1.109,203,2
2026-06-27 11:08:00,1.105,210,2
2026-06-27 11:14:00,1.167,212,2
2026-06-27 11:20:00,1.237,209,2
2026-06-27 11:26:00,1.218,201,2
2026-06-27 11:32:00,1.157,219,2
2026-06-27 11:38:00,1.316,207,2
2026-06-27 11:44:00,1.457,202,2
2026-06-27 11:50:00,1.174,236,2
2026-06-27 11:56:00,1.014,205,2
2026-06-27 12:02:00,0.968,259,2
2026-06-27 12:08:00,0.782,202,2
2026-06-27 12:14:00,0.927,236,2
2026-06-27 12:20:00,1.179,232,2
2026-06-27 12:26:00,1.113,189,2
2026-06-27 12:32:00,1.141,205,2
2026-06-27 12:38:00,1.039,209,2
2026-06-27 12:44:00,0.94,178,2
2026-06-27 12:50:00,0.897,216,2
2026-06-27 12:56:00,0.867,178,2
2026-06-27 13:02:00,0.856,197,2
2026-06-27 13:08:00,0.821,197,2
2026-06-27 13:14:00,0.847,156,2
2026-06-27 13:20:00,0.709,176,2
2026-06-27 13:26:00,0.731,159,2
2026-06-27 13:32:00,0.712,187,2
2026-06-27 13:38:00,0.735,191,2
2026-06-27 13:44:00,0.406,215,2
2026-06-27 13:50:00,0.733,226,2
2026-06-27 13:56:00,0.519,225,2
2026-06-27 14:02:00,0.505,198,2
2026-06-27 14:08:00,0.561,199,2
2026-06-27 14:14:00,0.514,176,2
2026-06-27 14:20:00,0.532,228,2
2026-06-27 14:26:00,0.532,218,2
2026-06-27 14:32:00,0.475,190,2
2026-06-27 14:38:00,0.407,208,2
2026-06-27 14:44:00,0.471,218,2
2026-06-27 14:50:00,0.384,202,2
2026-06-27 14:56:00,0.371,226,2
2026-06-27 15:02:00,0.343,188,2
2026-06-27 15:08:00,0.2,203,2
2026-06-27 15:14:00,0.119,192,2
2026-06-27 15:20:00,0.116,217,2
2026-06-27 15:26:00,0.166,253,2
2026-06-27 15:32:00,0.056,212,2
2026-06-27 15:38:00,0.068,293,2
2026-06-27 15:44:00,0.089,358,2
2026-06-27 15:50:00,0.056,254,2
2026-06-27 15:56:00,0.034,332,2
2026-06-27 16:02:00,0.101,350,2
2026-06-27 16:08:00,0.057,326,2
2026-06-27 16:14:00,0.159,21,2
2026-06-27 16:20:00,0.083,15,2
2026-06-27 16:26:00,0.111,319,2
2026-06-27 16:32:00,0.081,359,2
2026-06-27 16:38:00,0.17,335,2
2026-06-27 16:44:00,0.119,23,2
2026-06-27 16:50:00,0.128,339,2
2026-06-27 16:56:00,0.212,21,2
2026-06-27 17:02:00,0.243,66,2
2026-06-27 17:08:00,0.275,18,2
2026-06-27 17:14:00,0.261,35,2
2026-06-27 17:20:00,0.162,32,2
2026-06-27 17:26:00,0.219,24,2
2026-06-27 17:32:00,0.138,321,2
2026-06-27 17:38:00,0.211,333,2
2026-06-27 17:44:00,0.163,14,2
2026-06-27 17:50:00,0.17,43,2
2026-06-27 17:56:00,0.122,349,2
2026-06-27 18:02:00,0.206,24,2
2026-06-27 18:08:00,0.218,23,2
2026-06-27 18:14:00,0.249,16,2
2026-06-27 18:20:00,0.218,6,2
2026-06-27 18:26:00,0.202,348,2
2026-06-27 18:32:00,0.179,348,2
2026-06-27 18:38:00,0.064,352,2
2026-06-27 18:44:00,0.093,69,2
2026-06-27 18:50:00,0.125,266,2
2026-06-27 18:56:00,0.124,276,2
2026-06-27 19:02:00,0.16,242,2
2026-06-27 19:08:00,0.112,238,2
2026-06-27 19:14:00,0.194,209,2
2026-06-27 19:20:00,0.257,269,2
2026-06-27 19:26:00,0.327,267,2
2026-06-27 19:32:00,0.305,256,2
2026-06-27 19:38:00,0.297,244,2
2026-06-27 19:44:00,0.196,219,2
2026-06-27 19:50:00,0.37,221,2
2026-06-27 19:56:00,0.408,239,2
2026-06-27 20:02:00,0.39,210,2
2026-06-27 20:08:00,0.422,234,2
2026-06-27 20:14:00,0.48,227,2
2026-06-27 20:20:00,0.492,228,2
2026-06-27 20:26:00,0.415,251,2
2026-06-27 20:32:00,0.495,250,2
2026-06-27 20:38:00,0.523,215,2
2026-06-27 20:44:00,0.504,207,2
2026-06-27 20:50:00,0.577,201,2
2026-06-27 20:56:00,0.483,225,2
2026-06-27 21:02:00,0.574,210,2
2026-06-27 21:08:00,0.591,215,2
2026-06-27 21:14:00,0.615,222,2
2026-06-27 21:20:00,0.72,206,2
2026-06-27 21:26:00,0.66,197,2
2026-06-27 21:32:00,0.632,217,2
2026-06-27 21:38:00,0.608,219,2
2026-06-27 21:44:00,0.669,257,2
2026-06-27 21:50:00,0.615,201,2
2026-06-27 21:56:00,0.64,211,2
2026-06-27 22:02:00,0.633,202,2
2026-06-27 22:08:00,0.686,175,2
2026-06-27 22:14:00,0.617,256,2
2026-06-27 22:20:00,0.65,195,2
2026-06-27 22:26:00,0.567,194,2
2026-06-27 22:32:00,0.713,184,2
2026-06-27 22:38:00,0.694,195,2
2026-06-27 22:44:00,0.709,174,2
2026-06-27 22:50:00,0.679,228,2
2026-06-27 22:56:00,0.638,252,2
2026-06-27 23:02:00,0.611,253,2
2026-06-27 23:08:00,0.564,258,2
2026-06-27 23:14:00,0.56,236,2
2026-06-27 23:20:00,0.444,171,2
2026-06-27 23:26:00,0.492,177,2
2026-06-27 23:32:00,0.464,177,2
2026-06-27 23:38:00,0.386,268,2
2026-06-27 23:44:00,0.326,184,2
2026-06-27 23:50:00,0.372,198,2
2026-06-27 23:56:00,0.393,242,2
2026-06-28 00:02:00,0.289,181,2
2026-06-28 00:08:00,0.298,241,2
2026-06-28 00:14:00,0.154,212,2
2026-06-28 00:20:00,0.158,231,2
2026-06-28 00:26:00,0.228,225,2
2026-06-28 00:32:00,0.175,260,2
2026-06-28 00:38:00,0.168,242,2
2026-06-28 00:44:00,0.086,230,2
2026-06-28 00:50:00,0.052,303,2
2026-06-28 00:56:00,0.052,327,2
2026-06-28 01:02:00,0.118,14,2
2026-06-28 01:08:00,0.092,342,2
2026-06-28 01:20:00,0.266,57,2
2026-06-28 01:26:00,0.261,43,2
2026-06-28 01:32:00,0.268,63,2
2026-06-28 01:38:00,0.27,19,2
2026-06-28 01:44:00,0.31,40,2
2026-06-28 01:50:00,0.386,49,2
2026-06-28 01:56:00,0.433,61,2
2026-06-28 02:02:00,0.364,37,2
2026-06-28 02:08:00,0.46,50,2
2026-06-28 02:14:00,0.569,40,2
2026-06-28 02:20:00,0.603,50,2
2026-06-28 02:26:00,0.573,62,2
2026-06-28 02:32:00,0.638,46,2
2026-06-28 02:38:00,0.67,18,2
2026-06-28 02:44:00,0.609,21,2
2026-06-28 02:50:00,0.693,46,2
2026-06-28 02:56:00,0.762,47,2
2026-06-28 03:02:00,0.78,26,2
2026-06-28 03:08:00,0.736,20,2
2026-06-28 03:14:00,0.639,26,2
2026-06-28 03:20:00,0.757,54,2
2026-06-28 03:26:00,0.794,14,2
2026-06-28 03:32:00,0.769,35,2
2026-06-28 03:38:00,0.833,24,2
2026-06-28 03:44:00,0.846,17,2
2026-06-28 03:50:00,0.767,48,2
2026-06-28 03:56:00,0.759,24,2
2026-06-28 04:02:00,0.893,23,2
2026-06-28 04:08:00,0.939,30,2
2026-06-28 04:14:00,0.79,33,2
2026-06-28 04:20:00,0.87,37,2
2026-06-28 04:26:00,0.932,36,2
2026-06-28 04:32:00,0.865,17,2
2026-06-28 04:38:00,0.935,22,2
2026-06-28 04:44:00,0.824,13,2
2026-06-28 04:50:00,0.818,26,2
2026-06-28 04:56:00,0.813,24,2
2026-06-28 05:02:00,0.774,29,2
2026-06-28 05:08:00,0.733,23,2
2026-06-28 05:14:00,0.751,26,2
2026-06-28 05:20:00,0.75,44,2
2026-06-28 05:26:00,0.686,39,2
2026-06-28 05:32:00,0.644,54,2
2026-06-28 05:38:00,0.765,29,2
2026-06-28 05:44:00,0.665,10,2
2026-06-28 05:50:00,0.712,38,2
2026-06-28 05:56:00,0.46,48,2
2026-06-28 06:02:00,0.446,18,2
2026-06-28 06:08:00,0.477,48,2
2026-06-28 06:14:00,0.403,18,2
2026-06-28 06:20:00,0.365,44,2
2026-06-28 06:26:00,0.276,47,2
2026-06-28 06:32:00,0.308,16,2
2026-06-28 06:38:00,0.199,322,2
2026-06-28 06:44:00,0.141,16,2
2026-06-28 06:50:00,0.092,318,2
2026-06-28 06:56:00,0.087,34,2
2026-06-28 07:02:00,0.14,271,2
2026-06-28 07:08:00,0.106,61,2
2026-06-28 07:14:00,0.113,84,2
2026-06-28 07:20:00,0.073,122,2
2026-06-28 07:26:00,0.105,229,2
2026-06-28 07:32:00,0.064,239,2
2026-06-28 07:38:00,0.129,231,2
2026-06-28 07:44:00,0.099,263,2
2026-06-28 07:50:00,0.128,223,2
2026-06-28 07:56:00,0.139,270,2
2026-06-28 08:02:00,0.22,221,2
2026-06-28 08:08:00,0.18,252,2
2026-06-28 08:14:00,0.22,189,2
2026-06-28 08:20:00,0.296,240,2
2026-06-28 08:26:00,0.298,210,2
2026-06-28 08:32:00,0.314,226,2
2026-06-28 08:38:00,0.269,255,2
2026-06-28 08:44:00,0.328,225,2
2026-06-28 08:50:00,0.417,201,2
2026-06-28 08:56:00,0.402,219,2
2026-06-28 09:02:00,0.463,232,2
2026-06-28 09:08:00,0.566,239,2
2026-06-28 09:14:00,0.516,248,2
2026-06-28 09:20:00,0.504,217,2
2026-06-28 09:26:00,0.599,224,2
2026-06-28 09:32:00,0.631,177,2
2026-06-28 09:38:00,0.615,179,2
2026-06-28 09:44:00,0.628,242,2
2026-06-28 09:50:00,0.771,159,2
2026-06-28 09:56:00,0.7,206,2
2026-06-28 10:02:00,0.753,202,2
2026-06-28 10:08:00,0.779,200,2
2026-06-28 10:14:00,0.746,204,2
2026-06-28 10:20:00,0.769,198,2
2026-06-28 10:26:00,0.805,192,2
2026-06-28 10:32:00,0.757,221,2
2026-06-28 10:38:00,0.789,253,2
2026-06-28 10:44:00,0.703,195,2
2026-06-28 10:50:00,0.748,235,2
2026-06-28 10:56:00,0.665,237,2
2026-06-28 11:02:00,0.849,233,2
2026-06-28 11:08:00,0.87,211,2
2026-06-28 11:14:00,0.931,209,2
2026-06-28 11:20:00,0.867,220,2
2026-06-28 11:26:00,0.866,187,2
2026-06-28 11:32:00,1.129,200,2
2026-06-28 11:38:00,1.156,233,2
2026-06-28 11:44:00,1.15,206,2
2026-06-28 11:50:00,1.106,230,2
2026-06-28 11:56:00,1.217,232,2
2026-06-28 12:02:00,1.252,211,2
2026-06-28 12:08:00,1.345,212,2
2026-06-28 12:14:00,1.271,229,2
2026-06-28 12:20:00,1.34,230,2
2026-06-28 12:26:00,1.286,205,2
2026-06-28 12:32:00,1.072,235,2
2026-06-28 12:38:00,1.16,225,2
2026-06-28 12:44:00,1.199,217,2
2026-06-28 12:50:00,1.25,229,2
2026-06-28 12:56:00,1.306,242,2
2026-06-28 13:02:00,1.103,201,2
2026-06-28 13:08:00,1.077,227,2
2026-06-28 13:14:00,1.127,220,2
2026-06-28 13:20:00,1.056,234,2
2026-06-28 13:26:00,1.118,189,2
2026-06-28 13:32:00,1.01,206,2
2026-06-28 13:38:00,1.034,202,2
2026-06-28 13:44:00,1.068,183,2
2026-06-28 13:50:00,0.988,222,2
2026-06-28 13:56:00,0.945,237,2
2026-06-28 14:02:00,0.9,222,2
2026-06-28 14:08:00,0.892,199,2
2026-06-28 14:14:00,0.841,197,2
2026-06-28 14:20:00,0.772,263,2
2026-06-28 14:26:00,0.732,211,2
2026-06-28 14:32:00,0.755,197,2
2026-06-28 14:38:00,0.541,260,2
2026-06-28 14:44:00,0.576,277,2
2026-06-28 14:50:00,0.533,181,2
2026-06-28 14:56:00,0.441,217,2
2026-06-28 15:02:00,0.381,265,2
2026-06-28 15:08:00,0.297,214,2
2026-06-28 15:14:00,0.283,263,2
2026-06-28 15:20:00,0.216,239,2
2026-06-28 15:26:00,0.204,283,2
2026-06-28 15:32:00,0.179,214,2
2026-06-28 15:38:00,0.17,270,2
2026-06-28 15:44:00,0.224,287,2
2026-06-28 15:50:00,0.105,297,2
2026-06-28 15:56:00,0.135,9,2
2026-06-28 16:02:00,0.23,335,2
2026-06-28 16:08:00,0.245,357,2
2026-06-28 16:14:00,0.254,10,2
2026-06-28 16:20:00,0.107,135,2
2026-06-28 16:26:00,0.286,20,2
2026-06-28 16:32:00,0.224,21,2
2026-06-28 16:38:00,0.312,353,2
2026-06-28 16:44:00,0.37,26,2
2026-06-28 16:50:00,0.325,0,2
2026-06-28 16:56:00,0.514,53,2
2026-06-28 17:02:00,0.395,70,2
2026-06-28 17:08:00,0.473,33,2
2026-06-28 17:14:00,0.37,47,2
2026-06-28 17:20:00,0.433,42,2
2026-06-28 17:26:00,0.32,27,2
2026-06-28 17:32:00,0.423,33,2
2026-06-28 17:38:00,0.46,45,2
2026-06-28 17:44:00,0.431,50,2
2026-06-28 17:50:00,0.384,22,2
2026-06-28 17:56:00,0.432,33,2
2026-06-28 18:02:00,0.405,42,2
2026-06-28 18:08:00,0.34,46,2
2026-06-28 18:14:00,0.414,3,2
2026-06-28 18:20:00,0.312,41,2
2026-06-28 18:26:00,0.37,31,2
2026-06-28 18:32:00,0.289,28,2
2026-06-28 18:38:00,0.116,66,2
2026-06-28 18:44:00,0.187,53,2
2026-06-28 18:50:00,0.055,344,2
2026-06-28 18:56:00,0.126,69,2
2026-06-28 19:02:00,0.086,284,2
2026-06-28 19:08:00,0.084,114,2
2026-06-28 19:14:00,0.031,293,2
2026-06-28 19:20:00,0.101,74,2
2026-06-28 19:26:00,0.059,341,2
2026-06-28 19:32:00,0.083,116,2
2026-06-28 19:38:00,0.039,312,2
2026-06-28 19:44:00,0.043,266,2
2026-06-28 19:50:00,0.1,200,2
2026-06-28 19:56:00,0.039,142,2
2026-06-28 20:02:00,0.111,239,2
2026-06-28 20:08:00,0.192,233,2
2026-06-28 20:14:00,0.173,215,2
2026-06-28 20:20:00,0.248,240,2
2026-06-28 20:26:00,0.281,236,2
2026-06-28 20:32:00,0.286,208,2
2026-06-28 20:38:00,0.262,218,2
2026-06-28 20:44:00,0.283,212,2
2026-06-28 20:50:00,0.267,198,2
2026-06-28 20:56:00,0.215,186,2
2026-06-28 21:02:00,0.277,163,2
2026-06-28 21:08:00,0.343,220,2
2026-06-28 21:14:00,0.386,193,2
2026-06-28 21:20:00,0.342,214,2
2026-06-28 21:26:00,0.409,186,2
2026-06-28 21:32:00,0.395,160,2
2026-06-28 21:38:00,0.464,263,2
2026-06-28 21:44:00,0.415,156,2
2026-06-28 21:50:00,0.486,232,2
2026-06-28 21:56:00,0.473,176,2
2026-06-28 22:02:00,0.531,196,2
2026-06-28 22:08:00,0.484,216,2
2026-06-28 22:14:00,0.512,255,2
2026-06-28 22:20:00,0.466,245,2
2026-06-28 22:26:00,0.515,247,2
2026-06-28 22:32:00,0.522,207,2
2026-06-28 22:38:00,0.483,250,2
2026-06-28 22:44:00,0.485,255,2
2026-06-28 22:50:00,0.594,195,2
2026-06-28 22:56:00,0.571,157,2
2026-06-28 23:02:00,0.577,232,2
2026-06-28 23:08:00,0.548,190,2
2026-06-28 23:14:00,0.602,271,2
2026-06-28 23:20:00,0.587,244,2
2026-06-28 23:26:00,0.5,171,2
2026-06-28 23:32:00,0.513,159,2
2026-06-28 23:38:00,0.538,162,2
2026-06-28 23:44:00,0.474,163,2
2026-06-28 23:50:00,0.389,170,2
2026-06-28 23:56:00,0.382,184,2
2026-06-29 00:02:00,0.418,196,2
2026-06-29 00:08:00,0.327,225,2
2026-06-29 00:14:00,0.359,192,2
2026-06-29 00:20:00,0.248,159,2
2026-06-29 00:26:00,0.32,238,2
2026-06-29 00:32:00,0.223,209,2
2026-06-29 00:38:00,0.236,206,2
2026-06-29 00:44:00,0.241,209,2
2026-06-29 00:50:00,0.22,250,2
2026-06-29 00:56:00,0.266,236,2
2026-06-29 01:02:00,0.176,240,2
2026-06-29 01:08:00,0.18,176,2
2026-06-29 01:14:00,0.035,225,2
2026-06-29 01:20:00,0.086,230,2
2026-06-29 01:26:00,0.096,204,2
2026-06-29 01:32:00,0.074,94,2
2026-06-29 01:38:00,0.123,30,2
2026-06-29 01:44:00,0.176,29,2
2026-06-29 01:50:00,0.191,24,2
2026-06-29 01:56:00,0.134,11,2
2026-06-29 02:02:00,0.204,30,2
2026-06-29 02:08:00,0.286,28,2
2026-06-29 02:14:00,0.325,17,2
2026-06-29 02:20:00,0.391,28,2
2026-06-29 02:26:00,0.44,22,2
2026-06-29 02:32:00,0.51,25,2
2026-06-29 02:38:00,0.509,13,2
2026-06-29 02:44:00,0.547,34,2
2026-06-29 02:50:00,0.556,22,2
2026-06-29 02:56:00,0.528,25,2
2026-06-29 03:02:00,0.526,10,2
2026-06-29 03:08:00,0.662,44,2
2026-06-29 03:14:00,0.759,0,2
2026-06-29 03:20:00,0.741,37,2
2026-06-29 03:26:00,0.708,30,2
2026-06-29 03:32:00,0.712,20,2
2026-06-29 03:38:00,0.786,44,2
2026-06-29 03:44:00,0.792,10,2
2026-06-29 03:50:00,0.756,33,2
2026-06-29 03:56:00,0.828,25,2
2026-06-29 04:02:00,0.826,1,2
2026-06-29 04:08:00,0.75,357,2
2026-06-29 04:14:00,0.814,30,2
2026-06-29 04:20:00,0.869,42,2
2026-06-29 04:26:00,0.902,47,2
2026-06-29 04:32:00,0.796,43,2
2026-06-29 04:38:00,0.824,29,2
2026-06-29 04:44:00,0.757,22,2
2026-06-29 04:50:00,0.825,11,2
2026-06-29 04:56:00,0.758,25,2
2026-06-29 05:02:00,0.87,47,2
2026-06-29 05:08:00,0.83,11,2
2026-06-29 05:14:00,0.836,27,2
2026-06-29 05:20:00,0.81,6,2
2026-06-29 05:26:00,0.716,55,2
2026-06-29 05:32:00,0.909,21,2
2026-06-29 05:38:00,0.792,22,2
2026-06-29 05:44:00,0.813,8,2
2026-06-29 05:50:00,0.789,21,2
2026-06-29 05:56:00,0.782,46,2
2026-06-29 06:02:00,0.712,13,2
2026-06-29 06:08:00,0.65,34,2
2026-06-29 06:14:00,0.733,12,2
2026-06-29 06:20:00,0.688,39,2
2026-06-29 06:26:00,0.717,16,2
2026-06-29 06:32:00,0.662,52,2
2026-06-29 06:38:00,0.694,27,2
2026-06-29 06:44:00,0.675,21,2
2026-06-29 06:50:00,0.512,53,2
2026-06-29 06:56:00,0.51,13,2
2026-06-29 07:02:00,0.59,9,2
2026-06-29 07:08:00,0.508,27,2
2026-06-29 07:14:00,0.472,2,2
2026-06-29 07:20:00,0.54,35,2
2026-06-29 07:26:00,0.489,50,2
2026-06-29 07:32:00,0.396,39,2
2026-06-29 07:38:00,0.428,39,2
2026-06-29 07:44:00,0.354,56,2
2026-06-29 07:50:00,0.312,65,2
2026-06-29 07:56:00,0.184,86,2
2026-06-29 08:02:00,0.093,82,2
2026-06-29 08:08:00,0.114,65,2
2026-06-29 08:14:00,0.071,57,2
2026-06-29 08:20:00,0.102,19,2
2026-06-29 08:26:00,0.136,194,2
2026-06-29 08:32:00,0.045,314,2
2026-06-29 08:38:00,0.07,98,2
2026-06-29 08:44:00,0.12,191,2
2026-06-29 08:50:00,0.103,210,2
2026-06-29 08:56:00,0.171,225,2
2026-06-29 09:02:00,0.17,224,2
2026-06-29 09:08:00,0.253,220,2
2026-06-29 09:14:00,0.215,194,2
2026-06-29 09:20:00,0.269,209,2
2026-06-29 09:26:00,0.245,210,2
2026-06-29 09:32:00,0.336,199,2
2026-06-29 09:38:00,0.343,205,2
2026-06-29 09:44:00,0.265,190,2
2026-06-29 09:50:00,0.423,203,2
2026-06-29 09:56:00,0.475,222,2
2026-06-29 10:02:00,0.304,246,2
2026-06-29 10:08:00,0.421,204,2
2026-06-29 10:14:00,0.455,221,2
2026-06-29 10:20:00,0.436,203,2
2026-06-29 10:26:00,0.574,245,2
2026-06-29 10:32:00,0.481,179,2
2026-06-29 10:38:00,0.466,224,2
2026-06-29 10:44:00,0.493,238,2
2026-06-29 10:50:00,0.537,246,2
2026-06-29 10:56:00,0.714,161,2
2026-06-29 11:02:00,0.72,207,2
2026-06-29 11:08:00,0.683,245,2
2026-06-29 11:14:00,0.768,200,2
2026-06-29 11:20:00,0.761,224,2
2026-06-29 11:26:00,0.678,212,2
2026-06-29 11:32:00,0.611,249,2
2026-06-29 11:38:00,0.692,204,2
2026-06-29 11:44:00,0.71,218,2
2026-06-29 11:50:00,0.763,208,2
2026-06-29 11:56:00,0.874,222,2
2026-06-29 12:02:00,0.844,212,2
2026-06-29 12:08:00,0.877,203,2
2026-06-29 12:14:00,0.974,203,2
2026-06-29 12:20:00,1.002,217,2
2026-06-29 12:26:00,1.091,194,2
2026-06-29 12:32:00,1.418,210,2
2026-06-29 12:38:00,1.351,204,2
2026-06-29 12:44:00,1.25,226,2
2026-06-29 12:50:00,1.371,207,2
2026-06-29 12:56:00,1.26,229,2
2026-06-29 13:02:00,1.252,213,2
2026-06-29 13:08:00,1.167,218,2
2026-06-29 13:14:00,1.262,228,2
2026-06-29 13:20:00,1.116,203,2
2026-06-29 13:26:00,1.103,227,2
2026-06-29 13:32:00,1.08,220,2
2026-06-29 13:38:00,1.172,230,2
2026-06-29 13:44:00,1.108,239,2
2026-06-29 13:50:00,1.088,206,2
2026-06-29 13:56:00,0.948,233,2
2026-06-29 14:02:00,1.018,211,2
2026-06-29 14:08:00,0.939,234,2
2026-06-29 14:14:00,0.976,196,2
2026-06-29 14:20:00,0.955,208,2
2026-06-29 14:26:00,0.97,199,2
2026-06-29 14:32:00,0.946,235,2
2026-06-29 14:38:00,0.78,198,2
2026-06-29 14:44:00,0.788,183,2
2026-06-29 14:50:00,0.768,180,2
2026-06-29 14:56:00,0.68,186,2
2026-06-29 15:02:00,0.673,221,2
2026-06-29 15:08:00,0.606,248,2
2026-06-29 15:14:00,0.632,229,2
2026-06-29 15:20:00,0.585,250,2
2026-06-29 15:26:00,0.538,194,2
2026-06-29 15:32:00,0.44,225,2
2026-06-29 15:38:00,0.488,190,2
2026-06-29 15:44:00,0.415,202,2
2026-06-29 15:50:00,0.387,224,2
2026-06-29 15:56:00,0.328,254,2
2026-06-29 16:02:00,0.308,187,2
2026-06-29 16:08:00,0.429,292,2
2026-06-29 16:14:00,0.305,287,2
2026-06-29 16:20:00,0.232,237,2
2026-06-29 16:26:00,0.172,277,2
2026-06-29 16:32:00,0.178,228,2
2026-06-29 16:38:00,0.259,254,2
2026-06-29 16:44:00,0.184,297,2
2026-06-29 16:50:00,0.115,311,2
2026-06-29 16:56:00,0.058,352,2
2026-06-29 17:02:00,0.086,284,2
2026-06-29 17:08:00,0.158,315,2
2026-06-29 17:14:00,0.166,23,2
2026-06-29 17:20:00,0.1,336,2
2026-06-29 17:26:00,0.241,36,2
2026-06-29 17:32:00,0.285,60,2
2026-06-29 17:38:00,0.333,15,2
2026-06-29 17:44:00,0.3,39,2
2026-06-29 17:50:00,0.253,44,2
2026-06-29 17:56:00,0.329,23,2
2026-06-29 18:02:00,0.323,341,2
2026-06-29 18:08:00,0.278,10,2
2026-06-29 18:14:00,0.347,44,2
2026-06-29 18:20:00,0.353,23,2
2026-06-29 18:26:00,0.358,10,2
2026-06-29 18:32:00,0.444,20,2
2026-06-29 18:38:00,0.329,349,2
2026-06-29 18:44:00,0.279,0,2
2026-06-29 18:50:00,0.354,8,2
2026-06-29 18:56:00,0.393,334,2
2026-06-29 19:02:00,0.372,357,2
2026-06-29 19:08:00,0.437,3,2
2026-06-29 19:14:00,0.387,15,2
2026-06-29 19:20:00,0.321,4,2
2026-06-29 19:26:00,0.323,351,2
2026-06-29 19:32:00,0.309,9,2
2026-06-29 19:38:00,0.208,13,2
2026-06-29 19:44:00,0.232,26,2
2026-06-29 19:50:00,0.135,9,2
2026-06-29 19:56:00,0.195,1,2
2026-06-29 20:02:00,0.072,2,2
2026-06-29 20:08:00,0.044,33,2
2026-06-29 20:14:00,0.171,350,2
2026-06-29 20:20:00,0.057,11,2
2026-06-29 20:26:00,0.114,301,2
2026-06-29 20:32:00,0.126,313,2
2026-06-29 20:38:00,0.016,92,2
2026-06-29 20:44:00,0.05,189,2
2026-06-29 20:50:00,0.152,245,2
2026-06-29 20:56:00,0.267,233,2
2026-06-29 21:02:00,0.312,249,2
2026-06-29 21:08:00,0.301,222,2
2026-06-29 21:14:00,0.298,242,2
2026-06-29 21:20:00,0.273,235,2
2026-06-29 21:26:00,0.348,219,2
2026-06-29 21:32:00,0.417,243,2
2026-06-29 21:38:00,0.371,208,2
2026-06-29 21:44:00,0.338,241,2
2026-06-29 21:50:00,0.388,240,2
2026-06-29 21:56:00,0.403,191,2
2026-06-29 22:02:00,0.397,273,2
2026-06-29 22:08:00,0.488,251,2
2026-06-29 22:14:00,0.457,167,2
2026-06-29 22:20:00,0.506,248,2
2026-06-29 22:26:00,0.577,258,2
2026-06-29 22:32:00,0.561,269,2
2026-06-29 22:38:00,0.511,268,2
2026-06-29 22:44:00,0.437,266,2
2026-06-29 22:50:00,0.519,157,2
2026-06-29 22:56:00,0.563,221,2
2026-06-29 23:02:00,0.524,190,2
2026-06-29 23:08:00,0.517,195,2
2026-06-29 23:14:00,0.597,242,2
2026-06-29 23:20:00,0.409,206,2
2026-06-29 23:26:00,0.658,208,2
2026-06-29 23:32:00,0.556,189,2
2026-06-29 23:38:00,0.514,236,2
2026-06-29 23:44:00,0.538,224,2
2026-06-29 23:50:00,0.542,202,2
2026-06-29 23:56:00,0.549,246,2
2026-06-30 00:02:00,0.659,215,2
2026-06-30 00:08:00,0.63,239,2
2026-06-30 00:14:00,0.537,198,2
2026-06-30 00:38:00,0.635,241,2
2026-06-30 00:44:00,0.471,240,2
2026-06-30 00:50:00,0.36,246,2
2026-06-30 00:56:00,0.366,255,2
2026-06-30 01:02:00,0.403,240,2
2026-06-30 01:08:00,0.358,217,2
2026-06-30 01:14:00,0.332,225,2
2026-06-30 01:20:00,0.171,195,2
2026-06-30 01:26:00,0.157,111,2
2026-06-30 01:32:00,0.102,126,2
2026-06-30 01:38:00,0.125,97,2
2026-06-30 01:44:00,0.054,119,2
2026-06-30 01:50:00,0.079,206,2
2026-06-30 01:56:00,0.057,264,2
2026-06-30 02:02:00,0.028,94,2
2026-06-30 02:08:00,0.125,29,2
2026-06-30 02:14:00,0.108,292,2
2026-06-30 02:20:00,0.06,243,2
2026-06-30 02:26:00,0.071,323,2
2026-06-30 02:32:00,0.132,10,2
2026-06-30 02:38:00,0.124,324,2
2026-06-30 02:44:00,0.197,31,2
2026-06-30 02:50:00,0.206,36,2
2026-06-30 02:56:00,0.163,15,2
2026-06-30 03:02:00,0.26,22,2
2026-06-30 03:08:00,0.295,28,2
2026-06-30 03:14:00,0.328,11,2
2026-06-30 03:20:00,0.296,24,2
2026-06-30 03:26:00,0.32,8,2
2026-06-30 03:32:00,0.334,12,2
2026-06-30 03:38:00,0.434,34,2
2026-06-30 03:44:00,0.535,6,2
2026-06-30 03:50:00,0.534,10,2
2026-06-30 03:56:00,0.528,35,2
2026-06-30 04:02:00,0.612,9,2
2026-06-30 04:08:00,0.638,6,2
2026-06-30 04:14:00,0.648,19,2
2026-06-30 04:20:00,0.7,49,2
2026-06-30 04:26:00,0.764,15,2
2026-06-30 04:32:00,0.75,354,2
2026-06-30 04:38:00,0.649,24,2
2026-06-30 04:44:00,0.625,0,2
2026-06-30 04:50:00,0.643,10,2
2026-06-30 04:56:00,0.714,359,2
2026-06-30 05:02:00,0.708,22,2
2026-06-30 05:08:00,0.702,23,2
2026-06-30 05:14:00,0.667,16,2
2026-06-30 05:20:00,0.659,19,2
2026-06-30 05:26:00,0.755,15,2
2026-06-30 05:32:00,0.709,15,2
2026-06-30 05:38:00,0.715,352,2
2026-06-30 05:44:00,0.734,17,2
2026-06-30 05:50:00,0.753,6,2
2026-06-30 05:56:00,0.719,22,2
2026-06-30 06:02:00,0.808,4,2
2026-06-30 06:08:00,0.753,10,2
2026-06-30 06:14:00,0.719,7,2
2026-06-30 06:20:00,0.74,358,2
2026-06-30 06:26:00,0.808,9,2
2026-06-30 06:32:00,0.849,13,2
2026-06-30 06:38:00,0.896,8,2
2026-06-30 06:44:00,0.734,14,2
2026-06-30 06:50:00,0.807,15,2
2026-06-30 06:56:00,0.708,7,2
2026-06-30 07:02:00,0.657,18,2
2026-06-30 07:08:00,0.676,16,2
2026-06-30 07:14:00,0.643,19,2
2026-06-30 07:20:00,0.632,1,2
2026-06-30 07:26:00,0.616,7,2
2026-06-30 07:32:00,0.511,9,2
2026-06-30 07:38:00,0.485,17,2
2026-06-30 07:44:00,0.486,13,2
2026-06-30 07:50:00,0.43,7,2
2026-06-30 07:56:00,0.469,4,2
2026-06-30 08:02:00,0.342,4,2
2026-06-30 08:08:00,0.32,29,2
2026-06-30 08:14:00,0.187,20,2
2026-06-30 08:20:00,0.188,14,2
2026-06-30 08:26:00,0.21,9,2
2026-06-30 08:32:00,0.115,12,2
2026-06-30 08:38:00,0.036,33,2
2026-06-30 08:44:00,0.084,164,2
2026-06-30 08:50:00,0.032,211,2
2026-06-30 08:56:00,0.11,151,2
2026-06-30 09:02:00,0.04,67,2
2026-06-30 09:08:00,0.027,340,2
2026-06-30 09:14:00,0.048,64,2
2026-06-30 09:20:00,0.093,26,2
2026-06-30 09:26:00,0.052,333,2
2026-06-30 09:32:00,0.071,184,2
2026-06-30 09:38:00,0.13,235,2
2026-06-30 09:44:00,0.044,189,2
2026-06-30 09:50:00,0.086,284,2
2026-06-30 09:56:00,0.129,10,2
2026-06-30 10:02:00,0.133,25,2
2026-06-30 10:08:00,0.026,181,2
2026-06-30 10:14:00,0.161,215,2
2026-06-30 10:20:00,0.241,248,2
2026-06-30 10:26:00,0.284,223,2
2026-06-30 10:32:00,0.339,239,2
2026-06-30 10:38:00,0.328,237,2
2026-06-30 10:44:00,0.339,244,2
2026-06-30 10:50:00,0.464,236,2
2026-06-30 10:56:00,0.469,255,2
2026-06-30 11:02:00,0.468,254,2
2026-06-30 11:08:00,0.513,222,2
2026-06-30 11:14:00,0.553,224,2
2026-06-30 11:20:00,0.563,238,2
2026-06-30 11:26:00,0.658,228,2
2026-06-30 11:32:00,0.734,220,2
2026-06-30 11:38:00,0.873,209,2
2026-06-30 11:44:00,0.683,245,2
2026-06-30 11:50:00,0.673,251,2
2026-06-30 11:56:00,0.682,220,2
2026-06-30 12:02:00,0.652,223,2
2026-06-30 12:08:00,0.596,250,2
2026-06-30 12:14:00,0.506,243,2
2026-06-30 12:20:00,0.628,221,2
2026-06-30 12:26:00,0.683,213,2
2026-06-30 12:32:00,0.673,223,2
2026-06-30 12:38:00,0.778,207,2
2026-06-30 12:44:00,0.773,231,2
2026-06-30 12:50:00,0.756,220,2
2026-06-30 12:56:00,0.761,233,2
2026-06-30 13:02:00,0.801,202,2
2026-06-30 13:08:00,0.871,228,2
2026-06-30 13:14:00,0.899,217,2
2026-06-30 13:20:00,0.844,229,2
2026-06-30 13:26:00,0.956,205,2
2026-06-30 13:32:00,0.999,205,2
2026-06-30 13:38:00,1.089,231,2
2026-06-30 13:44:00,1.044,195,2
2026-06-30 13:50:00,1.05,242,2
2026-06-30 13:56:00,0.966,209,2
2026-06-30 14:02:00,1.016,213,2
2026-06-30 14:08:00,0.881,222,2
2026-06-30 14:14:00,1.0,228,2
2026-06-30 14:20:00,0.974,199,2
2026-06-30 14:26:00,0.844,242,2
2026-06-30 14:32:00,0.911,214,2
2026-06-30 14:38:00,0.861,239,2
2026-06-30 14:44:00,0.874,198,2
2026-06-30 14:50:00,0.886,200,2
2026-06-30 14:56:00,0.824,246,2
2026-06-30 15:02:00,0.78,227,2
2026-06-30 15:08:00,0.731,226,2
2026-06-30 15:14:00,0.657,225,2
2026-06-30 15:20:00,0.581,238,2
2026-06-30 15:26:00,0.639,230,2
2026-06-30 15:32:00,0.577,228,2
2026-06-30 15:44:00,0.668,239,2
2026-06-30 15:50:00,0.65,210,2
2026-06-30 15:56:00,0.526,249,2
2026-06-30 16:02:00,0.422,258,2
2026-06-30 16:08:00,0.334,264,2
2026-06-30 16:14:00,0.218,242,2
2026-06-30 16:20:00,0.237,238,2
2026-06-30 16:26:00,0.251,266,2
2026-06-30 16:32:00,0.159,203,2
2026-06-30 16:38:00,0.109,234,2
2026-06-30 16:44:00,0.154,239,2
2026-06-30 16:50:00,0.115,4,2
2026-06-30 16:56:00,0.163,322,2
2026-06-30 17:02:00,0.269,6,2
2026-06-30 17:08:00,0.317,9,2
2026-06-30 17:14:00,0.317,7,2
2026-06-30 17:20:00,0.255,3,2
2026-06-30 17:26:00,0.302,2,2
2026-06-30 17:32:00,0.463,10,2
2026-06-30 17:38:00,0.465,28,2
2026-06-30 17:44:00,0.47,26,2
2026-06-30 17:50:00,0.465,19,2
2026-06-30 17:56:00,0.467,9,2
2026-06-30 18:02:00,0.561,6,2
2026-06-30 18:08:00,0.483,20,2
2026-06-30 18:14:00,0.618,20,2
2026-06-30 18:20:00,0.51,16,2
2026-06-30 18:26:00,0.588,31,2
2026-06-30 18:32:00,0.691,32,2
2026-06-30 18:38:00,0.605,33,2
2026-06-30 18:44:00,0.702,16,2
2026-06-30 18:50:00,0.721,7,2
2026-06-30 18:56:00,0.744,355,2
2026-06-30 19:50:00,0.473,0,2
2026-06-30 19:56:00,0.519,13,2
2026-06-30 20:02:00,0.414,21,2
2026-06-30 20:08:00,0.444,42,2
2026-06-30 20:14:00,0.474,39,2
2026-06-30 20:20:00,0.419,46,2
2026-06-30 20:26:00,0.268,1,2
2026-06-30 20:32:00,0.347,21,2
2026-06-30 20:38:00,0.384,355,2
2026-06-30 20:44:00,0.486,2,2
2026-06-30 20:50:00,0.431,16,2
2026-06-30 20:56:00,0.5,351,2
2026-06-30 21:02:00,0.404,26,2
2026-06-30 21:08:00,0.389,29,2
2026-06-30 21:14:00,0.203,73,2
2026-06-30 21:20:00,0.205,55,2
2026-06-30 21:26:00,0.212,30,2
2026-06-30 21:32:00,0.22,61,2
2026-06-30 21:38:00,0.147,109,2
2026-06-30 21:44:00,0.116,23,2
2026-06-30 21:50:00,0.024,358,2
2026-06-30 21:56:00,0.077,87,2
2026-06-30 22:02:00,0.07,16,2
2026-06-30 22:08:00,0.042,10,2
2026-06-30 22:14:00,0.035,112,2
2026-06-30 22:20:00,0.063,141,2
2026-06-30 22:26:00,0.002,348,2
2026-06-30 22:32:00,0.085,179,2
2026-06-30 22:38:00,0.16,187,2
2026-06-30 22:44:00,0.2,162,2
2026-06-30 22:50:00,0.068,167,2
2026-06-30 22:56:00,0.171,198,2
2026-06-30 23:02:00,0.125,194,2
2026-06-30 23:08:00,0.138,198,2
2026-06-30 23:14:00,0.149,243,2
2026-06-30 23:20:00,0.158,183,2
2026-06-30 23:26:00,0.199,240,2
2026-06-30 23:32:00,0.201,173,2
2026-06-30 23:38:00,0.157,205,2
2026-06-30 23:44:00,0.183,164,2
2026-06-30 23:50:00,0.232,255,2
2026-06-30 23:56:00,0.207,175,2
2026-07-01 00:02:00,0.228,197,2
2026-07-01 00:08:00,0.218,177,2
2026-07-01 00:14:00,0.168,221,2
2026-07-01 00:20:00,0.193,178,2
2026-07-01 00:26:00,0.162,172,2
2026-07-01 00:32:00,0.207,164,2
2026-07-01 00:38:00,0.11,125,2
2026-07-01 00:44:00,0.15,93,2
2026-07-01 00:50:00,0.154,148,2
2026-07-01 00:56:00,0.158,159,2
2026-07-01 01:02:00,0.198,137,2
2026-07-01 01:08:00,0.178,112,2
2026-07-01 01:14:00,0.062,136,2
2026-07-01 01:20:00,0.129,109,2
2026-07-01 01:26:00,0.204,157,2
2026-07-01 01:32:00,0.135,127,2
2026-07-01 01:38:00,0.145,132,2
2026-07-01 01:44:00,0.172,102,2
2026-07-01 01:50:00,0.105,90,2
2026-07-01 01:56:00,0.221,71,2
2026-07-01 02:02:00,0.107,76,2
2026-07-01 02:08:00,0.193,81,2
2026-07-01 02:14:00,0.212,79,2
2026-07-01 02:20:00,0.168,65,2
2026-07-01 02:26:00,0.144,84,2
2026-07-01 02:32:00,0.258,73,2
2026-07-01 02:38:00,0.405,61,2
2026-07-01 02:44:00,0.379,47,2
2026-07-01 02:50:00,0.441,53,2
2026-07-01 02:56:00,0.548,70,2
2026-07-01 03:02:00,0.487,46,2
2026-07-01 03:08:00,0.526,31,2
2026-07-01 03:14:00,0.613,48,2
2026-07-01 03:20:00,0.673,21,2
2026-07-01 03:26:00,0.748,22,2
2026-07-01 03:32:00,0.851,12,2
2026-07-01 03:38:00,0.708,14,2
2026-07-01 03:44:00,0.768,12,2
2026-07-01 03:50:00,0.579,0,2
2026-07-01 03:56:00,0.635,7,2
2026-07-01 04:02:00,0.66,9,2
2026-07-01 04:08:00,0.725,0,2
2026-07-01 04:14:00,0.763,17,2
2026-07-01 04:20:00,0.73,24,2
2026-07-01 04:26:00,0.834,29,2
2026-07-01 04:32:00,0.845,16,2
2026-07-01 04:50:00,0.926,22,2
2026-07-01 04:56:00,0.9,18,2
2026-07-01 05:02:00,0.827,26,2
2026-07-01 05:08:00,0.874,13,2
2026-07-01 05:14:00,0.85,17,2
2026-07-01 05:20:00,1.001,15,2
2026-07-01 05:26:00,0.925,15,2
2026-07-01 05:32:00,0.98,32,2
2026-07-01 05:38:00,0.934,22,2
2026-07-01 05:44:00,0.905,22,2
2026-07-01 05:50:00,1.069,36,2
2026-07-01 05:56:00,0.956,10,2
2026-07-01 06:02:00,0.909,25,2
2026-07-01 06:08:00,0.962,16,2
2026-07-01 06:14:00,1.114,17,2
2026-07-01 06:20:00,1.095,24,2
2026-07-01 06:26:00,1.27,19,2
2026-07-01 06:32:00,1.132,14,2
2026-07-01 06:38:00,1.075,20,2
2026-07-01 06:44:00,1.177,14,2
2026-07-01 06:50:00,1.091,12,2
2026-07-01 06:56:00,1.188,25,2
2026-07-01 07:02:00,1.172,23,2
2026-07-01 07:08:00,1.131,23,2
2026-07-01 07:14:00,1.079,10,2
2026-07-01 07:20:00,1.044,18,2
2026-07-01 07:26:00,1.034,11,2
2026-07-01 07:32:00,1.114,24,2
2026-07-01 07:38:00,1.052,14,2
2026-07-01 07:44:00,1.024,15,2
2026-07-01 07:50:00,0.942,14,2
2026-07-01 07:56:00,0.968,14,2
2026-07-01 08:02:00,0.809,10,2
2026-07-01 08:08:00,0.857,10,2
2026-07-01 08:14:00,0.758,21,2
2026-07-01 08:20:00,0.923,16,2
2026-07-01 08:26:00,0.681,14,2
2026-07-01 08:32:00,0.729,23,2
2026-07-01 08:38:00,0.764,20,2
2026-07-01 08:44:00,0.634,16,2
2026-07-01 08:50:00,0.721,30,2
2026-07-01 08:56:00,0.531,29,2
2026-07-01 09:02:00,0.495,27,2
2026-07-01 09:14:00,0.478,29,2
2026-07-01 09:20:00,0.289,55,2
2026-07-01 09:26:00,0.531,6,2
2026-07-01 09:32:00,0.228,31,2
2026-07-01 09:38:00,0.282,27,2
2026-07-01 09:44:00,0.205,23,2
2026-07-01 09:50:00,0.183,9,2
2026-07-01 09:56:00,0.183,30,2
2026-07-01 10:02:00,0.219,24,2
2026-07-01 10:08:00,0.081,36,2
2026-07-01 10:14:00,0.086,39,2
2026-07-01 10:20:00,0.043,39,2
2026-07-01 10:26:00,0.104,107,2
2026-07-01 10:32:00,0.03,157,2
2026-07-01 10:38:00,0.063,332,2
2026-07-01 10:44:00,0.04,114,2
2026-07-01 10:50:00,0.048,244,2
2026-07-01 10:56:00,0.068,295,2
2026-07-01 11:02:00,0.12,178,2
2026-07-01 11:08:00,0.147,215,2
2026-07-01 11:14:00,0.229,251,2
2026-07-01 11:20:00,0.266,231,2
2026-07-01 11:26:00,0.336,231,2
2026-07-01 11:32:00,0.335,243,2
2026-07-01 11:38:00,0.358,246,2
2026-07-01 11:44:00,0.326,228,2
2026-07-01 11:50:00,0.419,239,2
2026-07-01 11:56:00,0.519,235,2
2026-07-01 12:02:00,0.624,218,2
2026-07-01 12:08:00,0.482,235,2
2026-07-01 12:14:00,0.58,256,2
2026-07-01 12:20:00,0.77,239,2
2026-07-01 12:26:00,0.725,226,2
2026-07-01 12:32:00,0.785,236,2
2026-07-01 12:38:00,0.817,237,2
2026-07-01 12:44:00,1.06,207,2
2026-07-01 12:50:00,1.103,221,2
2026-07-01 12:56:00,1.24,210,2
2026-07-01 13:02:00,1.091,183,2
2026-07-01 13:08:00,1.078,210,2
2026-07-01 13:14:00,1.003,203,2
2026-07-01 13:26:00,1.026,234,2
2026-07-01 13:32:00,1.258,243,2
2026-07-01 13:38:00,1.373,256,2
2026-07-01 13:44:00,1.305,237,2
2026-07-01 13:50:00,1.472,237,2
2026-07-01 13:56:00,1.481,205,2
2026-07-01 14:02:00,1.443,206,2
2026-07-01 14:08:00,1.488,222,2
2026-07-01 14:14:00,1.482,204,2
2026-07-01 14:20:00,1.383,230,2
2026-07-01 14:26:00,1.385,243,2
2026-07-01 14:32:00,1.472,221,2
2026-07-01 14:38:00,1.538,219,2
2026-07-01 14:44:00,1.482,227,2
2026-07-01 14:50:00,1.362,229,2
2026-07-01 14:56:00,1.332,225,2
2026-07-01 15:02:00,1.396,209,2
2026-07-01 15:08:00,1.31,222,2
2026-07-01 15:14:00,1.201,206,2
2026-07-01 15:20:00,1.14,232,2
2026-07-01 15:26:00,1.086,200,2
2026-07-01 15:32:00,1.078,193,2
2026-07-01 15:38:00,0.987,226,2
2026-07-01 15:44:00,1.008,212,2
2026-07-01 15:50:00,0.872,199,2
2026-07-01 15:56:00,0.819,226,2
2026-07-01 16:02:00,0.708,201,2
2026-07-01 16:08:00,0.675,235,2
2026-07-01 16:14:00,0.583,252,2
2026-07-01 16:20:00,0.583,234,2
2026-07-01 16:26:00,0.393,226,2
2026-07-01 16:32:00,0.36,245,2
2026-07-01 16:38:00,0.377,237,2
2026-07-01 16:44:00,0.352,238,2
2026-07-01 16:50:00,0.372,223,2
2026-07-01 16:56:00,0.441,298,2
2026-07-01 17:02:00,0.323,282,2
2026-07-01 17:08:00,0.153,194,2
2026-07-01 17:14:00,0.122,202,2
2026-07-01 17:20:00,0.161,249,2
2026-07-01 17:26:00,0.184,251,2
2026-07-01 17:32:00,0.183,339,2
2026-07-01 17:38:00,0.278,324,2
2026-07-01 17:44:00,0.26,306,2
2026-07-01 17:50:00,0.363,305,2
2026-07-01 17:56:00,0.369,286,2
2026-07-01 18:02:00,0.405,346,2
2026-07-01 18:08:00,0.448,0,2
2026-07-01 18:14:00,0.513,359,2
2026-07-01 18:20:00,0.373,339,2
2026-07-01 18:26:00,0.488,350,2
2026-07-01 18:32:00,0.524,354,2
2026-07-01 18:38:00,0.48,357,2
2026-07-01 18:44:00,0.479,16,2
2026-07-01 18:50:00,0.528,26,2
2026-07-01 18:56:00,0.51,12,2
2026-07-01 19:02:00,0.513,6,2
2026-07-01 19:08:00,0.559,25,2
2026-07-01 19:14:00,0.606,23,2
2026-07-01 19:20:00,0.534,15,2
2026-07-01 19:26:00,0.544,359,2
2026-07-01 19:32:00,0.528,352,2
2026-07-01 19:38:00,0.627,17,2
2026-07-01 19:44:00,0.578,3,2
2026-07-01 19:50:00,0.545,12,2
2026-07-01 19:56:00,0.607,2,2
2026-07-01 20:02:00,0.529,17,2
2026-07-01 20:08:00,0.513,353,2
2026-07-01 20:14:00,0.481,34,2
2026-07-01 20:20:00,0.561,42,2
2026-07-01 20:26:00,0.564,8,2
2026-07-01 20:32:00,0.43,41,2
2026-07-01 20:38:00,0.434,25,2
2026-07-01 20:44:00,0.489,39,2
2026-07-01 20:50:00,0.416,33,2
2026-07-01 20:56:00,0.464,1,2
2026-07-01 21:02:00,0.464,26,2
2026-07-01 21:08:00,0.472,20,2
2026-07-01 21:14:00,0.38,26,2
2026-07-01 21:20:00,0.357,15,2
2026-07-01 21:26:00,0.344,33,2
2026-07-01 21:32:00,0.263,16,2
2026-07-01 21:38:00,0.203,15,2
2026-07-01 21:44:00,0.179,249,2
2026-07-01 21:50:00,0.115,344,2
2026-07-01 21:56:00,0.221,28,2
2026-07-01 22:02:00,0.129,13,2
2026-07-01 22:08:00,0.238,46,2
2026-07-01 22:14:00,0.152,61,2
2026-07-01 22:20:00,0.087,12,2
2026-07-01 22:26:00,0.03,0,2
2026-07-01 22:32:00,0.107,300,2
2026-07-01 22:38:00,0.084,280,2
2026-07-01 22:44:00,0.082,312,2
2026-07-01 22:50:00,0.051,308,2
2026-07-01 22:56:00,0.077,282,2
2026-07-01 23:02:00,0.169,279,2
2026-07-01 23:08:00,0.108,320,2
2026-07-01 23:14:00,0.08,181,2
2026-07-01 23:20:00,0.121,270,2
2026-07-01 23:26:00,0.154,215,2
2026-07-01 23:32:00,0.162,312,2
2026-07-01 23:38:00,0.217,232,2
2026-07-01 23:44:00,0.255,265,2
2026-07-02 00:02:00,0.41,237,2
2026-07-02 00:08:00,0.384,238,2
2026-07-02 00:20:00,0.412,254,2
2026-07-02 00:26:00,0.425,237,2
2026-07-02 00:38:00,0.546,244,2
2026-07-02 00:44:00,0.525,260,2
2026-07-02 00:50:00,0.565,217,2
2026-07-02 00:56:00,0.46,228,2
2026-07-02 01:02:00,0.584,253,2
2026-07-02 01:08:00,0.622,195,2
2026-07-02 01:14:00,0.542,190,2
2026-07-02 01:20:00,0.584,207,2
2026-07-02 01:26:00,0.59,217,2
2026-07-02 01:32:00,0.693,214,2
2026-07-02 01:38:00,0.748,199,2
2026-07-02 01:44:00,0.63,196,2
2026-07-02 01:50:00,0.729,192,2
2026-07-02 01:56:00,0.676,225,2
2026-07-02 02:02:00,0.571,181,2
2026-07-02 02:08:00,0.512,194,2
2026-07-02 02:14:00,0.635,225,2
2026-07-02 02:20:00,0.664,197,2
2026-07-02 02:26:00,0.734,189,2
2026-07-02 02:32:00,0.712,197,2
2026-07-02 02:38:00,0.591,173,2
2026-07-02 02:44:00,0.536,175,2
2026-07-02 02:50:00,0.556,231,2
2026-07-02 02:56:00,0.478,244,2
2026-07-02 03:02:00,0.502,260,2
2026-07-02 03:08:00,0.501,220,2
2026-07-02 03:14:00,0.552,235,2
2026-07-02 03:20:00,0.486,237,2
2026-07-02 03:26:00,0.589,242,2
2026-07-02 03:32:00,0.481,222,2
2026-07-02 03:38:00,0.412,230,2
2026-07-02 03:44:00,0.422,249,2
2026-07-02 03:50:00,0.407,252,2
2026-07-02 03:56:00,0.368,238,2
2026-07-02 04:02:00,0.334,252,2
2026-07-02 04:08:00,0.303,267,2
2026-07-02 04:14:00,0.308,324,2
2026-07-02 04:20:00,0.323,262,2
2026-07-02 04:26:00,0.09,266,2
2026-07-02 04:32:00,0.183,278,2
2026-07-02 04:38:00,0.096,288,2
2026-07-02 04:44:00,0.141,294,2
2026-07-02 04:50:00,0.204,316,2
2026-07-02 04:56:00,0.16,344,2
2026-07-02 05:02:00,0.256,13,2
2026-07-02 05:08:00,0.283,11,2
2026-07-02 05:14:00,0.403,15,2
2026-07-02 05:20:00,0.341,16,2
2026-07-02 05:26:00,0.358,0,2
2026-07-02 05:32:00,0.425,355,2
2026-07-02 05:38:00,0.422,24,2
2026-07-02 05:44:00,0.4,6,2
2026-07-02 05:50:00,0.513,51,2
2026-07-02 05:56:00,0.498,357,2
2026-07-02 06:02:00,0.555,44,2
2026-07-02 06:08:00,0.542,25,2
2026-07-02 06:14:00,0.5,25,2
2026-07-02 06:20:00,0.572,9,2
2026-07-02 06:26:00,0.538,24,2
2026-07-02 06:32:00,0.636,41,2
2026-07-02 06:38:00,0.657,17,2
2026-07-02 06:44:00,0.502,8,2
2026-07-02 06:50:00,0.561,6,2
2026-07-02 06:56:00,0.652,17,2
2026-07-02 07:02:00,0.652,20,2
2026-07-02 07:08:00,0.644,40,2
2026-07-02 07:14:00,0.496,1,2
2026-07-02 07:20:00,0.512,13,2
2026-07-02 07:26:00,0.591,358,2
2026-07-02 07:32:00,0.595,32,2
2026-07-02 07:38:00,0.593,353,2
2026-07-02 07:44:00,0.577,30,2
2026-07-02 07:50:00,0.523,6,2
2026-07-02 07:56:00,0.556,1,2
2026-07-02 08:02:00,0.579,41,2
2026-07-02 08:08:00,0.478,23,2
2026-07-02 08:14:00,0.611,351,2
2026-07-02 08:20:00,0.627,39,2
2026-07-02 08:26:00,0.614,44,2
2026-07-02 08:32:00,0.467,39,2
2026-07-02 08:38:00,0.489,20,2
2026-07-02 08:44:00,0.496,13,2
2026-07-02 08:50:00,0.426,1,2
2026-07-02 08:56:00,0.424,10,2
2026-07-02 09:02:00,0.358,348,2
2026-07-02 09:08:00,0.429,17,2
2026-07-02 09:14:00,0.28,4,2
2026-07-02 09:20:00,0.305,341,2
2026-07-02 09:26:00,0.226,351,2
2026-07-02 09:32:00,0.192,12,2
2026-07-02 09:38:00,0.155,24,2
2026-07-02 09:44:00,0.178,333,2
2026-07-02 09:50:00,0.114,35,2
2026-07-02 09:56:00,0.062,336,2
2026-07-02 10:02:00,0.088,292,2
2026-07-02 10:08:00,0.128,351,2
2026-07-02 10:14:00,0.071,221,2
2026-07-02 10:20:00,0.054,221,2
2026-07-02 10:32:00,0.229,276,2
2026-07-02 10:38:00,0.346,278,2
2026-07-02 10:44:00,0.105,128,2
2026-07-02 10:50:00,0.311,274,2
2026-07-02 10:56:00,0.26,139,2
2026-07-02 11:02:00,0.261,255,2
2026-07-02 11:08:00,0.334,267,2
2026-07-02 11:14:00,0.325,220,2
2026-07-02 11:20:00,0.427,219,2
2026-07-02 11:26:00,0.295,284,2
2026-07-02 11:32:00,0.41,177,2
2026-07-02 11:38:00,0.402,223,2
2026-07-02 11:44:00,0.49,224,2
2026-07-02 11:50:00,0.356,177,2
2026-07-02 11:56:00,0.419,192,2
2026-07-02 12:02:00,0.414,257,2
2026-07-02 12:08:00,0.504,198,2
2026-07-02 12:14:00,0.597,248,2
2026-07-02 12:20:00,0.525,179,2
2026-07-02 12:26:00,0.473,214,2
2026-07-02 12:32:00,0.575,203,2
2026-07-02 12:38:00,0.693,194,2
2026-07-02 12:44:00,0.7,222,2
2026-07-02 12:50:00,0.796,203,2
2026-07-02 12:56:00,0.741,191,2
2026-07-02 13:02:00,0.963,195,2
2026-07-02 13:08:00,0.837,195,2
2026-07-02 13:14:00,0.903,235,2
2026-07-02 13:20:00,1.017,227,2
2026-07-02 13:26:00,1.048,229,2
2026-07-02 13:32:00,0.921,198,2
2026-07-02 13:38:00,1.133,236,2
2026-07-02 13:44:00,1.186,209,2
2026-07-02 13:50:00,1.196,210,2
2026-07-02 13:56:00,1.065,218,2
2026-07-02 14:02:00,1.093,213,2
2026-07-02 14:08:00,1.108,215,2
2026-07-02 14:14:00,1.063,234,2
2026-07-02 14:20:00,1.022,209,2
2026-07-02 14:26:00,0.919,225,2
2026-07-02 14:32:00,0.95,214,2
2026-07-02 14:38:00,0.882,209,2
2026-07-02 14:44:00,1.02,203,2
2026-07-02 14:50:00,0.907,223,2
2026-07-02 14:56:00,1.034,199,2
2026-07-02 15:02:00,0.968,203,2
2026-07-02 15:08:00,1.039,221,2
2026-07-02 15:14:00,0.853,206,2
2026-07-02 15:20:00,0.945,194,2
2026-07-02 15:26:00,0.923,215,2
2026-07-02 15:32:00,0.847,181,2
2026-07-02 15:38:00,0.856,214,2
2026-07-02 15:44:00,0.851,195,2
2026-07-02 15:50:00,0.817,208,2
2026-07-02 15:56:00,0.991,233,2
2026-07-02 16:02:00,0.844,222,2
2026-07-02 16:08:00,0.773,200,2
2026-07-02 16:14:00,0.811,213,2
2026-07-02 16:20:00,0.408,220,2
2026-07-02 16:26:00,0.612,237,2
2026-07-02 16:32:00,0.65,229,2
2026-07-02 16:38:00,0.612,210,2
2026-07-02 16:44:00,0.453,216,2
2026-07-02 16:50:00,0.566,208,2
2026-07-02 16:56:00,0.576,214,2
2026-07-02 17:02:00,0.603,193,2
2026-07-02 17:08:00,0.576,194,2
2026-07-02 17:14:00,0.527,224,2
2026-07-02 17:20:00,0.408,246,2
2026-07-02 17:26:00,0.341,231,2
2026-07-02 17:32:00,0.256,236,2
2026-07-02 17:38:00,0.13,248,2
2026-07-02 17:44:00,0.125,240,2
2026-07-02 17:50:00,0.222,243,2
2026-07-02 17:56:00,0.113,294,2
2026-07-02 18:02:00,0.325,218,2
2026-07-02 18:08:00,0.181,220,2
2026-07-02 18:14:00,0.047,283,2
2026-07-02 18:20:00,0.129,287,2
2026-07-02 18:26:00,0.137,326,2
2026-07-02 18:32:00,0.187,307,2
2026-07-02 18:38:00,0.175,293,2
2026-07-02 18:44:00,0.138,323,2
2026-07-02 18:50:00,0.284,351,2
2026-07-02 18:56:00,0.263,352,2
2026-07-02 19:02:00,0.249,347,2
2026-07-02 19:08:00,0.278,351,2
2026-07-02 19:14:00,0.253,352,2
2026-07-02 19:20:00,0.258,19,2
2026-07-02 19:26:00,0.358,345,2
2026-07-02 19:32:00,0.355,9,2
2026-07-02 19:38:00,0.355,358,2
2026-07-02 19:44:00,0.478,1,2
2026-07-02 19:50:00,0.435,13,2
2026-07-02 19:56:00,0.386,18,2
2026-07-02 20:02:00,0.443,8,2
2026-07-02 20:08:00,0.452,13,2
2026-07-02 20:14:00,0.44,355,2
2026-07-02 20:20:00,0.516,21,2
2026-07-02 20:26:00,0.568,21,2
2026-07-02 20:32:00,0.521,21,2
2026-07-02 20:38:00,0.546,16,2
2026-07-02 20:44:00,0.579,21,2
2026-07-02 20:50:00,0.523,22,2
2026-07-02 20:56:00,0.487,12,2
2026-07-02 21:02:00,0.574,15,2
2026-07-02 21:08:00,0.536,5,2
2026-07-02 21:14:00,0.557,14,2
2026-07-02 21:20:00,0.493,359,2
2026-07-02 21:26:00,0.46,9,2
2026-07-02 21:32:00,0.502,19,2
2026-07-02 21:38:00,0.431,11,2
2026-07-02 21:44:00,0.345,16,2
2026-07-02 21:50:00,0.356,25,2
2026-07-02 21:56:00,0.248,358,2
2026-07-02 22:02:00,0.224,1,2
2026-07-02 22:08:00,0.218,347,2
2026-07-02 22:14:00,0.127,307,2
2026-07-02 22:20:00,0.435,263,2
2026-07-02 22:26:00,0.302,304,2
2026-07-02 22:32:00,0.177,346,2
2026-07-02 22:38:00,0.307,342,2
2026-07-02 22:44:00,0.118,305,2
2026-07-02 22:50:00,0.124,336,2
2026-07-02 22:56:00,0.124,340,2
2026-07-02 23:02:00,0.15,259,2
2026-07-02 23:08:00,0.174,235,2
2026-07-02 23:14:00,0.153,251,2
2026-07-02 23:20:00,0.235,258,2
2026-07-02 23:26:00,0.386,246,2
2026-07-02 23:44:00,0.397,260,2
2026-07-03 00:02:00,0.576,240,2
2026-07-03 00:14:00,0.452,231,2
2026-07-03 00:20:00,0.486,243,2
2026-07-03 00:26:00,0.529,212,2
2026-07-03 00:32:00,0.468,217,2
2026-07-03 00:38:00,0.534,226,2
2026-07-03 00:44:00,0.465,190,2
2026-07-03 00:50:00,0.521,199,2
2026-07-03 00:56:00,0.468,196,2
2026-07-03 01:02:00,0.484,209,2
2026-07-03 01:08:00,0.514,213,2
2026-07-03 01:14:00,0.55,204,2
2026-07-03 01:20:00,0.577,193,2
2026-07-03 01:26:00,0.568,232,2
2026-07-03 01:32:00,0.748,223,2
2026-07-03 01:38:00,0.645,194,2
2026-07-03 01:44:00,0.716,178,2
2026-07-03 01:50:00,0.764,178,2
2026-07-03 01:56:00,0.803,233,2
2026-07-03 02:02:00,0.789,226,2
2026-07-03 02:08:00,0.751,209,2
2026-07-03 02:14:00,0.697,193,2
2026-07-03 02:20:00,0.788,203,2
2026-07-03 02:26:00,0.684,233,2
2026-07-03 02:32:00,0.76,218,2
2026-07-03 02:38:00,0.714,239,2
2026-07-03 02:44:00,0.695,174,2
2026-07-03 02:50:00,0.789,180,2
2026-07-03 02:56:00,0.79,232,2
2026-07-03 03:02:00,0.854,211,2
2026-07-03 03:08:00,0.739,195,2
2026-07-03 03:14:00,0.735,244,2
2026-07-03 03:20:00,0.635,250,2
2026-07-03 03:26:00,0.519,246,2
2026-07-03 03:32:00,0.506,260,2
2026-07-03 03:38:00,0.473,273,2
2026-07-03 03:44:00,0.451,179,2
2026-07-03 03:50:00,0.503,250,2
2026-07-03 03:56:00,0.529,163,2
2026-07-03 04:02:00,0.49,173,2
2026-07-03 04:08:00,0.413,197,2
2026-07-03 04:14:00,0.398,266,2
2026-07-03 04:20:00,0.345,189,2
2026-07-03 04:26:00,0.288,186,2
2026-07-03 04:32:00,0.324,196,2
2026-07-03 04:38:00,0.27,194,2
2026-07-03 04:44:00,0.103,275,2
2026-07-03 04:50:00,0.057,317,2
2026-07-03 04:56:00,0.137,4,2
2026-07-03 05:02:00,0.135,311,2
2026-07-03 05:08:00,0.133,341,2
2026-07-03 05:14:00,0.241,346,2
2026-07-03 05:20:00,0.216,356,2
2026-07-03 05:26:00,0.384,2,2
2026-07-03 05:32:00,0.403,5,2
2026-07-03 05:38:00,0.43,11,2
2026-07-03 05:44:00,0.263,8,2
2026-07-03 05:50:00,0.343,7,2
2026-07-03 05:56:00,0.328,5,2
2026-07-03 06:02:00,0.319,7,2
2026-07-03 06:08:00,0.279,14,2
2026-07-03 06:14:00,0.401,21,2
2026-07-03 06:20:00,0.479,9,2
2026-07-03 06:26:00,0.426,359,2
2026-07-03 06:32:00,0.376,359,2
2026-07-03 06:44:00,0.5,11,2
2026-07-03 06:50:00,0.492,25,2
2026-07-03 06:56:00,0.563,42,2
2026-07-03 07:02:00,0.605,25,2
2026-07-03 07:08:00,0.638,20,2
2026-07-03 07:14:00,0.593,7,2
2026-07-03 07:20:00,0.759,8,2
2026-07-03 07:26:00,0.596,7,2
2026-07-03 07:32:00,0.64,16,2
2026-07-03 07:38:00,0.733,0,2
2026-07-03 07:44:00,0.629,37,2
2026-07-03 07:50:00,0.508,23,2
2026-07-03 07:56:00,0.565,1,2
2026-07-03 08:02:00,0.583,1,2
2026-07-03 08:08:00,0.554,346,2
2026-07-03 08:14:00,0.597,9,2
2026-07-03 08:20:00,0.625,8,2
2026-07-03 08:26:00,0.587,14,2
2026-07-03 08:32:00,0.646,354,2
2026-07-03 08:38:00,0.469,16,2
2026-07-03 08:44:00,0.595,11,2
2026-07-03 08:50:00,0.536,33,2
2026-07-03 08:56:00,0.558,35,2
2026-07-03 09:02:00,0.346,18,2
2026-07-03 09:14:00,0.499,2,2
2026-07-03 09:20:00,0.558,13,2
2026-07-03 09:26:00,0.443,8,2
2026-07-03 09:32:00,0.324,344,2
2026-07-03 09:38:00,0.234,0,2
2026-07-03 09:44:00,0.263,6,2
2026-07-03 09:50:00,0.31,0,2
2026-07-03 09:56:00,0.298,2,2
2026-07-03 10:02:00,0.189,350,2
2026-07-03 10:08:00,0.124,339,2
2026-07-03 10:14:00,0.245,30,2
2026-07-03 10:20:00,0.212,49,2
2026-07-03 10:26:00,0.107,231,2
2026-07-03 10:32:00,0.071,269,2
2026-07-03 10:38:00,0.136,227,2
2026-07-03 10:44:00,0.171,315,2
2026-07-03 10:50:00,0.198,229,2
2026-07-03 10:56:00,0.319,258,2
2026-07-03 11:02:00,0.19,245,2
2026-07-03 11:08:00,0.232,250,2
2026-07-03 11:14:00,0.24,279,2
2026-07-03 11:20:00,0.314,237,2
2026-07-03 11:26:00,0.398,227,2
2026-07-03 11:32:00,0.281,228,2
2026-07-03 11:38:00,0.262,217,2
2026-07-03 11:44:00,0.371,213,2
2026-07-03 11:50:00,0.325,210,2
2026-07-03 11:56:00,0.469,234,2
2026-07-03 12:02:00,0.414,237,2
2026-07-03 12:08:00,0.426,241,2
2026-07-03 12:14:00,0.426,240,2
2026-07-03 12:20:00,0.451,197,2
2026-07-03 12:26:00,0.427,217,2
2026-07-03 12:32:00,0.553,202,2
2026-07-03 12:38:00,0.534,200,2
2026-07-03 12:44:00,0.465,203,2
2026-07-03 12:50:00,0.522,196,2
2026-07-03 12:56:00,0.601,193,2
2026-07-03 13:02:00,0.5,208,2
2026-07-03 13:08:00,0.656,214,2
2026-07-03 13:14:00,0.684,223,2
2026-07-03 13:20:00,0.706,190,2
2026-07-03 13:26:00,0.839,216,2
2026-07-03 13:32:00,0.85,217,2
2026-07-03 13:38:00,0.964,217,2
2026-07-03 13:44:00,1.049,194,2
2026-07-03 13:50:00,1.111,218,2
2026-07-03 13:56:00,1.054,221,2
2026-07-03 14:02:00,1.223,203,2
2026-07-03 14:08:00,1.258,218,2
2026-07-03 14:14:00,1.233,210,2
2026-07-03 14:20:00,1.259,191,2
2026-07-03 14:26:00,1.27,222,2
2026-07-03 14:32:00,1.208,199,2
2026-07-03 14:38:00,1.186,203,2
2026-07-03 14:44:00,1.253,222,2
2026-07-03 14:50:00,1.257,207,2
2026-07-03 14:56:00,1.123,221,2
2026-07-03 15:02:00,1.144,213,2
2026-07-03 15:08:00,1.076,219,2
2026-07-03 15:14:00,1.043,203,2
2026-07-03 15:20:00,1.036,214,2
2026-07-03 15:26:00,1.112,208,2
2026-07-03 15:32:00,1.224,210,2
2026-07-03 15:38:00,1.12,201,2
2026-07-03 15:44:00,1.081,217,2
2026-07-03 15:50:00,0.906,196,2
2026-07-03 15:56:00,0.979,196,2
2026-07-03 16:02:00,0.829,199,2
2026-07-03 16:08:00,0.909,224,2
2026-07-03 16:14:00,0.927,175,2
2026-07-03 16:20:00,0.826,186,2
2026-07-03 16:26:00,0.856,213,2
2026-07-03 16:32:00,0.774,179,2
2026-07-03 16:38:00,0.77,166,2
2026-07-03 16:44:00,0.789,213,2
2026-07-03 16:50:00,0.646,219,2
2026-07-03 16:56:00,0.741,226,2
2026-07-03 17:02:00,0.766,217,2
2026-07-03 17:08:00,0.623,210,2
2026-07-03 17:14:00,0.539,180,2
2026-07-03 17:20:00,0.615,208,2
2026-07-03 17:26:00,0.426,215,2
2026-07-03 17:32:00,0.438,208,2
2026-07-03 17:38:00,0.364,183,2
2026-07-03 17:44:00,0.373,201,2
2026-07-03 17:50:00,0.367,206,2
2026-07-03 17:56:00,0.327,243,2
2026-07-03 18:02:00,0.504,248,2
2026-07-03 18:08:00,0.395,243,2
2026-07-03 18:14:00,0.291,213,2
2026-07-03 18:20:00,0.246,245,2
2026-07-03 18:26:00,0.152,239,2
2026-07-03 18:32:00,0.103,178,2
2026-07-03 18:38:00,0.025,348,2
2026-07-03 18:44:00,0.15,178,2
2026-07-03 18:50:00,0.089,301,2
2026-07-03 18:56:00,0.13,297,2
2026-07-03 19:02:00,0.066,299,2
2026-07-03 19:08:00,0.153,304,2
2026-07-03 19:14:00,0.172,314,2
2026-07-03 19:20:00,0.211,3,2
2026-07-03 19:26:00,0.268,24,2
2026-07-03 19:32:00,0.369,27,2
2026-07-03 19:38:00,0.28,28,2
2026-07-03 19:44:00,0.341,41,2
2026-07-03 19:50:00,0.385,40,2
2026-07-03 19:56:00,0.374,4,2
2026-07-03 20:02:00,0.48,33,2
2026-07-03 20:08:00,0.412,12,2
2026-07-03 20:14:00,0.48,24,2
2026-07-03 20:20:00,0.364,19,2
2026-07-03 20:26:00,0.465,7,2
2026-07-03 20:32:00,0.511,22,2
2026-07-03 20:38:00,0.47,359,2
2026-07-03 20:44:00,0.421,10,2
2026-07-03 20:50:00,0.545,0,2
2026-07-03 20:56:00,0.574,0,2
2026-07-03 21:02:00,0.516,17,2
2026-07-03 21:08:00,0.501,3,2
2026-07-03 21:14:00,0.554,8,2
2026-07-03 21:20:00,0.634,7,2
2026-07-03 21:26:00,0.596,352,2
2026-07-03 21:32:00,0.576,28,2
2026-07-03 21:38:00,0.543,24,2
2026-07-03 21:44:00,0.498,1,2
2026-07-03 21:50:00,0.492,19,2
2026-07-03 21:56:00,0.461,29,2
2026-07-03 22:02:00,0.475,24,2
2026-07-03 22:08:00,0.417,359,2
2026-07-03 22:14:00,0.474,34,2
2026-07-03 22:20:00,0.408,1,2
2026-07-03 22:26:00,0.477,16,2
2026-07-03 22:32:00,0.407,16,2
2026-07-03 22:38:00,0.336,17,2
2026-07-03 22:44:00,0.332,39,2
2026-07-03 22:50:00,0.192,33,2
2026-07-03 22:56:00,0.211,29,2
2026-07-03 23:02:00,0.2,346,2
2026-07-03 23:08:00,0.214,348,2
2026-07-03 23:14:00,0.135,322,2
2026-07-03 23:20:00,0.091,296,2
2026-07-03 23:26:00,0.068,173,2
2026-07-03 23:32:00,0.228,119,2
2026-07-03 23:38:00,0.046,135,2
2026-07-03 23:44:00,0.17,164,2
2026-07-03 23:50:00,0.305,243,2
2026-07-03 23:56:00,0.256,233,2
2026-07-04 00:02:00,0.224,237,2
2026-07-04 00:08:00,0.26,250,2
2026-07-04 00:14:00,0.245,220,2
2026-07-04 00:20:00,0.302,227,2
2026-07-04 00:26:00,0.406,210,2
2026-07-04 00:32:00,0.449,230,2
2026-07-04 00:38:00,0.436,223,2
2026-07-04 00:44:00,0.329,211,2
2026-07-04 00:50:00,0.502,222,2
2026-07-04 00:56:00,0.496,247,2
2026-07-04 01:02:00,0.435,208,2
2026-07-04 01:08:00,0.476,211,2
2026-07-04 01:14:00,0.533,214,2
2026-07-04 01:20:00,0.541,232,2
2026-07-04 01:26:00,0.523,175,2
2026-07-04 01:32:00,0.635,233,2
2026-07-04 01:38:00,0.642,180,2
2026-07-04 01:44:00,0.636,194,2
2026-07-04 01:50:00,0.627,254,2
2026-07-04 01:56:00,0.597,176,2
2026-07-04 02:02:00,0.646,180,2
2026-07-04 02:08:00,0.666,174,2
2026-07-04 02:14:00,0.713,200,2
2026-07-04 02:20:00,0.661,167,2
2026-07-04 02:26:00,0.569,204,2
2026-07-04 02:32:00,0.695,189,2
2026-07-04 02:38:00,0.579,236,2
2026-07-04 02:44:00,0.539,189,2
2026-07-04 02:50:00,0.721,238,2
2026-07-04 02:56:00,0.596,195,2
2026-07-04 03:02:00,0.53,264,2
2026-07-04 03:08:00,0.49,187,2
2026-07-04 03:14:00,0.564,204,2
2026-07-04 03:20:00,0.517,210,2
2026-07-04 03:26:00,0.521,260,2
2026-07-04 03:32:00,0.431,222,2
2026-07-04 03:38:00,0.568,215,2
2026-07-04 03:44:00,0.5,220,2
2026-07-04 03:50:00,0.474,168,2
2026-07-04 03:56:00,0.399,175,2
2026-07-04 04:02:00,0.459,184,2
2026-07-04 04:08:00,0.482,176,2
2026-07-04 04:14:00,0.554,225,2
2026-07-04 04:20:00,0.358,194,2
2026-07-04 04:26:00,0.414,182,2
2026-07-04 04:32:00,0.314,160,2
2026-07-04 04:38:00,0.272,204,2
2026-07-04 04:44:00,0.179,258,2
2026-07-04 04:50:00,0.202,244,2
2026-07-04 04:56:00,0.267,255,2
2026-07-04 05:02:00,0.185,236,2
2026-07-04 05:08:00,0.148,278,2
2026-07-04 05:14:00,0.017,204,2
2026-07-04 05:20:00,0.082,171,2
2026-07-04 05:26:00,0.044,102,2
2026-07-04 05:32:00,0.165,102,2
2026-07-04 05:38:00,0.085,88,2
2026-07-04 05:44:00,0.165,50,2
2026-07-04 05:50:00,0.197,82,2
2026-07-04 05:56:00,0.189,78,2
2026-07-04 06:02:00,0.146,105,2
2026-07-04 06:08:00,0.241,71,2
2026-07-04 06:14:00,0.228,45,2
2026-07-04 06:20:00,0.239,49,2
2026-07-04 06:26:00,0.282,37,2
2026-07-04 06:32:00,0.283,24,2
2026-07-04 06:38:00,0.327,26,2
2026-07-04 06:44:00,0.554,37,2
2026-07-04 06:50:00,0.467,26,2
2026-07-04 06:56:00,0.479,36,2
2026-07-04 07:02:00,0.557,34,2
2026-07-04 07:08:00,0.599,23,2
2026-07-04 07:14:00,0.566,28,2
2026-07-04 07:20:00,0.511,42,2
2026-07-04 07:26:00,0.601,35,2
2026-07-04 07:32:00,0.633,31,2
2026-07-04 07:38:00,0.585,17,2
2026-07-04 07:44:00,0.61,12,2
2026-07-04 07:50:00,0.635,7,2
2026-07-04 07:56:00,0.755,3,2
2026-07-04 08:02:00,0.648,14,2
2026-07-04 08:08:00,0.624,29,2
2026-07-04 08:14:00,0.541,37,2
2026-07-04 08:20:00,0.785,37,2
2026-07-04 08:26:00,0.739,42,2
2026-07-04 08:32:00,0.669,24,2
2026-07-04 08:38:00,0.594,7,2
2026-07-04 08:44:00,0.652,11,2
2026-07-04 08:50:00,0.642,14,2
2026-07-04 08:56:00,0.646,8,2
2026-07-04 09:02:00,0.584,9,2
2026-07-04 09:08:00,0.718,10,2
2026-07-04 09:14:00,0.708,33,2
2026-07-04 09:20:00,0.733,46,2
2026-07-04 09:26:00,0.651,44,2
2026-07-04 09:32:00,0.655,24,2
2026-07-04 09:38:00,0.512,26,2
2026-07-04 09:44:00,0.567,45,2
2026-07-04 09:50:00,0.566,34,2
2026-07-04 09:56:00,0.645,29,2
2026-07-04 10:02:00,0.555,20,2
2026-07-04 10:08:00,0.597,35,2
2026-07-04 10:14:00,0.424,48,2
2026-07-04 10:20:00,0.392,6,2
2026-07-04 10:26:00,0.357,10,2
2026-07-04 10:32:00,0.355,48,2
2026-07-04 10:38:00,0.44,19,2
2026-07-04 10:44:00,0.334,34,2
2026-07-04 10:50:00,0.323,32,2
2026-07-04 10:56:00,0.254,36,2
2026-07-04 11:02:00,0.282,35,2
2026-07-04 11:08:00,0.079,57,2
2026-07-04 11:14:00,0.162,83,2
2026-07-04 11:20:00,0.176,54,2
2026-07-04 11:26:00,0.118,126,2
2026-07-04 11:32:00,0.01,348,2
2026-07-04 11:38:00,0.087,185,2
2026-07-04 11:44:00,0.181,224,2
2026-07-04 11:50:00,0.216,127,2
2026-07-04 11:56:00,0.174,157,2
2026-07-04 12:02:00,0.143,205,2
2026-07-04 12:08:00,0.268,196,2
2026-07-04 12:14:00,0.177,216,2
2026-07-04 12:20:00,0.227,220,2
2026-07-04 12:26:00,0.262,184,2
2026-07-04 12:32:00,0.255,195,2
2026-07-04 12:38:00,0.388,222,2
2026-07-04 12:50:00,0.306,223,2
2026-07-04 12:56:00,0.392,234,2
2026-07-04 13:02:00,0.435,204,2
2026-07-04 13:08:00,0.457,240,2
2026-07-04 13:14:00,0.366,251,2
2026-07-04 13:20:00,0.359,196,2
2026-07-04 13:26:00,0.412,213,2
2026-07-04 13:32:00,0.418,218,2
2026-07-04 13:38:00,0.397,212,2
2026-07-04 13:44:00,0.525,222,2
2026-07-04 13:50:00,0.543,209,2
2026-07-04 13:56:00,0.581,214,2
2026-07-04 14:02:00,0.581,232,2
2026-07-04 14:08:00,0.668,231,2
2026-07-04 14:14:00,0.612,235,2
2026-07-04 14:20:00,0.693,221,2
2026-07-04 14:26:00,0.656,223,2
2026-07-04 14:32:00,0.667,194,2
2026-07-04 14:38:00,0.828,212,2
2026-07-04 14:44:00,0.848,183,2
2026-07-04 14:50:00,0.811,190,2
2026-07-04 14:56:00,0.908,241,2
2026-07-04 15:02:00,0.818,239,2
2026-07-04 15:08:00,0.775,226,2
2026-07-04 15:14:00,0.842,248,2
2026-07-04 15:20:00,0.783,223,2
2026-07-04 15:26:00,0.706,240,2
2026-07-04 15:32:00,0.77,236,2
2026-07-04 15:38:00,0.874,233,2
2026-07-04 15:44:00,0.925,214,2
2026-07-04 15:50:00,0.865,211,2
2026-07-04 15:56:00,0.846,211,2
2026-07-04 16:02:00,0.968,235,2
2026-07-04 16:08:00,0.891,207,2
2026-07-04 16:14:00,0.896,247,2
2026-07-04 16:20:00,0.844,224,2
2026-07-04 16:26:00,0.778,195,2
2026-07-04 16:32:00,0.8,220,2
2026-07-04 16:38:00,0.83,240,2
2026-07-04 16:44:00,0.841,206,2
2026-07-04 16:50:00,0.754,198,2
2026-07-04 16:56:00,0.805,218,2
2026-07-04 17:02:00,0.826,191,2
2026-07-04 17:08:00,0.81,220,2
2026-07-04 17:14:00,0.709,198,2
2026-07-04 17:20:00,0.764,226,2
2026-07-04 17:26:00,0.643,232,2
2026-07-04 17:32:00,0.536,205,2
2026-07-04 17:38:00,0.622,231,2
2026-07-04 17:44:00,0.57,193,2
2026-07-04 17:50:00,0.664,219,2
2026-07-04 17:56:00,0.574,180,2
2026-07-04 18:02:00,0.569,213,2
2026-07-04 18:08:00,0.525,181,2
2026-07-04 18:14:00,0.311,217,2
2026-07-04 18:20:00,0.4,232,2
2026-07-04 18:26:00,0.264,247,2
2026-07-04 18:32:00,0.238,180,2
2026-07-04 18:38:00,0.212,206,2
2026-07-04 18:44:00,0.132,239,2
2026-07-04 18:50:00,0.13,185,2
2026-07-04 18:56:00,0.083,219,2
2026-07-04 19:02:00,0.076,326,2
2026-07-04 19:08:00,0.085,222,2
2026-07-04 19:14:00,0.07,324,2
2026-07-04 19:20:00,0.066,336,2
2026-07-04 19:26:00,0.091,305,2
2026-07-04 19:32:00,0.182,39,2
2026-07-04 19:38:00,0.271,300,2
2026-07-04 19:44:00,0.309,23,2
2026-07-04 19:50:00,0.409,21,2
2026-07-04 19:56:00,0.452,15,2
2026-07-04 20:02:00,0.523,14,2
2026-07-04 20:08:00,0.668,7,2
2026-07-04 20:14:00,0.652,19,2
2026-07-04 20:20:00,0.631,2,2
2026-07-04 20:26:00,0.585,13,2
2026-07-04 20:32:00,0.635,10,2
2026-07-04 20:38:00,0.657,10,2
2026-07-04 20:44:00,0.673,347,2
2026-07-04 20:50:00,0.706,26,2
2026-07-04 20:56:00,0.663,349,2
2026-07-04 21:02:00,0.739,22,2
2026-07-04 21:08:00,0.798,29,2
2026-07-04 21:14:00,0.837,351,2
2026-07-04 21:20:00,0.79,12,2
2026-07-04 21:26:00,0.741,0,2
2026-07-04 21:32:00,0.745,351,2
2026-07-04 21:38:00,0.735,5,2
2026-07-04 21:44:00,0.705,7,2
2026-07-04 21:50:00,0.812,4,2
2026-07-04 21:56:00,0.772,1,2
2026-07-04 22:02:00,0.76,22,2
2026-07-04 22:08:00,0.694,10,2
2026-07-04 22:14:00,0.759,8,2
2026-07-04 22:20:00,0.638,23,2
2026-07-04 22:26:00,0.533,2,2
2026-07-04 22:32:00,0.477,359,2
2026-07-04 22:38:00,0.449,0,2
2026-07-04 22:44:00,0.492,0,2
2026-07-04 22:50:00,0.489,2,2
2026-07-04 22:56:00,0.326,356,2
2026-07-04 23:02:00,0.358,359,2
2026-07-04 23:08:00,0.318,344,2
2026-07-04 23:14:00,0.319,1,2
2026-07-04 23:20:00,0.36,4,2
2026-07-04 23:26:00,0.25,32,2
2026-07-04 23:32:00,0.239,359,2
2026-07-04 23:38:00,0.158,76,2
2026-07-04 23:44:00,0.116,1,2
2026-07-04 23:50:00,0.115,297,2
2026-07-04 23:56:00,0.103,262,2
2026-07-05 00:02:00,0.186,214,2
2026-07-05 00:08:00,0.224,294,2
2026-07-05 00:14:00,0.159,273,2
2026-07-05 00:20:00,0.125,235,2
2026-07-05 00:26:00,0.167,239,2
2026-07-05 00:32:00,0.09,181,2
2026-07-05 00:38:00,0.089,248,2
2026-07-05 00:44:00,0.166,246,2
2026-07-05 00:50:00,0.286,266,2
2026-07-05 00:56:00,0.323,228,2
2026-07-05 01:02:00,0.355,247,2
2026-07-05 01:08:00,0.312,218,2
2026-07-05 01:14:00,0.281,227,2
2026-07-05 01:20:00,0.337,247,2
2026-07-05 01:26:00,0.381,200,2
2026-07-05 01:32:00,0.538,243,2
2026-07-05 01:38:00,0.482,200,2
2026-07-05 01:44:00,0.461,200,2
2026-07-05 01:50:00,0.481,222,2
2026-07-05 01:56:00,0.611,207,2
2026-07-05 02:02:00,0.638,246,2
2026-07-05 02:08:00,0.679,220,2
2026-07-05 02:14:00,0.708,196,2
2026-07-05 02:20:00,0.725,223,2
2026-07-05 02:26:00,0.771,246,2
2026-07-05 02:32:00,0.737,213,2
2026-07-05 02:38:00,0.755,232,2
2026-07-05 02:44:00,0.71,222,2
2026-07-05 02:50:00,0.642,207,2
2026-07-05 02:56:00,0.719,206,2
2026-07-05 03:02:00,0.737,205,2
2026-07-05 03:08:00,0.745,214,2
2026-07-05 03:14:00,0.775,207,2
2026-07-05 03:20:00,0.843,224,2
2026-07-05 03:26:00,1.031,209,2
2026-07-05 03:32:00,1.01,243,2
2026-07-05 03:38:00,0.856,220,2
2026-07-05 03:44:00,0.853,217,2
2026-07-05 03:50:00,0.848,202,2
2026-07-05 03:56:00,0.895,233,2
2026-07-05 04:02:00,0.81,207,2
2026-07-05 04:08:00,0.708,244,2
2026-07-05 04:14:00,0.904,174,2
2026-07-05 04:20:00,0.906,217,2
2026-07-05 04:26:00,0.804,202,2
2026-07-05 04:32:00,0.776,216,2
2026-07-05 04:38:00,0.884,215,2
2026-07-05 04:44:00,0.676,218,2
2026-07-05 04:50:00,0.713,222,2
2026-07-05 04:56:00,0.658,220,2
2026-07-05 05:02:00,0.637,241,2
2026-07-05 05:08:00,0.487,202,2
2026-07-05 05:14:00,0.44,236,2
2026-07-05 05:20:00,0.374,195,2
2026-07-05 05:26:00,0.432,223,2
2026-07-05 05:32:00,0.377,206,2
2026-07-05 05:38:00,0.394,241,2
2026-07-05 05:44:00,0.455,221,2
2026-07-05 05:50:00,0.35,232,2
2026-07-05 05:56:00,0.346,215,2
2026-07-05 06:02:00,0.29,214,2
2026-07-05 06:08:00,0.277,209,2
2026-07-05 06:14:00,0.224,241,2
2026-07-05 06:20:00,0.269,286,2
2026-07-05 06:26:00,0.144,239,2
2026-07-05 06:32:00,0.203,246,2
2026-07-05 06:38:00,0.189,273,2
2026-07-05 06:44:00,0.193,289,2
2026-07-05 06:50:00,0.158,328,2
2026-07-05 06:56:00,0.125,329,2
2026-07-05 07:02:00,0.123,346,2
2026-07-05 07:08:00,0.279,337,2
2026-07-05 07:14:00,0.273,5,2
2026-07-05 07:20:00,0.247,33,2
2026-07-05 07:26:00,0.327,14,2
2026-07-05 07:32:00,0.339,11,2
2026-07-05 07:38:00,0.421,18,2
2026-07-05 07:44:00,0.38,26,2
2026-07-05 07:50:00,0.443,41,2
2026-07-05 07:56:00,0.41,15,2
2026-07-05 08:02:00,0.375,19,2
2026-07-05 08:08:00,0.532,16,2
2026-07-05 08:14:00,0.546,16,2
2026-07-05 08:20:00,0.674,14,2
2026-07-05 08:26:00,0.696,18,2
2026-07-05 08:32:00,0.642,23,2
2026-07-05 08:38:00,0.779,9,2
2026-07-05 08:44:00,0.754,28,2
2026-07-05 08:50:00,0.719,10,2
2026-07-05 08:56:00,0.715,2,2
2026-07-05 09:02:00,0.787,25,2
2026-07-05 09:08:00,0.795,21,2
2026-07-05 09:14:00,0.722,14,2
2026-07-05 09:20:00,0.624,11,2
2026-07-05 09:26:00,0.68,28,2
2026-07-05 09:32:00,0.665,31,2
2026-07-05 09:38:00,0.657,30,2
2026-07-05 09:44:00,0.774,356,2
2026-07-05 09:50:00,0.698,6,2
2026-07-05 09:56:00,0.747,22,2
2026-07-05 10:02:00,0.713,23,2
2026-07-05 10:08:00,0.705,27,2
2026-07-05 10:14:00,0.623,13,2
2026-07-05 10:20:00,0.679,20,2
2026-07-05 10:26:00,0.581,1,2
2026-07-05 10:32:00,0.603,25,2
2026-07-05 10:38:00,0.563,5,2
2026-07-05 10:44:00,0.516,38,2
2026-07-05 10:50:00,0.547,23,2
2026-07-05 10:56:00,0.497,39,2
2026-07-05 11:02:00,0.44,20,2
2026-07-05 11:08:00,0.311,17,2
2026-07-05 11:14:00,0.261,33,2
2026-07-05 11:20:00,0.105,343,2
2026-07-05 11:26:00,0.128,329,2
2026-07-05 11:32:00,0.039,45,2
2026-07-05 11:38:00,0.1,92,2
2026-07-05 11:44:00,0.039,87,2
2026-07-05 11:50:00,0.082,236,2
2026-07-05 11:56:00,0.208,232,2
2026-07-05 12:02:00,0.049,168,2
2026-07-05 12:08:00,0.337,243,2
2026-07-05 12:14:00,0.045,266,2
2026-07-05 12:20:00,0.229,232,2
2026-07-05 12:26:00,0.15,239,2
2026-07-05 12:32:00,0.216,177,2
2026-07-05 12:38:00,0.285,217,2
2026-07-05 12:44:00,0.322,235,2
2026-07-05 12:50:00,0.247,228,2
2026-07-05 12:56:00,0.431,216,2
2026-07-05 13:02:00,0.478,267,2
2026-07-05 13:08:00,0.467,239,2
2026-07-05 13:14:00,0.476,221,2
2026-07-05 13:20:00,0.55,225,2
2026-07-05 13:26:00,0.529,264,2
2026-07-05 13:32:00,0.438,179,2
2026-07-05 13:38:00,0.404,238,2
2026-07-05 13:44:00,0.528,239,2
2026-07-05 13:50:00,0.559,242,2
2026-07-05 13:56:00,0.492,214,2
2026-07-05 14:02:00,0.612,222,2
2026-07-05 14:08:00,0.624,238,2
2026-07-05 14:14:00,0.683,233,2
2026-07-05 14:20:00,0.706,239,2
2026-07-05 14:26:00,0.688,242,2
2026-07-05 14:32:00,0.611,243,2
2026-07-05 14:38:00,0.809,248,2
2026-07-05 14:44:00,0.763,246,2
2026-07-05 14:50:00,0.825,235,2
2026-07-05 14:56:00,0.791,250,2
2026-07-05 15:02:00,0.909,215,2
2026-07-05 15:08:00,0.997,220,2
2026-07-05 15:14:00,0.908,195,2
2026-07-05 15:20:00,0.974,209,2
2026-07-05 15:26:00,0.807,217,2
2026-07-05 15:32:00,0.718,244,2
2026-07-05 15:38:00,0.864,233,2
2026-07-05 15:44:00,0.781,239,2
2026-07-05 15:50:00,0.85,236,2
2026-07-05 15:56:00,0.804,252,2
2026-07-05 16:02:00,0.883,216,2
2026-07-05 16:08:00,0.9,214,2
2026-07-05 16:14:00,0.948,218,2
2026-07-05 16:20:00,0.855,239,2
2026-07-05 16:26:00,0.996,227,2
2026-07-05 16:32:00,0.98,235,2
2026-07-05 16:38:00,1.07,201,2
2026-07-05 16:44:00,1.067,222,2
2026-07-05 16:50:00,1.073,224,2
2026-07-05 16:56:00,1.023,207,2
2026-07-05 17:02:00,1.071,223,2
2026-07-05 17:08:00,0.969,201,2
2026-07-05 17:14:00,0.962,191,2
2026-07-05 17:20:00,0.955,234,2
2026-07-05 17:26:00,0.757,241,2
2026-07-05 17:32:00,0.97,207,2
2026-07-05 17:38:00,0.932,190,2
2026-07-05 17:44:00,0.826,197,2
2026-07-05 17:50:00,0.747,210,2
2026-07-05 17:56:00,0.773,175,2
2026-07-05 18:02:00,0.611,220,2
2026-07-05 18:08:00,0.673,197,2
2026-07-05 18:14:00,0.45,208,2
2026-07-05 18:20:00,0.46,236,2
2026-07-05 18:26:00,0.414,184,2
2026-07-05 18:32:00,0.449,219,2
2026-07-05 18:38:00,0.411,271,2
2026-07-05 18:44:00,0.385,250,2
2026-07-05 18:50:00,0.313,282,2
2026-07-05 18:56:00,0.227,237,2
2026-07-05 19:02:00,0.28,252,2
2026-07-05 19:08:00,0.232,277,2
2026-07-05 19:14:00,0.204,293,2
2026-07-05 19:20:00,0.212,283,2
2026-07-05 19:26:00,0.145,333,2
2026-07-05 19:32:00,0.175,341,2
2026-07-05 19:38:00,0.28,339,2
2026-07-05 19:44:00,0.212,321,2
2026-07-05 19:50:00,0.211,263,2
2026-07-05 19:56:00,0.374,331,2
2026-07-05 20:02:00,0.406,4,2
2026-07-05 20:08:00,0.389,1,2
2026-07-05 20:14:00,0.426,357,2
2026-07-05 20:20:00,0.368,354,2
2026-07-05 20:26:00,0.519,11,2
2026-07-05 20:32:00,0.524,6,2
2026-07-05 20:38:00,0.605,10,2
2026-07-05 20:44:00,0.691,359,2
2026-07-05 20:50:00,0.691,17,2
2026-07-05 20:56:00,0.699,17,2
2026-07-05 21:02:00,0.7,24,2
2026-07-05 21:08:00,0.762,12,2
2026-07-05 21:14:00,0.715,11,2
2026-07-05 21:20:00,0.771,15,2
2026-07-05 21:26:00,0.768,26,2
2026-07-05 21:32:00,0.785,14,2
2026-07-05 21:38:00,0.797,18,2
2026-07-05 21:44:00,0.869,32,2
2026-07-05 21:50:00,0.849,25,2
2026-07-05 21:56:00,0.915,18,2
2026-07-05 22:02:00,0.963,26,2
2026-07-05 22:08:00,0.915,25,2
2026-07-05 22:14:00,1.016,33,2
2026-07-05 22:20:00,0.97,36,2
2026-07-05 22:26:00,1.015,35,2
2026-07-05 22:32:00,0.885,27,2
2026-07-05 22:38:00,0.951,12,2
2026-07-05 22:44:00,0.925,17,2
2026-07-05 22:50:00,0.936,16,2
2026-07-05 22:56:00,0.888,20,2
2026-07-05 23:02:00,0.919,28,2
2026-07-05 23:08:00,0.912,35,2
2026-07-05 23:14:00,0.926,31,2
2026-07-05 23:20:00,0.85,30,2
2026-07-05 23:26:00,0.809,25,2
2026-07-05 23:32:00,0.829,16,2
2026-07-05 23:38:00,0.7,22,2
2026-07-05 23:44:00,0.71,49,2
2026-07-05 23:50:00,0.663,32,2
2026-07-05 23:56:00,0.646,36,2
2026-07-06 00:02:00,0.619,34,2
2026-07-06 00:08:00,0.474,23,2
2026-07-06 00:14:00,0.444,34,2
2026-07-06 00:20:00,0.371,2,2
2026-07-06 00:26:00,0.312,10,2
2026-07-06 00:32:00,0.194,65,2
2026-07-06 00:38:00,0.123,29,2
2026-07-06 00:44:00,0.145,109,2
2026-07-06 00:50:00,0.021,147,2
2026-07-06 00:56:00,0.127,262,2
2026-07-06 01:02:00,0.179,149,2
2026-07-06 01:08:00,0.136,227,2
2026-07-06 01:14:00,0.259,222,2
2026-07-06 01:20:00,0.267,211,2
2026-07-06 01:26:00,0.253,215,2
2026-07-06 01:32:00,0.2,203,2
2026-07-06 01:38:00,0.338,202,2
2026-07-06 01:44:00,0.443,216,2
2026-07-06 01:50:00,0.544,173,2
2026-07-06 01:56:00,0.609,238,2
2026-07-06 02:02:00,0.55,228,2
2026-07-06 02:08:00,0.521,203,2
2026-07-06 02:14:00,0.545,200,2
2026-07-06 02:20:00,0.605,214,2
2026-07-06 02:26:00,0.541,226,2
2026-07-06 02:32:00,0.617,244,2
2026-07-06 02:38:00,0.671,247,2
2026-07-06 02:44:00,0.606,232,2
2026-07-06 02:50:00,0.649,206,2
2026-07-06 02:56:00,0.635,233,2
2026-07-06 03:02:00,0.581,217,2
2026-07-06 03:08:00,0.658,232,2
2026-07-06 03:14:00,0.668,218,2
2026-07-06 03:20:00,0.748,245,2
2026-07-06 03:26:00,0.803,225,2
2026-07-06 03:32:00,0.833,219,2
2026-07-06 03:38:00,0.853,231,2
2026-07-06 03:44:00,0.743,218,2
2026-07-06 03:50:00,0.775,219,2
2026-07-06 03:56:00,0.682,237,2
2026-07-06 04:02:00,0.754,197,2
2026-07-06 04:08:00,0.738,210,2
2026-07-06 04:14:00,0.746,202,2
2026-07-06 04:20:00,0.75,221,2
2026-07-06 04:26:00,0.81,213,2
2026-07-06 04:32:00,0.928,189,2
2026-07-06 04:38:00,1.067,215,2
2026-07-06 04:44:00,1.026,210,2
2026-07-06 04:50:00,0.849,242,2
2026-07-06 04:56:00,0.775,239,2
2026-07-06 05:02:00,0.762,220,2
2026-07-06 05:08:00,0.823,218,2
2026-07-06 05:14:00,0.76,237,2
2026-07-06 05:20:00,0.725,209,2
2026-07-06 05:26:00,0.683,229,2
2026-07-06 05:32:00,0.735,213,2
2026-07-06 05:38:00,0.735,218,2
2026-07-06 05:44:00,0.646,229,2
2026-07-06 05:50:00,0.644,247,2
2026-07-06 05:56:00,0.602,234,2
2026-07-06 06:02:00,0.739,219,2
2026-07-06 06:08:00,0.609,244,2
2026-07-06 06:14:00,0.745,254,2
2026-07-06 06:20:00,0.546,224,2
2026-07-06 06:26:00,0.595,217,2
2026-07-06 06:32:00,0.589,238,2
2026-07-06 06:38:00,0.558,260,2
2026-07-06 06:44:00,0.394,238,2
2026-07-06 06:50:00,0.389,216,2
2026-07-06 06:56:00,0.494,210,2
2026-07-06 07:02:00,0.379,240,2
2026-07-06 07:08:00,0.361,232,2
2026-07-06 07:14:00,0.359,222,2
2026-07-06 07:20:00,0.289,220,2
2026-07-06 07:26:00,0.284,188,2
2026-07-06 07:32:00,0.246,254,2
2026-07-06 07:38:00,0.333,266,2
2026-07-06 07:44:00,0.249,217,2
2026-07-06 07:50:00,0.197,254,2
2026-07-06 07:56:00,0.21,305,2
2026-07-06 08:02:00,0.319,359,2
2026-07-06 08:08:00,0.238,324,2
2026-07-06 08:14:00,0.218,0,2
2026-07-06 08:20:00,0.211,7,2
2026-07-06 08:32:00,0.22,19,2
2026-07-06 08:38:00,0.178,9,2
2026-07-06 08:44:00,0.221,11,2
2026-07-06 08:50:00,0.174,19,2
2026-07-06 08:56:00,0.158,46,2
2026-07-06 09:02:00,0.14,55,2
2026-07-06 09:08:00,0.08,334,2
2026-07-06 09:14:00,0.461,79,2
2026-07-06 09:20:00,0.327,51,2
2026-07-06 09:26:00,0.347,57,2
2026-07-06 09:32:00,0.31,31,2
2026-07-06 09:38:00,0.348,43,2
2026-07-06 09:44:00,0.318,34,2
2026-07-06 09:50:00,0.292,45,2
2026-07-06 09:56:00,0.203,24,2
2026-07-06 10:02:00,0.199,7,2
2026-07-06 10:08:00,0.285,25,2
2026-07-06 10:14:00,0.239,348,2
2026-07-06 10:20:00,0.309,11,2
2026-07-06 10:26:00,0.347,50,2
2026-07-06 10:32:00,0.365,42,2
2026-07-06 10:38:00,0.312,51,2
2026-07-06 10:44:00,0.363,7,2
2026-07-06 10:50:00,0.281,7,2
2026-07-06 10:56:00,0.355,22,2
2026-07-06 11:02:00,0.316,32,2
2026-07-06 11:08:00,0.331,29,2
2026-07-06 11:14:00,0.296,35,2
2026-07-06 11:20:00,0.252,15,2
2026-07-06 11:26:00,0.199,29,2
2026-07-06 11:32:00,0.2,31,2
2026-07-06 11:38:00,0.214,359,2
2026-07-06 11:44:00,0.169,10,2
2026-07-06 11:50:00,0.123,29,2
2026-07-06 12:08:00,0.096,1,2
2026-07-06 12:20:00,0.199,28,2
2026-07-06 12:26:00,0.154,351,2
2026-07-06 12:32:00,0.161,270,2
2026-07-06 12:38:00,0.068,282,2
2026-07-06 12:44:00,0.14,151,2
2026-07-06 12:50:00,0.194,232,2
2026-07-06 12:56:00,0.184,283,2
2026-07-06 13:02:00,0.253,240,2
2026-07-06 13:08:00,0.295,238,2
2026-07-06 13:14:00,0.334,235,2
2026-07-06 13:20:00,0.261,236,2
2026-07-06 13:26:00,0.334,245,2
2026-07-06 13:32:00,0.382,236,2
2026-07-06 13:38:00,0.456,250,2
2026-07-06 13:44:00,0.437,235,2
2026-07-06 13:50:00,0.383,236,2
2026-07-06 13:56:00,0.486,234,2
2026-07-06 14:02:00,0.503,240,2
2026-07-06 14:08:00,0.529,238,2
2026-07-06 14:14:00,0.531,234,2
2026-07-06 14:20:00,0.486,225,2
2026-07-06 14:26:00,0.52,192,2
2026-07-06 14:32:00,0.742,198,2
2026-07-06 14:38:00,0.619,209,2
2026-07-06 14:44:00,0.787,207,2
2026-07-06 14:50:00,0.752,210,2
2026-07-06 14:56:00,0.811,214,2
2026-07-06 15:02:00,0.651,209,2
2026-07-06 15:08:00,0.759,219,2
2026-07-06 15:14:00,0.866,226,2
2026-07-06 15:20:00,0.9,245,2
2026-07-06 15:26:00,0.823,228,2
2026-07-06 15:32:00,0.927,210,2
2026-07-06 15:38:00,1.004,224,2
2026-07-06 15:44:00,1.064,215,2
2026-07-06 15:50:00,0.891,209,2
2026-07-06 15:56:00,1.246,206,2
2026-07-06 16:02:00,1.112,187,2
2026-07-06 16:08:00,1.132,224,2
2026-07-06 16:14:00,1.136,235,2
2026-07-06 16:20:00,1.024,239,2
2026-07-06 16:26:00,1.133,218,2
2026-07-06 16:32:00,1.222,215,2
2026-07-06 16:38:00,1.288,225,2
2026-07-06 16:44:00,1.317,226,2
2026-07-06 16:50:00,1.329,231,2
2026-07-06 16:56:00,1.264,222,2
2026-07-06 17:02:00,1.54,210,2
2026-07-06 17:08:00,1.351,211,2
2026-07-06 17:14:00,1.211,218,2
2026-07-06 17:20:00,1.212,214,2
2026-07-06 17:26:00,1.137,211,2
2026-07-06 17:32:00,1.169,216,2
2026-07-06 17:38:00,1.28,219,2
2026-07-06 17:44:00,1.357,201,2
2026-07-06 17:50:00,1.123,231,2
2026-07-06 17:56:00,1.134,212,2
2026-07-06 18:02:00,1.159,201,2
2026-07-06 18:08:00,1.102,226,2
2026-07-06 18:14:00,0.911,229,2
2026-07-06 18:20:00,0.893,207,2
2026-07-06 18:26:00,0.808,192,2
2026-07-06 18:32:00,0.95,213,2
2026-07-06 18:38:00,0.799,217,2
2026-07-06 18:44:00,0.802,212,2
2026-07-06 18:50:00,0.921,222,2
2026-07-06 18:56:00,0.902,227,2
2026-07-06 19:02:00,0.718,229,2
2026-07-06 19:08:00,0.523,246,2
2026-07-06 19:14:00,0.644,232,2
2026-07-06 19:20:00,0.539,236,2
2026-07-06 19:26:00,0.614,234,2
2026-07-06 19:32:00,0.48,235,2
2026-07-06 19:38:00,0.353,274,2
2026-07-06 19:44:00,0.29,278,2
2026-07-06 19:50:00,0.357,268,2
2026-07-06 19:56:00,0.168,315,2
2026-07-06 20:02:00,0.06,328,2
2026-07-06 20:08:00,0.121,282,2
2026-07-06 20:14:00,0.191,347,2
2026-07-06 20:20:00,0.197,340,2
2026-07-06 20:26:00,0.197,37,2
2026-07-06 20:32:00,0.127,9,2
2026-07-06 20:38:00,0.176,6,2
2026-07-06 20:44:00,0.339,39,2
2026-07-06 20:50:00,0.262,39,2
2026-07-06 20:56:00,0.355,52,2
2026-07-06 21:02:00,0.366,18,2
2026-07-06 21:08:00,0.401,37,2
2026-07-06 21:14:00,0.53,39,2
2026-07-06 21:20:00,0.491,40,2
2026-07-06 21:26:00,0.437,54,2
2026-07-06 21:32:00,0.559,57,2
2026-07-06 21:38:00,0.534,56,2
2026-07-06 21:44:00,0.582,39,2
2026-07-06 21:50:00,0.538,54,2
2026-07-06 21:56:00,0.583,29,2
2026-07-06 22:02:00,0.634,35,2
2026-07-06 22:08:00,0.614,26,2
2026-07-06 22:14:00,0.584,26,2
2026-07-06 22:20:00,0.601,39,2
2026-07-06 22:26:00,0.635,25,2
2026-07-06 22:32:00,0.716,27,2
2026-07-06 22:38:00,0.769,5,2
2026-07-06 22:44:00,0.751,5,2
2026-07-06 22:50:00,0.685,38,2
2026-07-06 22:56:00,0.638,9,2
2026-07-06 23:02:00,0.597,34,2
2026-07-06 23:08:00,0.537,24,2
2026-07-06 23:14:00,0.618,8,2
2026-07-06 23:20:00,0.535,26,2
2026-07-06 23:26:00,0.533,8,2
2026-07-06 23:32:00,0.571,31,2
2026-07-06 23:38:00,0.626,35,2
2026-07-06 23:44:00,0.518,13,2
2026-07-06 23:50:00,0.545,30,2
2026-07-06 23:56:00,0.474,28,2
2026-07-07 00:02:00,0.368,34,2
2026-07-07 00:08:00,0.384,5,2
2026-07-07 00:14:00,0.233,28,2
2026-07-07 00:20:00,0.222,36,2
2026-07-07 00:26:00,0.299,49,2
2026-07-07 00:32:00,0.235,54,2
2026-07-07 00:38:00,0.066,31,2
2026-07-07 00:44:00,0.191,24,2
2026-07-07 00:50:00,0.143,104,2
2026-07-07 00:56:00,0.101,40,2
2026-07-07 01:02:00,0.064,47,2
2026-07-07 01:08:00,0.085,234,2
2026-07-07 01:14:00,0.074,71,2
2026-07-07 01:20:00,0.015,282,2
2026-07-07 01:26:00,0.072,156,2
2026-07-07 01:32:00,0.113,129,2
2026-07-07 01:38:00,0.124,211,2
2026-07-07 01:44:00,0.115,174,2
2026-07-07 01:50:00,0.076,221,2
2026-07-07 01:56:00,0.051,168,2
2026-07-07 02:02:00,0.203,190,2
2026-07-07 02:08:00,0.215,269,2
2026-07-07 02:14:00,0.191,273,2
2026-07-07 02:20:00,0.276,231,2
2026-07-07 02:26:00,0.253,207,2
2026-07-07 02:32:00,0.348,231,2
2026-07-07 02:38:00,0.423,228,2
2026-07-07 02:44:00,0.426,229,2
2026-07-07 02:50:00,0.433,212,2
2026-07-07 02:56:00,0.316,215,2
2026-07-07 03:02:00,0.303,190,2
2026-07-07 03:08:00,0.317,235,2
2026-07-07 03:14:00,0.412,237,2
2026-07-07 03:20:00,0.478,250,2
2026-07-07 03:26:00,0.568,236,2
2026-07-07 03:32:00,0.615,216,2
2026-07-07 03:38:00,0.714,229,2
2026-07-07 03:44:00,0.633,216,2
2026-07-07 03:50:00,0.69,242,2
2026-07-07 03:56:00,0.837,237,2
2026-07-07 04:02:00,0.73,210,2
2026-07-07 04:08:00,0.656,222,2
2026-07-07 04:14:00,0.715,231,2
2026-07-07 04:20:00,0.709,233,2
2026-07-07 04:26:00,0.67,242,2
2026-07-07 04:32:00,0.739,233,2
2026-07-07 04:38:00,0.745,254,2
2026-07-07 04:44:00,0.784,237,2
2026-07-07 04:50:00,0.828,232,2
2026-07-07 04:56:00,0.742,209,2
2026-07-07 05:02:00,0.734,229,2
2026-07-07 05:08:00,0.828,239,2
2026-07-07 05:14:00,0.691,235,2
2026-07-07 05:20:00,0.885,229,2
2026-07-07 05:26:00,0.903,223,2
2026-07-07 05:32:00,0.93,227,2
2026-07-07 05:38:00,0.915,234,2
2026-07-07 05:44:00,0.814,228,2
2026-07-07 05:50:00,0.828,232,2
2026-07-07 05:56:00,0.638,243,2
2026-07-07 06:02:00,0.697,214,2
2026-07-07 06:08:00,0.806,224,2
2026-07-07 06:14:00,0.818,221,2
2026-07-07 06:20:00,0.902,237,2
2026-07-07 06:26:00,0.885,216,2
2026-07-07 06:32:00,0.909,225,2
2026-07-07 06:38:00,0.76,225,2
2026-07-07 06:44:00,0.858,216,2
2026-07-07 06:50:00,0.718,211,2
2026-07-07 06:56:00,0.846,244,2
2026-07-07 07:02:00,0.721,225,2
2026-07-07 07:08:00,0.706,225,2
2026-07-07 07:14:00,0.655,211,2
2026-07-07 07:20:00,0.614,220,2
2026-07-07 07:26:00,0.641,208,2
2026-07-07 07:32:00,0.594,247,2
2026-07-07 07:38:00,0.547,241,2
2026-07-07 07:44:00,0.441,263,2
2026-07-07 07:50:00,0.418,235,2
2026-07-07 07:56:00,0.345,247,2
2026-07-07 08:02:00,0.371,270,2
2026-07-07 08:08:00,0.353,215,2
2026-07-07 08:14:00,0.388,240,2
2026-07-07 08:20:00,0.268,242,2
2026-07-07 08:26:00,0.258,278,2
2026-07-07 08:32:00,0.287,253,2
2026-07-07 08:38:00,0.272,294,2
2026-07-07 08:44:00,0.21,288,2
2026-07-07 08:50:00,0.143,342,2
2026-07-07 08:56:00,0.144,331,2
2026-07-07 09:02:00,0.193,317,2
2026-07-07 09:08:00,0.211,314,2
2026-07-07 09:14:00,0.297,16,2
2026-07-07 09:20:00,0.231,14,2
2026-07-07 09:26:00,0.281,343,2
2026-07-07 09:32:00,0.383,16,2
2026-07-07 09:38:00,0.282,7,2
2026-07-07 09:44:00,0.281,29,2
2026-07-07 09:50:00,0.37,31,2
2026-07-07 09:56:00,0.265,17,2
2026-07-07 10:02:00,0.418,22,2
2026-07-07 10:08:00,0.151,106,2
2026-07-07 10:14:00,0.315,31,2
2026-07-07 10:20:00,0.386,24,2
2026-07-07 10:26:00,0.27,348,2
2026-07-07 10:32:00,0.418,33,2
2026-07-07 10:38:00,0.41,33,2
2026-07-07 10:44:00,0.462,43,2
2026-07-07 10:50:00,0.305,49,2
2026-07-07 10:56:00,0.418,29,2
2026-07-07 11:02:00,0.394,48,2
2026-07-07 11:08:00,0.321,17,2
2026-07-07 11:14:00,0.355,55,2
2026-07-07 11:20:00,0.308,49,2
2026-07-07 11:26:00,0.424,48,2
2026-07-07 11:32:00,0.39,51,2
2026-07-07 11:38:00,0.389,42,2
2026-07-07 11:44:00,0.4,29,2
2026-07-07 11:50:00,0.393,23,2
2026-07-07 11:56:00,0.426,20,2
2026-07-07 12:14:00,0.362,66,2
2026-07-07 12:20:00,0.319,34,2
2026-07-07 12:26:00,0.207,85,2
2026-07-07 12:32:00,0.243,277,2
2026-07-07 12:38:00,0.296,5,2
2026-07-07 12:44:00,0.18,72,2
2026-07-07 12:50:00,0.109,0,2
2026-07-07 12:56:00,0.217,36,2
2026-07-07 13:02:00,0.072,42,2
2026-07-07 13:08:00,0.113,38,2
2026-07-07 13:14:00,0.062,40,2
2026-07-07 13:20:00,0.159,336,2
2026-07-07 13:26:00,0.19,64,2
2026-07-07 13:32:00,0.14,51,2
2026-07-07 13:38:00,0.17,95,2
2026-07-07 13:44:00,0.048,157,2
2026-07-07 13:50:00,0.113,121,2
2026-07-07 13:56:00,0.033,168,2
2026-07-07 14:02:00,0.186,174,2
2026-07-07 14:08:00,0.243,219,2
2026-07-07 14:14:00,0.33,231,2
2026-07-07 14:20:00,0.407,266,2
2026-07-07 14:26:00,0.403,194,2
2026-07-07 14:32:00,0.44,252,2
2026-07-07 14:38:00,0.416,235,2
2026-07-07 14:44:00,0.377,182,2
2026-07-07 14:50:00,0.363,193,2
2026-07-07 14:56:00,0.483,219,2
2026-07-07 15:02:00,0.488,256,2
2026-07-07 15:08:00,0.532,220,2
2026-07-07 15:14:00,0.589,259,2
2026-07-07 15:20:00,0.587,245,2
2026-07-07 15:26:00,0.571,212,2
2026-07-07 15:32:00,0.645,226,2
2026-07-07 15:38:00,0.619,230,2
2026-07-07 15:44:00,0.556,217,2
2026-07-07 15:50:00,0.694,210,2
2026-07-07 15:56:00,0.727,228,2
2026-07-07 16:02:00,0.762,199,2
2026-07-07 16:08:00,0.784,198,2
2026-07-07 16:14:00,0.826,212,2
2026-07-07 16:20:00,0.898,231,2
2026-07-07 16:26:00,0.79,195,2
2026-07-07 16:32:00,0.776,217,2
2026-07-07 16:38:00,0.747,223,2
2026-07-07 16:44:00,0.799,221,2
2026-07-07 16:50:00,0.864,215,2
2026-07-07 16:56:00,0.846,223,2
2026-07-07 17:02:00,0.747,238,2
2026-07-07 17:08:00,0.771,218,2
2026-07-07 17:14:00,0.741,219,2
2026-07-07 17:20:00,0.876,217,2
2026-07-07 17:26:00,0.828,206,2
2026-07-07 17:32:00,0.85,215,2
2026-07-07 17:38:00,0.888,211,2
2026-07-07 17:44:00,0.775,221,2
2026-07-07 17:50:00,0.8,219,2
2026-07-07 17:56:00,0.844,218,2
2026-07-07 18:02:00,0.748,212,2
2026-07-07 18:08:00,0.753,234,2
2026-07-07 18:14:00,0.758,219,2
2026-07-07 18:20:00,0.713,228,2
2026-07-07 18:26:00,0.806,228,2
2026-07-07 18:32:00,0.912,240,2
2026-07-07 18:38:00,0.688,230,2
2026-07-07 18:44:00,0.612,205,2
2026-07-07 18:50:00,0.659,237,2
2026-07-07 18:56:00,0.572,234,2
2026-07-07 19:02:00,0.594,226,2
2026-07-07 19:08:00,0.639,229,2
2026-07-07 19:14:00,0.475,240,2
2026-07-07 19:20:00,0.458,252,2
2026-07-07 19:26:00,0.426,236,2
2026-07-07 19:32:00,0.322,263,2
2026-07-07 19:38:00,0.347,237,2
2026-07-07 19:44:00,0.254,247,2
2026-07-07 19:50:00,0.238,247,2
2026-07-07 19:56:00,0.179,303,2
2026-07-07 20:02:00,0.228,320,2
2026-07-07 20:08:00,0.079,331,2
2026-07-07 20:14:00,0.025,191,2
2026-07-07 20:20:00,0.119,289,2
2026-07-07 20:26:00,0.112,19,2
2026-07-07 20:32:00,0.264,21,2
2026-07-07 20:38:00,0.322,50,2
2026-07-07 20:44:00,0.267,27,2
2026-07-07 20:50:00,0.314,13,2
2026-07-07 20:56:00,0.401,38,2
2026-07-07 21:02:00,0.383,26,2
2026-07-07 21:08:00,0.489,43,2
2026-07-07 21:14:00,0.533,7,2
2026-07-07 21:20:00,0.527,41,2
2026-07-07 21:26:00,0.538,30,2
2026-07-07 21:32:00,0.612,35,2
2026-07-07 21:38:00,0.654,21,2
2026-07-07 21:44:00,0.751,18,2
2026-07-07 21:50:00,0.724,36,2
2026-07-07 21:56:00,0.79,31,2
2026-07-07 22:02:00,0.785,32,2
2026-07-07 22:08:00,0.782,26,2
2026-07-07 22:14:00,0.841,33,2
2026-07-07 22:20:00,0.802,41,2
2026-07-07 22:26:00,0.801,36,2
2026-07-07 22:32:00,0.785,43,2
2026-07-07 22:38:00,0.752,31,2
2026-07-07 22:44:00,0.75,40,2
2026-07-07 22:50:00,0.809,36,2
2026-07-07 22:56:00,0.823,19,2
2026-07-07 23:02:00,0.788,38,2
2026-07-07 23:08:00,0.862,33,2
2026-07-07 23:14:00,0.927,13,2
2026-07-07 23:20:00,0.908,31,2
2026-07-07 23:26:00,0.843,28,2
2026-07-07 23:32:00,0.808,24,2
2026-07-07 23:38:00,0.872,20,2
2026-07-07 23:44:00,0.779,12,2
2026-07-07 23:50:00,0.815,22,2
2026-07-07 23:56:00,0.817,17,2
2026-07-08 00:02:00,0.846,25,2
2026-07-08 00:08:00,0.851,26,2
2026-07-08 00:14:00,0.775,23,2
2026-07-08 00:20:00,0.848,31,2
2026-07-08 00:26:00,0.804,31,2
2026-07-08 00:32:00,0.764,44,2
2026-07-08 00:38:00,0.724,16,2
2026-07-08 00:44:00,0.737,37,2
2026-07-08 00:50:00,0.703,26,2
2026-07-08 00:56:00,0.749,14,2
2026-07-08 01:02:00,0.656,43,2
2026-07-08 01:08:00,0.637,50,2
2026-07-08 01:14:00,0.604,37,2
2026-07-08 01:20:00,0.663,33,2
2026-07-08 01:26:00,0.645,39,2
2026-07-08 01:32:00,0.472,357,2
2026-07-08 01:38:00,0.449,15,2
2026-07-08 01:44:00,0.347,29,2
2026-07-08 01:50:00,0.297,25,2
2026-07-08 01:56:00,0.283,29,2
2026-07-08 02:02:00,0.288,24,2
2026-07-08 02:08:00,0.212,37,2
2026-07-08 02:14:00,0.087,357,2
2026-07-08 02:20:00,0.066,121,2
2026-07-08 02:26:00,0.123,327,2
2026-07-08 02:32:00,0.124,348,2
2026-07-08 02:38:00,0.135,199,2
2026-07-08 02:44:00,0.01,258,2
2026-07-08 02:50:00,0.081,103,2
2026-07-08 02:56:00,0.053,160,2
2026-07-08 03:02:00,0.068,345,2
2026-07-08 03:08:00,0.074,71,2
2026-07-08 03:14:00,0.066,50,2
2026-07-08 03:20:00,0.211,178,2
2026-07-08 03:26:00,0.179,146,2
2026-07-08 03:32:00,0.077,247,2
2026-07-08 03:38:00,0.153,217,2
2026-07-08 03:44:00,0.206,286,2
2026-07-08 03:50:00,0.194,207,2
2026-07-08 03:56:00,0.157,168,2
2026-07-08 04:02:00,0.092,267,2
2026-07-08 04:08:00,0.298,226,2
2026-07-08 04:14:00,0.29,224,2
2026-07-08 04:20:00,0.29,203,2
2026-07-08 04:26:00,0.478,232,2
2026-07-08 04:32:00,0.485,217,2
2026-07-08 04:38:00,0.43,255,2
2026-07-08 04:44:00,0.463,209,2
2026-07-08 04:50:00,0.611,222,2
2026-07-08 04:56:00,0.672,229,2
2026-07-08 05:02:00,0.568,216,2
2026-07-08 05:08:00,0.548,207,2
2026-07-08 05:14:00,0.588,218,2
2026-07-08 05:20:00,0.64,206,2
2026-07-08 05:26:00,0.63,206,2
2026-07-08 05:32:00,0.558,233,2
2026-07-08 05:38:00,0.633,207,2
2026-07-08 05:44:00,0.744,222,2
2026-07-08 05:50:00,0.623,218,2
2026-07-08 05:56:00,0.551,251,2
2026-07-08 06:02:00,0.621,234,2
2026-07-08 06:08:00,0.528,215,2
2026-07-08 06:14:00,0.445,228,2
2026-07-08 06:20:00,0.476,231,2
2026-07-08 06:26:00,0.485,239,2
2026-07-08 06:32:00,0.506,229,2
2026-07-08 06:38:00,0.512,237,2
2026-07-08 06:44:00,0.542,207,2
2026-07-08 06:50:00,0.778,214,2
2026-07-08 06:56:00,0.8,210,2
2026-07-08 07:02:00,0.816,193,2
2026-07-08 07:08:00,0.711,207,2
2026-07-08 07:14:00,0.708,210,2
2026-07-08 07:20:00,0.564,232,2
2026-07-08 07:26:00,0.515,223,2
2026-07-08 07:32:00,0.509,209,2
2026-07-08 07:38:00,0.508,228,2
2026-07-08 07:44:00,0.654,212,2
2026-07-08 07:50:00,0.606,214,2
2026-07-08 07:56:00,0.73,220,2
2026-07-08 08:02:00,0.755,233,2
2026-07-08 08:08:00,0.656,225,2
2026-07-08 08:14:00,0.877,214,2
2026-07-08 08:20:00,0.698,213,2
2026-07-08 08:26:00,0.768,221,2
2026-07-08 08:32:00,0.602,229,2
2026-07-08 08:38:00,0.572,225,2
2026-07-08 08:44:00,0.592,238,2
2026-07-08 08:50:00,0.49,240,2
2026-07-08 08:56:00,0.543,218,2
2026-07-08 09:02:00,0.577,237,2
2026-07-08 09:08:00,0.441,223,2
2026-07-08 09:14:00,0.426,225,2
2026-07-08 09:20:00,0.309,240,2
2026-07-08 09:26:00,0.366,218,2
2026-07-08 09:32:00,0.307,213,2
2026-07-08 09:38:00,0.284,230,2
2026-07-08 09:44:00,0.261,260,2
2026-07-08 09:50:00,0.208,255,2
2026-07-08 09:56:00,0.269,273,2
2026-07-08 10:02:00,0.079,289,2
2026-07-08 10:08:00,0.116,183,2
2026-07-08 10:14:00,0.092,330,2
2026-07-08 10:20:00,0.062,103,2
2026-07-08 10:26:00,0.025,316,2
2026-07-08 10:32:00,0.08,322,2
2026-07-08 10:38:00,0.216,348,2
2026-07-08 10:44:00,0.349,341,2
2026-07-08 10:50:00,0.328,338,2
2026-07-08 10:56:00,0.269,316,2
2026-07-08 11:02:00,0.256,355,2
2026-07-08 11:08:00,0.228,28,2
2026-07-08 11:14:00,0.229,342,2
2026-07-08 11:20:00,0.201,325,2
2026-07-08 11:26:00,0.151,37,2
2026-07-08 11:32:00,0.184,24,2
2026-07-08 11:38:00,0.234,357,2
2026-07-08 11:50:00,0.227,42,2
2026-07-08 12:02:00,0.328,53,2
2026-07-08 12:08:00,0.278,65,2
2026-07-08 12:14:00,0.178,42,2
2026-07-08 12:20:00,0.264,10,2
2026-07-08 12:26:00,0.212,347,2
2026-07-08 12:32:00,0.315,30,2
2026-07-08 12:38:00,0.273,13,2
2026-07-08 12:44:00,0.27,272,2
2026-07-08 12:50:00,0.125,109,2
2026-07-08 12:56:00,0.087,333,2
2026-07-08 13:02:00,0.228,82,2
2026-07-08 13:08:00,0.064,347,2
2026-07-08 13:14:00,0.135,85,2
2026-07-08 13:20:00,0.229,8,2
2026-07-08 13:26:00,0.093,8,2
2026-07-08 13:32:00,0.139,56,2
2026-07-08 13:38:00,0.106,327,2
2026-07-08 13:44:00,0.061,216,2
2026-07-08 13:50:00,0.097,243,2
2026-07-08 13:56:00,0.159,181,2
2026-07-08 14:02:00,0.26,145,2
2026-07-08 14:08:00,0.087,152,2
2026-07-08 14:14:00,0.238,266,2
2026-07-08 14:20:00,0.191,270,2
2026-07-08 14:26:00,0.398,243,2
2026-07-08 14:32:00,0.216,231,2
2026-07-08 14:38:00,0.214,233,2
2026-07-08 14:44:00,0.312,225,2
2026-07-08 14:50:00,0.312,267,2
2026-07-08 14:56:00,0.334,223,2
2026-07-08 15:02:00,0.32,230,2
2026-07-08 15:08:00,0.382,236,2
2026-07-08 15:14:00,0.362,259,2
2026-07-08 15:20:00,0.422,197,2
2026-07-08 15:26:00,0.468,207,2
2026-07-08 15:32:00,0.47,208,2
2026-07-08 15:38:00,0.402,258,2
2026-07-08 15:44:00,0.475,197,2
2026-07-08 15:50:00,0.458,250,2
2026-07-08 15:56:00,0.443,258,2
2026-07-08 16:02:00,0.472,238,2
2026-07-08 16:08:00,0.432,217,2
2026-07-08 16:14:00,0.546,214,2
2026-07-08 16:20:00,0.602,226,2
2026-07-08 16:26:00,0.586,212,2
2026-07-08 16:32:00,0.51,204,2
2026-07-08 16:38:00,0.636,204,2
2026-07-08 16:44:00,0.58,245,2
2026-07-08 16:50:00,0.72,232,2
2026-07-08 16:56:00,0.675,231,2
2026-07-08 17:02:00,0.869,207,2
2026-07-08 17:08:00,0.877,228,2
2026-07-08 17:14:00,0.795,201,2
2026-07-08 17:20:00,0.715,189,2
2026-07-08 17:26:00,0.748,209,2
2026-07-08 17:32:00,0.804,214,2
2026-07-08 17:38:00,0.776,203,2
2026-07-08 17:44:00,0.718,227,2
2026-07-08 17:50:00,0.654,219,2
2026-07-08 17:56:00,0.709,199,2
2026-07-08 18:02:00,0.734,231,2
2026-07-08 18:08:00,0.918,231,2
2026-07-08 18:14:00,0.79,214,2
2026-07-08 18:20:00,0.772,222,2
2026-07-08 18:26:00,0.867,220,2
2026-07-08 18:32:00,0.846,216,2
2026-07-08 18:38:00,0.744,219,2
2026-07-08 18:44:00,0.728,201,2
2026-07-08 18:50:00,0.57,220,2
2026-07-08 18:56:00,0.626,234,2
2026-07-08 19:02:00,0.592,199,2
2026-07-08 19:08:00,0.755,227,2
2026-07-08 19:14:00,0.663,237,2
2026-07-08 19:20:00,0.523,185,2
2026-07-08 19:26:00,0.697,231,2
2026-07-08 19:32:00,0.594,228,2
2026-07-08 19:38:00,0.533,214,2
2026-07-08 19:44:00,0.62,226,2
2026-07-08 19:50:00,0.562,199,2
2026-07-08 19:56:00,0.603,193,2
2026-07-08 20:02:00,0.472,235,2
2026-07-08 20:08:00,0.547,241,2
2026-07-08 20:14:00,0.436,188,2
2026-07-08 20:20:00,0.407,235,2
2026-07-08 20:26:00,0.426,244,2
2026-07-08 20:32:00,0.29,229,2
2026-07-08 20:38:00,0.342,253,2
2026-07-08 20:44:00,0.288,268,2
2026-07-08 20:50:00,0.221,235,2
2026-07-08 20:56:00,0.191,263,2
2026-07-08 21:02:00,0.177,271,2
2026-07-08 21:08:00,0.079,337,2
2026-07-08 21:14:00,0.195,343,2
2026-07-08 21:20:00,0.182,314,2
2026-07-08 21:26:00,0.288,351,2
2026-07-08 21:32:00,0.118,56,2
2026-07-08 21:38:00,0.212,16,2
2026-07-08 21:44:00,0.261,17,2
2026-07-08 21:50:00,0.4,16,2
2026-07-08 21:56:00,0.453,20,2
2026-07-08 22:02:00,0.523,20,2
2026-07-08 22:08:00,0.47,17,2
2026-07-08 22:14:00,0.61,21,2
2026-07-08 22:20:00,0.557,23,2
2026-07-08 22:26:00,0.644,31,2
2026-07-08 22:32:00,0.655,25,2
2026-07-08 22:38:00,0.674,18,2
2026-07-08 22:44:00,0.746,24,2
2026-07-08 22:50:00,0.69,16,2
2026-07-08 22:56:00,0.703,21,2
2026-07-08 23:02:00,0.709,28,2
2026-07-08 23:08:00,0.748,26,2
2026-07-08 23:14:00,0.808,28,2
2026-07-08 23:20:00,0.861,20,2
2026-07-08 23:26:00,0.891,26,2
2026-07-08 23:32:00,0.919,12,2
2026-07-08 23:38:00,0.978,13,2
2026-07-08 23:44:00,0.92,20,2
2026-07-08 23:50:00,0.934,15,2
2026-07-08 23:56:00,1.07,20,2
2026-07-09 00:02:00,0.968,24,2
2026-07-09 00:08:00,1.061,25,2
2026-07-09 00:14:00,1.001,28,2
2026-07-09 00:20:00,1.02,21,2
2026-07-09 00:26:00,1.02,19,2
2026-07-09 00:32:00,1.041,17,2
2026-07-09 00:38:00,1.052,19,2
2026-07-09 00:44:00,0.98,15,2
2026-07-09 00:50:00,0.962,20,2
2026-07-09 00:56:00,0.971,19,2
2026-07-09 01:02:00,0.899,6,2
2026-07-09 01:08:00,0.929,19,2
2026-07-09 01:14:00,0.851,10,2
2026-07-09 01:20:00,0.855,16,2
2026-07-09 01:26:00,0.912,13,2
2026-07-09 01:32:00,0.819,24,2
2026-07-09 01:38:00,0.799,32,2
2026-07-09 01:44:00,0.797,6,2
2026-07-09 01:50:00,0.653,24,2
2026-07-09 01:56:00,0.756,14,2
2026-07-09 02:02:00,0.634,13,2
2026-07-09 02:08:00,0.674,10,2
2026-07-09 02:14:00,0.656,15,2
2026-07-09 02:20:00,0.511,2,2
2026-07-09 02:26:00,0.512,5,2
2026-07-09 02:32:00,0.496,10,2
2026-07-09 02:38:00,0.442,13,2
2026-07-09 02:44:00,0.449,15,2
2026-07-09 02:50:00,0.346,350,2
2026-07-09 02:56:00,0.238,10,2
2026-07-09 03:02:00,0.203,14,2
2026-07-09 03:08:00,0.167,4,2
2026-07-09 03:14:00,0.152,5,2
2026-07-09 03:20:00,0.123,341,2
2026-07-09 03:26:00,0.105,300,2
2026-07-09 03:32:00,0.01,100,2
2026-07-09 03:38:00,0.13,276,2
2026-07-09 03:44:00,0.148,155,2
2026-07-09 03:50:00,0.054,246,2
2026-07-09 03:56:00,0.099,209,2
2026-07-09 04:02:00,0.08,284,2
2026-07-09 04:08:00,0.06,323,2
2026-07-09 04:14:00,0.105,227,2
2026-07-09 04:20:00,0.095,247,2
2026-07-09 04:26:00,0.175,291,2
2026-07-09 04:32:00,0.195,235,2
2026-07-09 04:38:00,0.19,296,2
2026-07-09 04:44:00,0.184,251,2
2026-07-09 04:50:00,0.219,175,2
2026-07-09 04:56:00,0.205,206,2
2026-07-09 05:02:00,0.297,215,2
2026-07-09 05:08:00,0.323,293,2
2026-07-09 05:14:00,0.435,281,2
2026-07-09 05:20:00,0.536,244,2
2026-07-09 05:26:00,0.464,262,2
2026-07-09 05:32:00,0.44,264,2
2026-07-09 05:38:00,0.465,244,2
2026-07-09 05:44:00,0.498,258,2
2026-07-09 05:50:00,0.486,241,2
2026-07-09 05:56:00,0.357,228,2
2026-07-09 06:02:00,0.373,254,2
2026-07-09 06:08:00,0.464,223,2
2026-07-09 06:14:00,0.521,254,2
2026-07-09 06:20:00,0.501,230,2
2026-07-09 06:26:00,0.473,244,2
2026-07-09 06:32:00,0.422,237,2
2026-07-09 06:38:00,0.394,249,2
2026-07-09 06:44:00,0.393,207,2
2026-07-09 06:50:00,0.489,210,2
2026-07-09 06:56:00,0.47,241,2
2026-07-09 07:02:00,0.4,223,2
2026-07-09 07:08:00,0.354,235,2
2026-07-09 07:14:00,0.382,233,2
2026-07-09 07:20:00,0.467,239,2
2026-07-09 07:26:00,0.544,227,2
2026-07-09 07:32:00,0.5,256,2
2026-07-09 07:38:00,0.542,233,2
2026-07-09 07:44:00,0.636,213,2
2026-07-09 07:50:00,0.652,166,2
2026-07-09 07:56:00,0.639,233,2
2026-07-09 08:02:00,0.542,198,2
2026-07-09 08:08:00,0.602,219,2
2026-07-09 08:14:00,0.462,218,2
2026-07-09 08:20:00,0.554,214,2
2026-07-09 08:26:00,0.561,226,2
2026-07-09 08:32:00,0.548,238,2
2026-07-09 08:38:00,0.585,222,2
2026-07-09 08:44:00,0.561,237,2
2026-07-09 08:50:00,0.47,217,2
2026-07-09 08:56:00,0.535,153,2
2026-07-09 09:02:00,0.408,219,2
2026-07-09 09:08:00,0.457,245,2
2026-07-09 09:14:00,0.382,229,2
2026-07-09 09:20:00,0.435,234,2
2026-07-09 09:26:00,0.378,205,2
2026-07-09 09:32:00,0.356,238,2
2026-07-09 09:38:00,0.279,250,2
2026-07-09 09:44:00,0.217,235,2
2026-07-09 09:50:00,0.176,235,2
2026-07-09 09:56:00,0.071,159,2
2026-07-09 10:02:00,0.06,238,2
2026-07-09 10:08:00,0.069,136,2
2026-07-09 10:14:00,0.017,328,2
2026-07-09 10:20:00,0.019,348,2
2026-07-09 10:26:00,0.106,267,2
2026-07-09 10:32:00,0.068,28,2
2026-07-09 10:38:00,0.073,50,2
2026-07-09 10:44:00,0.069,327,2
2026-07-09 10:50:00,0.132,21,2
2026-07-09 10:56:00,0.216,32,2
2026-07-09 11:02:00,0.135,52,2
2026-07-09 11:08:00,0.238,27,2
2026-07-09 11:14:00,0.464,31,2
2026-07-09 11:20:00,0.291,51,2
2026-07-09 11:26:00,0.172,33,2
2026-07-09 11:32:00,0.13,332,2
2026-07-09 11:38:00,0.297,1,2
2026-07-09 11:44:00,0.289,340,2
2026-07-09 11:50:00,0.326,28,2
2026-07-09 11:56:00,0.245,16,2
2026-07-09 12:02:00,0.304,20,2
2026-07-09 12:08:00,0.196,23,2
2026-07-09 12:14:00,0.451,28,2
2026-07-09 12:20:00,0.375,22,2
2026-07-09 12:26:00,0.488,17,2
2026-07-09 12:32:00,0.375,32,2
2026-07-09 12:38:00,0.414,35,2
2026-07-09 12:44:00,0.342,14,2
2026-07-09 12:50:00,0.449,30,2
2026-07-09 12:56:00,0.501,55,2
2026-07-09 13:02:00,0.432,41,2
2026-07-09 13:08:00,0.51,57,2
2026-07-09 13:14:00,0.438,29,2
2026-07-09 13:20:00,0.41,48,2
2026-07-09 13:26:00,0.459,19,2
2026-07-09 13:32:00,0.327,42,2
2026-07-09 13:38:00,0.304,20,2
2026-07-09 13:44:00,0.336,24,2
2026-07-09 13:50:00,0.279,27,2
2026-07-09 13:56:00,0.279,54,2
2026-07-09 14:02:00,0.319,9,2
2026-07-09 14:08:00,0.302,65,2
2026-07-09 14:14:00,0.294,50,2
2026-07-09 14:20:00,0.305,49,2
2026-07-09 14:26:00,0.256,49,2
2026-07-09 14:32:00,0.271,26,2
2026-07-09 14:38:00,0.344,7,2
2026-07-09 14:44:00,0.394,34,2
2026-07-09 14:50:00,0.211,28,2
2026-07-09 14:56:00,0.112,27,2
2026-07-09 15:02:00,0.315,19,2
2026-07-09 15:08:00,0.255,348,2
2026-07-09 15:14:00,0.058,65,2
2026-07-09 15:20:00,0.101,329,2
2026-07-09 15:26:00,0.036,308,2
2026-07-09 15:32:00,0.109,300,2
2026-07-09 15:38:00,0.038,228,2
2026-07-09 15:44:00,0.057,242,2
2026-07-09 15:50:00,0.049,252,2
2026-07-09 15:56:00,0.008,303,2
2026-07-09 16:02:00,0.081,243,2
2026-07-09 16:08:00,0.135,215,2
2026-07-09 16:14:00,0.222,256,2
2026-07-09 16:20:00,0.168,236,2
2026-07-09 16:26:00,0.173,241,2
2026-07-09 16:32:00,0.145,279,2
2026-07-09 16:38:00,0.161,237,2
2026-07-09 16:44:00,0.213,211,2
2026-07-09 16:50:00,0.212,202,2
2026-07-09 16:56:00,0.187,236,2
2026-07-09 17:02:00,0.228,272,2
2026-07-09 17:08:00,0.297,270,2
2026-07-09 17:14:00,0.305,208,2
2026-07-09 17:20:00,0.248,249,2
2026-07-09 17:26:00,0.22,275,2
2026-07-09 17:32:00,0.371,225,2
2026-07-09 17:38:00,0.395,172,2
2026-07-09 17:44:00,0.377,168,2
2026-07-09 17:50:00,0.453,184,2
2026-07-09 17:56:00,0.435,240,2
2026-07-09 18:02:00,0.538,197,2
2026-07-09 18:08:00,0.575,169,2
2026-07-09 18:14:00,0.594,214,2
2026-07-09 18:20:00,0.46,175,2
2026-07-09 18:26:00,0.494,188,2
2026-07-09 18:32:00,0.625,216,2
2026-07-09 18:38:00,0.68,185,2
2026-07-09 18:44:00,0.665,231,2
2026-07-09 18:50:00,0.721,178,2
2026-07-09 18:56:00,0.96,201,2
2026-07-09 19:02:00,1.054,204,2
2026-07-09 19:08:00,0.984,206,2
2026-07-09 19:14:00,0.923,218,2
2026-07-09 19:20:00,0.839,235,2
2026-07-09 19:26:00,1.054,212,2
2026-07-09 19:32:00,0.808,201,2
2026-07-09 19:38:00,0.767,207,2
2026-07-09 19:44:00,0.67,222,2
2026-07-09 19:50:00,0.651,199,2
2026-07-09 19:56:00,0.631,190,2
2026-07-09 20:02:00,0.684,195,2
2026-07-09 20:08:00,0.754,204,2
2026-07-09 20:14:00,0.735,213,2
2026-07-09 20:20:00,0.558,213,2
2026-07-09 20:26:00,0.711,230,2
2026-07-09 20:32:00,0.566,208,2
2026-07-09 20:38:00,0.696,240,2
2026-07-09 20:44:00,0.559,232,2
2026-07-09 20:50:00,0.621,229,2
2026-07-09 20:56:00,0.518,241,2
2026-07-09 21:02:00,0.456,241,2
2026-07-09 21:08:00,0.441,215,2
2026-07-09 21:14:00,0.474,246,2
2026-07-09 21:20:00,0.44,239,2
2026-07-09 21:26:00,0.398,247,2
2026-07-09 21:32:00,0.31,231,2
2026-07-09 21:38:00,0.209,243,2
2026-07-09 21:44:00,0.074,209,2
2026-07-09 21:50:00,0.19,104,2
2026-07-09 21:56:00,0.243,327,2
2026-07-09 22:02:00,0.293,335,2
2026-07-09 22:08:00,0.3,338,2
2026-07-09 22:14:00,0.368,6,2
2026-07-09 22:20:00,0.371,4,2
2026-07-09 22:26:00,0.363,354,2
2026-07-09 22:32:00,0.346,16,2
2026-07-09 22:38:00,0.358,345,2
2026-07-09 22:44:00,0.358,14,2
2026-07-09 22:50:00,0.536,7,2
2026-07-09 22:56:00,0.558,357,2
2026-07-09 23:02:00,0.653,356,2
2026-07-09 23:08:00,0.576,3,2
2026-07-09 23:14:00,0.75,4,2
2026-07-09 23:20:00,0.781,13,2
2026-07-09 23:26:00,0.766,16,2
2026-07-09 23:32:00,0.844,15,2
2026-07-09 23:38:00,0.89,4,2
2026-07-09 23:44:00,0.895,13,2
2026-07-09 23:50:00,0.769,8,2
2026-07-09 23:56:00,0.856,8,2
2026-07-10 00:02:00,0.869,21,2
2026-07-10 00:08:00,0.758,21,2
2026-07-10 00:14:00,0.817,39,2
2026-07-10 00:20:00,0.762,22,2
2026-07-10 00:26:00,0.824,23,2
2026-07-10 00:32:00,0.89,37,2
2026-07-10 00:38:00,0.866,17,2
2026-07-10 00:44:00,0.807,21,2
2026-07-10 00:50:00,0.87,25,2
2026-07-10 00:56:00,0.868,9,2
2026-07-10 01:02:00,0.834,11,2
2026-07-10 01:08:00,0.87,11,2
2026-07-10 01:14:00,0.852,25,2
2026-07-10 01:20:00,0.936,29,2
2026-07-10 01:26:00,0.884,19,2
2026-07-10 01:32:00,0.883,14,2
2026-07-10 01:38:00,0.827,15,2
2026-07-10 01:44:00,0.889,21,2
2026-07-10 01:50:00,0.846,12,2
2026-07-10 01:56:00,0.79,26,2
2026-07-10 02:02:00,0.914,22,2
2026-07-10 02:08:00,0.88,24,2
2026-07-10 02:14:00,0.792,30,2
2026-07-10 02:20:00,0.842,12,2
2026-07-10 02:26:00,0.777,25,2
2026-07-10 02:32:00,0.717,23,2
2026-07-10 02:38:00,0.675,37,2
2026-07-10 02:44:00,0.594,20,2
2026-07-10 02:50:00,0.601,12,2
2026-07-10 02:56:00,0.577,13,2
2026-07-10 03:02:00,0.494,20,2
2026-07-10 03:08:00,0.528,30,2
2026-07-10 03:14:00,0.522,20,2
2026-07-10 03:20:00,0.446,25,2
2026-07-10 03:26:00,0.409,44,2
2026-07-10 03:32:00,0.327,28,2
2026-07-10 03:38:00,0.398,2,2
2026-07-10 03:44:00,0.239,16,2
2026-07-10 03:50:00,0.249,55,2
2026-07-10 03:56:00,0.291,20,2
2026-07-10 04:02:00,0.189,40,2
2026-07-10 04:08:00,0.335,159,2
2026-07-10 04:14:00,0.134,117,2
2026-07-10 04:20:00,0.123,145,2
2026-07-10 04:26:00,0.112,118,2
2026-07-10 04:32:00,0.032,316,2
2026-07-10 04:38:00,0.029,82,2
2026-07-10 04:44:00,0.017,223,2
2026-07-10 04:50:00,0.097,138,2
2026-07-10 04:56:00,0.17,205,2
2026-07-10 05:02:00,0.221,135,2
2026-07-10 05:08:00,0.176,198,2
2026-07-10 05:14:00,0.185,193,2
2026-07-10 05:20:00,0.233,205,2
2026-07-10 05:26:00,0.327,197,2
2026-07-10 05:32:00,0.315,192,2
2026-07-10 05:38:00,0.485,187,2
2026-07-10 05:44:00,0.392,187,2
2026-07-10 05:50:00,0.552,216,2
2026-07-10 05:56:00,0.522,203,2
2026-07-10 06:02:00,0.541,206,2
2026-07-10 06:08:00,0.506,219,2
2026-07-10 06:14:00,0.561,231,2
2026-07-10 06:20:00,0.585,216,2
2026-07-10 06:26:00,0.569,190,2
2026-07-10 06:32:00,0.572,203,2
2026-07-10 06:38:00,0.703,199,2
2026-07-10 06:44:00,0.79,228,2
2026-07-10 06:50:00,0.897,205,2
2026-07-10 06:56:00,0.95,204,2
2026-07-10 07:02:00,0.942,217,2
2026-07-10 07:08:00,0.942,214,2
2026-07-10 07:14:00,0.943,210,2
2026-07-10 07:20:00,1.061,223,2
2026-07-10 07:26:00,1.086,208,2
2026-07-10 07:32:00,1.136,222,2
2026-07-10 07:38:00,1.239,223,2
2026-07-10 07:44:00,1.247,201,2
2026-07-10 07:50:00,1.327,219,2
2026-07-10 07:56:00,1.349,233,2
2026-07-10 08:02:00,1.454,201,2
2026-07-10 08:08:00,1.5,199,2
2026-07-10 08:14:00,1.776,222,2
2026-07-10 08:20:00,1.638,202,2
2026-07-10 08:26:00,1.536,205,2
2026-07-10 08:32:00,1.672,226,2
2026-07-10 08:38:00,1.483,219,2
2026-07-10 08:44:00,1.36,226,2
2026-07-10 08:50:00,1.231,238,2
2026-07-10 08:56:00,1.28,218,2
2026-07-10 09:02:00,1.236,224,2
2026-07-10 09:08:00,1.192,229,2
2026-07-10 09:14:00,1.259,200,2
2026-07-10 09:20:00,1.327,207,2
2026-07-10 09:32:00,1.259,228,2
2026-07-10 09:38:00,1.139,232,2
2026-07-10 09:44:00,1.276,228,2
2026-07-10 09:50:00,1.187,197,2
2026-07-10 09:56:00,1.151,224,2
2026-07-10 10:02:00,1.172,212,2
2026-07-10 10:08:00,1.249,222,2
2026-07-10 10:14:00,1.104,210,2
2026-07-10 10:20:00,1.089,219,2
2026-07-10 10:26:00,1.039,216,2
2026-07-10 10:32:00,0.956,200,2
2026-07-10 10:38:00,1.035,221,2
2026-07-10 10:44:00,1.021,194,2
2026-07-10 10:50:00,0.983,212,2
2026-07-10 10:56:00,1.133,210,2
2026-07-10 11:02:00,0.926,210,2
2026-07-10 11:08:00,0.834,217,2
2026-07-10 11:14:00,0.793,223,2
2026-07-10 11:20:00,0.764,189,2
2026-07-10 11:26:00,0.796,201,2
2026-07-10 11:32:00,0.675,232,2
2026-07-10 11:38:00,0.687,215,2
2026-07-10 11:44:00,0.622,206,2
2026-07-10 11:50:00,0.723,210,2
2026-07-10 11:56:00,0.769,231,2
2026-07-10 12:02:00,0.821,236,2
2026-07-10 12:08:00,0.69,238,2
2026-07-10 12:14:00,0.474,238,2
2026-07-10 12:20:00,0.466,242,2
2026-07-10 12:26:00,0.498,257,2
2026-07-10 12:32:00,0.338,227,2
2026-07-10 12:38:00,0.259,255,2
2026-07-10 12:44:00,0.299,279,2
2026-07-10 12:50:00,0.293,246,2
2026-07-10 12:56:00,0.3,270,2
2026-07-10 13:02:00,0.154,281,2
2026-07-10 13:08:00,0.25,265,2
2026-07-10 13:14:00,0.191,256,2
2026-07-10 13:20:00,0.103,332,2
2026-07-10 13:26:00,0.1,280,2
2026-07-10 13:32:00,0.049,258,2
2026-07-10 13:38:00,0.084,193,2
2026-07-10 13:44:00,0.076,210,2
2026-07-10 13:50:00,0.121,210,2
2026-07-10 13:56:00,0.041,340,2
2026-07-10 14:02:00,0.066,303,2
2026-07-10 14:08:00,0.034,158,2
2026-07-10 14:14:00,0.143,291,2
2026-07-10 14:20:00,0.064,239,2
2026-07-10 14:26:00,0.053,265,2
2026-07-10 14:32:00,0.048,302,2
2026-07-10 14:38:00,0.061,86,2
2026-07-10 14:44:00,0.088,307,2
2026-07-10 14:50:00,0.068,80,2
2026-07-10 14:56:00,0.045,32,2
2026-07-10 15:02:00,0.123,356,2
2026-07-10 15:08:00,0.132,358,2
2026-07-10 15:14:00,0.09,241,2
2026-07-10 15:20:00,0.19,293,2
2026-07-10 15:26:00,0.084,318,2
2026-07-10 15:32:00,0.305,267,2
2026-07-10 15:38:00,0.11,249,2
2026-07-10 15:44:00,0.08,246,2
2026-07-10 15:50:00,0.136,268,2
2026-07-10 15:56:00,0.11,115,2
2026-07-10 16:02:00,0.17,272,2
2026-07-10 16:08:00,0.152,255,2
2026-07-10 16:14:00,0.226,221,2
2026-07-10 16:20:00,0.186,238,2
2026-07-10 16:26:00,0.227,257,2
2026-07-10 16:32:00,0.301,240,2
2026-07-10 16:38:00,0.323,259,2
2026-07-10 16:44:00,0.301,257,2
2026-07-10 16:50:00,0.253,239,2
2026-07-10 16:56:00,0.404,259,2
2026-07-10 17:02:00,0.426,236,2
2026-07-10 17:08:00,0.461,239,2
2026-07-10 17:14:00,0.579,242,2
2026-07-10 17:20:00,0.53,240,2
2026-07-10 17:26:00,0.538,211,2
2026-07-10 17:32:00,0.651,224,2
2026-07-10 17:38:00,0.66,220,2
2026-07-10 17:44:00,0.677,221,2
2026-07-10 17:50:00,0.597,228,2
2026-07-10 17:56:00,0.735,216,2
2026-07-10 18:02:00,0.748,242,2
2026-07-10 18:08:00,0.706,247,2
2026-07-10 18:14:00,0.659,195,2
2026-07-10 18:20:00,0.619,235,2
2026-07-10 18:26:00,0.784,207,2
2026-07-10 18:32:00,0.742,242,2
2026-07-10 18:38:00,0.737,220,2
2026-07-10 18:44:00,0.736,254,2
2026-07-10 18:50:00,0.703,237,2
2026-07-10 18:56:00,0.701,254,2
2026-07-10 19:02:00,0.75,245,2
2026-07-10 19:08:00,0.671,217,2
2026-07-10 19:14:00,0.84,235,2
2026-07-10 19:20:00,0.653,246,2
2026-07-10 19:26:00,0.746,181,2
2026-07-10 19:32:00,0.768,207,2
2026-07-10 19:38:00,0.843,227,2
2026-07-10 19:44:00,0.735,222,2
2026-07-10 19:50:00,0.737,211,2
2026-07-10 19:56:00,0.672,197,2
2026-07-10 20:02:00,0.598,245,2
2026-07-10 20:08:00,0.721,194,2
2026-07-10 20:14:00,0.665,224,2
2026-07-10 20:20:00,0.602,234,2
2026-07-10 20:26:00,0.589,207,2
2026-07-10 20:32:00,0.517,220,2
2026-07-10 20:38:00,0.575,206,2
2026-07-10 20:44:00,0.748,195,2
2026-07-10 20:50:00,0.663,209,2
2026-07-10 20:56:00,0.739,248,2
2026-07-10 21:02:00,0.628,215,2
2026-07-10 21:08:00,0.618,183,2
2026-07-10 21:14:00,0.465,228,2
2026-07-10 21:20:00,0.397,233,2
2026-07-10 21:26:00,0.404,228,2
2026-07-10 21:32:00,0.454,215,2
2026-07-10 21:38:00,0.477,202,2
2026-07-10 21:44:00,0.604,220,2
2026-07-10 21:50:00,0.436,216,2
2026-07-10 21:56:00,0.374,238,2
2026-07-10 22:02:00,0.276,179,2
2026-07-10 22:08:00,0.266,182,2
2026-07-10 22:14:00,0.131,220,2
2026-07-10 22:20:00,0.134,196,2
2026-07-10 22:26:00,0.075,269,2
2026-07-10 22:32:00,0.136,31,2
2026-07-10 22:38:00,0.15,348,2
2026-07-10 22:44:00,0.218,0,2
2026-07-10 22:50:00,0.217,14,2
2026-07-10 22:56:00,0.25,321,2
2026-07-10 23:02:00,0.205,24,2
2026-07-10 23:08:00,0.262,12,2
2026-07-10 23:14:00,0.312,1,2
2026-07-10 23:20:00,0.354,354,2
2026-07-10 23:26:00,0.366,37,2
2026-07-10 23:32:00,0.438,9,2
2026-07-10 23:38:00,0.459,19,2
2026-07-10 23:44:00,0.471,22,2
2026-07-10 23:50:00,0.536,27,2
2026-07-10 23:56:00,0.687,23,2
2026-07-11 00:08:00,0.751,31,2
2026-07-11 00:14:00,0.812,33,2
2026-07-11 00:20:00,0.855,8,2
2026-07-11 00:26:00,0.883,19,2
2026-07-11 00:32:00,0.821,25,2
2026-07-11 00:38:00,0.786,24,2
2026-07-11 00:44:00,0.993,32,2
2026-07-11 00:50:00,1.121,35,2
2026-07-11 00:56:00,1.022,26,2
2026-07-11 01:02:00,0.95,36,2
2026-07-11 01:08:00,0.926,15,2
2026-07-11 01:14:00,1.043,4,2
2026-07-11 01:20:00,1.04,37,2
2026-07-11 01:26:00,1.125,8,2
2026-07-11 01:32:00,1.085,13,2
2026-07-11 01:38:00,1.011,23,2
2026-07-11 01:44:00,1.03,16,2
2026-07-11 01:50:00,1.004,10,2
2026-07-11 01:56:00,1.177,14,2
2026-07-11 02:02:00,1.098,40,2
2026-07-11 02:14:00,0.997,10,2
2026-07-11 02:20:00,1.035,9,2
2026-07-11 02:26:00,1.102,33,2
2026-07-11 02:32:00,0.989,21,2
2026-07-11 02:38:00,0.963,12,2
2026-07-11 02:44:00,1.064,12,2
2026-07-11 02:50:00,1.061,4,2
2026-07-11 02:56:00,0.947,19,2
2026-07-11 03:02:00,1.038,40,2
2026-07-11 03:08:00,0.927,29,2
2026-07-11 03:14:00,0.949,10,2
2026-07-11 03:20:00,0.864,41,2
2026-07-11 03:26:00,0.867,12,2
2026-07-11 03:32:00,0.835,37,2
2026-07-11 03:38:00,0.739,44,2
2026-07-11 03:44:00,0.813,16,2
2026-07-11 03:50:00,0.772,41,2
2026-07-11 03:56:00,0.849,50,2
2026-07-11 04:02:00,0.664,48,2
2026-07-11 04:08:00,0.585,20,2
2026-07-11 04:14:00,0.513,15,2
2026-07-11 04:20:00,0.612,14,2
2026-07-11 04:26:00,0.52,35,2
2026-07-11 04:32:00,0.43,30,2
2026-07-11 04:38:00,0.397,64,2
2026-07-11 04:44:00,0.347,43,2
2026-07-11 04:50:00,0.285,15,2
2026-07-11 04:56:00,0.202,20,2
2026-07-11 05:02:00,0.024,203,2
2026-07-11 05:08:00,0.004,348,2
2026-07-11 05:14:00,0.07,35,2
2026-07-11 05:20:00,0.021,202,2
2026-07-11 05:26:00,0.051,226,2
2026-07-11 05:32:00,0.124,223,2
2026-07-11 05:38:00,0.181,177,2
2026-07-11 05:44:00,0.173,191,2
2026-07-11 05:50:00,0.308,176,2
2026-07-11 05:56:00,0.16,197,2
2026-07-11 06:02:00,0.274,184,2
2026-07-11 06:08:00,0.226,204,2
2026-07-11 06:14:00,0.257,230,2
2026-07-11 06:20:00,0.288,165,2
2026-07-11 06:26:00,0.328,181,2
2026-07-11 06:32:00,0.396,182,2
2026-07-11 06:38:00,0.411,149,2
2026-07-11 06:44:00,0.409,200,2
2026-07-11 06:50:00,0.483,185,2
2026-07-11 06:56:00,0.503,205,2
2026-07-11 07:02:00,0.657,182,2
2026-07-11 07:08:00,0.693,228,2
2026-07-11 07:14:00,0.687,202,2
2026-07-11 07:20:00,0.798,238,2
2026-07-11 07:26:00,0.693,227,2
2026-07-11 07:32:00,0.884,216,2
2026-07-11 07:38:00,0.949,238,2
2026-07-11 07:44:00,1.077,233,2
2026-07-11 07:50:00,0.994,217,2
2026-07-11 07:56:00,0.847,237,2
2026-07-11 08:02:00,0.804,222,2
2026-07-11 08:08:00,0.855,222,2
2026-07-11 08:14:00,0.738,241,2
2026-07-11 08:20:00,0.889,223,2
2026-07-11 08:26:00,1.02,234,2
2026-07-11 08:32:00,1.07,196,2
2026-07-11 08:38:00,1.047,212,2
2026-07-11 08:44:00,0.996,226,2
2026-07-11 08:50:00,0.95,228,2
2026-07-11 08:56:00,1.269,198,2
2026-07-11 09:02:00,1.519,214,2
2026-07-11 09:08:00,1.26,196,2
2026-07-11 09:14:00,1.476,219,2
2026-07-11 09:20:00,1.361,192,2
2026-07-11 09:26:00,1.214,194,2
2026-07-11 09:32:00,1.274,227,2
2026-07-11 09:38:00,1.201,200,2
2026-07-11 09:44:00,1.19,225,2
2026-07-11 09:50:00,1.063,203,2
2026-07-11 09:56:00,1.213,203,2
2026-07-11 10:02:00,1.293,236,2
2026-07-11 10:08:00,1.496,200,2
2026-07-11 10:14:00,1.456,201,2
2026-07-11 10:20:00,1.337,205,2
2026-07-11 10:26:00,1.254,205,2
2026-07-11 10:32:00,1.405,213,2
2026-07-11 10:38:00,1.236,201,2
2026-07-11 10:44:00,1.22,219,2
2026-07-11 10:50:00,1.155,209,2
2026-07-11 10:56:00,1.209,200,2
2026-07-11 11:02:00,1.166,235,2
2026-07-11 11:08:00,1.159,221,2
2026-07-11 11:14:00,0.964,242,2
2026-07-11 11:20:00,0.924,202,2
2026-07-11 11:26:00,0.821,226,2
2026-07-11 11:32:00,0.893,196,2
2026-07-11 11:38:00,0.898,218,2
2026-07-11 11:44:00,0.766,189,2
2026-07-11 11:50:00,0.811,189,2
2026-07-11 11:56:00,0.711,197,2
2026-07-11 12:02:00,0.68,190,2
2026-07-11 12:08:00,0.602,217,2
2026-07-11 12:14:00,0.632,224,2
2026-07-11 12:20:00,0.478,177,2
2026-07-11 12:26:00,0.469,195,2
2026-07-11 12:32:00,0.488,197,2
2026-07-11 12:38:00,0.364,193,2
2026-07-11 12:44:00,0.477,209,2
2026-07-11 12:50:00,0.435,212,2
2026-07-11 12:56:00,0.331,247,2
2026-07-11 13:02:00,0.318,237,2
2026-07-11 13:08:00,0.227,244,2
2026-07-11 13:14:00,0.169,204,2
2026-07-11 13:20:00,0.062,167,2
2026-07-11 13:26:00,0.159,233,2
2026-07-11 13:32:00,0.15,264,2
2026-07-11 13:38:00,0.08,7,2
2026-07-11 13:44:00,0.237,334,2
2026-07-11 13:50:00,0.029,78,2
2026-07-11 13:56:00,0.062,348,2
2026-07-11 14:02:00,0.162,50,2
2026-07-11 14:08:00,0.103,103,2
2026-07-11 14:14:00,0.03,180,2
2026-07-11 14:20:00,0.106,358,2
2026-07-11 14:26:00,0.112,91,2
2026-07-11 14:32:00,0.223,64,2
2026-07-11 14:44:00,0.26,31,2
2026-07-11 14:50:00,0.308,51,2
2026-07-11 14:56:00,0.286,51,2
2026-07-11 15:02:00,0.325,67,2
2026-07-11 15:08:00,0.396,84,2
2026-07-11 15:14:00,0.318,46,2
2026-07-11 15:20:00,0.393,27,2
2026-07-11 15:26:00,0.347,54,2
2026-07-11 15:32:00,0.409,20,2
2026-07-11 15:38:00,0.415,56,2
2026-07-11 15:44:00,0.342,52,2
2026-07-11 15:50:00,0.436,42,2
2026-07-11 15:56:00,0.36,66,2
2026-07-11 16:02:00,0.429,59,2
2026-07-11 16:08:00,0.311,69,2
2026-07-11 16:14:00,0.313,350,2
2026-07-11 16:20:00,0.366,59,2
2026-07-11 16:26:00,0.263,89,2
2026-07-11 16:32:00,0.255,55,2
2026-07-11 16:38:00,0.191,39,2
2026-07-11 16:44:00,0.18,53,2
2026-07-11 16:50:00,0.16,83,2
2026-07-11 16:56:00,0.182,19,2
2026-07-11 17:02:00,0.261,40,2
2026-07-11 17:08:00,0.046,291,2
2026-07-11 17:14:00,0.124,77,2
2026-07-11 17:20:00,0.156,92,2
2026-07-11 17:26:00,0.261,122,2
2026-07-11 17:32:00,0.133,179,2
2026-07-11 17:38:00,0.01,115,2
2026-07-11 17:44:00,0.1,251,2
2026-07-11 17:50:00,0.068,170,2
2026-07-11 17:56:00,0.112,186,2
2026-07-11 18:02:00,0.157,206,2
2026-07-11 18:08:00,0.066,203,2
2026-07-11 18:14:00,0.192,206,2
2026-07-11 18:20:00,0.192,219,2
2026-07-11 18:26:00,0.291,173,2
2026-07-11 18:32:00,0.323,219,2
2026-07-11 18:38:00,0.35,223,2
2026-07-11 18:44:00,0.379,197,2
2026-07-11 18:50:00,0.387,244,2
2026-07-11 18:56:00,0.429,214,2
2026-07-11 19:02:00,0.47,194,2
2026-07-11 19:08:00,0.457,239,2
2026-07-11 19:14:00,0.43,212,2
2026-07-11 19:20:00,0.55,225,2
2026-07-11 19:26:00,0.656,212,2
2026-07-11 19:32:00,0.601,227,2
2026-07-11 19:38:00,0.594,212,2
2026-07-11 19:44:00,0.731,222,2
2026-07-11 19:50:00,0.719,213,2
2026-07-11 19:56:00,0.862,232,2
2026-07-11 20:02:00,0.845,195,2
2026-07-11 20:08:00,0.708,211,2
2026-07-11 20:14:00,0.865,234,2
2026-07-11 20:20:00,0.829,219,2
2026-07-11 20:26:00,0.954,235,2
2026-07-11 20:32:00,0.966,235,2
2026-07-11 20:38:00,0.951,224,2
2026-07-11 20:44:00,0.974,221,2
2026-07-11 20:50:00,0.847,214,2
2026-07-11 20:56:00,0.932,197,2
2026-07-11 21:02:00,0.942,211,2
2026-07-11 21:08:00,0.894,239,2
2026-07-11 21:14:00,0.905,223,2
2026-07-11 21:20:00,0.928,230,2
2026-07-11 21:26:00,0.849,213,2
2026-07-11 21:32:00,0.793,219,2
2026-07-11 21:38:00,0.71,223,2
2026-07-11 21:44:00,0.672,219,2
2026-07-11 21:50:00,0.637,211,2
2026-07-11 21:56:00,0.766,231,2
2026-07-11 22:02:00,0.699,225,2
2026-07-11 22:08:00,0.784,214,2
2026-07-11 22:14:00,0.781,210,2
2026-07-11 22:20:00,0.609,215,2
2026-07-11 22:26:00,0.548,226,2
2026-07-11 22:32:00,0.628,210,2
2026-07-11 22:38:00,0.609,249,2
2026-07-11 22:44:00,0.524,236,2
2026-07-11 22:50:00,0.523,239,2
2026-07-11 22:56:00,0.483,233,2
2026-07-11 23:02:00,0.37,214,2
2026-07-11 23:08:00,0.382,231,2
2026-07-11 23:14:00,0.373,249,2
2026-07-11 23:20:00,0.315,213,2
2026-07-11 23:26:00,0.333,251,2
2026-07-11 23:32:00,0.276,270,2
2026-07-11 23:38:00,0.14,236,2
2026-07-11 23:44:00,0.094,234,2
2026-07-11 23:50:00,0.07,281,2
2026-07-11 23:56:00,0.157,340,2
2026-07-12 00:02:00,0.14,56,2
2026-07-12 00:08:00,0.249,44,2
2026-07-12 00:14:00,0.337,51,2
2026-07-12 00:20:00,0.391,48,2
2026-07-12 00:26:00,0.527,60,2
2026-07-12 00:32:00,0.497,67,2
2026-07-12 00:38:00,0.59,50,2
2026-07-12 00:44:00,0.671,59,2
2026-07-12 00:50:00,0.752,30,2
2026-07-12 00:56:00,0.758,18,2
2026-07-12 01:02:00,0.812,36,2
2026-07-12 01:08:00,0.856,27,2
2026-07-12 01:14:00,0.949,32,2
2026-07-12 01:20:00,0.937,27,2
2026-07-12 01:26:00,0.833,23,2
2026-07-12 01:32:00,0.88,34,2
2026-07-12 01:38:00,0.768,41,2
2026-07-12 01:44:00,0.845,10,2
2026-07-12 01:50:00,0.829,45,2
2026-07-12 01:56:00,0.934,30,2
2026-07-12 02:02:00,0.921,24,2
2026-07-12 02:08:00,0.912,22,2
2026-07-12 02:14:00,0.9,20,2
2026-07-12 02:20:00,1.052,9,2
2026-07-12 02:26:00,0.936,34,2
2026-07-12 02:32:00,0.97,21,2
2026-07-12 02:38:00,0.979,6,2
2026-07-12 02:44:00,0.944,14,2
2026-07-12 02:50:00,0.906,30,2
2026-07-12 02:56:00,0.979,15,2
2026-07-12 03:02:00,0.961,25,2
2026-07-12 03:08:00,0.891,39,2
2026-07-12 03:14:00,0.95,24,2
2026-07-12 03:20:00,0.949,14,2
2026-07-12 03:26:00,0.96,26,2
2026-07-12 03:32:00,0.956,21,2
2026-07-12 03:38:00,0.914,34,2
2026-07-12 03:44:00,0.929,31,2
2026-07-12 03:50:00,0.936,40,2
2026-07-12 03:56:00,0.818,22,2
2026-07-12 04:02:00,0.827,30,2
2026-07-12 04:08:00,0.791,28,2
2026-07-12 04:14:00,0.698,23,2
2026-07-12 04:20:00,0.668,33,2
2026-07-12 04:26:00,0.787,20,2
2026-07-12 04:32:00,0.709,13,2
2026-07-12 04:38:00,0.636,16,2
2026-07-12 04:44:00,0.581,27,2
2026-07-12 04:50:00,0.542,19,2
2026-07-12 04:56:00,0.405,23,2
2026-07-12 05:02:00,0.399,18,2
2026-07-12 05:08:00,0.285,18,2
2026-07-12 05:14:00,0.272,44,2
2026-07-12 05:20:00,0.267,18,2
2026-07-12 05:26:00,0.223,17,2
2026-07-12 05:32:00,0.175,22,2
2026-07-12 05:38:00,0.152,348,2
2026-07-12 05:44:00,0.117,318,2
2026-07-12 05:50:00,0.132,288,2
2026-07-12 05:56:00,0.186,252,2
2026-07-12 06:02:00,0.16,299,2
2026-07-12 06:08:00,0.17,279,2
2026-07-12 06:14:00,0.184,231,2
2026-07-12 06:20:00,0.123,321,2
2026-07-12 06:26:00,0.185,258,2
2026-07-12 06:32:00,0.245,283,2
2026-07-12 06:38:00,0.284,266,2
2026-07-12 06:44:00,0.255,276,2
2026-07-12 06:50:00,0.352,248,2
2026-07-12 06:56:00,0.415,225,2
2026-07-12 07:02:00,0.521,230,2
2026-07-12 07:08:00,0.376,207,2
2026-07-12 07:14:00,0.325,230,2
2026-07-12 07:20:00,0.537,223,2
2026-07-12 07:26:00,0.475,219,2
2026-07-12 07:32:00,0.589,234,2
2026-07-12 07:38:00,0.572,219,2
2026-07-12 07:44:00,0.759,224,2
2026-07-12 07:50:00,0.652,214,2
2026-07-12 07:56:00,0.589,216,2
2026-07-12 08:02:00,0.517,204,2
2026-07-12 08:08:00,0.704,215,2
2026-07-12 08:14:00,0.768,247,2
2026-07-12 08:20:00,0.655,227,2
2026-07-12 08:26:00,0.81,221,2
2026-07-12 08:32:00,0.836,193,2
2026-07-12 08:38:00,1.011,239,2
2026-07-12 08:44:00,0.905,200,2
2026-07-12 08:50:00,0.893,240,2
2026-07-12 08:56:00,0.785,221,2
2026-07-12 09:02:00,0.889,247,2
2026-07-12 09:08:00,0.816,196,2
2026-07-12 09:14:00,0.883,237,2
2026-07-12 09:20:00,0.746,197,2
2026-07-12 09:26:00,1.041,204,2
2026-07-12 09:32:00,1.226,218,2
2026-07-12 09:38:00,1.258,217,2
2026-07-12 09:44:00,1.146,209,2
2026-07-12 09:50:00,1.433,210,2
2026-07-12 09:56:00,1.448,212,2
2026-07-12 10:02:00,1.381,230,2
2026-07-12 10:08:00,1.401,219,2
2026-07-12 10:14:00,1.294,219,2
2026-07-12 10:20:00,1.501,224,2
2026-07-12 10:26:00,1.458,219,2
2026-07-12 10:32:00,1.335,227,2
2026-07-12 10:38:00,1.347,201,2
2026-07-12 10:44:00,1.472,210,2
2026-07-12 10:50:00,1.414,213,2
2026-07-12 10:56:00,1.439,206,2
2026-07-12 11:02:00,1.549,199,2
2026-07-12 11:08:00,1.358,211,2
2026-07-12 11:14:00,1.403,226,2
2026-07-12 11:20:00,1.529,221,2
2026-07-12 11:26:00,1.34,212,2
2026-07-12 11:32:00,1.325,223,2
2026-07-12 11:38:00,1.232,236,2
2026-07-12 11:44:00,1.322,201,2
2026-07-12 11:50:00,1.23,207,2
2026-07-12 11:56:00,1.298,210,2
2026-07-12 12:02:00,1.183,212,2
2026-07-12 12:08:00,1.142,221,2
2026-07-12 12:14:00,1.072,215,2
2026-07-12 12:20:00,1.104,227,2
2026-07-12 12:26:00,0.946,210,2
2026-07-12 12:32:00,0.989,233,2
2026-07-12 12:38:00,0.976,217,2
2026-07-12 12:44:00,0.925,214,2
2026-07-12 12:50:00,0.898,221,2
2026-07-12 12:56:00,0.785,213,2
2026-07-12 13:02:00,0.803,207,2
2026-07-12 13:08:00,0.725,209,2
2026-07-12 13:14:00,0.62,213,2
2026-07-12 13:20:00,0.546,231,2
2026-07-12 13:26:00,0.501,211,2
2026-07-12 13:32:00,0.535,224,2
2026-07-12 13:38:00,0.374,223,2
2026-07-12 13:44:00,0.311,237,2
2026-07-12 13:50:00,0.28,212,2
2026-07-12 13:56:00,0.28,242,2
2026-07-12 14:02:00,0.136,245,2
2026-07-12 14:08:00,0.131,252,2
2026-07-12 14:14:00,0.154,272,2
2026-07-12 14:20:00,0.14,316,2
2026-07-12 14:26:00,0.14,335,2
2026-07-12 14:32:00,0.096,341,2
2026-07-12 14:38:00,0.217,8,2
2026-07-12 14:44:00,0.207,44,2
2026-07-12 14:50:00,0.182,68,2
2026-07-12 14:56:00,0.321,13,2
2026-07-12 15:02:00,0.337,32,2
2026-07-12 15:08:00,0.449,63,2
2026-07-12 15:14:00,0.398,23,2
2026-07-12 15:20:00,0.35,19,2
2026-07-12 15:26:00,0.247,334,2
2026-07-12 15:32:00,0.437,25,2
2026-07-12 15:38:00,0.547,38,2
2026-07-12 15:44:00,0.472,46,2
2026-07-12 15:50:00,0.532,22,2
2026-07-12 15:56:00,0.493,30,2
2026-07-12 16:02:00,0.531,50,2
2026-07-12 16:08:00,0.516,54,2
2026-07-12 16:14:00,0.462,47,2
2026-07-12 16:20:00,0.324,45,2
2026-07-12 16:26:00,0.448,53,2
2026-07-12 16:32:00,0.372,24,2
2026-07-12 16:38:00,0.444,3,2
2026-07-12 16:44:00,0.347,25,2
2026-07-12 16:50:00,0.42,22,2
2026-07-12 16:56:00,0.456,17,2
2026-07-12 17:02:00,0.394,29,2
2026-07-12 17:08:00,0.4,52,2
2026-07-12 17:14:00,0.391,23,2
2026-07-12 17:20:00,0.379,5,2
2026-07-12 17:26:00,0.406,8,2
2026-07-12 17:32:00,0.298,351,2
2026-07-12 17:38:00,0.262,36,2
2026-07-12 17:44:00,0.11,334,2
2026-07-12 17:50:00,0.106,12,2
2026-07-12 17:56:00,0.082,56,2
2026-07-12 18:02:00,0.18,341,2
2026-07-12 18:08:00,0.033,355,2
2026-07-12 18:14:00,0.072,282,2
2026-07-12 18:20:00,0.032,248,2
2026-07-12 18:26:00,0.104,341,2
2026-07-12 18:32:00,0.053,263,2
2026-07-12 18:38:00,0.17,214,2
2026-07-12 18:44:00,0.086,187,2
2026-07-12 18:50:00,0.104,213,2
2026-07-12 18:56:00,0.247,213,2
2026-07-12 19:02:00,0.151,234,2
2026-07-12 19:08:00,0.176,220,2
2026-07-12 19:14:00,0.227,145,2
2026-07-12 19:20:00,0.192,229,2
2026-07-12 19:26:00,0.297,205,2
2026-07-12 19:32:00,0.399,210,2
2026-07-12 19:38:00,0.348,222,2
2026-07-12 19:44:00,0.457,233,2
2026-07-12 19:50:00,0.401,213,2
2026-07-12 19:56:00,0.426,191,2
2026-07-12 20:02:00,0.364,182,2
2026-07-12 20:08:00,0.478,223,2
2026-07-12 20:14:00,0.543,232,2
2026-07-12 20:20:00,0.618,191,2
2026-07-12 20:26:00,0.525,203,2
2026-07-12 20:32:00,0.742,213,2
2026-07-12 20:38:00,0.835,227,2
2026-07-12 20:44:00,0.737,233,2
2026-07-12 20:50:00,0.741,201,2
2026-07-12 20:56:00,0.856,211,2
2026-07-12 21:02:00,0.756,215,2
2026-07-12 21:08:00,0.697,219,2
2026-07-12 21:14:00,0.686,222,2
2026-07-12 21:20:00,0.782,227,2
2026-07-12 21:26:00,0.771,213,2
2026-07-12 21:32:00,0.776,204,2
2026-07-12 21:38:00,0.793,233,2
2026-07-12 21:44:00,0.709,240,2
2026-07-12 21:50:00,0.623,238,2
2026-07-12 21:56:00,0.776,204,2
2026-07-12 22:02:00,0.592,233,2
2026-07-12 22:08:00,0.727,195,2
2026-07-12 22:14:00,0.757,216,2
2026-07-12 22:20:00,0.809,205,2
2026-07-12 22:26:00,0.708,222,2
2026-07-12 22:32:00,0.652,211,2
2026-07-12 22:38:00,0.553,233,2
2026-07-12 22:44:00,0.617,201,2
2026-07-12 22:50:00,0.593,237,2
2026-07-12 22:56:00,0.484,237,2
2026-07-12 23:02:00,0.417,200,2
2026-07-12 23:08:00,0.425,243,2
2026-07-12 23:14:00,0.281,244,2
2026-07-12 23:20:00,0.296,224,2
2026-07-12 23:26:00,0.251,236,2
2026-07-12 23:32:00,0.278,227,2
2026-07-12 23:38:00,0.216,221,2
2026-07-12 23:44:00,0.212,176,2
2026-07-12 23:50:00,0.212,171,2
2026-07-12 23:56:00,0.185,208,2
2026-07-13 00:02:00,0.215,147,2
2026-07-13 00:08:00,0.219,204,2
2026-07-13 00:14:00,0.104,219,2
2026-07-13 00:20:00,0.033,33,2
2026-07-13 00:26:00,0.088,146,2
2026-07-13 00:32:00,0.07,8,2
2026-07-13 00:38:00,0.148,103,2
2026-07-13 00:44:00,0.036,101,2
2026-07-13 00:50:00,0.137,116,2
2026-07-13 00:56:00,0.162,82,2
2026-07-13 01:02:00,0.347,71,2
2026-07-13 01:08:00,0.448,54,2
2026-07-13 01:14:00,0.413,37,2
2026-07-13 01:20:00,0.436,36,2
2026-07-13 01:26:00,0.536,38,2
2026-07-13 01:32:00,0.557,52,2
2026-07-13 01:38:00,0.648,35,2
2026-07-13 01:44:00,0.732,21,2
2026-07-13 01:50:00,0.66,30,2
2026-07-13 01:56:00,0.763,21,2
2026-07-13 02:02:00,0.851,16,2
2026-07-13 02:08:00,0.813,25,2
2026-07-13 02:14:00,0.819,9,2
2026-07-13 02:20:00,0.977,15,2
2026-07-13 02:26:00,0.945,13,2
2026-07-13 02:32:00,1.027,27,2
2026-07-13 02:38:00,0.98,14,2
2026-07-13 02:44:00,0.992,9,2
2026-07-13 02:50:00,1.009,18,2
2026-07-13 02:56:00,1.14,8,2
2026-07-13 03:02:00,1.092,24,2
2026-07-13 03:08:00,1.06,22,2
2026-07-13 03:14:00,1.146,20,2
2026-07-13 03:20:00,1.16,16,2
2026-07-13 03:26:00,1.354,30,2
2026-07-13 03:32:00,1.39,19,2
2026-07-13 03:38:00,1.25,22,2
2026-07-13 03:44:00,1.328,27,2
2026-07-13 03:50:00,1.373,27,2
2026-07-13 03:56:00,1.299,22,2
2026-07-13 04:02:00,1.29,20,2
2026-07-13 04:08:00,1.191,17,2
2026-07-13 04:14:00,1.131,14,2
2026-07-13 04:20:00,1.143,16,2
2026-07-13 04:26:00,1.107,24,2
2026-07-13 04:32:00,1.159,21,2
2026-07-13 04:38:00,1.063,17,2
2026-07-13 04:44:00,1.101,18,2
2026-07-13 04:50:00,1.035,10,2
2026-07-13 04:56:00,1.085,24,2
2026-07-13 05:02:00,1.141,12,2
2026-07-13 05:08:00,0.885,13,2
2026-07-13 05:14:00,1.017,12,2
2026-07-13 05:20:00,0.947,1,2
2026-07-13 05:26:00,0.868,30,2
2026-07-13 05:32:00,0.807,22,2
2026-07-13 05:38:00,0.874,8,2
2026-07-13 05:44:00,0.732,8,2
2026-07-13 05:50:00,0.61,21,2
2026-07-13 05:56:00,0.65,33,2
2026-07-13 06:02:00,0.597,21,2
2026-07-13 06:08:00,0.587,10,2
2026-07-13 06:14:00,0.451,31,2
2026-07-13 06:20:00,0.301,14,2
2026-07-13 06:26:00,0.341,0,2
2026-07-13 06:32:00,0.319,30,2
2026-07-13 06:38:00,0.198,8,2
2026-07-13 06:44:00,0.148,24,2
2026-07-13 06:50:00,0.186,68,2
2026-07-13 06:56:00,0.119,39,2
2026-07-13 07:02:00,0.078,167,2
2026-07-13 07:08:00,0.128,239,2
2026-07-13 07:14:00,0.134,220,2
2026-07-13 07:20:00,0.04,215,2
2026-07-13 07:26:00,0.096,263,2
2026-07-13 07:32:00,0.264,274,2
2026-07-13 07:38:00,0.179,323,2
2026-07-13 07:44:00,0.177,294,2
2026-07-13 07:50:00,0.174,219,2
2026-07-13 07:56:00,0.187,260,2
2026-07-13 08:02:00,0.153,230,2
2026-07-13 08:08:00,0.113,168,2
2026-07-13 08:14:00,0.1,204,2
2026-07-13 08:20:00,0.174,202,2
2026-07-13 08:26:00,0.364,227,2
2026-07-13 08:32:00,0.372,220,2
2026-07-13 08:38:00,0.396,215,2
2026-07-13 08:44:00,0.455,189,2
2026-07-13 08:50:00,0.513,240,2
2026-07-13 08:56:00,0.436,236,2
2026-07-13 09:02:00,0.547,222,2
2026-07-13 09:08:00,0.573,229,2
2026-07-13 09:14:00,0.622,208,2
2026-07-13 09:20:00,0.54,210,2
2026-07-13 09:26:00,0.595,215,2
2026-07-13 09:32:00,0.75,242,2
2026-07-13 09:38:00,0.703,203,2
2026-07-13 09:44:00,0.724,219,2
2026-07-13 09:50:00,0.898,212,2
2026-07-13 09:56:00,0.834,208,2
2026-07-13 10:02:00,0.87,209,2
2026-07-13 10:08:00,0.814,201,2
2026-07-13 10:14:00,0.878,235,2
2026-07-13 10:20:00,0.864,206,2
2026-07-13 10:26:00,1.018,238,2
2026-07-13 10:32:00,1.064,228,2
2026-07-13 10:38:00,1.122,188,2
2026-07-13 10:44:00,1.15,220,2
2026-07-13 10:50:00,1.269,215,2
2026-07-13 10:56:00,1.505,209,2
2026-07-13 11:02:00,1.422,220,2
2026-07-13 11:08:00,1.496,218,2
2026-07-13 11:14:00,1.357,213,2
2026-07-13 11:20:00,1.399,209,2
2026-07-13 11:26:00,1.324,215,2
2026-07-13 11:32:00,1.373,205,2
2026-07-13 11:38:00,1.22,237,2
2026-07-13 11:44:00,1.196,210,2
2026-07-13 11:50:00,1.13,214,2
2026-07-13 11:56:00,1.359,230,2
2026-07-13 12:02:00,1.172,215,2
2026-07-13 12:08:00,1.274,192,2
2026-07-13 12:14:00,1.29,220,2
2026-07-13 12:20:00,1.331,205,2
2026-07-13 12:26:00,1.257,218,2
2026-07-13 12:32:00,1.113,218,2
2026-07-13 12:38:00,1.154,221,2
2026-07-13 12:50:00,1.208,221,2
2026-07-13 12:56:00,1.123,218,2
2026-07-13 13:02:00,1.122,231,2
2026-07-13 13:08:00,1.057,216,2
2026-07-13 13:14:00,0.95,220,2
2026-07-13 13:20:00,1.002,240,2
2026-07-13 13:26:00,0.967,221,2
2026-07-13 13:32:00,0.872,220,2
2026-07-13 13:38:00,0.991,231,2
2026-07-13 13:44:00,0.941,201,2
2026-07-13 13:50:00,0.94,204,2
2026-07-13 13:56:00,0.79,202,2
2026-07-13 14:02:00,0.706,218,2
2026-07-13 14:08:00,0.678,208,2
2026-07-13 14:14:00,0.636,207,2
2026-07-13 14:20:00,0.548,191,2
2026-07-13 14:26:00,0.554,240,2
2026-07-13 14:32:00,0.48,213,2
2026-07-13 14:38:00,0.433,238,2
2026-07-13 14:44:00,0.37,238,2
2026-07-13 14:50:00,0.231,266,2
2026-07-13 14:56:00,0.229,238,2
2026-07-13 15:02:00,0.068,252,2
2026-07-13 15:08:00,0.146,237,2
2026-07-13 15:14:00,0.063,357,2
2026-07-13 15:20:00,0.208,351,2
2026-07-13 15:26:00,0.249,347,2
2026-07-13 15:32:00,0.247,347,2
2026-07-13 15:38:00,0.313,327,2
2026-07-13 15:44:00,0.353,2,2
2026-07-13 15:50:00,0.221,33,2
2026-07-13 15:56:00,0.331,358,2
2026-07-13 16:02:00,0.379,12,2
2026-07-13 16:08:00,0.411,12,2
2026-07-13 16:14:00,0.374,32,2
2026-07-13 16:20:00,0.395,51,2
2026-07-13 16:26:00,0.335,13,2
2026-07-13 16:32:00,0.368,353,2
2026-07-13 16:38:00,0.446,357,2
2026-07-13 16:44:00,0.57,18,2
2026-07-13 16:50:00,0.495,17,2
2026-07-13 16:56:00,0.514,8,2
2026-07-13 17:02:00,0.539,16,2
2026-07-13 17:08:00,0.482,30,2
2026-07-13 17:14:00,0.501,357,2
2026-07-13 17:20:00,0.416,24,2
2026-07-13 17:26:00,0.368,6,2
2026-07-13 17:32:00,0.435,41,2
2026-07-13 17:38:00,0.397,32,2
2026-07-13 17:44:00,0.394,4,2
2026-07-13 17:50:00,0.376,6,2
2026-07-13 17:56:00,0.31,15,2
2026-07-13 18:08:00,0.32,49,2
2026-07-13 18:14:00,0.272,17,2
2026-07-13 18:20:00,0.26,37,2
2026-07-13 18:26:00,0.336,47,2
2026-07-13 18:32:00,0.179,49,2
2026-07-13 18:38:00,0.179,53,2
2026-07-13 18:44:00,0.244,2,2
2026-07-13 18:50:00,0.153,22,2
2026-07-13 18:56:00,0.124,338,2
2026-07-13 19:02:00,0.147,326,2
2026-07-13 19:08:00,0.21,287,2
2026-07-13 19:14:00,0.021,300,2
2026-07-13 19:20:00,0.053,204,2
2026-07-13 19:26:00,0.076,244,2
2026-07-13 19:32:00,0.09,197,2
2026-07-13 19:38:00,0.112,207,2
2026-07-13 19:44:00,0.134,185,2
2026-07-13 19:50:00,0.198,169,2
2026-07-13 19:56:00,0.176,194,2
2026-07-13 20:02:00,0.237,217,2
2026-07-13 20:08:00,0.235,203,2
2026-07-13 20:14:00,0.351,193,2
2026-07-13 20:20:00,0.407,230,2
2026-07-13 20:26:00,0.506,195,2
2026-07-13 20:32:00,0.47,223,2
2026-07-13 20:38:00,0.542,236,2
2026-07-13 20:44:00,0.727,249,2
2026-07-13 20:50:00,0.726,224,2
2026-07-13 20:56:00,0.733,227,2
2026-07-13 21:02:00,0.71,244,2
2026-07-13 21:08:00,0.7,204,2
2026-07-13 21:14:00,0.697,232,2
2026-07-13 21:20:00,0.792,253,2
2026-07-13 21:26:00,0.696,228,2
2026-07-13 21:32:00,0.679,210,2
2026-07-13 21:38:00,0.719,248,2
2026-07-13 21:44:00,0.674,224,2
2026-07-13 21:50:00,0.769,252,2
2026-07-13 21:56:00,0.938,216,2
2026-07-13 22:02:00,0.772,235,2
2026-07-13 22:08:00,0.942,224,2
2026-07-13 22:14:00,0.807,241,2
2026-07-13 22:20:00,0.925,228,2
2026-07-13 22:26:00,0.82,225,2
2026-07-13 22:32:00,0.736,196,2
2026-07-13 22:38:00,0.762,219,2
2026-07-13 22:44:00,0.923,192,2
2026-07-13 22:50:00,0.795,220,2
2026-07-13 22:56:00,0.768,219,2
2026-07-13 23:02:00,0.863,213,2
2026-07-13 23:08:00,0.806,213,2
2026-07-13 23:14:00,0.745,201,2
2026-07-13 23:20:00,0.716,228,2
2026-07-13 23:26:00,0.769,221,2
2026-07-13 23:32:00,0.776,259,2
2026-07-13 23:38:00,0.795,236,2
2026-07-13 23:44:00,0.755,234,2
2026-07-13 23:50:00,0.746,240,2
2026-07-13 23:56:00,0.592,218,2
2026-07-14 00:02:00,0.681,227,2
2026-07-14 00:08:00,0.531,213,2
2026-07-14 00:14:00,0.487,228,2
2026-07-14 00:20:00,0.466,207,2
2026-07-14 00:26:00,0.442,206,2
2026-07-14 00:32:00,0.639,215,2
2026-07-14 00:38:00,0.489,226,2
2026-07-14 00:44:00,0.428,206,2
2026-07-14 00:50:00,0.247,242,2
2026-07-14 00:56:00,0.356,244,2
2026-07-14 01:02:00,0.294,221,2
2026-07-14 01:08:00,0.221,224,2
2026-07-14 01:14:00,0.255,197,2
2026-07-14 01:20:00,0.107,180,2
2026-07-14 01:26:00,0.077,158,2
2026-07-14 01:32:00,0.119,109,2
2026-07-14 01:38:00,0.088,80,2
2026-07-14 01:44:00,0.052,33,2
2026-07-14 01:50:00,0.07,35,2
2026-07-14 01:56:00,0.04,24,2
2026-07-14 02:02:00,0.125,45,2
2026-07-14 02:08:00,0.28,22,2
2026-07-14 02:14:00,0.284,18,2
2026-07-14 02:20:00,0.372,26,2
2026-07-14 02:26:00,0.449,22,2
2026-07-14 02:32:00,0.495,39,2
2026-07-14 02:38:00,0.551,25,2
2026-07-14 02:44:00,0.631,22,2
2026-07-14 02:50:00,0.677,20,2
2026-07-14 02:56:00,0.63,14,2
2026-07-14 03:02:00,0.714,37,2
2026-07-14 03:08:00,0.699,22,2
2026-07-14 03:14:00,0.722,29,2
2026-07-14 03:20:00,0.869,38,2
2026-07-14 03:26:00,0.807,28,2
2026-07-14 03:32:00,0.94,6,2
2026-07-14 03:38:00,0.956,17,2
2026-07-14 03:44:00,0.997,15,2
2026-07-14 03:50:00,0.968,4,2
2026-07-14 03:56:00,0.932,10,2
2026-07-14 04:02:00,0.954,16,2
2026-07-14 04:08:00,1.002,36,2
2026-07-14 04:14:00,1.037,18,2
2026-07-14 04:20:00,1.194,16,2
2026-07-14 04:26:00,1.094,17,2
2026-07-14 04:32:00,1.115,22,2
2026-07-14 04:38:00,1.184,17,2
2026-07-14 04:44:00,1.191,18,2
2026-07-14 04:50:00,1.279,29,2
2026-07-14 04:56:00,1.233,6,2
2026-07-14 05:02:00,1.185,30,2
2026-07-14 05:08:00,1.15,14,2
2026-07-14 05:14:00,1.089,13,2
2026-07-14 05:20:00,1.078,2,2
2026-07-14 05:26:00,1.122,13,2
2026-07-14 05:32:00,0.982,15,2
2026-07-14 05:38:00,1.011,24,2
2026-07-14 05:44:00,1.013,5,2
2026-07-14 05:50:00,0.98,25,2
2026-07-14 05:56:00,0.932,25,2
2026-07-14 06:02:00,0.87,13,2
2026-07-14 06:08:00,0.872,31,2
2026-07-14 06:14:00,0.796,13,2
2026-07-14 06:20:00,0.825,21,2
2026-07-14 06:26:00,0.791,32,2
2026-07-14 06:32:00,0.689,39,2
2026-07-14 06:38:00,0.759,13,2
2026-07-14 06:44:00,0.615,9,2
2026-07-14 06:50:00,0.671,12,2
2026-07-14 06:56:00,0.586,12,2
2026-07-14 07:02:00,0.442,9,2
2026-07-14 07:08:00,0.436,6,2
2026-07-14 07:14:00,0.468,7,2
2026-07-14 07:20:00,0.409,25,2
2026-07-14 07:26:00,0.401,5,2
2026-07-14 07:32:00,0.291,13,2
2026-07-14 07:38:00,0.223,15,2
2026-07-14 07:44:00,0.17,15,2
2026-07-14 07:50:00,0.173,12,2
2026-07-14 07:56:00,0.092,29,2
2026-07-14 08:02:00,0.068,19,2
2026-07-14 08:08:00,0.18,71,2
2026-07-14 08:14:00,0.129,217,2
2026-07-14 08:20:00,0.072,1,2
2026-07-14 08:26:00,0.068,170,2
2026-07-14 08:32:00,0.03,55,2
2026-07-14 08:38:00,0.133,227,2
2026-07-14 08:44:00,0.181,249,2
2026-07-14 08:50:00,0.19,284,2
2026-07-14 08:56:00,0.284,206,2
2026-07-14 09:02:00,0.25,216,2
2026-07-14 09:08:00,0.452,222,2
2026-07-14 09:14:00,0.428,247,2
2026-07-14 09:20:00,0.505,200,2
2026-07-14 09:26:00,0.296,263,2
2026-07-14 09:32:00,0.454,190,2
2026-07-14 09:38:00,0.716,218,2
2026-07-14 09:44:00,0.595,239,2
2026-07-14 09:50:00,0.532,234,2
2026-07-14 09:56:00,0.719,251,2
2026-07-14 10:02:00,0.786,219,2
2026-07-14 10:08:00,0.692,233,2
2026-07-14 10:14:00,0.723,238,2
2026-07-14 10:20:00,0.775,221,2
2026-07-14 10:26:00,0.727,213,2
2026-07-14 10:32:00,0.708,217,2
2026-07-14 10:38:00,0.77,247,2
2026-07-14 10:44:00,0.792,202,2
2026-07-14 10:50:00,0.874,208,2
2026-07-14 10:56:00,0.796,226,2
2026-07-14 11:02:00,0.923,234,2
2026-07-14 11:08:00,0.88,220,2
2026-07-14 11:14:00,1.047,209,2
2026-07-14 11:20:00,1.108,216,2
2026-07-14 11:26:00,1.214,206,2
2026-07-14 11:32:00,1.238,221,2
2026-07-14 11:38:00,1.143,220,2
2026-07-14 11:44:00,1.237,229,2
2026-07-14 11:50:00,1.23,211,2
2026-07-14 11:56:00,1.183,209,2
2026-07-14 12:02:00,1.254,210,2
2026-07-14 12:08:00,1.334,238,2
2026-07-14 12:14:00,1.421,215,2
2026-07-14 12:20:00,1.402,216,2
2026-07-14 12:26:00,1.405,227,2
2026-07-14 12:32:00,1.393,212,2
2026-07-14 12:38:00,1.311,222,2
2026-07-14 12:44:00,1.441,202,2
2026-07-14 12:50:00,1.38,225,2
2026-07-14 12:56:00,1.344,241,2
2026-07-14 13:02:00,1.237,238,2
2026-07-14 13:08:00,0.95,225,2
2026-07-14 13:14:00,0.986,217,2
2026-07-14 13:20:00,1.137,236,2
2026-07-14 13:26:00,1.047,234,2
2026-07-14 13:32:00,1.078,248,2
2026-07-14 13:38:00,1.131,213,2
2026-07-14 13:44:00,1.006,226,2
2026-07-14 13:50:00,1.037,204,2
2026-07-14 13:56:00,0.926,223,2
2026-07-14 14:02:00,1.042,217,2
2026-07-14 14:08:00,1.019,215,2
2026-07-14 14:14:00,0.965,212,2
2026-07-14 14:20:00,0.848,231,2
2026-07-14 14:26:00,0.851,215,2
2026-07-14 14:32:00,0.769,207,2
2026-07-14 14:38:00,0.733,230,2
2026-07-14 14:44:00,0.631,214,2
2026-07-14 14:50:00,0.726,199,2
2026-07-14 14:56:00,0.668,210,2
2026-07-14 15:02:00,0.532,214,2
2026-07-14 15:08:00,0.562,223,2
2026-07-14 15:14:00,0.45,220,2
2026-07-14 15:20:00,0.477,215,2
2026-07-14 15:26:00,0.367,242,2
2026-07-14 15:32:00,0.356,236,2
2026-07-14 15:38:00,0.166,172,2
2026-07-14 15:44:00,0.046,156,2
2026-07-14 15:50:00,0.051,158,2
2026-07-14 15:56:00,0.202,17,2
2026-07-14 16:02:00,0.181,3,2
2026-07-14 16:08:00,0.18,355,2
2026-07-14 16:14:00,0.123,12,2
2026-07-14 16:20:00,0.257,351,2
2026-07-14 16:26:00,0.312,12,2
2026-07-14 16:32:00,0.331,8,2
2026-07-14 16:38:00,0.28,356,2
2026-07-14 16:44:00,0.337,346,2
2026-07-14 16:50:00,0.501,340,2
2026-07-14 16:56:00,0.524,4,2
2026-07-14 17:02:00,0.555,356,2
2026-07-14 17:08:00,0.642,12,2
2026-07-14 17:14:00,0.676,14,2
2026-07-14 17:20:00,0.672,11,2
2026-07-14 17:26:00,0.618,16,2
2026-07-14 17:32:00,0.592,21,2
2026-07-14 17:38:00,0.56,20,2
2026-07-14 17:44:00,0.584,22,2
2026-07-14 17:50:00,0.583,39,2
2026-07-14 17:56:00,0.551,24,2
2026-07-14 18:02:00,0.65,21,2
2026-07-14 18:08:00,0.553,28,2
2026-07-14 18:14:00,0.602,25,2
2026-07-14 18:20:00,0.539,20,2
2026-07-14 18:26:00,0.577,35,2
2026-07-14 18:32:00,0.743,29,2
2026-07-14 18:38:00,0.627,18,2
2026-07-14 18:44:00,0.565,23,2
2026-07-14 18:50:00,0.572,23,2
2026-07-14 18:56:00,0.716,30,2
2026-07-14 19:02:00,0.69,27,2
2026-07-14 19:08:00,0.776,22,2
2026-07-14 19:14:00,0.727,21,2
2026-07-14 19:20:00,0.608,17,2
2026-07-14 19:26:00,0.609,18,2
2026-07-14 19:32:00,0.583,4,2
2026-07-14 19:38:00,0.643,26,2
2026-07-14 19:44:00,0.49,10,2
2026-07-14 19:50:00,0.574,357,2
2026-07-14 19:56:00,0.475,13,2
2026-07-14 20:02:00,0.477,359,2
2026-07-14 20:08:00,0.487,359,2
2026-07-14 20:14:00,0.41,347,2
2026-07-14 20:20:00,0.358,342,2
2026-07-14 20:26:00,0.343,358,2
2026-07-14 20:32:00,0.353,337,2
2026-07-14 20:38:00,0.412,348,2
2026-07-14 20:44:00,0.3,321,2
2026-07-14 20:50:00,0.082,33,2
2026-07-14 20:56:00,0.054,78,2
2026-07-14 21:02:00,0.181,8,2
2026-07-14 21:08:00,0.187,347,2
2026-07-14 21:14:00,0.15,346,2
2026-07-14 21:20:00,0.089,248,2
2026-07-14 21:26:00,0.185,261,2
2026-07-14 21:32:00,0.095,148,2
2026-07-14 21:38:00,0.132,154,2
2026-07-14 21:44:00,0.108,233,2
2026-07-14 21:50:00,0.201,157,2
2026-07-14 21:56:00,0.192,207,2
2026-07-14 22:02:00,0.219,197,2
2026-07-14 22:08:00,0.406,202,2
2026-07-14 22:14:00,0.377,177,2
2026-07-14 22:20:00,0.466,199,2
2026-07-14 22:26:00,0.44,202,2
2026-07-14 22:32:00,0.48,194,2
2026-07-14 22:38:00,0.539,205,2
2026-07-14 22:44:00,0.552,210,2
2026-07-14 22:50:00,0.677,209,2
2026-07-14 22:56:00,0.656,213,2
2026-07-14 23:02:00,0.752,222,2
2026-07-14 23:08:00,0.818,204,2
2026-07-14 23:14:00,0.771,230,2
2026-07-14 23:20:00,1.001,203,2
2026-07-14 23:26:00,1.02,214,2
2026-07-14 23:32:00,1.065,214,2
2026-07-14 23:38:00,0.965,212,2
2026-07-14 23:44:00,0.972,225,2
2026-07-14 23:50:00,0.916,242,2
2026-07-14 23:56:00,0.926,208,2
2026-07-15 00:02:00,0.855,215,2
2026-07-15 00:08:00,0.979,225,2
2026-07-15 00:14:00,0.972,216,2
2026-07-15 00:20:00,0.972,203,2
2026-07-15 00:26:00,1.021,226,2
2026-07-15 00:32:00,0.932,217,2
2026-07-15 00:38:00,0.95,214,2
2026-07-15 00:44:00,1.05,208,2
2026-07-15 00:50:00,1.005,215,2
2026-07-15 00:56:00,1.022,222,2
2026-07-15 01:02:00,1.077,217,2
2026-07-15 01:08:00,0.961,210,2
2026-07-15 01:14:00,0.866,211,2
2026-07-15 01:20:00,0.924,212,2
2026-07-15 01:26:00,0.891,206,2
2026-07-15 01:32:00,0.826,200,2
2026-07-15 01:38:00,0.767,229,2
2026-07-15 01:44:00,0.746,216,2
2026-07-15 01:50:00,0.731,232,2
2026-07-15 01:56:00,0.619,212,2
2026-07-15 02:02:00,0.471,198,2
2026-07-15 02:08:00,0.485,263,2
2026-07-15 02:14:00,0.441,246,2
2026-07-15 02:20:00,0.371,288,2
2026-07-15 02:26:00,0.289,250,2
2026-07-15 02:32:00,0.161,307,2
2026-07-15 02:38:00,0.15,97,2
2026-07-15 02:44:00,0.121,246,2
2026-07-15 02:50:00,0.175,300,2
2026-07-15 02:56:00,0.298,312,2
2026-07-15 03:02:00,0.25,322,2
2026-07-15 03:08:00,0.256,310,2
2026-07-15 03:14:00,0.38,332,2
2026-07-15 03:20:00,0.256,328,2
2026-07-15 03:26:00,0.431,1,2
2026-07-15 03:32:00,0.503,19,2
2026-07-15 03:38:00,0.549,10,2
2026-07-15 03:44:00,0.558,343,2
2026-07-15 03:50:00,0.555,2,2
2026-07-15 03:56:00,0.616,11,2
2026-07-15 04:02:00,0.725,359,2
2026-07-15 04:08:00,0.727,16,2
2026-07-15 04:14:00,0.822,4,2
2026-07-15 04:20:00,0.71,14,2
2026-07-15 04:26:00,0.711,21,2
2026-07-15 04:32:00,0.87,13,2
2026-07-15 04:38:00,0.833,21,2
2026-07-15 04:44:00,0.954,3,2
2026-07-15 04:50:00,1.015,6,2
2026-07-15 04:56:00,0.899,7,2
2026-07-15 05:02:00,0.904,11,2
2026-07-15 05:08:00,0.95,0,2
2026-07-15 05:14:00,0.945,15,2
2026-07-15 05:20:00,0.92,25,2
2026-07-15 05:26:00,1.037,1,2
2026-07-15 05:32:00,1.072,27,2
2026-07-15 05:38:00,1.056,9,2
2026-07-15 05:44:00,1.073,16,2
2026-07-15 05:50:00,1.013,25,2
2026-07-15 05:56:00,1.005,16,2
2026-07-15 06:02:00,1.112,29,2
2026-07-15 06:08:00,1.07,21,2
2026-07-15 06:14:00,1.025,22,2
2026-07-15 06:20:00,1.006,33,2
2026-07-15 06:26:00,1.006,5,2
2026-07-15 06:32:00,0.954,15,2
2026-07-15 06:38:00,1.045,8,2
2026-07-15 06:44:00,0.996,13,2
2026-07-15 06:50:00,1.003,22,2
2026-07-15 06:56:00,1.009,22,2
2026-07-15 07:02:00,0.915,14,2
2026-07-15 07:08:00,0.816,14,2
2026-07-15 07:14:00,0.931,6,2
2026-07-15 07:20:00,0.89,20,2
2026-07-15 07:26:00,0.774,14,2
2026-07-15 07:32:00,0.676,23,2
2026-07-15 07:38:00,0.781,17,2
2026-07-15 07:44:00,0.619,19,2
2026-07-15 07:50:00,0.644,10,2
2026-07-15 07:56:00,0.652,5,2
2026-07-15 08:02:00,0.542,358,2
2026-07-15 08:08:00,0.495,359,2
2026-07-15 08:14:00,0.504,9,2
2026-07-15 08:20:00,0.471,17,2
2026-07-15 08:26:00,0.361,10,2
2026-07-15 08:32:00,0.276,32,2
2026-07-15 08:38:00,0.278,7,2
2026-07-15 08:44:00,0.027,262,2
2026-07-15 08:50:00,0.09,310,2
2026-07-15 08:56:00,0.151,304,2
2026-07-15 09:02:00,0.349,353,2
2026-07-15 09:08:00,0.05,321,2
2026-07-15 09:14:00,0.193,183,2
2026-07-15 09:20:00,0.262,97,2
2026-07-15 09:26:00,0.103,214,2
2026-07-15 09:32:00,0.068,199,2
2026-07-15 09:38:00,0.147,211,2
2026-07-15 09:44:00,0.121,196,2
2026-07-15 09:50:00,0.159,159,2
2026-07-15 09:56:00,0.149,181,2
2026-07-15 10:02:00,0.236,157,2
2026-07-15 10:08:00,0.381,198,2
2026-07-15 10:14:00,0.306,207,2
2026-07-15 10:20:00,0.356,184,2
2026-07-15 10:26:00,0.322,223,2
2026-07-15 10:32:00,0.481,232,2
2026-07-15 10:38:00,0.43,223,2
2026-07-15 10:44:00,0.55,223,2
2026-07-15 10:50:00,0.653,229,2
2026-07-15 10:56:00,0.699,232,2
2026-07-15 11:02:00,0.671,216,2
2026-07-15 11:08:00,0.74,224,2
2026-07-15 11:14:00,0.816,199,2
2026-07-15 11:20:00,0.656,224,2
2026-07-15 11:26:00,0.71,206,2
2026-07-15 11:32:00,1.017,210,2
2026-07-15 11:38:00,0.907,213,2
2026-07-15 11:44:00,0.955,237,2
2026-07-15 11:50:00,1.039,205,2
2026-07-15 11:56:00,1.038,226,2
2026-07-15 12:02:00,1.134,227,2
2026-07-15 12:08:00,1.447,196,2
2026-07-15 12:14:00,1.33,196,2
2026-07-15 12:20:00,1.059,208,2
2026-07-15 12:26:00,1.264,197,2
2026-07-15 12:32:00,1.281,207,2
2026-07-15 12:38:00,1.287,204,2
2026-07-15 12:44:00,1.422,212,2
2026-07-15 12:50:00,1.371,212,2
2026-07-15 12:56:00,1.442,203,2
2026-07-15 13:02:00,1.584,219,2
2026-07-15 13:08:00,1.572,209,2
2026-07-15 13:14:00,1.562,219,2
2026-07-15 13:20:00,1.49,209,2
2026-07-15 13:26:00,1.537,206,2
2026-07-15 13:32:00,1.711,213,2
2026-07-15 13:38:00,1.62,224,2
2026-07-15 13:44:00,1.427,218,2
2026-07-15 13:50:00,1.399,204,2
2026-07-15 13:56:00,1.366,207,2
2026-07-15 14:02:00,1.406,233,2
2026-07-15 14:08:00,1.243,209,2
2026-07-15 14:14:00,1.18,226,2
2026-07-15 14:20:00,1.323,203,2
2026-07-15 14:26:00,1.211,208,2
2026-07-15 14:32:00,0.959,211,2
2026-07-15 14:38:00,1.014,215,2
2026-07-15 14:44:00,0.973,237,2
2026-07-15 14:50:00,1.073,206,2
2026-07-15 14:56:00,1.045,213,2
2026-07-15 15:02:00,1.136,229,2
2026-07-15 15:08:00,1.1,234,2
2026-07-15 15:14:00,0.981,239,2
2026-07-15 15:20:00,1.016,209,2
2026-07-15 15:26:00,0.932,205,2
2026-07-15 15:32:00,0.826,207,2
2026-07-15 15:38:00,0.867,219,2
2026-07-15 15:44:00,0.739,195,2
2026-07-15 15:50:00,0.844,219,2
2026-07-15 15:56:00,0.752,235,2
2026-07-15 16:02:00,0.63,191,2
2026-07-15 16:08:00,0.615,230,2
2026-07-15 16:14:00,0.645,226,2
2026-07-15 16:20:00,0.669,199,2
2026-07-15 16:26:00,0.609,211,2
2026-07-15 16:32:00,0.373,270,2
2026-07-15 16:38:00,0.466,225,2
2026-07-15 16:44:00,0.348,261,2
2026-07-15 16:50:00,0.191,238,2
2026-07-15 16:56:00,0.268,249,2
2026-07-15 17:02:00,0.261,236,2
2026-07-15 17:08:00,0.176,242,2
2026-07-15 17:14:00,0.095,179,2
2026-07-15 17:20:00,0.117,258,2
2026-07-15 17:26:00,0.091,260,2
2026-07-15 17:32:00,0.161,312,2
2026-07-15 17:38:00,0.102,322,2
2026-07-15 17:44:00,0.231,329,2
2026-07-15 17:50:00,0.322,353,2
2026-07-15 17:56:00,0.311,12,2
2026-07-15 18:02:00,0.227,334,2
2026-07-15 18:08:00,0.268,354,2
2026-07-15 18:14:00,0.372,359,2
2026-07-15 18:20:00,0.376,344,2
2026-07-15 18:26:00,0.391,11,2
2026-07-15 18:32:00,0.459,29,2
2026-07-15 18:38:00,0.444,13,2
2026-07-15 18:44:00,0.48,22,2
2026-07-15 18:50:00,0.517,36,2
2026-07-15 18:56:00,0.441,57,2
2026-07-15 19:02:00,0.386,26,2
2026-07-15 19:08:00,0.517,4,2
2026-07-15 19:14:00,0.538,21,2
2026-07-15 19:20:00,0.435,8,2
2026-07-15 19:26:00,0.476,10,2
2026-07-15 19:32:00,0.423,1,2
2026-07-15 19:38:00,0.515,10,2
2026-07-15 19:44:00,0.493,5,2
2026-07-15 19:50:00,0.62,3,2
2026-07-15 19:56:00,0.602,9,2
2026-07-15 20:02:00,0.658,28,2
2026-07-15 20:08:00,0.542,33,2
2026-07-15 20:14:00,0.561,44,2
2026-07-15 20:20:00,0.578,51,2
2026-07-15 20:26:00,0.545,28,2
2026-07-15 20:32:00,0.493,50,2
2026-07-15 20:38:00,0.493,51,2
2026-07-15 20:44:00,0.378,25,2
2026-07-15 20:50:00,0.441,34,2
2026-07-15 20:56:00,0.29,45,2
2026-07-15 21:02:00,0.333,32,2
2026-07-15 21:08:00,0.29,24,2
2026-07-15 21:14:00,0.22,54,2
2026-07-15 21:20:00,0.133,74,2
2026-07-15 21:26:00,0.114,58,2
2026-07-15 21:32:00,0.164,85,2
2026-07-15 21:38:00,0.122,87,2
2026-07-15 21:44:00,0.136,102,2
2026-07-15 21:50:00,0.182,85,2
2026-07-15 21:56:00,0.095,148,2
2026-07-15 22:02:00,0.186,185,2
2026-07-15 22:08:00,0.052,153,2
2026-07-15 22:14:00,0.129,156,2
2026-07-15 22:20:00,0.219,144,2
2026-07-15 22:26:00,0.289,144,2
2026-07-15 22:32:00,0.357,164,2
2026-07-15 22:38:00,0.51,193,2
2026-07-15 22:44:00,0.532,215,2
2026-07-15 22:50:00,0.594,206,2
2026-07-15 22:56:00,0.555,216,2
2026-07-15 23:02:00,0.583,212,2
2026-07-15 23:08:00,0.483,210,2
2026-07-15 23:14:00,0.598,200,2
2026-07-15 23:20:00,0.664,228,2
2026-07-15 23:26:00,0.704,195,2
2026-07-15 23:32:00,0.658,200,2
2026-07-15 23:38:00,0.815,180,2
2026-07-15 23:44:00,0.973,199,2
2026-07-15 23:50:00,0.985,223,2
2026-07-15 23:56:00,0.986,223,2
2026-07-16 00:02:00,0.91,214,2
2026-07-16 00:08:00,0.905,204,2
2026-07-16 00:14:00,0.962,202,2
2026-07-16 00:20:00,0.946,216,2
2026-07-16 00:26:00,0.913,231,2
2026-07-16 00:32:00,0.832,237,2
2026-07-16 00:38:00,0.941,243,2
2026-07-16 00:44:00,0.921,220,2
2026-07-16 00:50:00,1.018,219,2
2026-07-16 00:56:00,0.993,224,2
2026-07-16 01:02:00,0.989,219,2
2026-07-16 01:08:00,0.876,232,2
2026-07-16 01:14:00,0.913,226,2
2026-07-16 01:20:00,1.067,227,2
2026-07-16 01:26:00,0.988,238,2
2026-07-16 01:32:00,0.976,248,2
2026-07-16 01:38:00,0.984,204,2
2026-07-16 01:44:00,0.912,238,2
2026-07-16 01:50:00,0.912,246,2
2026-07-16 01:56:00,0.839,240,2
2026-07-16 02:02:00,0.844,205,2
2026-07-16 02:08:00,0.826,215,2
2026-07-16 02:14:00,0.76,225,2
2026-07-16 02:20:00,0.716,216,2
2026-07-16 02:26:00,0.661,244,2
2026-07-16 02:32:00,0.614,207,2
2026-07-16 02:38:00,0.592,250,2
2026-07-16 02:44:00,0.548,247,2
2026-07-16 02:50:00,0.595,228,2
2026-07-16 02:56:00,0.603,226,2
2026-07-16 03:02:00,0.591,225,2
2026-07-16 03:08:00,0.492,211,2
2026-07-16 03:14:00,0.403,243,2
2026-07-16 03:20:00,0.37,222,2
2026-07-16 03:26:00,0.255,234,2
2026-07-16 03:32:00,0.248,210,2
2026-07-16 03:38:00,0.215,234,2
2026-07-16 03:44:00,0.086,287,2
2026-07-16 03:50:00,0.137,317,2
2026-07-16 03:56:00,0.189,311,2
2026-07-16 04:02:00,0.15,348,2
2026-07-16 04:08:00,0.214,19,2
2026-07-16 04:14:00,0.227,24,2
2026-07-16 04:20:00,0.345,28,2
2026-07-16 04:26:00,0.393,21,2
2026-07-16 04:32:00,0.49,1,2
2026-07-16 04:38:00,0.7,23,2
2026-07-16 04:44:00,0.677,22,2
2026-07-16 04:50:00,0.762,20,2
2026-07-16 04:56:00,0.694,21,2
2026-07-16 05:02:00,0.789,29,2
2026-07-16 05:08:00,0.803,27,2
2026-07-16 05:14:00,0.74,21,2
2026-07-16 05:20:00,0.742,21,2
2026-07-16 05:26:00,0.716,22,2
2026-07-16 05:32:00,0.781,7,2
2026-07-16 05:38:00,0.91,3,2
2026-07-16 05:44:00,0.879,19,2
2026-07-16 05:50:00,0.871,11,2
2026-07-16 05:56:00,0.969,4,2
2026-07-16 06:02:00,0.885,12,2
2026-07-16 06:08:00,0.931,18,2
2026-07-16 06:14:00,0.682,28,2
2026-07-16 06:20:00,0.951,29,2
2026-07-16 06:26:00,1.054,19,2
2026-07-16 06:32:00,0.994,16,2
2026-07-16 06:38:00,0.958,16,2
2026-07-16 06:44:00,0.923,352,2
2026-07-16 06:50:00,0.928,26,2
2026-07-16 06:56:00,0.928,26,2
2026-07-16 07:02:00,0.847,26,2
2026-07-16 07:08:00,0.827,37,2
2026-07-16 07:14:00,0.915,11,2
2026-07-16 07:20:00,0.884,18,2
2026-07-16 07:26:00,0.91,21,2
2026-07-16 07:32:00,0.85,6,2
2026-07-16 07:38:00,0.959,9,2
2026-07-16 07:44:00,0.858,25,2
2026-07-16 07:50:00,0.834,33,2
2026-07-16 07:56:00,0.817,17,2
2026-07-16 08:02:00,0.797,4,2
2026-07-16 08:08:00,0.788,30,2
2026-07-16 08:14:00,0.715,23,2
2026-07-16 08:20:00,0.704,11,2
2026-07-16 08:26:00,0.696,16,2
2026-07-16 08:32:00,0.675,35,2
2026-07-16 08:38:00,0.719,16,2
2026-07-16 08:44:00,0.514,5,2
2026-07-16 08:50:00,0.551,7,2
2026-07-16 08:56:00,0.545,28,2
2026-07-16 09:02:00,0.49,9,2
2026-07-16 09:08:00,0.359,19,2
2026-07-16 09:14:00,0.427,57,2
2026-07-16 09:20:00,0.398,26,2
2026-07-16 09:26:00,0.281,38,2
2026-07-16 09:32:00,0.252,27,2
2026-07-16 09:38:00,0.18,5,2
2026-07-16 09:44:00,0.148,178,2
2026-07-16 09:50:00,0.16,95,2
2026-07-16 09:56:00,0.182,93,2
2026-07-16 10:02:00,0.113,109,2
2026-07-16 10:08:00,0.203,193,2
2026-07-16 10:14:00,0.134,159,2
2026-07-16 10:20:00,0.169,215,2
2026-07-16 10:26:00,0.181,165,2
2026-07-16 10:32:00,0.371,190,2
2026-07-16 10:38:00,0.406,178,2
2026-07-16 10:44:00,0.351,217,2
2026-07-16 10:50:00,0.429,199,2
2026-07-16 10:56:00,0.454,200,2
2026-07-16 11:02:00,0.444,218,2
2026-07-16 11:08:00,0.501,212,2
2026-07-16 11:14:00,0.413,219,2
2026-07-16 11:20:00,0.546,242,2
2026-07-16 11:26:00,0.515,194,2
2026-07-16 11:32:00,0.506,204,2
2026-07-16 11:38:00,0.532,205,2
2026-07-16 11:44:00,0.558,213,2
2026-07-16 11:50:00,0.546,203,2
2026-07-16 11:56:00,0.796,223,2
2026-07-16 12:02:00,0.698,201,2
2026-07-16 12:08:00,0.799,213,2
2026-07-16 12:14:00,0.767,215,2
2026-07-16 12:20:00,0.789,210,2
2026-07-16 12:26:00,0.766,215,2
2026-07-16 12:32:00,0.964,222,2
2026-07-16 12:38:00,0.899,229,2
2026-07-16 12:44:00,0.847,211,2
2026-07-16 12:50:00,0.852,216,2
2026-07-16 12:56:00,0.891,225,2
2026-07-16 13:02:00,0.981,205,2
2026-07-16 13:08:00,0.996,196,2
2026-07-16 13:14:00,0.974,227,2
2026-07-16 13:20:00,0.923,240,2
2026-07-16 13:26:00,1.026,215,2
2026-07-16 13:32:00,0.931,240,2
2026-07-16 13:38:00,0.947,225,2
2026-07-16 13:44:00,0.843,194,2
2026-07-16 13:50:00,1.005,201,2
2026-07-16 13:56:00,1.091,198,2
2026-07-16 14:02:00,1.184,224,2
2026-07-16 14:08:00,1.212,205,2
2026-07-16 14:14:00,1.142,227,2
2026-07-16 14:20:00,1.236,216,2
2026-07-16 14:26:00,1.142,210,2
2026-07-16 14:32:00,1.203,193,2
2026-07-16 14:38:00,1.104,220,2
2026-07-16 14:44:00,1.112,190,2
2026-07-16 14:50:00,1.193,234,2
2026-07-16 14:56:00,0.977,210,2
2026-07-16 15:02:00,1.055,203,2
2026-07-16 15:08:00,0.961,230,2
2026-07-16 15:14:00,0.996,211,2
2026-07-16 15:20:00,0.884,229,2
2026-07-16 15:26:00,0.868,230,2
2026-07-16 15:32:00,0.943,215,2
2026-07-16 15:38:00,0.926,215,2
2026-07-16 15:44:00,0.732,221,2
2026-07-16 15:50:00,0.65,210,2
2026-07-16 15:56:00,0.596,184,2
2026-07-16 16:02:00,0.654,216,2
2026-07-16 16:08:00,0.456,246,2
2026-07-16 16:14:00,0.367,204,2
2026-07-16 16:20:00,0.587,202,2
2026-07-16 16:26:00,0.568,225,2
2026-07-16 16:32:00,0.467,222,2
2026-07-16 16:38:00,0.49,211,2
2026-07-16 16:44:00,0.352,223,2
2026-07-16 16:50:00,0.395,247,2
2026-07-16 16:56:00,0.401,226,2
2026-07-16 17:02:00,0.173,261,2
2026-07-16 17:08:00,0.19,276,2
2026-07-16 17:14:00,0.3,233,2
2026-07-16 17:20:00,0.088,286,2
2026-07-16 17:26:00,0.199,279,2
2026-07-16 17:32:00,0.142,279,2
2026-07-16 17:38:00,0.15,296,2
2026-07-16 17:44:00,0.137,309,2
2026-07-16 17:50:00,0.29,348,2
2026-07-16 17:56:00,0.256,333,2
2026-07-16 18:02:00,0.437,356,2
2026-07-16 18:08:00,0.381,2,2
2026-07-16 18:14:00,0.402,3,2
2026-07-16 18:20:00,0.418,354,2
2026-07-16 18:26:00,0.534,3,2
2026-07-16 18:32:00,0.613,2,2
2026-07-16 18:38:00,0.601,5,2
2026-07-16 18:44:00,0.597,12,2
2026-07-16 18:50:00,0.651,13,2
2026-07-16 18:56:00,0.676,5,2
2026-07-16 19:02:00,0.632,4,2
2026-07-16 19:08:00,0.634,19,2
2026-07-16 19:14:00,0.728,356,2
2026-07-16 19:20:00,0.663,2,2
2026-07-16 19:26:00,0.726,355,2
2026-07-16 19:32:00,0.732,15,2
2026-07-16 19:38:00,0.761,1,2
2026-07-16 19:44:00,0.752,0,2
2026-07-16 19:50:00,0.823,357,2
2026-07-16 19:56:00,0.805,358,2
2026-07-16 20:02:00,0.81,5,2
2026-07-16 20:08:00,0.744,2,2
2026-07-16 20:14:00,0.681,5,2
2026-07-16 20:20:00,0.621,11,2
2026-07-16 20:26:00,0.612,28,2
2026-07-16 20:32:00,0.654,34,2
2026-07-16 20:38:00,0.704,28,2
2026-07-16 20:44:00,0.645,25,2
2026-07-16 20:50:00,0.599,37,2
2026-07-16 20:56:00,0.607,36,2
2026-07-16 21:02:00,0.541,11,2
2026-07-16 21:08:00,0.531,24,2
2026-07-16 21:14:00,0.441,41,2
2026-07-16 21:20:00,0.359,20,2
2026-07-16 21:26:00,0.384,34,2
2026-07-16 21:32:00,0.367,46,2
2026-07-16 21:38:00,0.355,30,2
2026-07-16 21:44:00,0.202,47,2
2026-07-16 21:50:00,0.355,33,2
2026-07-16 21:56:00,0.182,23,2
2026-07-16 22:02:00,0.088,350,2
2026-07-16 22:08:00,0.146,351,2
2026-07-16 22:14:00,0.076,21,2
2026-07-16 22:20:00,0.07,195,2
2026-07-16 22:26:00,0.109,185,2
2026-07-16 22:32:00,0.145,195,2
2026-07-16 22:38:00,0.196,198,2
2026-07-16 22:44:00,0.147,211,2
2026-07-16 22:50:00,0.122,245,2
2026-07-16 22:56:00,0.158,229,2
2026-07-16 23:02:00,0.1,275,2
2026-07-16 23:08:00,0.254,224,2
2026-07-16 23:14:00,0.244,209,2
2026-07-16 23:20:00,0.295,258,2
2026-07-16 23:26:00,0.324,220,2
2026-07-16 23:32:00,0.473,232,2
2026-07-16 23:38:00,0.351,230,2
2026-07-16 23:44:00,0.514,198,2
2026-07-16 23:50:00,0.546,249,2
2026-07-16 23:56:00,0.62,214,2
2026-07-17 00:02:00,0.73,239,2
2026-07-17 00:08:00,0.645,206,2
2026-07-17 00:14:00,0.679,261,2
2026-07-17 00:20:00,0.685,202,2
2026-07-17 00:26:00,0.814,222,2
2026-07-17 00:32:00,0.846,209,2
2026-07-17 00:38:00,0.913,212,2
2026-07-17 00:44:00,0.943,219,2
2026-07-17 00:50:00,1.03,197,2
2026-07-17 00:56:00,1.046,206,2
2026-07-17 01:02:00,0.991,195,2
2026-07-17 01:08:00,1.033,202,2
2026-07-17 01:14:00,1.13,200,2
2026-07-17 01:20:00,1.129,213,2
2026-07-17 01:26:00,1.289,214,2
2026-07-17 01:32:00,1.124,234,2
2026-07-17 01:38:00,1.3,220,2
2026-07-17 01:44:00,1.236,223,2
2026-07-17 01:50:00,1.084,219,2
2026-07-17 01:56:00,1.211,208,2
2026-07-17 02:02:00,1.144,209,2
2026-07-17 02:08:00,1.168,208,2
2026-07-17 02:14:00,1.064,207,2
2026-07-17 02:20:00,1.103,218,2
2026-07-17 02:26:00,1.205,204,2
2026-07-17 02:32:00,1.082,215,2
2026-07-17 02:38:00,1.009,231,2
2026-07-17 02:44:00,0.934,185,2
2026-07-17 02:50:00,0.931,208,2
2026-07-17 02:56:00,1.008,230,2
2026-07-17 03:02:00,1.033,230,2
2026-07-17 03:08:00,1.009,223,2
2026-07-17 03:14:00,0.969,215,2
2026-07-17 03:20:00,0.907,225,2
2026-07-17 03:26:00,0.935,210,2
2026-07-17 03:32:00,0.963,208,2
2026-07-17 03:38:00,0.944,206,2
2026-07-17 03:44:00,0.886,205,2
2026-07-17 03:50:00,0.872,215,2
2026-07-17 03:56:00,0.665,206,2
2026-07-17 04:02:00,0.552,189,2
2026-07-17 04:08:00,0.553,196,2
2026-07-17 04:14:00,0.712,199,2
2026-07-17 04:20:00,0.418,216,2
2026-07-17 04:26:00,0.329,204,2
2026-07-17 04:32:00,0.214,205,2
2026-07-17 04:38:00,0.144,211,2
2026-07-17 04:44:00,0.037,226,2
2026-07-17 04:50:00,0.096,231,2
2026-07-17 04:56:00,0.077,318,2
2026-07-17 05:02:00,0.084,340,2
2026-07-17 05:08:00,0.177,352,2
2026-07-17 05:14:00,0.128,324,2
2026-07-17 05:20:00,0.272,333,2
2026-07-17 05:26:00,0.235,336,2
2026-07-17 05:32:00,0.293,5,2
2026-07-17 05:38:00,0.244,353,2
2026-07-17 05:44:00,0.246,344,2
2026-07-17 05:50:00,0.329,1,2
2026-07-17 05:56:00,0.265,51,2
2026-07-17 06:02:00,0.276,23,2
2026-07-17 06:08:00,0.279,46,2
2026-07-17 06:14:00,0.374,54,2
2026-07-17 06:20:00,0.401,41,2
2026-07-17 06:26:00,0.332,41,2
2026-07-17 06:32:00,0.423,23,2
2026-07-17 06:38:00,0.431,16,2
2026-07-17 06:44:00,0.482,30,2
2026-07-17 06:50:00,0.546,24,2
2026-07-17 06:56:00,0.476,15,2
2026-07-17 07:02:00,0.564,359,2
2026-07-17 07:08:00,0.622,8,2
2026-07-17 07:14:00,0.685,17,2
2026-07-17 07:20:00,0.696,26,2
2026-07-17 07:26:00,0.705,16,2
2026-07-17 07:32:00,0.708,27,2
2026-07-17 07:38:00,0.798,31,2
2026-07-17 07:44:00,0.724,17,2
2026-07-17 07:50:00,0.854,12,2
2026-07-17 07:56:00,0.822,16,2
2026-07-17 08:02:00,0.825,12,2
2026-07-17 08:08:00,0.847,9,2
2026-07-17 08:14:00,0.832,17,2
2026-07-17 08:20:00,0.837,13,2
2026-07-17 08:26:00,0.851,23,2
2026-07-17 08:32:00,0.79,13,2
2026-07-17 08:38:00,0.742,1,2
2026-07-17 08:44:00,0.742,19,2
2026-07-17 08:50:00,0.679,40,2
2026-07-17 08:56:00,0.705,34,2
2026-07-17 09:02:00,0.68,20,2
2026-07-17 09:08:00,0.706,49,2
2026-07-17 09:14:00,0.668,40,2
2026-07-17 09:20:00,0.51,41,2
2026-07-17 09:26:00,0.552,17,2
2026-07-17 09:32:00,0.452,42,2
2026-07-17 09:38:00,0.493,53,2
2026-07-17 09:44:00,0.45,76,2
2026-07-17 09:50:00,0.339,62,2
2026-07-17 09:56:00,0.319,56,2
2026-07-17 10:02:00,0.21,90,2
2026-07-17 10:08:00,0.319,54,2
2026-07-17 10:14:00,0.195,76,2
2026-07-17 10:20:00,0.177,50,2
2026-07-17 10:26:00,0.108,39,2
2026-07-17 10:32:00,0.087,52,2
2026-07-17 10:38:00,0.096,154,2
2026-07-17 10:44:00,0.121,216,2
2026-07-17 10:50:00,0.207,189,2
2026-07-17 10:56:00,0.214,241,2
2026-07-17 11:02:00,0.076,182,2
2026-07-17 11:08:00,0.234,213,2
2026-07-17 11:14:00,0.169,224,2
2026-07-17 11:20:00,0.239,249,2
2026-07-17 11:26:00,0.257,231,2
2026-07-17 11:32:00,0.293,191,2
2026-07-17 11:38:00,0.426,177,2
2026-07-17 11:44:00,0.509,202,2
2026-07-17 11:50:00,0.477,206,2
2026-07-17 11:56:00,0.492,221,2
2026-07-17 12:02:00,0.624,210,2
2026-07-17 12:08:00,0.546,222,2
2026-07-17 12:14:00,0.697,210,2
2026-07-17 12:20:00,0.727,221,2
2026-07-17 12:26:00,0.623,219,2
2026-07-17 12:32:00,0.737,233,2
2026-07-17 12:38:00,0.684,209,2
2026-07-17 12:44:00,0.75,209,2
2026-07-17 12:50:00,0.784,226,2
2026-07-17 12:56:00,0.822,214,2
2026-07-17 13:02:00,0.905,199,2
2026-07-17 13:08:00,0.894,233,2
2026-07-17 13:14:00,0.83,197,2
2026-07-17 13:20:00,0.9,206,2
2026-07-17 13:26:00,1.033,242,2
2026-07-17 13:32:00,1.079,194,2
2026-07-17 13:38:00,1.104,226,2
2026-07-17 13:44:00,0.794,243,2
2026-07-17 13:50:00,0.845,240,2
2026-07-17 13:56:00,0.808,248,2
2026-07-17 14:02:00,0.874,218,2
2026-07-17 14:08:00,0.982,216,2
2026-07-17 14:14:00,1.164,240,2
2026-07-17 14:20:00,1.154,216,2
2026-07-17 14:26:00,1.131,223,2
2026-07-17 14:32:00,1.156,233,2
2026-07-17 14:38:00,1.163,227,2
2026-07-17 14:44:00,1.195,226,2
2026-07-17 14:50:00,1.245,214,2
2026-07-17 14:56:00,1.21,203,2
2026-07-17 15:02:00,1.113,197,2
2026-07-17 15:08:00,1.156,218,2
2026-07-17 15:14:00,1.08,197,2
2026-07-17 15:20:00,0.974,204,2
2026-07-17 15:26:00,1.17,198,2
2026-07-17 15:32:00,1.132,224,2
2026-07-17 15:38:00,1.134,201,2
2026-07-17 15:44:00,1.107,186,2
2026-07-17 15:50:00,1.04,207,2
2026-07-17 15:56:00,1.165,202,2
2026-07-17 16:02:00,1.07,187,2
2026-07-17 16:08:00,1.16,229,2
2026-07-17 16:14:00,1.045,219,2
2026-07-17 16:20:00,0.948,199,2
2026-07-17 16:26:00,0.935,189,2
2026-07-17 16:32:00,0.854,200,2
2026-07-17 16:38:00,0.841,199,2
2026-07-17 16:44:00,0.839,222,2
2026-07-17 16:50:00,0.751,220,2
2026-07-17 16:56:00,0.712,218,2
2026-07-17 17:02:00,0.648,183,2
2026-07-17 17:08:00,0.644,185,2
2026-07-17 17:14:00,0.532,178,2
2026-07-17 17:20:00,0.483,219,2
2026-07-17 17:26:00,0.408,245,2
2026-07-17 17:32:00,0.375,238,2
2026-07-17 17:38:00,0.425,248,2
2026-07-17 17:44:00,0.402,246,2
2026-07-17 17:50:00,0.322,244,2
2026-07-17 17:56:00,0.246,249,2
2026-07-17 18:02:00,0.219,248,2
2026-07-17 18:08:00,0.019,324,2
2026-07-17 18:14:00,0.051,283,2
2026-07-17 18:20:00,0.139,285,2
2026-07-17 18:26:00,0.063,338,2
2026-07-17 18:32:00,0.264,42,2
2026-07-17 18:38:00,0.404,22,2
2026-07-17 18:44:00,0.307,32,2
2026-07-17 18:50:00,0.382,27,2
2026-07-17 18:56:00,0.507,10,2
2026-07-17 19:02:00,0.55,30,2
2026-07-17 19:08:00,0.587,38,2
2026-07-17 19:14:00,0.615,17,2
2026-07-17 19:20:00,0.609,10,2
2026-07-17 19:26:00,0.682,16,2
2026-07-17 19:32:00,0.687,16,2
2026-07-17 19:38:00,0.726,14,2
2026-07-17 19:44:00,0.715,12,2
2026-07-17 19:50:00,0.649,18,2
2026-07-17 19:56:00,0.77,22,2
2026-07-17 20:02:00,0.63,13,2
2026-07-17 20:08:00,0.693,4,2
2026-07-17 20:14:00,0.738,32,2
2026-07-17 20:20:00,0.774,34,2
2026-07-17 20:26:00,0.859,20,2
2026-07-17 20:32:00,0.845,20,2
2026-07-17 20:38:00,0.882,29,2
2026-07-17 20:44:00,0.787,41,2
2026-07-17 20:50:00,0.844,10,2
2026-07-17 20:56:00,0.928,28,2
2026-07-17 21:02:00,0.904,45,2
2026-07-17 21:08:00,0.851,18,2
2026-07-17 21:14:00,0.855,47,2
2026-07-17 21:20:00,0.899,48,2
2026-07-17 21:26:00,0.772,30,2
2026-07-17 21:32:00,0.8,26,2
2026-07-17 21:38:00,0.728,30,2
2026-07-17 21:44:00,0.705,35,2
2026-07-17 21:50:00,0.667,18,2
2026-07-17 21:56:00,0.668,32,2
2026-07-17 22:02:00,0.678,22,2
2026-07-17 22:08:00,0.69,20,2
2026-07-17 22:14:00,0.65,41,2
2026-07-17 22:20:00,0.593,37,2
2026-07-17 22:26:00,0.568,36,2
2026-07-17 22:32:00,0.558,39,2
2026-07-17 22:38:00,0.493,50,2
2026-07-17 22:44:00,0.478,43,2
2026-07-17 22:50:00,0.405,65,2
2026-07-17 22:56:00,0.246,94,2
2026-07-17 23:02:00,0.345,75,2
2026-07-17 23:08:00,0.25,83,2
2026-07-17 23:14:00,0.095,112,2
2026-07-17 23:20:00,0.146,80,2
2026-07-17 23:26:00,0.119,78,2
2026-07-17 23:32:00,0.106,129,2
2026-07-17 23:38:00,0.144,152,2
2026-07-17 23:44:00,0.118,148,2
2026-07-17 23:50:00,0.135,161,2
2026-07-17 23:56:00,0.162,133,2
2026-07-18 00:02:00,0.159,181,2
2026-07-18 00:08:00,0.214,190,2
2026-07-18 00:14:00,0.318,193,2
2026-07-18 00:20:00,0.217,190,2
2026-07-18 00:26:00,0.267,194,2
2026-07-18 00:32:00,0.306,209,2
2026-07-18 00:38:00,0.398,216,2
2026-07-18 00:44:00,0.487,209,2
2026-07-18 00:50:00,0.505,218,2
2026-07-18 00:56:00,0.557,221,2
2026-07-18 01:02:00,0.472,242,2
2026-07-18 01:08:00,0.587,220,2
2026-07-18 01:14:00,0.63,231,2
2026-07-18 01:20:00,0.556,219,2
2026-07-18 01:26:00,0.63,216,2
2026-07-18 01:32:00,0.66,229,2
2026-07-18 01:38:00,0.682,210,2
2026-07-18 01:44:00,0.575,237,2
2026-07-18 01:50:00,0.634,230,2
2026-07-18 01:56:00,0.604,236,2
2026-07-18 02:02:00,0.696,211,2
2026-07-18 02:08:00,0.689,221,2
2026-07-18 02:14:00,0.585,219,2
2026-07-18 02:20:00,0.588,243,2
2026-07-18 02:26:00,0.717,223,2
2026-07-18 02:32:00,0.794,202,2
2026-07-18 02:38:00,0.7,209,2
2026-07-18 02:44:00,0.606,221,2
2026-07-18 02:50:00,0.621,214,2
2026-07-18 02:56:00,0.634,223,2
2026-07-18 03:02:00,0.607,242,2
2026-07-18 03:08:00,0.516,231,2
2026-07-18 03:14:00,0.502,232,2
2026-07-18 03:20:00,0.559,205,2
2026-07-18 03:26:00,0.613,188,2
2026-07-18 03:32:00,0.554,224,2
2026-07-18 03:38:00,0.497,208,2
2026-07-18 03:44:00,0.51,201,2
2026-07-18 03:50:00,0.527,210,2
2026-07-18 03:56:00,0.444,205,2
2026-07-18 04:02:00,0.468,195,2
2026-07-18 04:08:00,0.378,199,2
2026-07-18 04:14:00,0.295,189,2
2026-07-18 04:20:00,0.337,229,2
2026-07-18 04:26:00,0.33,188,2
2026-07-18 04:32:00,0.314,205,2
2026-07-18 04:38:00,0.232,213,2
2026-07-18 04:44:00,0.122,195,2
2026-07-18 04:50:00,0.255,158,2
2026-07-18 04:56:00,0.123,190,2
2026-07-18 05:02:00,0.221,162,2
2026-07-18 05:08:00,0.178,162,2
2026-07-18 05:14:00,0.082,162,2
2026-07-18 05:20:00,0.107,115,2
2026-07-18 05:26:00,0.191,129,2
2026-07-18 05:32:00,0.031,108,2
2026-07-18 05:38:00,0.195,75,2
2026-07-18 05:44:00,0.038,54,2
2026-07-18 05:50:00,0.182,67,2
2026-07-18 05:56:00,0.208,58,2
2026-07-18 06:02:00,0.197,29,2
2026-07-18 06:08:00,0.252,40,2
2026-07-18 06:14:00,0.294,17,2
2026-07-18 06:20:00,0.337,33,2
2026-07-18 06:26:00,0.37,23,2
2026-07-18 06:32:00,0.465,25,2
2026-07-18 06:38:00,0.497,28,2
2026-07-18 06:44:00,0.627,32,2
2026-07-18 06:50:00,0.52,30,2
2026-07-18 06:56:00,0.712,18,2
2026-07-18 07:02:00,0.657,13,2
2026-07-18 07:08:00,0.767,14,2
2026-07-18 07:14:00,0.706,9,2
2026-07-18 07:20:00,0.775,9,2
2026-07-18 07:26:00,0.706,20,2
2026-07-18 07:32:00,0.752,7,2
2026-07-18 07:38:00,0.731,17,2
2026-07-18 07:44:00,0.77,27,2
2026-07-18 07:50:00,0.732,26,2
2026-07-18 07:56:00,0.741,30,2
2026-07-18 08:02:00,0.801,27,2
2026-07-18 08:08:00,0.833,15,2
2026-07-18 08:14:00,0.911,16,2
2026-07-18 08:20:00,0.884,16,2
2026-07-18 08:26:00,0.938,19,2
2026-07-18 08:32:00,0.899,7,2
2026-07-18 08:38:00,0.854,20,2
2026-07-18 08:44:00,0.907,8,2
2026-07-18 08:50:00,0.825,19,2
2026-07-18 08:56:00,0.704,7,2
2026-07-18 09:02:00,0.899,20,2
2026-07-18 09:08:00,0.88,18,2
2026-07-18 09:14:00,0.893,21,2
2026-07-18 09:20:00,0.855,8,2
2026-07-18 09:26:00,0.845,12,2
2026-07-18 09:32:00,0.786,15,2
2026-07-18 09:38:00,0.825,27,2
2026-07-18 09:44:00,0.789,16,2
2026-07-18 09:50:00,0.637,25,2
2026-07-18 09:56:00,0.6,19,2
2026-07-18 10:02:00,0.562,7,2
2026-07-18 10:08:00,0.517,46,2
2026-07-18 10:14:00,0.644,21,2
2026-07-18 10:20:00,0.445,12,2
2026-07-18 10:26:00,0.533,32,2
2026-07-18 10:32:00,0.498,35,2
2026-07-18 10:38:00,0.328,357,2
2026-07-18 10:44:00,0.281,27,2
2026-07-18 10:50:00,0.324,42,2
2026-07-18 10:56:00,0.258,44,2
2026-07-18 11:02:00,0.246,47,2
2026-07-18 11:08:00,0.182,68,2
2026-07-18 11:14:00,0.124,59,2
2026-07-18 11:20:00,0.12,293,2
2026-07-18 11:26:00,0.03,105,2
2026-07-18 11:32:00,0.058,201,2
2026-07-18 11:38:00,0.111,132,2
2026-07-18 11:44:00,0.088,120,2
2026-07-18 11:50:00,0.119,173,2
2026-07-18 11:56:00,0.101,185,2
2026-07-18 12:02:00,0.142,255,2
2026-07-18 12:08:00,0.136,258,2
2026-07-18 12:14:00,0.007,22,2
2026-07-18 12:20:00,0.043,168,2
2026-07-18 12:26:00,0.18,192,2
2026-07-18 12:32:00,0.139,197,2
2026-07-18 12:38:00,0.197,256,2
2026-07-18 12:44:00,0.172,221,2
2026-07-18 12:50:00,0.313,217,2
2026-07-18 12:56:00,0.217,236,2
2026-07-18 13:02:00,0.353,205,2
2026-07-18 13:08:00,0.287,211,2
2026-07-18 13:14:00,0.476,223,2
2026-07-18 13:20:00,0.398,258,2
2026-07-18 13:26:00,0.478,243,2
2026-07-18 13:32:00,0.408,278,2
2026-07-18 13:38:00,0.475,235,2
2026-07-18 13:44:00,0.464,245,2
2026-07-18 13:50:00,0.598,240,2
2026-07-18 13:56:00,0.525,244,2
2026-07-18 14:02:00,0.642,235,2
2026-07-18 14:08:00,0.653,220,2
2026-07-18 14:14:00,0.736,240,2
2026-07-18 14:20:00,0.666,238,2
2026-07-18 14:26:00,0.687,248,2
2026-07-18 14:32:00,0.675,229,2
2026-07-18 14:38:00,0.721,228,2
2026-07-18 14:44:00,0.726,249,2
2026-07-18 14:50:00,0.672,216,2
2026-07-18 14:56:00,0.786,216,2
2026-07-18 15:02:00,0.804,244,2
2026-07-18 15:08:00,0.687,230,2
2026-07-18 15:14:00,0.788,220,2
2026-07-18 15:20:00,0.66,219,2
2026-07-18 15:26:00,0.7,211,2
2026-07-18 15:32:00,0.627,209,2
2026-07-18 15:38:00,0.666,222,2
2026-07-18 15:44:00,0.724,239,2
2026-07-18 15:50:00,0.814,223,2
2026-07-18 15:56:00,0.671,243,2
2026-07-18 16:02:00,0.732,202,2
2026-07-18 16:08:00,0.633,288,2
2026-07-18 16:14:00,0.69,215,2
2026-07-18 16:20:00,0.539,238,2
2026-07-18 16:26:00,0.674,228,2
2026-07-18 16:32:00,0.64,219,2
2026-07-18 16:38:00,0.68,237,2
2026-07-18 16:44:00,0.572,245,2
2026-07-18 16:50:00,0.564,226,2
2026-07-18 16:56:00,0.476,223,2
2026-07-18 17:02:00,0.499,229,2
2026-07-18 17:08:00,0.54,234,2
2026-07-18 17:14:00,0.515,224,2
2026-07-18 17:20:00,0.522,256,2
2026-07-18 17:26:00,0.522,245,2
2026-07-18 17:32:00,0.577,219,2
2026-07-18 17:38:00,0.553,205,2
2026-07-18 17:44:00,0.432,250,2
2026-07-18 17:50:00,0.393,257,2
2026-07-18 17:56:00,0.299,253,2
2026-07-18 18:02:00,0.289,212,2
2026-07-18 18:08:00,0.286,248,2
2026-07-18 18:14:00,0.18,245,2
2026-07-18 18:20:00,0.177,223,2
2026-07-18 18:26:00,0.057,199,2
2026-07-18 18:32:00,0.034,137,2
2026-07-18 18:38:00,0.106,307,2
2026-07-18 18:44:00,0.407,334,2
2026-07-18 18:50:00,0.386,329,2
2026-07-18 18:56:00,0.325,347,2
2026-07-18 19:02:00,0.352,339,2
2026-07-18 19:08:00,0.441,0,2
2026-07-18 19:14:00,0.542,1,2
2026-07-18 19:20:00,0.679,358,2
2026-07-18 19:26:00,0.628,342,2
2026-07-18 19:32:00,0.672,0,2
2026-07-18 19:38:00,0.676,356,2
2026-07-18 19:44:00,0.635,14,2
2026-07-18 19:50:00,0.618,4,2
2026-07-18 19:56:00,0.706,9,2
2026-07-18 20:02:00,0.722,11,2
2026-07-18 20:08:00,0.771,13,2
2026-07-18 20:14:00,0.732,0,2
2026-07-18 20:20:00,0.81,10,2
2026-07-18 20:26:00,0.865,28,2
2026-07-18 20:32:00,0.854,25,2
2026-07-18 20:38:00,0.955,27,2
2026-07-18 20:44:00,0.888,31,2
2026-07-18 20:50:00,0.964,21,2
2026-07-18 20:56:00,0.98,20,2
2026-07-18 21:02:00,0.922,26,2
2026-07-18 21:08:00,0.947,27,2
2026-07-18 21:14:00,0.896,8,2
2026-07-18 21:20:00,0.889,23,2
2026-07-18 21:26:00,0.886,13,2
2026-07-18 21:32:00,0.755,15,2
2026-07-18 21:38:00,0.671,14,2
2026-07-18 21:44:00,0.72,12,2
2026-07-18 21:50:00,0.763,22,2
2026-07-18 21:56:00,0.701,7,2
2026-07-18 22:02:00,0.65,23,2
2026-07-18 22:08:00,0.725,21,2
2026-07-18 22:14:00,0.751,19,2
2026-07-18 22:20:00,0.645,15,2
2026-07-18 22:26:00,0.656,14,2
2026-07-18 22:32:00,0.614,21,2
2026-07-18 22:38:00,0.575,26,2
2026-07-18 22:44:00,0.582,29,2
2026-07-18 22:50:00,0.562,25,2
2026-07-18 22:56:00,0.405,28,2
2026-07-18 23:02:00,0.469,32,2
2026-07-18 23:08:00,0.449,19,2
2026-07-18 23:14:00,0.329,25,2
2026-07-18 23:20:00,0.426,33,2
2026-07-18 23:26:00,0.464,23,2
2026-07-18 23:32:00,0.346,17,2
2026-07-18 23:38:00,0.331,10,2
2026-07-18 23:44:00,0.233,0,2
2026-07-18 23:50:00,0.178,343,2
2026-07-18 23:56:00,0.266,12,2
2026-07-19 00:02:00,0.145,4,2
2026-07-19 00:08:00,0.125,42,2
2026-07-19 00:14:00,0.012,220,2
2026-07-19 00:20:00,0.219,134,2
2026-07-19 00:26:00,0.18,117,2
2026-07-19 00:32:00,0.12,37,2
2026-07-19 00:38:00,0.038,192,2
2026-07-19 00:44:00,0.096,116,2
2026-07-19 00:50:00,0.028,225,2
2026-07-19 00:56:00,0.016,272,2
2026-07-19 01:02:00,0.084,151,2
2026-07-19 01:08:00,0.109,171,2
2026-07-19 01:14:00,0.183,148,2
2026-07-19 01:20:00,0.298,180,2
2026-07-19 01:26:00,0.283,187,2
2026-07-19 01:32:00,0.286,224,2
2026-07-19 01:38:00,0.356,233,2
2026-07-19 01:44:00,0.396,218,2
2026-07-19 01:50:00,0.453,251,2
2026-07-19 01:56:00,0.545,215,2
2026-07-19 02:02:00,0.558,227,2
2026-07-19 02:08:00,0.575,213,2
2026-07-19 02:14:00,0.702,189,2
2026-07-19 02:20:00,0.62,221,2
2026-07-19 02:26:00,0.612,197,2
2026-07-19 02:32:00,0.821,232,2
2026-07-19 02:38:00,0.82,194,2
2026-07-19 02:44:00,0.787,218,2
2026-07-19 02:50:00,0.946,214,2
2026-07-19 02:56:00,0.961,193,2
2026-07-19 03:02:00,0.877,202,2
2026-07-19 03:08:00,1.04,190,2
2026-07-19 03:14:00,1.072,201,2
2026-07-19 03:20:00,1.033,231,2
2026-07-19 03:26:00,1.194,233,2
2026-07-19 03:32:00,1.116,215,2
2026-07-19 03:38:00,1.233,233,2
2026-07-19 03:44:00,1.32,209,2
2026-07-19 03:50:00,1.472,209,2
2026-07-19 03:56:00,1.314,227,2
2026-07-19 04:02:00,1.309,206,2
2026-07-19 04:08:00,1.481,210,2
2026-07-19 04:14:00,1.396,199,2
2026-07-19 04:20:00,1.462,236,2
2026-07-19 04:26:00,1.463,226,2
2026-07-19 04:32:00,1.43,225,2
2026-07-19 04:38:00,1.297,226,2
2026-07-19 04:44:00,1.359,226,2
2026-07-19 04:50:00,1.277,203,2
2026-07-19 04:56:00,1.282,230,2
2026-07-19 05:02:00,1.177,204,2
2026-07-19 05:08:00,1.075,206,2
2026-07-19 05:14:00,0.986,224,2
2026-07-19 05:20:00,1.046,211,2
2026-07-19 05:26:00,1.032,202,2
2026-07-19 05:32:00,1.003,216,2
2026-07-19 05:38:00,1.019,219,2
2026-07-19 05:44:00,1.056,202,2
2026-07-19 05:50:00,0.981,217,2
2026-07-19 05:56:00,0.933,196,2
2026-07-19 06:02:00,0.837,220,2
2026-07-19 06:08:00,0.884,207,2
2026-07-19 06:14:00,0.702,221,2
2026-07-19 06:20:00,0.8,226,2
2026-07-19 06:26:00,0.709,213,2
2026-07-19 06:32:00,0.722,186,2
2026-07-19 06:38:00,0.76,174,2
2026-07-19 06:44:00,0.485,203,2
2026-07-19 06:50:00,0.52,231,2
2026-07-19 06:56:00,0.594,216,2
2026-07-19 07:02:00,0.645,208,2
2026-07-19 07:08:00,0.451,233,2
2026-07-19 07:14:00,0.59,187,2
2026-07-19 07:20:00,0.54,215,2
2026-07-19 07:26:00,0.447,220,2
2026-07-19 07:32:00,0.388,225,2
2026-07-19 07:38:00,0.42,226,2
2026-07-19 07:44:00,0.35,256,2
2026-07-19 07:50:00,0.347,255,2
2026-07-19 07:56:00,0.224,283,2
2026-07-19 08:02:00,0.199,286,2
2026-07-19 08:08:00,0.338,296,2
2026-07-19 08:14:00,0.246,304,2
2026-07-19 08:20:00,0.231,319,2
2026-07-19 08:26:00,0.205,330,2
2026-07-19 08:32:00,0.237,35,2
2026-07-19 08:38:00,0.268,348,2
2026-07-19 08:44:00,0.335,315,2
2026-07-19 08:50:00,0.313,339,2
2026-07-19 08:56:00,0.183,26,2
2026-07-19 09:02:00,0.176,325,2
2026-07-19 09:08:00,0.297,1,2
2026-07-19 09:14:00,0.18,19,2
2026-07-19 09:20:00,0.118,33,2
2026-07-19 09:26:00,0.222,126,2
2026-07-19 09:32:00,0.165,26,2
2026-07-19 09:38:00,0.114,290,2
2026-07-19 09:44:00,0.297,26,2
2026-07-19 09:50:00,0.212,57,2
2026-07-19 09:56:00,0.312,27,2
2026-07-19 10:02:00,0.286,32,2
2026-07-19 10:08:00,0.185,39,2
2026-07-19 10:14:00,0.102,23,2
2026-07-19 10:20:00,0.076,39,2
2026-07-19 10:26:00,0.12,11,2
2026-07-19 10:32:00,0.341,7,2
2026-07-19 10:44:00,0.026,96,2
2026-07-19 10:50:00,0.073,356,2
2026-07-19 10:56:00,0.165,106,2
2026-07-19 11:02:00,0.107,24,2
2026-07-19 11:08:00,0.119,85,2
2026-07-19 11:14:00,0.051,18,2
2026-07-19 11:20:00,0.087,95,2
2026-07-19 11:26:00,0.133,83,2
2026-07-19 11:32:00,0.056,99,2
2026-07-19 11:38:00,0.072,111,2
2026-07-19 11:44:00,0.179,124,2
2026-07-19 11:50:00,0.1,213,2
2026-07-19 11:56:00,0.171,153,2
2026-07-19 12:02:00,0.068,115,2
2026-07-19 12:08:00,0.111,138,2
2026-07-19 12:14:00,0.041,137,2
2026-07-19 12:20:00,0.095,328,2
2026-07-19 12:26:00,0.047,293,2
2026-07-19 12:32:00,0.208,136,2
2026-07-19 12:38:00,0.081,152,2
2026-07-19 12:44:00,0.021,315,2
2026-07-19 12:50:00,0.1,69,2
2026-07-19 12:56:00,0.117,282,2
2026-07-19 13:02:00,0.07,112,2
2026-07-19 13:08:00,0.031,224,2
2026-07-19 13:14:00,0.055,191,2
2026-07-19 13:20:00,0.02,242,2
2026-07-19 13:26:00,0.197,221,2
2026-07-19 13:32:00,0.185,222,2
2026-07-19 13:38:00,0.197,199,2
2026-07-19 13:44:00,0.213,229,2
2026-07-19 13:50:00,0.673,225,2
2026-07-19 13:56:00,0.686,236,2
2026-07-19 14:02:00,0.618,221,2
2026-07-19 14:08:00,0.716,209,2
2026-07-19 14:14:00,0.718,232,2
2026-07-19 14:20:00,0.662,218,2
2026-07-19 14:26:00,0.705,215,2
2026-07-19 14:32:00,0.729,235,2
2026-07-19 14:38:00,0.762,220,2
2026-07-19 14:44:00,0.764,231,2
2026-07-19 14:50:00,0.832,221,2
2026-07-19 14:56:00,0.914,219,2
2026-07-19 15:02:00,0.92,214,2
2026-07-19 15:08:00,1.104,223,2
2026-07-19 15:14:00,1.119,229,2
2026-07-19 15:20:00,1.203,226,2
2026-07-19 15:26:00,1.124,229,2
2026-07-19 15:32:00,1.262,203,2
2026-07-19 15:38:00,1.273,205,2
2026-07-19 15:44:00,1.358,222,2
2026-07-19 15:50:00,1.276,220,2
2026-07-19 15:56:00,1.233,213,2
2026-07-19 16:02:00,1.292,227,2
2026-07-19 16:08:00,1.301,239,2
2026-07-19 16:14:00,1.342,213,2
2026-07-19 16:20:00,1.426,231,2
2026-07-19 16:26:00,1.359,216,2
2026-07-19 16:32:00,1.198,233,2
2026-07-19 16:38:00,1.268,202,2
2026-07-19 16:44:00,1.162,209,2
2026-07-19 16:50:00,1.131,201,2
2026-07-19 16:56:00,1.161,204,2
2026-07-19 17:02:00,1.222,211,2
2026-07-19 17:08:00,1.285,219,2
2026-07-19 17:14:00,1.19,228,2
2026-07-19 17:20:00,1.232,212,2
2026-07-19 17:26:00,1.191,195,2
2026-07-19 17:32:00,1.123,226,2
2026-07-19 17:38:00,1.205,204,2
2026-07-19 17:44:00,1.063,200,2
2026-07-19 17:50:00,1.101,204,2
2026-07-19 17:56:00,0.905,201,2
2026-07-19 18:02:00,0.996,216,2
2026-07-19 18:08:00,0.906,211,2
2026-07-19 18:14:00,0.729,206,2
2026-07-19 18:20:00,0.889,204,2
2026-07-19 18:26:00,0.847,217,2
2026-07-19 18:32:00,0.679,222,2
2026-07-19 18:38:00,0.855,206,2
2026-07-19 18:44:00,0.763,218,2
2026-07-19 18:50:00,0.589,195,2
2026-07-19 18:56:00,0.514,246,2
2026-07-19 19:02:00,0.384,225,2
2026-07-19 19:08:00,0.478,218,2
2026-07-19 19:14:00,0.393,219,2
2026-07-19 19:20:00,0.371,216,2
2026-07-19 19:26:00,0.291,250,2
2026-07-19 19:32:00,0.11,273,2
2026-07-19 19:38:00,0.145,318,2
2026-07-19 19:44:00,0.257,286,2
2026-07-19 19:50:00,0.246,323,2
2026-07-19 19:56:00,0.152,345,2
2026-07-19 20:02:00,0.159,24,2
2026-07-19 20:08:00,0.141,66,2
2026-07-19 20:14:00,0.341,26,2
2026-07-19 20:20:00,0.296,344,2
2026-07-19 20:26:00,0.315,352,2
2026-07-19 20:32:00,0.433,48,2
2026-07-19 20:38:00,0.41,14,2
2026-07-19 20:44:00,0.454,29,2
2026-07-19 20:50:00,0.571,28,2
2026-07-19 20:56:00,0.562,32,2
2026-07-19 21:02:00,0.662,40,2
2026-07-19 21:08:00,0.625,28,2
2026-07-19 21:14:00,0.795,37,2
2026-07-19 21:20:00,0.809,30,2
2026-07-19 21:26:00,0.745,22,2
2026-07-19 21:32:00,0.837,32,2
2026-07-19 21:38:00,0.687,21,2
2026-07-19 21:44:00,0.756,11,2
2026-07-19 21:50:00,0.725,6,2
2026-07-19 21:56:00,0.755,11,2
2026-07-19 22:02:00,0.797,21,2
2026-07-19 22:08:00,0.792,17,2
2026-07-19 22:14:00,0.707,35,2
2026-07-19 22:20:00,0.76,19,2
2026-07-19 22:26:00,0.751,28,2
2026-07-19 22:32:00,0.898,19,2
2026-07-19 22:38:00,0.863,30,2
2026-07-19 22:44:00,0.844,11,2
2026-07-19 22:50:00,0.844,35,2
2026-07-19 22:56:00,0.745,40,2
2026-07-19 23:02:00,0.822,32,2
2026-07-19 23:08:00,0.777,40,2
2026-07-19 23:14:00,0.708,27,2
2026-07-19 23:20:00,0.748,34,2
2026-07-19 23:26:00,0.733,25,2
2026-07-19 23:32:00,0.593,28,2
2026-07-19 23:38:00,0.631,41,2
2026-07-19 23:44:00,0.602,20,2
2026-07-19 23:50:00,0.71,25,2
2026-07-19 23:56:00,0.554,27,2
2026-07-20 00:02:00,0.655,13,2
2026-07-20 00:08:00,0.578,13,2
2026-07-20 00:14:00,0.555,7,2
2026-07-20 00:20:00,0.449,21,2
2026-07-20 00:26:00,0.364,30,2
2026-07-20 00:32:00,0.356,25,2
2026-07-20 00:38:00,0.311,35,2
2026-07-20 00:44:00,0.206,40,2
2026-07-20 00:50:00,0.2,323,2
2026-07-20 00:56:00,0.083,95,2
2026-07-20 01:02:00,0.056,45,2
2026-07-20 01:08:00,0.035,168,2
2026-07-20 01:14:00,0.03,298,2
2026-07-20 01:20:00,0.02,242,2
2026-07-20 01:26:00,0.16,189,2
2026-07-20 01:32:00,0.113,227,2
2026-07-20 01:38:00,0.08,256,2
2026-07-20 01:44:00,0.081,214,2
2026-07-20 01:50:00,0.217,227,2
2026-07-20 01:56:00,0.313,220,2
2026-07-20 02:02:00,0.155,226,2
2026-07-20 02:08:00,0.256,253,2
2026-07-20 02:14:00,0.278,225,2
2026-07-20 02:20:00,0.265,206,2
2026-07-20 02:26:00,0.342,231,2
2026-07-20 02:32:00,0.301,214,2
2026-07-20 02:38:00,0.339,200,2
2026-07-20 02:44:00,0.416,226,2
2026-07-20 02:50:00,0.378,227,2
2026-07-20 02:56:00,0.322,216,2
2026-07-20 03:02:00,0.445,244,2
2026-07-20 03:08:00,0.48,204,2
2026-07-20 03:14:00,0.503,210,2
2026-07-20 03:20:00,0.602,203,2
2026-07-20 03:26:00,0.666,210,2
2026-07-20 03:32:00,0.694,212,2
2026-07-20 03:38:00,0.839,215,2
2026-07-20 03:44:00,0.775,209,2
2026-07-20 03:50:00,0.765,236,2
2026-07-20 03:56:00,0.854,216,2
2026-07-20 04:02:00,0.653,207,2
2026-07-20 04:08:00,0.691,190,2
2026-07-20 04:14:00,0.68,233,2
2026-07-20 04:20:00,0.719,229,2
2026-07-20 04:26:00,0.702,244,2
2026-07-20 04:32:00,0.817,223,2
2026-07-20 04:38:00,0.751,230,2
2026-07-20 04:44:00,0.683,236,2
2026-07-20 04:50:00,0.718,213,2
2026-07-20 04:56:00,0.644,246,2
2026-07-20 05:02:00,0.715,224,2
2026-07-20 05:08:00,0.639,229,2
2026-07-20 05:14:00,0.69,238,2
2026-07-20 05:20:00,0.716,206,2
2026-07-20 05:26:00,0.586,209,2
2026-07-20 05:32:00,0.615,246,2
2026-07-20 05:38:00,0.489,232,2
2026-07-20 05:44:00,0.53,217,2
2026-07-20 05:50:00,0.589,236,2
2026-07-20 05:56:00,0.553,216,2
2026-07-20 06:02:00,0.559,234,2
2026-07-20 06:08:00,0.623,233,2
2026-07-20 06:14:00,0.559,244,2
2026-07-20 06:20:00,0.448,252,2
2026-07-20 06:26:00,0.605,201,2
2026-07-20 06:32:00,0.621,193,2
2026-07-20 06:38:00,0.506,207,2
2026-07-20 06:44:00,0.609,211,2
2026-07-20 06:50:00,0.449,210,2
2026-07-20 06:56:00,0.472,222,2
2026-07-20 07:02:00,0.426,205,2
2026-07-20 07:08:00,0.385,219,2
2026-07-20 07:14:00,0.318,213,2
2026-07-20 07:20:00,0.318,228,2
2026-07-20 07:26:00,0.268,208,2
2026-07-20 07:32:00,0.217,236,2
2026-07-20 07:38:00,0.231,234,2
2026-07-20 07:44:00,0.237,240,2
2026-07-20 07:50:00,0.181,233,2
2026-07-20 07:56:00,0.142,258,2
2026-07-20 08:02:00,0.201,240,2
2026-07-20 08:08:00,0.144,278,2
2026-07-20 08:14:00,0.247,295,2
2026-07-20 08:20:00,0.22,270,2
2026-07-20 08:26:00,0.156,288,2
2026-07-20 08:32:00,0.152,348,2
2026-07-20 08:38:00,0.031,251,2
2026-07-20 08:44:00,0.093,290,2
2026-07-20 08:50:00,0.162,353,2
2026-07-20 08:56:00,0.181,317,2
2026-07-20 09:02:00,0.191,7,2
2026-07-20 09:08:00,0.278,2,2
2026-07-20 09:14:00,0.235,347,2
2026-07-20 09:20:00,0.278,10,2
2026-07-20 09:26:00,0.237,14,2
2026-07-20 09:32:00,0.279,49,2
2026-07-20 09:38:00,0.348,348,2
2026-07-20 09:44:00,0.352,10,2
2026-07-20 09:50:00,0.378,8,2
2026-07-20 09:56:00,0.346,355,2
2026-07-20 10:02:00,0.455,350,2
2026-07-20 10:08:00,0.465,354,2
2026-07-20 10:14:00,0.486,31,2
2026-07-20 10:20:00,0.538,32,2
2026-07-20 10:26:00,0.512,7,2
2026-07-20 10:32:00,0.453,20,2
2026-07-20 10:38:00,0.527,8,2
2026-07-20 10:44:00,0.476,33,2
2026-07-20 10:50:00,0.514,44,2
2026-07-20 10:56:00,0.512,36,2
2026-07-20 11:02:00,0.433,17,2
2026-07-20 11:08:00,0.52,19,2
2026-07-20 11:14:00,0.498,22,2
2026-07-20 11:20:00,0.466,26,2
2026-07-20 11:26:00,0.425,7,2
2026-07-20 11:32:00,0.414,28,2
2026-07-20 11:38:00,0.408,18,2
2026-07-20 11:44:00,0.29,19,2
2026-07-20 11:50:00,0.4,35,2
2026-07-20 11:56:00,0.358,27,2
2026-07-20 12:02:00,0.281,46,2
2026-07-20 12:08:00,0.193,36,2
2026-07-20 12:14:00,0.163,69,2
2026-07-20 12:20:00,0.197,358,2
2026-07-20 12:26:00,0.174,15,2
2026-07-20 12:32:00,0.144,40,2
2026-07-20 12:38:00,0.277,7,2
2026-07-20 12:44:00,0.126,25,2
2026-07-20 12:50:00,0.029,161,2
2026-07-20 12:56:00,0.133,162,2
2026-07-20 13:02:00,0.117,175,2
2026-07-20 13:08:00,0.181,165,2
2026-07-20 13:14:00,0.032,211,2
2026-07-20 13:20:00,0.063,248,2
2026-07-20 13:26:00,0.122,195,2
2026-07-20 13:32:00,0.096,217,2
2026-07-20 13:38:00,0.157,192,2
2026-07-20 13:44:00,0.223,207,2
2026-07-20 13:50:00,0.291,219,2
2026-07-20 13:56:00,0.276,198,2
2026-07-20 14:02:00,0.322,219,2
2026-07-20 14:08:00,0.392,225,2
2026-07-20 14:14:00,0.436,203,2
2026-07-20 14:20:00,0.44,212,2
2026-07-20 14:26:00,0.522,208,2
2026-07-20 14:32:00,0.449,224,2
2026-07-20 14:38:00,0.501,199,2
2026-07-20 14:44:00,0.601,207,2
2026-07-20 14:50:00,0.621,230,2
2026-07-20 14:56:00,0.576,214,2
2026-07-20 15:02:00,0.643,204,2
2026-07-20 15:08:00,0.695,196,2
2026-07-20 15:14:00,0.81,225,2
2026-07-20 15:20:00,0.795,198,2
2026-07-20 15:26:00,0.788,238,2
2026-07-20 15:32:00,0.8,225,2
2026-07-20 15:38:00,0.72,240,2
2026-07-20 15:44:00,0.757,203,2
2026-07-20 15:50:00,0.761,194,2
2026-07-20 15:56:00,0.652,208,2
2026-07-20 16:02:00,0.724,229,2
2026-07-20 16:08:00,0.729,257,2
2026-07-20 16:14:00,0.717,228,2
2026-07-20 16:20:00,0.676,214,2
2026-07-20 16:26:00,0.728,242,2
2026-07-20 16:32:00,0.69,236,2
2026-07-20 16:38:00,0.652,239,2
2026-07-20 16:44:00,0.617,249,2
2026-07-20 16:50:00,0.659,239,2
2026-07-20 16:56:00,0.642,219,2
2026-07-20 17:02:00,0.724,223,2
2026-07-20 17:08:00,0.777,242,2
2026-07-20 17:14:00,0.693,191,2
2026-07-20 17:20:00,0.739,240,2
2026-07-20 17:26:00,0.669,240,2
2026-07-20 17:32:00,0.728,213,2
2026-07-20 17:38:00,0.595,250,2
2026-07-20 17:44:00,0.702,219,2
2026-07-20 17:50:00,0.735,219,2
2026-07-20 17:56:00,0.62,249,2
2026-07-20 18:02:00,0.543,242,2
2026-07-20 18:08:00,0.622,229,2
2026-07-20 18:14:00,0.545,233,2
2026-07-20 18:20:00,0.478,229,2
2026-07-20 18:26:00,0.501,248,2
2026-07-20 18:32:00,0.476,218,2
2026-07-20 18:38:00,0.381,205,2
2026-07-20 18:44:00,0.24,237,2
2026-07-20 18:50:00,0.323,211,2
2026-07-20 18:56:00,0.516,235,2
2026-07-20 19:02:00,0.399,233,2
2026-07-20 19:08:00,0.291,209,2
2026-07-20 19:14:00,0.326,263,2
2026-07-20 19:20:00,0.242,250,2
2026-07-20 19:26:00,0.172,269,2
2026-07-20 19:32:00,0.127,265,2
2026-07-20 19:38:00,0.205,275,2
2026-07-20 19:44:00,0.199,294,2
2026-07-20 19:50:00,0.126,348,2
2026-07-20 19:56:00,0.149,342,2
2026-07-20 20:02:00,0.15,345,2
2026-07-20 20:08:00,0.282,345,2
2026-07-20 20:14:00,0.382,341,2
2026-07-20 20:20:00,0.318,17,2
2026-07-20 20:26:00,0.372,12,2
2026-07-20 20:32:00,0.454,11,2
2026-07-20 20:38:00,0.498,27,2
2026-07-20 20:44:00,0.499,355,2
2026-07-20 20:50:00,0.556,13,2
2026-07-20 20:56:00,0.568,23,2
2026-07-20 21:02:00,0.684,18,2
2026-07-20 21:08:00,0.715,33,2
2026-07-20 21:14:00,0.829,16,2
2026-07-20 21:20:00,0.964,27,2
2026-07-20 21:26:00,0.942,29,2
2026-07-20 21:32:00,0.941,22,2
2026-07-20 21:38:00,0.972,18,2
2026-07-20 21:44:00,1.05,5,2
2026-07-20 21:50:00,1.054,13,2
2026-07-20 21:56:00,1.069,19,2
2026-07-20 22:02:00,1.048,15,2
2026-07-20 22:08:00,1.167,8,2
2026-07-20 22:14:00,1.232,19,2
2026-07-20 22:20:00,1.237,11,2
2026-07-20 22:26:00,1.22,13,2
2026-07-20 22:32:00,1.274,15,2
2026-07-20 22:38:00,1.195,9,2
2026-07-20 22:44:00,1.072,14,2
2026-07-20 22:50:00,1.032,11,2
2026-07-20 22:56:00,1.002,23,2
2026-07-20 23:02:00,1.235,22,2
2026-07-20 23:08:00,1.383,22,2
2026-07-20 23:14:00,1.38,15,2
2026-07-20 23:20:00,1.223,18,2
2026-07-20 23:26:00,1.299,33,2
2026-07-20 23:32:00,1.296,26,2
2026-07-20 23:38:00,1.203,16,2
2026-07-20 23:44:00,1.233,37,2
2026-07-20 23:50:00,1.108,24,2
2026-07-20 23:56:00,1.104,29,2
2026-07-21 00:02:00,1.079,14,2
2026-07-21 00:08:00,1.011,41,2
2026-07-21 00:14:00,1.002,32,2
2026-07-21 00:20:00,1.022,37,2
2026-07-21 00:26:00,1.002,43,2
2026-07-21 00:32:00,0.995,24,2
2026-07-21 00:38:00,1.013,22,2
2026-07-21 00:44:00,0.991,19,2
2026-07-21 00:50:00,0.9,20,2
2026-07-21 00:56:00,0.987,22,2
2026-07-21 01:02:00,0.901,23,2
2026-07-21 01:08:00,0.879,31,2
2026-07-21 01:14:00,0.858,35,2
2026-07-21 01:20:00,0.812,40,2
2026-07-21 01:26:00,0.826,10,2
2026-07-21 01:32:00,0.78,19,2
2026-07-21 01:38:00,0.791,26,2
2026-07-21 01:44:00,0.752,27,2
2026-07-21 01:50:00,0.705,28,2
2026-07-21 01:56:00,0.665,15,2
2026-07-21 02:02:00,0.574,7,2
2026-07-21 02:08:00,0.6,13,2
2026-07-21 02:14:00,0.561,19,2
2026-07-21 02:20:00,0.486,17,2
2026-07-21 02:26:00,0.512,30,2
2026-07-21 02:32:00,0.349,5,2
2026-07-21 02:38:00,0.285,1,2
2026-07-21 02:44:00,0.27,18,2
2026-07-21 02:50:00,0.222,2,2
2026-07-21 02:56:00,0.172,29,2
2026-07-21 03:02:00,0.196,15,2
2026-07-21 03:08:00,0.195,10,2
2026-07-21 03:14:00,0.094,15,2
2026-07-21 03:20:00,0.134,38,2
2026-07-21 03:26:00,0.122,56,2
2026-07-21 03:32:00,0.159,24,2
2026-07-21 03:38:00,0.202,50,2
2026-07-21 03:44:00,0.055,89,2
2026-07-21 03:50:00,0.055,126,2
2026-07-21 03:56:00,0.081,153,2
2026-07-21 04:02:00,0.068,345,2
2026-07-21 04:08:00,0.189,239,2
2026-07-21 04:14:00,0.171,257,2
2026-07-21 04:20:00,0.123,179,2
2026-07-21 04:26:00,0.181,233,2
2026-07-21 04:38:00,0.342,241,2
2026-07-21 04:44:00,0.339,245,2
2026-07-21 04:50:00,0.231,291,2
2026-07-21 04:56:00,0.344,212,2
2026-07-21 05:02:00,0.389,205,2
2026-07-21 05:08:00,0.429,236,2
2026-07-21 05:14:00,0.324,222,2
2026-07-21 05:20:00,0.344,203,2
2026-07-21 05:26:00,0.352,231,2
2026-07-21 05:32:00,0.321,197,2
2026-07-21 05:38:00,0.388,193,2
2026-07-21 05:44:00,0.384,226,2
2026-07-21 05:50:00,0.315,223,2
2026-07-21 05:56:00,0.392,205,2
2026-07-21 06:02:00,0.443,200,2
2026-07-21 06:08:00,0.369,199,2
2026-07-21 06:14:00,0.451,168,2
2026-07-21 06:20:00,0.46,173,2
2026-07-21 06:26:00,0.303,189,2
2026-07-21 06:32:00,0.334,169,2
2026-07-21 06:38:00,0.263,185,2
2026-07-21 06:44:00,0.405,144,2
2026-07-21 06:50:00,0.455,190,2
2026-07-21 06:56:00,0.549,172,2
2026-07-21 07:02:00,0.504,209,2
2026-07-21 07:08:00,0.471,193,2
2026-07-21 07:14:00,0.426,234,2
2026-07-21 07:20:00,0.429,195,2
2026-07-21 07:26:00,0.401,215,2
2026-07-21 07:32:00,0.416,235,2
2026-07-21 07:38:00,0.291,207,2
2026-07-21 07:44:00,0.325,217,2
2026-07-21 07:50:00,0.374,210,2
2026-07-21 07:56:00,0.427,237,2
2026-07-21 08:02:00,0.301,131,2
2026-07-21 08:08:00,0.345,244,2
2026-07-21 08:14:00,0.37,230,2
2026-07-21 08:20:00,0.25,195,2
2026-07-21 08:26:00,0.199,262,2
2026-07-21 08:32:00,0.274,261,2
2026-07-21 08:38:00,0.133,266,2
2026-07-21 08:44:00,0.082,276,2
2026-07-21 08:50:00,0.069,38,2
2026-07-21 08:56:00,0.045,358,2
2026-07-21 09:02:00,0.078,354,2
2026-07-21 09:08:00,0.04,305,2
2026-07-21 09:14:00,0.087,117,2
2026-07-21 09:20:00,0.051,78,2
2026-07-21 09:26:00,0.053,68,2
2026-07-21 09:32:00,0.121,93,2
2026-07-21 09:38:00,0.235,34,2
2026-07-21 09:44:00,0.236,2,2
2026-07-21 09:50:00,0.26,22,2
2026-07-21 09:56:00,0.369,3,2
2026-07-21 10:02:00,0.336,348,2
2026-07-21 10:08:00,0.188,305,2
2026-07-21 10:14:00,0.362,8,2
2026-07-21 10:20:00,0.421,330,2
2026-07-21 10:26:00,0.385,340,2
2026-07-21 10:32:00,0.236,356,2
2026-07-21 10:38:00,0.275,359,2
2026-07-21 10:44:00,0.45,355,2
2026-07-21 10:50:00,0.517,26,2
2026-07-21 10:56:00,0.566,30,2
2026-07-21 11:02:00,0.541,18,2
2026-07-21 11:08:00,0.613,30,2
2026-07-21 11:14:00,0.52,19,2
2026-07-21 11:20:00,0.598,14,2
2026-07-21 11:26:00,0.553,7,2
2026-07-21 11:32:00,0.677,36,2
2026-07-21 11:38:00,0.513,23,2
2026-07-21 11:44:00,0.497,28,2
2026-07-21 11:50:00,0.525,38,2
2026-07-21 11:56:00,0.558,20,2
2026-07-21 12:02:00,0.571,25,2
2026-07-21 12:08:00,0.619,25,2
2026-07-21 12:14:00,0.558,27,2
2026-07-21 12:20:00,0.506,21,2
2026-07-21 12:26:00,0.569,23,2
2026-07-21 12:32:00,0.511,7,2
2026-07-21 12:38:00,0.567,21,2
2026-07-21 12:44:00,0.521,14,2
2026-07-21 12:50:00,0.433,12,2
2026-07-21 12:56:00,0.48,26,2
2026-07-21 13:02:00,0.405,8,2
2026-07-21 13:08:00,0.317,17,2
2026-07-21 13:14:00,0.322,21,2
2026-07-21 13:20:00,0.282,358,2
2026-07-21 13:26:00,0.339,23,2
2026-07-21 13:32:00,0.301,19,2
2026-07-21 13:38:00,0.175,66,2
2026-07-21 13:44:00,0.198,71,2
2026-07-21 13:50:00,0.304,34,2
2026-07-21 13:56:00,0.273,18,2
2026-07-21 14:02:00,0.178,327,2
2026-07-21 14:08:00,0.224,333,2
2026-07-21 14:14:00,0.304,356,2
2026-07-21 14:20:00,0.207,16,2
2026-07-21 14:26:00,0.149,24,2
2026-07-21 14:32:00,0.171,8,2
2026-07-21 14:38:00,0.081,8,2
2026-07-21 14:44:00,0.136,338,2
2026-07-21 14:50:00,0.15,351,2
2026-07-21 14:56:00,0.133,314,2
2026-07-21 15:02:00,0.049,230,2
2026-07-21 15:08:00,0.087,270,2
2026-07-21 15:14:00,0.03,243,2
2026-07-21 15:20:00,0.104,287,2
2026-07-21 15:26:00,0.084,310,2
2026-07-21 15:32:00,0.204,224,2
2026-07-21 15:38:00,0.193,216,2
2026-07-21 15:44:00,0.099,218,2
2026-07-21 15:50:00,0.094,222,2
2026-07-21 15:56:00,0.119,242,2
2026-07-21 16:02:00,0.181,250,2
2026-07-21 16:08:00,0.173,250,2
2026-07-21 16:14:00,0.281,232,2
2026-07-21 16:20:00,0.296,241,2
2026-07-21 16:26:00,0.296,231,2
2026-07-21 16:32:00,0.219,217,2
2026-07-21 16:38:00,0.227,246,2
2026-07-21 16:44:00,0.211,211,2
2026-07-21 16:50:00,0.327,247,2
2026-07-21 16:56:00,0.27,234,2
2026-07-21 17:02:00,0.331,225,2
2026-07-21 17:08:00,0.312,239,2
2026-07-21 17:14:00,0.346,249,2
2026-07-21 17:20:00,0.137,230,2
2026-07-21 17:26:00,0.064,227,2
2026-07-21 17:32:00,0.207,173,2
2026-07-21 17:38:00,0.315,177,2
2026-07-21 17:44:00,0.32,164,2
2026-07-21 17:50:00,0.351,139,2
2026-07-21 17:56:00,0.281,186,2
2026-07-21 18:02:00,0.202,266,2
2026-07-21 18:08:00,0.435,150,2
2026-07-21 18:14:00,0.455,145,2
2026-07-21 18:20:00,0.37,171,2
2026-07-21 18:26:00,0.339,186,2
2026-07-21 18:32:00,0.411,206,2
2026-07-21 18:38:00,0.336,185,2
2026-07-21 18:44:00,0.327,196,2
2026-07-21 18:50:00,0.454,177,2
2026-07-21 18:56:00,0.56,168,2
2026-07-21 19:02:00,0.59,181,2
2026-07-21 19:08:00,0.748,168,2
2026-07-21 19:14:00,0.644,209,2
2026-07-21 19:20:00,0.695,192,2
2026-07-21 19:26:00,0.613,203,2
2026-07-21 19:32:00,0.549,182,2
2026-07-21 19:38:00,0.633,219,2
2026-07-21 19:44:00,0.575,231,2
2026-07-21 19:50:00,0.515,227,2
2026-07-21 19:56:00,0.47,214,2
2026-07-21 20:02:00,0.467,223,2
2026-07-21 20:08:00,0.36,242,2
2026-07-21 20:14:00,0.458,215,2
2026-07-21 20:20:00,0.318,239,2
2026-07-21 20:26:00,0.331,260,2
2026-07-21 20:32:00,0.32,236,2
2026-07-21 20:38:00,0.149,201,2
2026-07-21 20:44:00,0.118,194,2
2026-07-21 20:50:00,0.16,255,2
2026-07-21 20:56:00,0.121,255,2
2026-07-21 21:02:00,0.167,45,2
2026-07-21 21:08:00,0.177,345,2
2026-07-21 21:14:00,0.236,14,2
2026-07-21 21:20:00,0.204,21,2
2026-07-21 21:26:00,0.26,48,2
2026-07-21 21:32:00,0.344,36,2
2026-07-21 21:38:00,0.427,29,2
2026-07-21 21:44:00,0.341,69,2
2026-07-21 21:50:00,0.384,23,2
2026-07-21 21:56:00,0.482,39,2
2026-07-21 22:02:00,0.542,48,2
2026-07-21 22:08:00,0.543,32,2
2026-07-21 22:14:00,0.664,42,2
2026-07-21 22:20:00,0.708,38,2
2026-07-21 22:26:00,0.721,30,2
2026-07-21 22:32:00,0.795,36,2
2026-07-21 22:38:00,0.786,24,2
2026-07-21 22:44:00,0.852,30,2
2026-07-21 22:50:00,0.837,27,2
2026-07-21 22:56:00,0.845,9,2
2026-07-21 23:02:00,0.77,35,2
2026-07-21 23:14:00,0.829,21,2
2026-07-21 23:20:00,0.807,24,2
2026-07-21 23:26:00,0.82,17,2
2026-07-21 23:32:00,0.886,29,2
2026-07-21 23:38:00,0.961,38,2
2026-07-21 23:44:00,0.982,22,2
2026-07-21 23:50:00,1.033,26,2
2026-07-21 23:56:00,1.088,10,2
2026-07-22 00:02:00,1.018,20,2
2026-07-22 00:08:00,0.98,19,2
2026-07-22 00:14:00,1.043,34,2
2026-07-22 00:20:00,1.014,12,2
2026-07-22 00:26:00,0.903,33,2
2026-07-22 00:32:00,0.958,3,2
2026-07-22 00:38:00,0.934,9,2
2026-07-22 00:44:00,0.939,35,2
2026-07-22 00:50:00,0.897,18,2
2026-07-22 00:56:00,0.842,22,2
2026-07-22 01:02:00,0.823,27,2
2026-07-22 01:08:00,0.854,21,2
2026-07-22 01:14:00,0.816,16,2
2026-07-22 01:20:00,0.752,15,2
2026-07-22 01:26:00,0.695,25,2
2026-07-22 01:32:00,0.728,22,2
2026-07-22 01:38:00,0.608,20,2
2026-07-22 01:44:00,0.632,21,2
2026-07-22 01:50:00,0.591,17,2
2026-07-22 01:56:00,0.609,12,2
2026-07-22 02:02:00,0.563,23,2
2026-07-22 02:08:00,0.503,18,2
2026-07-22 02:14:00,0.41,19,2
2026-07-22 02:20:00,0.418,23,2
2026-07-22 02:26:00,0.361,22,2
2026-07-22 02:32:00,0.323,20,2
2026-07-22 02:38:00,0.217,3,2
2026-07-22 02:44:00,0.234,84,2
2026-07-22 02:50:00,0.212,124,2
2026-07-22 02:56:00,0.188,112,2
2026-07-22 03:02:00,0.151,70,2
2026-07-22 03:08:00,0.045,73,2
2026-07-22 03:14:00,0.048,327,2
2026-07-22 03:20:00,0.145,357,2
2026-07-22 03:26:00,0.208,6,2
2026-07-22 03:32:00,0.101,307,2
2026-07-22 03:38:00,0.14,334,2
2026-07-22 03:44:00,0.091,191,2
2026-07-22 03:50:00,0.061,142,2
2026-07-22 03:56:00,0.122,96,2
2026-07-22 04:02:00,0.176,158,2
2026-07-22 04:08:00,0.278,205,2
2026-07-22 04:14:00,0.299,190,2
2026-07-22 04:20:00,0.36,212,2
2026-07-22 04:26:00,0.373,207,2
2026-07-22 04:32:00,0.341,209,2
2026-07-22 04:38:00,0.455,218,2
2026-07-22 04:44:00,0.426,242,2
2026-07-22 04:50:00,0.589,228,2
2026-07-22 04:56:00,0.443,214,2
2026-07-22 05:02:00,0.443,212,2
2026-07-22 05:08:00,0.378,220,2
2026-07-22 05:14:00,0.433,211,2
2026-07-22 05:20:00,0.562,224,2
2026-07-22 05:26:00,0.632,222,2
2026-07-22 05:32:00,0.648,200,2
2026-07-22 05:38:00,0.726,236,2
2026-07-22 05:44:00,0.797,203,2
2026-07-22 05:50:00,0.746,223,2
2026-07-22 05:56:00,0.819,218,2
2026-07-22 06:02:00,0.764,221,2
2026-07-22 06:08:00,0.857,227,2
2026-07-22 06:14:00,0.869,193,2
2026-07-22 06:20:00,0.811,216,2
2026-07-22 06:26:00,0.878,214,2
2026-07-22 06:32:00,0.918,209,2
2026-07-22 06:38:00,1.01,225,2
2026-07-22 06:44:00,1.048,186,2
2026-07-22 06:50:00,0.95,226,2
2026-07-22 06:56:00,1.096,211,2
2026-07-22 07:02:00,0.926,219,2
2026-07-22 07:08:00,1.035,205,2
2026-07-22 07:14:00,0.866,215,2
2026-07-22 07:20:00,0.973,217,2
2026-07-22 07:26:00,1.115,219,2
2026-07-22 07:32:00,0.956,215,2
2026-07-22 07:38:00,0.995,192,2
2026-07-22 07:44:00,0.999,216,2
2026-07-22 07:50:00,0.945,226,2
2026-07-22 07:56:00,0.933,208,2
2026-07-22 08:02:00,0.89,224,2
2026-07-22 08:08:00,0.782,238,2
2026-07-22 08:14:00,0.934,225,2
2026-07-22 08:20:00,0.834,223,2
2026-07-22 08:26:00,0.834,201,2
2026-07-22 08:32:00,0.745,213,2
2026-07-22 08:38:00,0.753,211,2
2026-07-22 08:44:00,0.782,215,2
2026-07-22 08:50:00,0.695,200,2
2026-07-22 08:56:00,0.638,223,2
2026-07-22 09:02:00,0.617,219,2
2026-07-22 09:08:00,0.632,198,2
2026-07-22 09:14:00,0.519,197,2
2026-07-22 09:20:00,0.583,207,2
2026-07-22 09:26:00,0.6,255,2
2026-07-22 09:32:00,0.474,199,2
2026-07-22 09:38:00,0.575,236,2
2026-07-22 09:44:00,0.493,213,2
2026-07-22 09:50:00,0.461,231,2
2026-07-22 09:56:00,0.423,251,2
2026-07-22 10:02:00,0.401,203,2
2026-07-22 10:08:00,0.456,209,2
2026-07-22 10:14:00,0.217,244,2
2026-07-22 10:20:00,0.116,220,2
2026-07-22 10:26:00,0.08,265,2
2026-07-22 10:32:00,0.146,279,2
2026-07-22 10:38:00,0.184,233,2
2026-07-22 10:44:00,0.395,260,2
2026-07-22 10:50:00,0.13,229,2
2026-07-22 10:56:00,0.171,171,2
2026-07-22 11:02:00,0.051,215,2
2026-07-22 11:08:00,0.275,7,2
2026-07-22 11:14:00,0.229,317,2
2026-07-22 11:20:00,0.144,346,2
2026-07-22 11:26:00,0.098,294,2
2026-07-22 11:32:00,0.254,313,2
2026-07-22 11:38:00,0.08,326,2
2026-07-22 11:44:00,0.153,1,2
2026-07-22 11:50:00,0.131,9,2
2026-07-22 11:56:00,0.117,346,2
2026-07-22 12:02:00,0.258,320,2
2026-07-22 12:08:00,0.238,311,2
2026-07-22 12:14:00,0.171,345,2
2026-07-22 12:20:00,0.035,207,2
2026-07-22 12:26:00,0.272,278,2
2026-07-22 12:32:00,0.205,344,2
2026-07-22 12:38:00,0.231,329,2
2026-07-22 12:44:00,0.149,21,2
2026-07-22 12:50:00,0.256,355,2
2026-07-22 12:56:00,0.117,324,2
2026-07-22 13:02:00,0.055,211,2
2026-07-22 13:08:00,0.258,187,2
2026-07-22 13:14:00,0.039,87,2
2026-07-22 13:20:00,0.096,182,2
2026-07-22 13:26:00,0.073,189,2
2026-07-22 13:32:00,0.161,125,2
2026-07-22 13:38:00,0.089,338,2
2026-07-22 13:44:00,0.196,229,2
2026-07-22 13:50:00,0.007,225,2
2026-07-22 13:56:00,0.121,180,2
2026-07-22 14:02:00,0.159,310,2
2026-07-22 14:08:00,0.09,53,2
2026-07-22 14:14:00,0.176,263,2
2026-07-22 14:20:00,0.141,252,2
2026-07-22 14:26:00,0.133,247,2
2026-07-22 14:32:00,0.123,218,2
2026-07-22 14:38:00,0.225,264,2
2026-07-22 14:44:00,0.098,225,2
2026-07-22 14:50:00,0.229,197,2
2026-07-22 14:56:00,0.186,239,2
2026-07-22 15:02:00,0.228,247,2
2026-07-22 15:08:00,0.212,257,2
2026-07-22 15:14:00,0.257,214,2
2026-07-22 15:20:00,0.267,254,2
2026-07-22 15:26:00,0.342,198,2
2026-07-22 15:32:00,0.371,228,2
2026-07-22 15:38:00,0.348,250,2
2026-07-22 15:44:00,0.422,227,2
2026-07-22 15:50:00,0.323,220,2
2026-07-22 15:56:00,0.392,199,2
2026-07-22 16:02:00,0.557,226,2
2026-07-22 16:08:00,0.535,234,2
2026-07-22 16:14:00,0.749,208,2
2026-07-22 16:20:00,0.571,215,2
2026-07-22 16:26:00,0.589,210,2
2026-07-22 16:32:00,0.638,211,2
2026-07-22 16:38:00,0.541,248,2
2026-07-22 16:44:00,0.512,251,2
2026-07-22 16:50:00,0.577,224,2
2026-07-22 16:56:00,0.633,203,2
2026-07-22 17:02:00,0.649,224,2
2026-07-22 17:08:00,0.596,216,2
2026-07-22 17:14:00,0.575,254,2
2026-07-22 17:20:00,0.59,228,2
2026-07-22 17:26:00,0.561,237,2
2026-07-22 17:32:00,0.554,243,2
2026-07-22 17:38:00,0.515,225,2
2026-07-22 17:44:00,0.653,208,2
2026-07-22 17:50:00,0.625,240,2
2026-07-22 17:56:00,0.545,184,2
2026-07-22 18:02:00,0.517,214,2
2026-07-22 18:08:00,0.637,208,2
2026-07-22 18:14:00,0.633,204,2
2026-07-22 18:20:00,0.548,194,2
2026-07-22 18:26:00,0.673,178,2
2026-07-22 18:32:00,0.736,190,2
2026-07-22 18:38:00,0.6,192,2
2026-07-22 18:44:00,0.643,176,2
2026-07-22 18:50:00,0.636,214,2
2026-07-22 18:56:00,0.684,190,2
2026-07-22 19:02:00,0.638,193,2
2026-07-22 19:08:00,0.63,215,2
2026-07-22 19:14:00,0.749,202,2
2026-07-22 19:20:00,0.622,202,2
2026-07-22 19:26:00,0.643,239,2
2026-07-22 19:32:00,0.563,224,2
2026-07-22 19:38:00,0.566,214,2
2026-07-22 19:44:00,0.626,211,2
2026-07-22 19:50:00,0.645,234,2
2026-07-22 19:56:00,0.664,235,2
2026-07-22 20:02:00,0.564,211,2
2026-07-22 20:08:00,0.479,215,2
2026-07-22 20:14:00,0.514,217,2
2026-07-22 20:20:00,0.48,231,2
2026-07-22 20:26:00,0.511,226,2
2026-07-22 20:32:00,0.641,246,2
2026-07-22 20:38:00,0.598,241,2
2026-07-22 20:44:00,0.532,216,2
2026-07-22 20:50:00,0.443,216,2
2026-07-22 20:56:00,0.457,249,2
2026-07-22 21:02:00,0.365,220,2
2026-07-22 21:08:00,0.421,246,2
2026-07-22 21:14:00,0.4,238,2
2026-07-22 21:20:00,0.322,263,2
2026-07-22 21:26:00,0.293,264,2
2026-07-22 21:32:00,0.199,254,2
2026-07-22 21:38:00,0.227,268,2
2026-07-22 21:44:00,0.207,271,2
2026-07-22 21:50:00,0.182,276,2
2026-07-22 21:56:00,0.087,348,2
2026-07-22 22:02:00,0.148,263,2
2026-07-22 22:08:00,0.133,13,2
2026-07-22 22:14:00,0.109,66,2
2026-07-22 22:20:00,0.324,22,2
2026-07-22 22:26:00,0.194,318,2
2026-07-22 22:32:00,0.222,10,2
2026-07-22 22:38:00,0.033,29,2
2026-07-22 22:44:00,0.057,17,2
2026-07-22 22:50:00,0.224,4,2
2026-07-22 22:56:00,0.152,81,2
2026-07-22 23:02:00,0.204,61,2
2026-07-22 23:08:00,0.35,51,2
2026-07-22 23:14:00,0.303,15,2
2026-07-22 23:20:00,0.241,82,2
2026-07-22 23:26:00,0.278,17,2
2026-07-22 23:32:00,0.373,327,2
2026-07-22 23:38:00,0.386,75,2
2026-07-22 23:44:00,0.411,36,2
2026-07-22 23:50:00,0.366,4,2
2026-07-22 23:56:00,0.419,61,2
2026-07-23 00:02:00,0.482,36,2
2026-07-23 00:08:00,0.474,24,2
2026-07-23 00:14:00,0.566,64,2
2026-07-23 00:20:00,0.409,24,2
2026-07-23 00:26:00,0.562,32,2
2026-07-23 00:32:00,0.496,38,2
2026-07-23 00:38:00,0.416,41,2
2026-07-23 00:44:00,0.311,4,2
2026-07-23 00:50:00,0.545,16,2
2026-07-23 00:56:00,0.515,24,2
2026-07-23 01:02:00,0.537,354,2
2026-07-23 01:08:00,0.421,13,2
2026-07-23 01:14:00,0.456,14,2
2026-07-23 01:20:00,0.539,27,2
2026-07-23 01:26:00,0.42,337,2
2026-07-23 01:32:00,0.449,15,2
2026-07-23 01:38:00,0.438,1,2
2026-07-23 01:44:00,0.4,5,2
2026-07-23 01:50:00,0.333,14,2
2026-07-23 01:56:00,0.384,353,2
2026-07-23 02:02:00,0.21,34,2
2026-07-23 02:08:00,0.309,17,2
2026-07-23 02:14:00,0.175,41,2
2026-07-23 02:20:00,0.138,299,2
2026-07-23 02:26:00,0.19,63,2
2026-07-23 02:32:00,0.182,20,2
2026-07-23 02:38:00,0.268,19,2
2026-07-23 02:44:00,0.22,30,2
2026-07-23 02:50:00,0.144,348,2
2026-07-23 02:56:00,0.108,42,2
2026-07-23 03:02:00,0.099,3,2
2026-07-23 03:08:00,0.25,339,2
2026-07-23 03:14:00,0.069,40,2
2026-07-23 03:20:00,0.056,270,2
2026-07-23 03:26:00,0.059,186,2
2026-07-23 03:32:00,0.104,213,2
2026-07-23 03:38:00,0.109,247,2
2026-07-23 03:44:00,0.159,239,2
2026-07-23 03:50:00,0.072,199,2
2026-07-23 03:56:00,0.256,264,2
2026-07-23 04:02:00,0.353,195,2
2026-07-23 04:08:00,0.319,235,2
2026-07-23 04:14:00,0.383,166,2
2026-07-23 04:20:00,0.4,227,2
2026-07-23 04:26:00,0.346,194,2
2026-07-23 04:32:00,0.414,237,2
2026-07-23 04:38:00,0.446,216,2
2026-07-23 04:44:00,0.473,198,2
2026-07-23 04:50:00,0.455,258,2
2026-07-23 04:56:00,0.459,225,2
2026-07-23 05:02:00,0.614,192,2
2026-07-23 05:08:00,0.719,205,2
2026-07-23 05:14:00,0.649,209,2
2026-07-23 05:20:00,0.605,213,2
2026-07-23 05:26:00,0.55,250,2
2026-07-23 05:32:00,0.533,208,2
2026-07-23 05:38:00,0.627,194,2
2026-07-23 05:44:00,0.633,212,2
2026-07-23 05:50:00,0.715,196,2
2026-07-23 05:56:00,0.719,207,2
2026-07-23 06:02:00,0.843,217,2
2026-07-23 06:08:00,0.841,213,2
2026-07-23 06:14:00,0.731,192,2
2026-07-23 06:20:00,0.739,208,2
2026-07-23 06:26:00,0.795,208,2
2026-07-23 06:32:00,0.814,203,2
2026-07-23 06:38:00,0.854,215,2
2026-07-23 06:44:00,0.855,217,2
2026-07-23 06:50:00,0.861,217,2
2026-07-23 06:56:00,0.862,213,2
2026-07-23 07:02:00,0.938,224,2
2026-07-23 07:08:00,0.921,205,2
2026-07-23 07:14:00,0.862,236,2
2026-07-23 07:20:00,0.849,221,2
2026-07-23 07:26:00,1.095,228,2
2026-07-23 07:32:00,1.132,202,2
2026-07-23 07:38:00,1.179,209,2
2026-07-23 07:44:00,1.004,200,2
2026-07-23 07:50:00,0.978,218,2
2026-07-23 07:56:00,0.911,230,2
2026-07-23 08:02:00,1.002,214,2
2026-07-23 08:08:00,0.854,214,2
2026-07-23 08:14:00,1.043,228,2
2026-07-23 08:20:00,1.037,222,2
2026-07-23 08:26:00,1.011,202,2
2026-07-23 08:32:00,1.059,209,2
2026-07-23 08:38:00,1.128,219,2
2026-07-23 08:44:00,0.911,217,2
2026-07-23 08:50:00,0.972,217,2
2026-07-23 09:02:00,0.959,193,2
2026-07-23 09:08:00,0.849,202,2
2026-07-23 09:14:00,0.83,224,2
2026-07-23 09:20:00,0.779,218,2
2026-07-23 09:26:00,0.821,196,2
2026-07-23 09:32:00,0.951,228,2
2026-07-23 09:38:00,1.007,212,2
2026-07-23 09:44:00,1.005,214,2
2026-07-23 09:50:00,1.023,209,2
2026-07-23 09:56:00,0.966,225,2
2026-07-23 10:02:00,0.891,215,2
2026-07-23 10:08:00,0.8,217,2
2026-07-23 10:14:00,0.833,215,2
2026-07-23 10:20:00,0.776,219,2
2026-07-23 10:26:00,0.938,207,2
2026-07-23 10:32:00,0.919,227,2
2026-07-23 10:38:00,0.661,238,2
2026-07-23 10:44:00,0.619,227,2
2026-07-23 10:50:00,0.575,243,2
2026-07-23 10:56:00,0.613,236,2
2026-07-23 11:02:00,0.583,228,2
2026-07-23 11:08:00,0.615,232,2
2026-07-23 11:14:00,0.455,221,2
2026-07-23 11:20:00,0.429,249,2
2026-07-23 11:26:00,0.484,259,2
2026-07-23 11:32:00,0.413,239,2
2026-07-23 11:38:00,0.452,250,2
2026-07-23 11:44:00,0.401,243,2
2026-07-23 11:50:00,0.3,233,2
2026-07-23 11:56:00,0.27,237,2
2026-07-23 12:02:00,0.243,239,2
2026-07-23 12:08:00,0.22,205,2
2026-07-23 12:14:00,0.091,227,2
2026-07-23 12:20:00,0.113,294,2
2026-07-23 12:26:00,0.084,261,2
2026-07-23 12:32:00,0.044,274,2
2026-07-23 12:38:00,0.103,353,2
2026-07-23 12:44:00,0.106,320,2
2026-07-23 12:50:00,0.043,240,2
2026-07-23 12:56:00,0.195,33,2
2026-07-23 13:02:00,0.101,323,2
2026-07-23 13:08:00,0.21,27,2
2026-07-23 13:14:00,0.169,41,2
2026-07-23 13:20:00,0.254,54,2
2026-07-23 13:26:00,0.21,347,2
2026-07-23 13:32:00,0.2,322,2
2026-07-23 13:38:00,0.185,348,2
2026-07-23 13:44:00,0.184,35,2
2026-07-23 13:50:00,0.166,359,2
2026-07-23 13:56:00,0.168,40,2
2026-07-23 14:02:00,0.231,42,2
2026-07-23 14:08:00,0.236,10,2
2026-07-23 14:14:00,0.291,59,2
2026-07-23 14:20:00,0.127,36,2
2026-07-23 14:26:00,0.183,51,2
2026-07-23 14:32:00,0.316,39,2
2026-07-23 14:38:00,0.257,89,2
2026-07-23 14:44:00,0.186,61,2
2026-07-23 14:50:00,0.215,30,2
2026-07-23 14:56:00,0.136,32,2
2026-07-23 15:02:00,0.092,72,2
2026-07-23 15:08:00,0.171,76,2
2026-07-23 15:14:00,0.006,150,2
2026-07-23 15:20:00,0.079,184,2
2026-07-23 15:26:00,0.134,65,2
2026-07-23 15:32:00,0.119,129,2
2026-07-23 15:38:00,0.109,127,2
2026-07-23 15:44:00,0.123,85,2
2026-07-23 15:50:00,0.159,0,2
2026-07-23 15:56:00,0.018,290,2
2026-07-23 16:02:00,0.083,215,2
2026-07-23 16:08:00,0.165,222,2
2026-07-23 16:14:00,0.177,212,2
2026-07-23 16:20:00,0.169,160,2
2026-07-23 16:26:00,0.15,205,2
2026-07-23 16:32:00,0.233,216,2
2026-07-23 16:38:00,0.248,236,2
2026-07-23 16:44:00,0.03,247,2
2026-07-23 16:50:00,0.068,298,2
2026-07-23 16:56:00,0.16,287,2
2026-07-23 17:02:00,0.07,271,2
2026-07-23 17:08:00,0.106,219,2
2026-07-23 17:14:00,0.166,294,2
2026-07-23 17:20:00,0.116,236,2
2026-07-23 17:26:00,0.157,186,2
2026-07-23 17:32:00,0.17,233,2
2026-07-23 17:38:00,0.237,215,2
2026-07-23 17:44:00,0.21,215,2
2026-07-23 17:50:00,0.189,207,2
2026-07-23 17:56:00,0.224,193,2
2026-07-23 18:02:00,0.313,213,2
2026-07-23 18:08:00,0.24,186,2
2026-07-23 18:14:00,0.236,180,2
2026-07-23 18:20:00,0.229,209,2
2026-07-23 18:26:00,0.236,227,2
2026-07-23 18:32:00,0.309,203,2
2026-07-23 18:38:00,0.301,194,2
2026-07-23 18:44:00,0.328,188,2
2026-07-23 18:50:00,0.29,197,2
2026-07-23 18:56:00,0.228,182,2
2026-07-23 19:02:00,0.245,186,2
2026-07-23 19:08:00,0.335,214,2
2026-07-23 19:14:00,0.202,230,2
2026-07-23 19:20:00,0.332,230,2
2026-07-23 19:26:00,0.288,246,2
2026-07-23 19:32:00,0.253,227,2
2026-07-23 19:38:00,0.257,244,2
2026-07-23 19:44:00,0.287,200,2
2026-07-23 19:50:00,0.246,178,2
2026-07-23 19:56:00,0.253,207,2
2026-07-23 20:02:00,0.211,201,2
2026-07-23 20:08:00,0.17,185,2
2026-07-23 20:14:00,0.179,159,2
2026-07-23 20:20:00,0.146,208,2
2026-07-23 20:26:00,0.122,201,2
2026-07-23 20:32:00,0.129,215,2
2026-07-23 20:38:00,0.171,198,2
2026-07-23 20:44:00,0.08,219,2
2026-07-23 20:50:00,0.069,237,2
2026-07-23 20:56:00,0.044,226,2
2026-07-23 21:02:00,0.06,348,2
2026-07-23 21:08:00,0.078,36,2
2026-07-23 21:14:00,0.087,218,2
2026-07-23 21:20:00,0.106,222,2
2026-07-23 21:26:00,0.185,127,2
2026-07-23 21:32:00,0.156,10,2
2026-07-23 21:38:00,0.211,62,2
2026-07-23 21:44:00,0.161,53,2
2026-07-23 21:50:00,0.237,62,2
2026-07-23 21:56:00,0.276,55,2
2026-07-23 22:02:00,0.312,28,2
2026-07-23 22:08:00,0.258,45,2
2026-07-23 22:14:00,0.22,12,2
2026-07-23 22:20:00,0.061,152,2
2026-07-23 22:26:00,0.362,352,2
2026-07-23 22:32:00,0.479,21,2
2026-07-23 22:38:00,0.313,46,2
2026-07-23 22:44:00,0.489,37,2
2026-07-23 22:50:00,0.449,37,2
2026-07-23 22:56:00,0.467,25,2
2026-07-23 23:02:00,0.458,34,2
2026-07-23 23:08:00,0.49,9,2
2026-07-23 23:14:00,0.514,17,2
2026-07-23 23:20:00,0.674,24,2
2026-07-23 23:26:00,0.661,27,2
2026-07-23 23:32:00,0.679,29,2
2026-07-23 23:38:00,0.442,18,2
2026-07-23 23:44:00,0.652,35,2
2026-07-23 23:50:00,0.781,12,2
2026-07-23 23:56:00,0.709,42,2
2026-07-24 00:02:00,0.803,39,2
2026-07-24 00:08:00,0.77,40,2
2026-07-24 00:14:00,0.733,40,2
2026-07-24 00:20:00,0.776,10,2
2026-07-24 00:26:00,0.742,38,2
2026-07-24 00:32:00,0.844,10,2
2026-07-24 00:38:00,0.829,47,2
2026-07-24 00:44:00,0.915,43,2
2026-07-24 00:50:00,0.8,49,2
2026-07-24 00:56:00,0.789,15,2
2026-07-24 01:02:00,0.948,13,2
2026-07-24 01:08:00,0.884,24,2
2026-07-24 01:14:00,0.823,45,2
2026-07-24 01:20:00,0.831,22,2
2026-07-24 01:26:00,0.916,13,2
2026-07-24 01:32:00,0.872,14,2
2026-07-24 01:38:00,0.895,19,2
2026-07-24 01:44:00,0.861,16,2
2026-07-24 01:50:00,0.899,8,2
2026-07-24 01:56:00,0.888,15,2
2026-07-24 02:02:00,0.907,31,2
2026-07-24 02:08:00,0.842,18,2
2026-07-24 02:14:00,0.816,22,2
2026-07-24 02:20:00,0.845,27,2
2026-07-24 02:26:00,0.808,29,2
2026-07-24 02:32:00,0.759,12,2
2026-07-24 02:38:00,0.817,22,2
2026-07-24 02:44:00,0.815,25,2
2026-07-24 02:50:00,0.801,19,2
2026-07-24 02:56:00,0.755,38,2
2026-07-24 03:02:00,0.798,29,2
2026-07-24 03:08:00,0.768,24,2
2026-07-24 03:14:00,0.688,13,2
2026-07-24 03:20:00,0.674,11,2
2026-07-24 03:26:00,0.729,38,2
2026-07-24 03:32:00,0.602,26,2
2026-07-24 03:38:00,0.541,28,2
2026-07-24 03:44:00,0.535,55,2
2026-07-24 03:50:00,0.598,19,2
2026-07-24 03:56:00,0.637,29,2
2026-07-24 04:02:00,0.515,6,2
2026-07-24 04:08:00,0.484,24,2
2026-07-24 04:14:00,0.421,32,2
2026-07-24 04:20:00,0.359,21,2
2026-07-24 04:26:00,0.344,36,2
2026-07-24 04:32:00,0.269,52,2
2026-07-24 04:38:00,0.239,66,2
2026-07-24 04:44:00,0.095,63,2
2026-07-24 04:50:00,0.1,60,2
2026-07-24 04:56:00,0.061,44,2
2026-07-24 05:02:00,0.093,158,2
2026-07-24 05:08:00,0.096,264,2
2026-07-24 05:14:00,0.058,288,2
2026-07-24 05:20:00,0.065,281,2
2026-07-24 05:26:00,0.224,230,2
2026-07-24 05:32:00,0.217,138,2
2026-07-24 05:38:00,0.124,226,2
2026-07-24 05:44:00,0.05,94,2
2026-07-24 05:50:00,0.052,224,2
2026-07-24 05:56:00,0.123,198,2
2026-07-24 06:02:00,0.165,273,2
2026-07-24 06:08:00,0.142,237,2
2026-07-24 06:14:00,0.082,236,2
2026-07-24 06:20:00,0.162,248,2
2026-07-24 06:26:00,0.134,226,2
2026-07-24 06:32:00,0.234,213,2
2026-07-24 06:38:00,0.214,257,2
2026-07-24 06:44:00,0.297,223,2
2026-07-24 06:50:00,0.318,231,2
2026-07-24 06:56:00,0.337,212,2
2026-07-24 07:02:00,0.368,213,2
2026-07-24 07:08:00,0.359,222,2
2026-07-24 07:14:00,0.469,209,2
2026-07-24 07:20:00,0.367,205,2
2026-07-24 07:26:00,0.365,211,2
2026-07-24 07:32:00,0.37,221,2
2026-07-24 07:38:00,0.417,214,2
2026-07-24 07:44:00,0.506,212,2
2026-07-24 07:50:00,0.576,238,2
2026-07-24 07:56:00,0.532,216,2
2026-07-24 08:02:00,0.597,198,2
2026-07-24 08:08:00,0.471,208,2
2026-07-24 08:14:00,0.524,221,2
2026-07-24 08:20:00,0.424,207,2
2026-07-24 08:26:00,0.458,205,2
2026-07-24 08:32:00,0.446,188,2
2026-07-24 08:38:00,0.429,201,2
2026-07-24 08:44:00,0.43,209,2
2026-07-24 08:50:00,0.48,193,2
2026-07-24 08:56:00,0.502,210,2
2026-07-24 09:02:00,0.527,207,2
2026-07-24 09:08:00,0.492,204,2
2026-07-24 09:14:00,0.512,222,2
2026-07-24 09:20:00,0.544,191,2
2026-07-24 09:26:00,0.727,202,2
2026-07-24 09:32:00,1.172,216,2
2026-07-24 09:38:00,1.237,210,2
2026-07-24 09:44:00,1.311,234,2
2026-07-24 09:50:00,1.323,204,2
2026-07-24 09:56:00,1.138,195,2
2026-07-24 10:02:00,1.092,204,2
2026-07-24 10:08:00,0.959,200,2
2026-07-24 10:14:00,0.91,205,2
2026-07-24 10:20:00,0.884,232,2
2026-07-24 10:26:00,0.786,222,2
2026-07-24 10:32:00,0.744,220,2
2026-07-24 10:38:00,1.039,229,2
2026-07-24 10:44:00,0.888,249,2
2026-07-24 10:50:00,1.009,182,2
2026-07-24 10:56:00,0.914,241,2
2026-07-24 11:02:00,0.901,206,2
2026-07-24 11:08:00,0.732,209,2
2026-07-24 11:14:00,0.698,197,2
2026-07-24 11:20:00,0.754,222,2
2026-07-24 11:26:00,0.71,183,2
2026-07-24 11:32:00,0.728,190,2
2026-07-24 11:38:00,0.598,219,2
2026-07-24 11:44:00,0.595,184,2
2026-07-24 11:50:00,0.53,216,2
2026-07-24 11:56:00,0.532,182,2
2026-07-24 12:02:00,0.432,222,2
2026-07-24 12:08:00,0.58,199,2
2026-07-24 12:14:00,0.421,208,2
2026-07-24 12:20:00,0.484,200,2
2026-07-24 12:26:00,0.425,199,2
2026-07-24 12:32:00,0.381,213,2
2026-07-24 12:38:00,0.193,205,2
2026-07-24 12:44:00,0.271,211,2
2026-07-24 12:50:00,0.137,180,2
2026-07-24 12:56:00,0.116,200,2
2026-07-24 13:02:00,0.112,208,2
2026-07-24 13:08:00,0.089,167,2
2026-07-24 13:14:00,0.129,205,2
2026-07-24 13:20:00,0.105,227,2
2026-07-24 13:26:00,0.084,183,2
2026-07-24 13:32:00,0.123,209,2
2026-07-24 13:38:00,0.146,235,2
2026-07-24 13:44:00,0.205,275,2
2026-07-24 13:50:00,0.114,296,2
2026-07-24 13:56:00,0.145,0,2
2026-07-24 14:02:00,0.166,326,2
2026-07-24 14:08:00,0.132,336,2
2026-07-24 14:14:00,0.126,351,2
2026-07-24 14:20:00,0.06,17,2
2026-07-24 14:26:00,0.094,27,2
2026-07-24 14:32:00,0.021,237,2
2026-07-24 14:38:00,0.045,356,2
2026-07-24 14:44:00,0.144,347,2
2026-07-24 14:50:00,0.116,14,2
2026-07-24 14:56:00,0.06,63,2
2026-07-24 15:02:00,0.023,47,2
2026-07-24 15:08:00,0.082,117,2
2026-07-24 15:14:00,0.079,158,2
2026-07-24 15:20:00,0.063,118,2
2026-07-24 15:26:00,0.089,34,2
2026-07-24 15:32:00,0.127,83,2
2026-07-24 15:38:00,0.106,92,2
2026-07-24 15:44:00,0.075,207,2
2026-07-24 15:50:00,0.111,280,2
2026-07-24 15:56:00,0.132,168,2
2026-07-24 16:02:00,0.147,303,2
2026-07-24 16:08:00,0.062,324,2
2026-07-24 16:14:00,0.191,302,2
2026-07-24 16:20:00,0.143,51,2
2026-07-24 16:26:00,0.294,269,2
2026-07-24 16:32:00,0.243,269,2
2026-07-24 16:38:00,0.222,256,2
2026-07-24 16:44:00,0.15,235,2
2026-07-24 16:50:00,0.09,272,2
2026-07-24 16:56:00,0.099,326,2
2026-07-24 17:02:00,0.19,355,2
2026-07-24 17:08:00,0.132,250,2
2026-07-24 17:14:00,0.073,268,2
2026-07-24 17:20:00,0.242,270,2
2026-07-24 17:26:00,0.186,243,2
2026-07-24 17:32:00,0.218,272,2
2026-07-24 17:38:00,0.236,234,2
2026-07-24 17:44:00,0.471,220,2
2026-07-24 17:50:00,0.391,202,2
2026-07-24 17:56:00,0.307,214,2
2026-07-24 18:02:00,0.305,219,2
2026-07-24 18:08:00,0.311,228,2
2026-07-24 18:14:00,0.339,241,2
2026-07-24 18:20:00,0.364,230,2
2026-07-24 18:26:00,0.363,235,2
2026-07-24 18:32:00,0.359,211,2
2026-07-24 18:38:00,0.382,222,2
2026-07-24 18:44:00,0.373,212,2
2026-07-24 18:50:00,0.342,208,2
2026-07-24 18:56:00,0.352,212,2
2026-07-24 19:02:00,0.407,218,2
2026-07-24 19:08:00,0.41,189,2
2026-07-24 19:14:00,0.471,222,2
2026-07-24 19:20:00,0.436,204,2
2026-07-24 19:26:00,0.46,197,2
2026-07-24 19:32:00,0.497,223,2
2026-07-24 19:38:00,0.484,213,2
2026-07-24 19:44:00,0.419,203,2
2026-07-24 19:50:00,0.415,214,2
2026-07-24 19:56:00,0.438,213,2
2026-07-24 20:02:00,0.414,193,2
2026-07-24 20:08:00,0.339,184,2
2026-07-24 20:14:00,0.424,181,2
2026-07-24 20:20:00,0.434,212,2
2026-07-24 20:26:00,0.464,197,2
2026-07-24 20:32:00,0.353,186,2
2026-07-24 20:38:00,0.444,199,2
2026-07-24 20:44:00,0.463,185,2
2026-07-24 20:50:00,0.465,200,2
2026-07-24 20:56:00,0.408,188,2
2026-07-24 21:02:00,0.32,187,2
2026-07-24 21:08:00,0.422,198,2
2026-07-24 21:14:00,0.335,186,2
2026-07-24 21:20:00,0.433,221,2
2026-07-24 21:26:00,0.407,207,2
2026-07-24 21:32:00,0.236,186,2
2026-07-24 21:38:00,0.29,222,2
2026-07-24 21:44:00,0.235,175,2
2026-07-24 21:50:00,0.303,174,2
2026-07-24 21:56:00,0.228,166,2
2026-07-24 22:02:00,0.261,179,2
2026-07-24 22:08:00,0.068,155,2
2026-07-24 22:14:00,0.091,185,2
2026-07-24 22:20:00,0.166,163,2
2026-07-24 22:26:00,0.01,237,2
2026-07-24 22:32:00,0.077,45,2
2026-07-24 22:38:00,0.015,282,2
2026-07-24 22:44:00,0.139,44,2
2026-07-24 22:50:00,0.245,95,2
2026-07-24 22:56:00,0.253,55,2
2026-07-24 23:02:00,0.187,41,2
2026-07-24 23:08:00,0.095,292,2
2026-07-24 23:14:00,0.225,35,2
2026-07-24 23:20:00,0.289,73,2
2026-07-24 23:26:00,0.324,38,2
2026-07-24 23:32:00,0.329,45,2
2026-07-24 23:38:00,0.368,38,2
2026-07-24 23:44:00,0.264,42,2
2026-07-24 23:50:00,0.333,47,2
2026-07-24 23:56:00,0.407,30,2
2026-07-25 00:02:00,0.454,28,2
2026-07-25 00:08:00,0.52,27,2
2026-07-25 00:14:00,0.331,29,2
2026-07-25 00:20:00,0.449,24,2
2026-07-25 00:26:00,0.604,18,2
2026-07-25 00:32:00,0.584,30,2
2026-07-25 00:38:00,0.576,32,2
2026-07-25 00:44:00,0.559,11,2
2026-07-25 00:50:00,0.666,10,2
2026-07-25 00:56:00,0.521,7,2
2026-07-25 01:02:00,0.532,19,2
2026-07-25 01:08:00,0.651,11,2
2026-07-25 01:14:00,0.587,11,2
2026-07-25 01:20:00,0.627,3,2
2026-07-25 01:26:00,0.596,20,2
2026-07-25 01:32:00,0.725,18,2
2026-07-25 01:38:00,0.703,355,2
2026-07-25 01:44:00,0.701,6,2
2026-07-25 01:50:00,0.701,18,2
2026-07-25 01:56:00,0.758,8,2
2026-07-25 02:02:00,0.767,20,2
2026-07-25 02:08:00,0.676,16,2
2026-07-25 02:14:00,0.76,356,2
2026-07-25 02:20:00,0.656,0,2
2026-07-25 02:26:00,0.64,3,2
2026-07-25 02:32:00,0.679,17,2
2026-07-25 02:38:00,0.525,29,2
2026-07-25 02:44:00,0.661,7,2
2026-07-25 02:50:00,0.653,32,2
2026-07-25 02:56:00,0.592,30,2
2026-07-25 03:02:00,0.571,356,2
2026-07-25 03:08:00,0.653,20,2
2026-07-25 03:14:00,0.572,33,2
2026-07-25 03:20:00,0.504,40,2
2026-07-25 03:26:00,0.593,25,2
2026-07-25 03:32:00,0.53,16,2
2026-07-25 03:38:00,0.496,42,2
2026-07-25 03:44:00,0.618,9,2
2026-07-25 03:50:00,0.55,39,2
2026-07-25 03:56:00,0.39,9,2
2026-07-25 04:02:00,0.481,45,2
2026-07-25 04:08:00,0.387,22,2
2026-07-25 04:14:00,0.575,33,2
2026-07-25 04:20:00,0.382,31,2
2026-07-25 04:26:00,0.443,35,2
2026-07-25 04:32:00,0.449,11,2
2026-07-25 04:38:00,0.325,43,2
2026-07-25 04:44:00,0.347,19,2
2026-07-25 04:50:00,0.408,37,2
2026-07-25 04:56:00,0.399,47,2
2026-07-25 05:02:00,0.366,53,2
2026-07-25 05:08:00,0.323,32,2
2026-07-25 05:14:00,0.184,49,2
2026-07-25 05:20:00,0.31,37,2
2026-07-25 05:26:00,0.254,25,2
2026-07-25 05:32:00,0.102,32,2
2026-07-25 05:38:00,0.018,66,2
2026-07-25 05:44:00,0.023,137,2
2026-07-25 05:50:00,0.144,45,2
2026-07-25 05:56:00,0.082,155,2
2026-07-25 06:02:00,0.103,84,2
2026-07-25 06:08:00,0.104,123,2
2026-07-25 06:14:00,0.086,82,2
2026-07-25 06:20:00,0.058,239,2
2026-07-25 06:26:00,0.142,107,2
2026-07-25 06:32:00,0.132,191,2
2026-07-25 06:38:00,0.077,297,2
2026-07-25 06:44:00,0.262,174,2
2026-07-25 06:50:00,0.326,189,2
2026-07-25 06:56:00,0.039,135,2
2026-07-25 07:02:00,0.09,241,2
2026-07-25 07:08:00,0.109,236,2
2026-07-25 07:14:00,0.173,186,2
2026-07-25 07:20:00,0.285,231,2
2026-07-25 07:26:00,0.299,244,2
2026-07-25 07:32:00,0.391,261,2
2026-07-25 07:38:00,0.484,253,2
2026-07-25 07:44:00,0.389,261,2
2026-07-25 07:50:00,0.41,271,2
2026-07-25 07:56:00,0.378,278,2
2026-07-25 08:02:00,0.432,258,2
2026-07-25 08:08:00,0.343,239,2
2026-07-25 08:14:00,0.462,233,2
2026-07-25 08:20:00,0.525,214,2
2026-07-25 08:26:00,0.605,224,2
2026-07-25 08:32:00,0.577,225,2
2026-07-25 08:38:00,0.56,229,2
2026-07-25 08:44:00,0.646,212,2
2026-07-25 08:50:00,0.632,201,2
2026-07-25 08:56:00,0.608,190,2
2026-07-25 09:02:00,0.671,187,2
2026-07-25 09:08:00,0.65,198,2
2026-07-25 09:14:00,0.579,236,2
2026-07-25 09:20:00,0.706,205,2
2026-07-25 09:26:00,0.774,184,2
2026-07-25 09:32:00,0.753,208,2
2026-07-25 09:38:00,0.703,230,2
2026-07-25 09:44:00,0.709,220,2
2026-07-25 09:50:00,0.645,222,2
2026-07-25 09:56:00,0.566,194,2
2026-07-25 10:02:00,0.587,205,2
2026-07-25 10:08:00,0.629,239,2
2026-07-25 10:14:00,0.458,206,2
2026-07-25 10:20:00,0.535,207,2
2026-07-25 10:26:00,0.738,217,2
2026-07-25 10:32:00,0.715,220,2
2026-07-25 10:38:00,0.787,240,2
2026-07-25 10:44:00,0.681,228,2
2026-07-25 10:50:00,0.644,200,2
2026-07-25 10:56:00,0.667,223,2
2026-07-25 11:02:00,0.576,216,2
2026-07-25 11:08:00,0.579,208,2
2026-07-25 11:14:00,0.598,215,2
2026-07-25 11:20:00,0.597,234,2
2026-07-25 11:26:00,0.681,224,2
2026-07-25 11:32:00,0.585,211,2
2026-07-25 11:44:00,0.577,231,2
2026-07-25 11:50:00,0.569,232,2
2026-07-25 11:56:00,0.422,214,2
2026-07-25 12:02:00,0.47,209,2
2026-07-25 12:08:00,0.546,231,2
2026-07-25 12:14:00,0.41,223,2
2026-07-25 12:20:00,0.418,216,2
2026-07-25 12:26:00,0.434,210,2
2026-07-25 12:32:00,0.375,225,2
2026-07-25 12:38:00,0.293,233,2
2026-07-25 12:44:00,0.261,229,2
2026-07-25 12:50:00,0.299,274,2
2026-07-25 12:56:00,0.215,227,2
2026-07-25 13:02:00,0.073,208,2
2026-07-25 13:08:00,0.053,239,2
2026-07-25 13:14:00,0.081,279,2
2026-07-25 13:20:00,0.137,16,2
2026-07-25 13:26:00,0.066,253,2
2026-07-25 13:32:00,0.055,74,2
2026-07-25 13:38:00,0.101,58,2
2026-07-25 13:44:00,0.071,290,2
2026-07-25 13:50:00,0.135,292,2
2026-07-25 13:56:00,0.142,311,2
2026-07-25 14:02:00,0.25,298,2
2026-07-25 14:08:00,0.125,352,2
2026-07-25 14:14:00,0.085,339,2
2026-07-25 14:20:00,0.009,142,2
2026-07-25 14:26:00,0.112,310,2
2026-07-25 14:32:00,0.052,314,2
2026-07-25 14:38:00,0.219,304,2
2026-07-25 14:44:00,0.129,316,2
2026-07-25 14:50:00,0.285,290,2
2026-07-25 14:56:00,0.204,302,2
2026-07-25 15:02:00,0.068,312,2
2026-07-25 15:08:00,0.169,311,2
2026-07-25 15:14:00,0.087,316,2
2026-07-25 15:20:00,0.077,152,2
2026-07-25 15:26:00,0.068,286,2
2026-07-25 15:32:00,0.086,323,2
2026-07-25 15:38:00,0.147,229,2
2026-07-25 15:44:00,0.053,269,2
2026-07-25 15:50:00,0.138,267,2
2026-07-25 15:56:00,0.106,277,2
2026-07-25 16:02:00,0.129,344,2
2026-07-25 16:08:00,0.078,132,2
2026-07-25 16:14:00,0.068,277,2
2026-07-25 16:20:00,0.136,278,2
2026-07-25 16:26:00,0.137,207,2
2026-07-25 16:32:00,0.058,168,2
2026-07-25 16:38:00,0.139,31,2
2026-07-25 16:44:00,0.103,16,2
2026-07-25 16:50:00,0.181,310,2
2026-07-25 16:56:00,0.212,346,2
2026-07-25 17:02:00,0.22,27,2
2026-07-25 17:08:00,0.04,35,2
2026-07-25 17:14:00,0.075,159,2
2026-07-25 17:20:00,0.13,192,2
2026-07-25 17:26:00,0.035,252,2
2026-07-25 17:32:00,0.068,8,2
2026-07-25 17:38:00,0.186,4,2
2026-07-25 17:44:00,0.287,25,2
2026-07-25 17:50:00,0.347,356,2
2026-07-25 17:56:00,0.203,340,2
2026-07-25 18:02:00,0.088,289,2
2026-07-25 18:08:00,0.091,256,2
2026-07-25 18:14:00,0.082,258,2
2026-07-25 18:20:00,0.059,264,2
2026-07-25 18:26:00,0.061,178,2
2026-07-25 18:32:00,0.129,247,2
2026-07-25 18:38:00,0.275,248,2
2026-07-25 18:44:00,0.211,234,2
2026-07-25 18:50:00,0.18,213,2
2026-07-25 18:56:00,0.18,248,2
2026-07-25 19:02:00,0.243,235,2
2026-07-25 19:08:00,0.294,230,2
2026-07-25 19:14:00,0.351,230,2
2026-07-25 19:20:00,0.434,214,2
2026-07-25 19:26:00,0.406,223,2
2026-07-25 19:32:00,0.348,245,2
2026-07-25 19:38:00,0.343,251,2
2026-07-25 19:44:00,0.419,220,2
2026-07-25 19:50:00,0.378,196,2
2026-07-25 19:56:00,0.444,190,2
2026-07-25 20:02:00,0.452,199,2
2026-07-25 20:08:00,0.328,185,2
2026-07-25 20:14:00,0.461,231,2
2026-07-25 20:20:00,0.353,186,2
2026-07-25 20:26:00,0.433,177,2
2026-07-25 20:32:00,0.462,203,2
2026-07-25 20:38:00,0.448,199,2
2026-07-25 20:44:00,0.453,223,2
2026-07-25 20:50:00,0.485,236,2
2026-07-25 20:56:00,0.451,202,2
2026-07-25 21:02:00,0.491,207,2
2026-07-25 21:08:00,0.486,185,2
2026-07-25 21:14:00,0.464,210,2
2026-07-25 21:20:00,0.464,218,2
2026-07-25 21:26:00,0.397,193,2
2026-07-25 21:32:00,0.504,196,2
2026-07-25 21:38:00,0.394,229,2
2026-07-25 21:44:00,0.43,242,2
2026-07-25 21:50:00,0.331,241,2
2026-07-25 21:56:00,0.406,253,2
2026-07-25 22:02:00,0.391,259,2
2026-07-25 22:08:00,0.29,223,2
2026-07-25 22:14:00,0.313,212,2
2026-07-25 22:20:00,0.274,204,2
2026-07-25 22:26:00,0.246,235,2
2026-07-25 22:32:00,0.152,208,2
2026-07-25 22:38:00,0.191,178,2
2026-07-25 22:44:00,0.215,218,2
2026-07-25 22:50:00,0.08,163,2
2026-07-25 22:56:00,0.165,188,2
2026-07-25 23:02:00,0.136,196,2
2026-07-25 23:08:00,0.101,152,2
2026-07-25 23:14:00,0.169,161,2
2026-07-25 23:20:00,0.104,159,2
2026-07-25 23:26:00,0.031,57,2
2026-07-25 23:32:00,0.082,78,2
2026-07-25 23:38:00,0.08,123,2
2026-07-25 23:44:00,0.157,71,2
2026-07-25 23:50:00,0.155,71,2
2026-07-25 23:56:00,0.156,60,2
2026-07-26 00:02:00,0.062,64,2
2026-07-26 00:08:00,0.17,51,2
2026-07-26 00:14:00,0.151,40,2
2026-07-26 00:20:00,0.183,59,2
2026-07-26 00:26:00,0.13,88,2
2026-07-26 00:32:00,0.193,50,2
2026-07-26 00:38:00,0.25,36,2
2026-07-26 00:44:00,0.345,35,2
2026-07-26 00:50:00,0.285,21,2
2026-07-26 00:56:00,0.374,7,2
2026-07-26 01:02:00,0.436,32,2
2026-07-26 01:08:00,0.521,8,2
2026-07-26 01:14:00,0.579,20,2
2026-07-26 01:20:00,0.533,22,2
2026-07-26 01:26:00,0.539,25,2
2026-07-26 01:32:00,0.608,9,2
2026-07-26 01:38:00,0.492,8,2
2026-07-26 01:44:00,0.472,8,2
2026-07-26 01:50:00,0.439,24,2
2026-07-26 01:56:00,0.399,12,2
2026-07-26 02:02:00,0.483,14,2
2026-07-26 02:08:00,0.51,15,2
2026-07-26 02:14:00,0.494,3,2
2026-07-26 02:20:00,0.598,14,2
2026-07-26 02:26:00,0.484,17,2
2026-07-26 02:32:00,0.564,1,2
2026-07-26 02:38:00,0.502,18,2
2026-07-26 02:44:00,0.606,6,2
2026-07-26 02:50:00,0.567,355,2
2026-07-26 02:56:00,0.581,9,2
2026-07-26 03:02:00,0.563,8,2
2026-07-26 03:08:00,0.587,25,2
2026-07-26 03:14:00,0.664,21,2
2026-07-26 03:20:00,0.651,3,2
2026-07-26 03:26:00,0.696,8,2
2026-07-26 03:32:00,0.672,33,2
2026-07-26 03:38:00,0.718,15,2
2026-07-26 03:44:00,0.649,18,2
2026-07-26 03:50:00,0.713,27,2
2026-07-26 03:56:00,0.744,12,2
2026-07-26 04:02:00,0.597,1,2
2026-07-26 04:08:00,0.69,3,2
2026-07-26 04:14:00,0.611,36,2
2026-07-26 04:20:00,0.615,13,2
2026-07-26 04:26:00,0.638,15,2
2026-07-26 04:32:00,0.538,17,2
2026-07-26 04:38:00,0.595,28,2
2026-07-26 04:44:00,0.483,19,2
2026-07-26 04:50:00,0.448,27,2
2026-07-26 04:56:00,0.521,24,2
2026-07-26 05:02:00,0.513,10,2
2026-07-26 05:08:00,0.5,351,2
2026-07-26 05:14:00,0.409,336,2
2026-07-26 05:20:00,0.302,17,2
2026-07-26 05:26:00,0.344,36,2
2026-07-26 05:32:00,0.276,28,2
2026-07-26 05:38:00,0.294,43,2
2026-07-26 05:44:00,0.269,43,2
2026-07-26 05:50:00,0.213,48,2
2026-07-26 05:56:00,0.191,81,2
2026-07-26 06:02:00,0.125,104,2
2026-07-26 06:08:00,0.039,42,2
2026-07-26 06:14:00,0.106,52,2
2026-07-26 06:20:00,0.063,71,2
2026-07-26 06:26:00,0.066,137,2
2026-07-26 06:32:00,0.093,309,2
2026-07-26 06:38:00,0.11,311,2
2026-07-26 06:44:00,0.051,346,2
2026-07-26 06:50:00,0.033,196,2
2026-07-26 06:56:00,0.142,327,2
2026-07-26 07:02:00,0.144,259,2
2026-07-26 07:08:00,0.091,202,2
2026-07-26 07:14:00,0.226,217,2
2026-07-26 07:20:00,0.29,236,2
2026-07-26 07:26:00,0.197,275,2
2026-07-26 07:32:00,0.159,220,2
2026-07-26 07:38:00,0.239,244,2
2026-07-26 07:44:00,0.198,210,2
2026-07-26 07:50:00,0.198,236,2
2026-07-26 07:56:00,0.31,264,2
2026-07-26 08:02:00,0.338,283,2
2026-07-26 08:08:00,0.346,229,2
2026-07-26 08:14:00,0.347,227,2
2026-07-26 08:20:00,0.462,233,2
2026-07-26 08:26:00,0.331,214,2
2026-07-26 08:32:00,0.304,223,2
2026-07-26 08:38:00,0.31,220,2
2026-07-26 08:44:00,0.351,231,2
2026-07-26 08:50:00,0.291,220,2
2026-07-26 08:56:00,0.417,233,2
2026-07-26 09:02:00,0.433,192,2
2026-07-26 09:08:00,0.432,210,2
2026-07-26 09:14:00,0.514,198,2
2026-07-26 09:20:00,0.475,211,2
2026-07-26 09:26:00,0.489,208,2
2026-07-26 09:32:00,0.455,223,2
2026-07-26 09:38:00,0.499,176,2
2026-07-26 09:44:00,0.391,234,2
2026-07-26 09:50:00,0.463,233,2
2026-07-26 09:56:00,0.389,217,2
2026-07-26 10:02:00,0.429,221,2
2026-07-26 10:08:00,0.466,215,2
2026-07-26 10:14:00,0.508,202,2
2026-07-26 10:20:00,0.523,191,2
2026-07-26 10:26:00,0.407,234,2
2026-07-26 10:32:00,0.305,223,2
2026-07-26 10:38:00,0.422,235,2
2026-07-26 10:44:00,0.348,245,2
2026-07-26 10:50:00,0.294,247,2
2026-07-26 10:56:00,0.47,214,2
2026-07-26 11:02:00,0.47,225,2
2026-07-26 11:08:00,0.541,230,2
2026-07-26 11:14:00,0.578,224,2
2026-07-26 11:20:00,0.698,200,2
2026-07-26 11:26:00,0.702,210,2
2026-07-26 11:32:00,0.674,239,2
2026-07-26 11:38:00,0.544,234,2
2026-07-26 11:44:00,0.412,214,2
2026-07-26 11:50:00,0.51,209,2
2026-07-26 11:56:00,0.512,200,2
2026-07-26 12:02:00,0.564,215,2
2026-07-26 12:08:00,0.512,207,2
2026-07-26 12:14:00,0.646,224,2
2026-07-26 12:20:00,0.524,218,2
2026-07-26 12:26:00,0.657,236,2
2026-07-26 12:32:00,0.554,212,2
2026-07-26 12:38:00,0.53,221,2
2026-07-26 12:44:00,0.514,237,2
2026-07-26 12:50:00,0.499,229,2
2026-07-26 12:56:00,0.319,205,2
2026-07-26 13:02:00,0.283,231,2
2026-07-26 13:08:00,0.306,233,2
2026-07-26 13:14:00,0.296,213,2
2026-07-26 13:20:00,0.264,243,2
2026-07-26 13:26:00,0.199,231,2
2026-07-26 13:32:00,0.22,254,2
2026-07-26 13:38:00,0.19,197,2
2026-07-26 13:44:00,0.181,275,2
2026-07-26 13:50:00,0.225,297,2
2026-07-26 13:56:00,0.145,336,2
2026-07-26 14:02:00,0.115,330,2
2026-07-26 14:08:00,0.113,327,2
2026-07-26 14:14:00,0.243,257,2
2026-07-26 14:20:00,0.118,288,2
2026-07-26 14:26:00,0.125,312,2
2026-07-26 14:32:00,0.183,353,2
2026-07-26 14:38:00,0.367,344,2
2026-07-26 14:44:00,0.286,359,2
2026-07-26 14:50:00,0.276,348,2
2026-07-26 14:56:00,0.287,14,2
2026-07-26 15:02:00,0.397,346,2
2026-07-26 15:08:00,0.261,350,2
2026-07-26 15:14:00,0.329,335,2
2026-07-26 15:20:00,0.371,341,2
2026-07-26 15:26:00,0.366,347,2
2026-07-26 15:32:00,0.386,325,2
2026-07-26 15:38:00,0.319,332,2
2026-07-26 15:44:00,0.375,312,2
2026-07-26 15:50:00,0.251,332,2
2026-07-26 15:56:00,0.43,352,2
2026-07-26 16:02:00,0.432,349,2
2026-07-26 16:08:00,0.413,359,2
2026-07-26 16:14:00,0.382,359,2
2026-07-26 16:20:00,0.416,1,2
2026-07-26 16:26:00,0.376,336,2
2026-07-26 16:32:00,0.354,349,2
2026-07-26 16:38:00,0.356,346,2
2026-07-26 16:44:00,0.29,320,2
2026-07-26 16:50:00,0.278,358,2
2026-07-26 16:56:00,0.261,345,2
2026-07-26 17:02:00,0.278,335,2
2026-07-26 17:08:00,0.168,299,2
2026-07-26 17:14:00,0.154,311,2
2026-07-26 17:20:00,0.222,307,2
2026-07-26 17:26:00,0.343,289,2
2026-07-26 17:32:00,0.403,326,2
2026-07-26 17:38:00,0.337,312,2
2026-07-26 17:44:00,0.243,332,2
2026-07-26 17:50:00,0.207,0,2
2026-07-26 17:56:00,0.264,329,2
2026-07-26 18:02:00,0.204,306,2
2026-07-26 18:08:00,0.176,285,2
2026-07-26 18:14:00,0.033,299,2
2026-07-26 18:20:00,0.083,226,2
2026-07-26 18:26:00,0.108,291,2
2026-07-26 18:32:00,0.099,300,2
2026-07-26 18:38:00,0.118,272,2
2026-07-26 18:44:00,0.114,246,2
2026-07-26 18:50:00,0.204,259,2
2026-07-26 18:56:00,0.113,255,2
2026-07-26 19:02:00,0.119,320,2
2026-07-26 19:08:00,0.168,252,2
2026-07-26 19:14:00,0.115,258,2
2026-07-26 19:20:00,0.176,283,2
2026-07-26 19:26:00,0.204,289,2
2026-07-26 19:32:00,0.308,250,2
2026-07-26 19:38:00,0.303,258,2
2026-07-26 19:44:00,0.343,237,2
2026-07-26 19:50:00,0.361,236,2
2026-07-26 19:56:00,0.36,239,2
2026-07-26 20:02:00,0.385,241,2
2026-07-26 20:08:00,0.407,243,2
2026-07-26 20:14:00,0.491,254,2
2026-07-26 20:20:00,0.497,238,2
2026-07-26 20:26:00,0.532,253,2
2026-07-26 20:32:00,0.465,233,2
2026-07-26 20:38:00,0.462,226,2
2026-07-26 20:44:00,0.531,207,2
2026-07-26 20:50:00,0.551,218,2
2026-07-26 20:56:00,0.469,230,2
2026-07-26 21:02:00,0.499,187,2
2026-07-26 21:08:00,0.633,226,2
2026-07-26 21:14:00,0.548,248,2
2026-07-26 21:20:00,0.535,212,2
2026-07-26 21:26:00,0.451,220,2
2026-07-26 21:38:00,0.384,230,2
2026-07-26 21:50:00,0.396,236,2
2026-07-26 21:56:00,0.451,234,2
2026-07-26 22:02:00,0.506,236,2
2026-07-26 22:08:00,0.496,231,2
2026-07-26 22:14:00,0.589,234,2
2026-07-26 22:20:00,0.411,175,2
2026-07-26 22:26:00,0.461,220,2
2026-07-26 22:32:00,0.546,217,2
2026-07-26 22:38:00,0.551,221,2
2026-07-26 22:44:00,0.422,230,2
2026-07-26 22:50:00,0.527,234,2
2026-07-26 22:56:00,0.518,236,2
2026-07-26 23:02:00,0.508,225,2
2026-07-26 23:08:00,0.313,213,2
2026-07-26 23:14:00,0.315,261,2
2026-07-26 23:20:00,0.194,167,2
2026-07-26 23:26:00,0.283,197,2
2026-07-26 23:32:00,0.291,209,2
2026-07-26 23:38:00,0.293,184,2
2026-07-26 23:44:00,0.224,160,2
2026-07-26 23:50:00,0.164,137,2
2026-07-26 23:56:00,0.051,198,2
2026-07-27 00:02:00,0.032,201,2
2026-07-27 00:08:00,0.18,216,2
2026-07-27 00:14:00,0.294,255,2
2026-07-27 00:20:00,0.141,223,2
2026-07-27 00:26:00,0.159,232,2
2026-07-27 00:32:00,0.211,240,2
2026-07-27 00:38:00,0.121,217,2
2026-07-27 00:44:00,0.095,28,2
2026-07-27 00:50:00,0.125,16,2
2026-07-27 00:56:00,0.1,27,2
2026-07-27 01:02:00,0.276,32,2
2026-07-27 01:08:00,0.287,21,2
2026-07-27 01:14:00,0.272,18,2
2026-07-27 01:20:00,0.535,16,2
2026-07-27 01:26:00,0.526,16,2
2026-07-27 01:32:00,0.474,13,2
2026-07-27 01:38:00,0.507,26,2
2026-07-27 01:44:00,0.626,17,2
2026-07-27 01:50:00,0.715,7,2
2026-07-27 01:56:00,0.697,11,2
2026-07-27 02:02:00,0.782,11,2
2026-07-27 02:08:00,0.778,16,2
2026-07-27 02:14:00,0.78,13,2
2026-07-27 02:20:00,0.881,2,2
2026-07-27 02:26:00,0.868,11,2
2026-07-27 02:32:00,0.837,20,2
2026-07-27 02:38:00,0.85,13,2
2026-07-27 02:50:00,0.898,20,2
2026-07-27 02:56:00,0.96,20,2
2026-07-27 03:02:00,0.999,13,2
2026-07-27 03:08:00,1.004,8,2
2026-07-27 03:14:00,0.992,24,2
2026-07-27 03:20:00,1.089,9,2
2026-07-27 03:26:00,1.11,1,2
2026-07-27 03:32:00,1.076,10,2
2026-07-27 03:38:00,1.071,20,2
2026-07-27 03:44:00,1.142,30,2
2026-07-27 03:50:00,1.089,20,2
2026-07-27 03:56:00,1.246,30,2
2026-07-27 04:02:00,1.104,32,2
2026-07-27 04:08:00,1.163,27,2
2026-07-27 04:14:00,1.14,34,2
2026-07-27 04:20:00,1.024,19,2
2026-07-27 04:26:00,1.086,25,2
2026-07-27 04:32:00,1.058,15,2
2026-07-27 04:38:00,1.061,14,2
2026-07-27 04:44:00,0.988,7,2
2026-07-27 04:50:00,1.05,8,2
2026-07-27 04:56:00,0.929,8,2
2026-07-27 05:02:00,0.929,11,2
2026-07-27 05:08:00,0.824,23,2
2026-07-27 05:14:00,0.919,18,2
2026-07-27 05:20:00,0.892,8,2
2026-07-27 05:26:00,0.764,8,2
2026-07-27 05:32:00,0.829,6,2
2026-07-27 05:38:00,0.724,351,2
2026-07-27 05:44:00,0.86,16,2
2026-07-27 05:50:00,0.67,23,2
2026-07-27 05:56:00,0.586,18,2
2026-07-27 06:02:00,0.621,2,2
2026-07-27 06:08:00,0.575,28,2
2026-07-27 06:14:00,0.55,19,2
2026-07-27 06:20:00,0.465,24,2
2026-07-27 06:26:00,0.43,25,2
2026-07-27 06:32:00,0.426,6,2
2026-07-27 06:38:00,0.454,357,2
2026-07-27 06:44:00,0.438,3,2
2026-07-27 06:50:00,0.478,26,2
2026-07-27 06:56:00,0.355,11,2
2026-07-27 07:02:00,0.33,8,2
2026-07-27 07:08:00,0.231,198,2
2026-07-27 07:14:00,0.208,25,2
2026-07-27 07:20:00,0.1,343,2
2026-07-27 07:26:00,0.099,334,2
2026-07-27 07:32:00,0.063,16,2
2026-07-27 07:38:00,0.108,38,2
2026-07-27 07:44:00,0.121,24,2
2026-07-27 07:50:00,0.132,26,2
2026-07-27 07:56:00,0.122,33,2
2026-07-27 08:02:00,0.029,59,2
2026-07-27 08:08:00,0.022,274,2
2026-07-27 08:14:00,0.094,238,2
2026-07-27 08:20:00,0.102,174,2
2026-07-27 08:26:00,0.092,222,2
2026-07-27 08:32:00,0.189,191,2
2026-07-27 08:38:00,0.286,211,2
2026-07-27 08:44:00,0.304,231,2
2026-07-27 08:50:00,0.296,245,2
2026-07-27 08:56:00,0.325,232,2
2026-07-27 09:02:00,0.205,228,2
2026-07-27 09:08:00,0.395,241,2
2026-07-27 09:14:00,0.38,246,2
2026-07-27 09:20:00,0.396,242,2
2026-07-27 09:26:00,0.426,197,2
2026-07-27 09:32:00,0.399,206,2
2026-07-27 09:38:00,0.428,217,2
2026-07-27 09:44:00,0.513,237,2
2026-07-27 09:50:00,0.614,239,2
2026-07-27 09:56:00,0.68,254,2
2026-07-27 10:02:00,0.632,222,2
2026-07-27 10:08:00,0.68,214,2
2026-07-27 10:14:00,0.667,211,2
2026-07-27 10:20:00,0.512,232,2
2026-07-27 10:26:00,0.704,229,2
2026-07-27 10:32:00,0.737,240,2
2026-07-27 10:38:00,0.631,204,2
2026-07-27 10:44:00,0.644,244,2
2026-07-27 10:50:00,0.596,240,2
2026-07-27 10:56:00,0.528,207,2
2026-07-27 11:02:00,0.667,240,2
2026-07-27 11:08:00,0.757,213,2
2026-07-27 11:14:00,0.757,209,2
2026-07-27 11:20:00,1.061,226,2
2026-07-27 11:26:00,1.249,227,2
2026-07-27 11:32:00,1.452,228,2
2026-07-27 11:38:00,1.967,230,2
2026-07-27 11:44:00,2.074,205,2
2026-07-27 11:50:00,1.936,206,2
2026-07-27 11:56:00,1.723,220,2
2026-07-27 12:02:00,1.438,229,2
2026-07-27 12:08:00,1.163,235,2
2026-07-27 12:14:00,1.155,232,2
2026-07-27 12:20:00,1.154,227,2
2026-07-27 12:26:00,1.087,232,2
2026-07-27 12:32:00,1.029,233,2
2026-07-27 12:38:00,0.925,252,2
2026-07-27 12:44:00,0.92,248,2
2026-07-27 12:50:00,0.92,208,2
2026-07-27 12:56:00,1.005,200,2
2026-07-27 13:02:00,1.022,200,2
2026-07-27 13:08:00,0.984,219,2
2026-07-27 13:14:00,0.866,199,2
2026-07-27 13:20:00,0.871,216,2
2026-07-27 13:26:00,0.742,201,2
2026-07-27 13:32:00,0.765,211,2
2026-07-27 13:38:00,0.816,230,2
2026-07-27 13:44:00,0.74,239,2
2026-07-27 13:50:00,0.637,187,2
2026-07-27 13:56:00,0.736,197,2
2026-07-27 14:02:00,0.541,231,2
2026-07-27 14:08:00,0.517,184,2
2026-07-27 14:14:00,0.544,222,2
2026-07-27 14:20:00,0.464,196,2
2026-07-27 14:26:00,0.394,210,2
2026-07-27 14:32:00,0.22,232,2
2026-07-27 14:38:00,0.35,259,2
2026-07-27 14:44:00,0.364,254,2
2026-07-27 14:50:00,0.199,243,2
2026-07-27 14:56:00,0.152,257,2
2026-07-27 15:02:00,0.217,242,2
2026-07-27 15:08:00,0.208,205,2
2026-07-27 15:14:00,0.099,242,2
2026-07-27 15:20:00,0.171,256,2
2026-07-28 08:32:00,0.021,78,2
2026-07-28 08:38:00,0.019,102,2
2026-07-28 08:44:00,0.033,133,2
2026-07-28 08:50:00,0.063,123,2
2026-07-28 08:56:00,0.048,218,2
2026-07-28 09:02:00,0.037,117,2
2026-07-28 09:08:00,0.043,223,2
2026-07-28 09:14:00,0.065,241,2
2026-07-28 09:20:00,0.051,89,2
2026-07-28 09:26:00,0.186,215,2
2026-07-28 09:32:00,0.1,324,2
2026-07-28 09:38:00,0.033,328,2
2026-07-28 09:44:00,0.081,135,2
2026-07-28 10:02:00,0.084,212,2
2026-07-28 10:08:00,0.203,183,2
2026-07-28 10:20:00,0.286,249,2
2026-07-28 10:26:00,0.315,212,2
2026-07-28 10:32:00,0.276,217,2
2026-07-28 10:38:00,0.153,175,2
2026-07-28 10:44:00,0.188,245,2
2026-07-28 10:50:00,0.115,202,2
2026-07-28 10:56:00,0.167,219,2
2026-07-28 11:02:00,0.258,197,2
2026-07-28 11:08:00,0.362,232,2
2026-07-28 11:14:00,0.286,215,2
2026-07-28 11:20:00,0.197,240,2
2026-07-28 11:26:00,0.416,204,2
2026-07-28 11:32:00,0.575,214,2
2026-07-28 11:38:00,0.608,222,2
2026-07-28 11:44:00,0.557,228,2
2026-07-28 11:50:00,0.473,235,2
2026-07-28 11:56:00,0.527,211,2
2026-07-28 12:02:00,0.542,229,2
2026-07-28 12:08:00,0.531,256,2
2026-07-28 12:14:00,0.557,227,2
2026-07-28 12:20:00,0.443,218,2
2026-07-28 12:26:00,0.536,204,2
2026-07-28 12:32:00,0.589,232,2
2026-07-28 12:38:00,0.626,226,2
2026-07-28 12:44:00,0.598,221,2
2026-07-28 12:50:00,0.569,207,2
2026-07-28 12:56:00,0.511,243,2
2026-07-28 13:02:00,0.506,241,2
2026-07-28 13:08:00,0.576,217,2
2026-07-28 13:14:00,0.418,232,2
2026-07-28 13:20:00,0.36,253,2
2026-07-28 13:26:00,0.355,241,2
2026-07-28 13:32:00,0.383,273,2
2026-07-28 13:38:00,0.222,241,2
2026-07-28 13:44:00,0.258,281,2
2026-07-28 13:50:00,0.242,216,2
2026-07-28 13:56:00,0.066,196,2
2026-07-28 14:02:00,0.123,203,2
2026-07-28 14:08:00,0.052,348,2
2026-07-28 14:14:00,0.075,275,2
2026-07-28 14:20:00,0.037,258,2
2026-07-28 14:26:00,0.182,305,2
2026-07-28 14:32:00,0.025,330,2
2026-07-28 14:38:00,0.125,359,2
2026-07-28 14:44:00,0.056,9,2
2026-07-28 14:50:00,0.158,343,2
2026-07-28 14:56:00,0.257,355,2
2026-07-28 15:02:00,0.264,343,2
2026-07-28 15:08:00,0.092,340,2
2026-07-28 15:14:00,0.076,341,2
2026-07-28 15:20:00,0.166,345,2
2026-07-28 15:26:00,0.194,324,2
