time,speed_kts,dir_deg,bin
2026-04-29 00:05:00,0.696,321,20
2026-04-29 00:11:00,0.702,324,20
2026-04-29 00:17:00,0.758,329,20
2026-04-29 00:23:00,0.686,330,20
2026-04-29 00:29:00,0.64,333,20
2026-04-29 00:35:00,0.655,332,20
2026-04-29 00:41:00,0.746,328,20
2026-04-29 00:47:00,0.746,330,20
2026-04-29 00:53:00,0.725,335,20
2026-04-29 00:59:00,0.828,338,20
2026-04-29 01:05:00,0.731,345,20
2026-04-29 01:11:00,0.83,344,20
2026-04-29 01:17:00,0.787,346,20
2026-04-29 01:23:00,0.772,349,20
2026-04-29 01:29:00,0.748,352,20
2026-04-29 01:35:00,0.748,351,20
2026-04-29 01:41:00,0.704,349,20
2026-04-29 01:47:00,0.71,351,20
2026-04-29 01:53:00,0.717,346,20
2026-04-29 01:59:00,0.696,350,20
2026-04-29 02:05:00,0.698,345,20
2026-04-29 02:11:00,0.542,358,20
2026-04-29 02:17:00,0.643,352,20
2026-04-29 02:23:00,0.556,356,20
2026-04-29 02:29:00,0.645,352,20
2026-04-29 02:35:00,0.451,6,20
2026-04-29 02:41:00,0.447,1,20
2026-04-29 02:47:00,0.387,7,20
2026-04-29 02:53:00,0.398,359,20
2026-04-29 02:59:00,0.455,357,20
2026-04-29 03:05:00,0.367,3,20
2026-04-29 03:11:00,0.404,4,20
2026-04-29 03:17:00,0.367,6,20
2026-04-29 03:23:00,0.344,14,20
2026-04-29 03:29:00,0.406,7,20
2026-04-29 03:35:00,0.276,35,20
2026-04-29 03:41:00,0.301,17,20
2026-04-29 03:47:00,0.354,357,20
2026-04-29 03:53:00,0.311,42,20
2026-04-29 03:59:00,0.288,36,20
2026-04-29 04:05:00,0.323,67,20
2026-04-29 04:11:00,0.332,86,20
2026-04-29 04:17:00,0.457,90,20
2026-04-29 04:23:00,0.383,86,20
2026-04-29 04:29:00,0.402,97,20
2026-04-29 04:35:00,0.426,95,20
2026-04-29 04:41:00,0.321,88,20
2026-04-29 04:47:00,0.365,104,20
2026-04-29 04:53:00,0.453,113,20
2026-04-29 04:59:00,0.451,121,20
2026-04-29 05:05:00,0.68,125,20
2026-04-29 05:11:00,0.638,126,20
2026-04-29 05:17:00,0.62,129,20
2026-04-29 05:23:00,0.605,132,20
2026-04-29 05:29:00,0.653,131,20
2026-04-29 05:35:00,0.676,132,20
2026-04-29 05:41:00,0.628,128,20
2026-04-29 05:47:00,0.704,123,20
2026-04-29 05:53:00,0.612,119,20
2026-04-29 05:59:00,0.591,125,20
2026-04-29 06:05:00,0.682,130,20
2026-04-29 06:11:00,0.816,133,20
2026-04-29 06:17:00,0.816,134,20
2026-04-29 06:23:00,0.842,132,20
2026-04-29 06:29:00,0.801,136,20
2026-04-29 06:35:00,0.799,140,20
2026-04-29 06:41:00,0.723,139,20
2026-04-29 06:47:00,0.727,136,20
2026-04-29 06:53:00,0.783,137,20
2026-04-29 06:59:00,0.766,136,20
2026-04-29 07:05:00,0.708,136,20
2026-04-29 07:11:00,0.694,136,20
2026-04-29 07:17:00,0.737,134,20
2026-04-29 07:23:00,0.743,134,20
2026-04-29 07:29:00,0.906,134,20
2026-04-29 07:35:00,0.846,131,20
2026-04-29 07:41:00,0.921,130,20
2026-04-29 07:47:00,0.906,132,20
2026-04-29 07:53:00,0.894,132,20
2026-04-29 07:59:00,0.888,131,20
2026-04-29 08:05:00,0.842,130,20
2026-04-29 08:11:00,0.869,130,20
2026-04-29 08:17:00,0.816,129,20
2026-04-29 08:23:00,0.836,131,20
2026-04-29 08:29:00,0.779,124,20
2026-04-29 08:35:00,0.82,130,20
2026-04-29 08:41:00,0.675,124,20
2026-04-29 08:47:00,0.636,127,20
2026-04-29 08:53:00,0.661,127,20
2026-04-29 08:59:00,0.593,126,20
2026-04-29 09:05:00,0.624,126,20
2026-04-29 09:11:00,0.566,124,20
2026-04-29 09:17:00,0.568,129,20
2026-04-29 09:23:00,0.521,129,20
2026-04-29 09:29:00,0.494,129,20
2026-04-29 09:35:00,0.467,131,20
2026-04-29 09:41:00,0.457,134,20
2026-04-29 09:47:00,0.463,134,20
2026-04-29 09:53:00,0.451,134,20
2026-04-29 09:59:00,0.424,137,20
2026-04-29 10:05:00,0.344,135,20
2026-04-29 10:11:00,0.379,142,20
2026-04-29 10:17:00,0.313,147,20
2026-04-29 10:23:00,0.247,143,20
2026-04-29 10:29:00,0.214,146,20
2026-04-29 10:35:00,0.163,146,20
2026-04-29 10:41:00,0.132,149,20
2026-04-29 10:47:00,0.068,193,20
2026-04-29 10:53:00,0.016,251,20
2026-04-29 10:59:00,0.051,190,20
2026-04-29 11:05:00,0.035,163,20
2026-04-29 11:11:00,0.033,360,20
2026-04-29 11:17:00,0.229,352,20
2026-04-29 11:23:00,0.239,333,20
2026-04-29 11:29:00,0.204,334,20
2026-04-29 11:35:00,0.161,333,20
2026-04-29 11:41:00,0.257,333,20
2026-04-29 11:47:00,0.237,340,20
2026-04-29 11:53:00,0.4,346,20
2026-04-29 11:59:00,0.474,340,20
2026-04-29 12:05:00,0.492,341,20
2026-04-29 12:11:00,0.358,343,20
2026-04-29 12:17:00,0.354,322,20
2026-04-29 12:23:00,0.344,317,20
2026-04-29 12:29:00,0.472,325,20
2026-04-29 12:35:00,0.202,298,20
2026-04-29 12:41:00,0.253,313,20
2026-04-29 12:47:00,0.26,317,20
2026-04-29 12:53:00,0.42,326,20
2026-04-29 12:59:00,0.362,336,20
2026-04-29 13:05:00,0.385,334,20
2026-04-29 13:11:00,0.313,339,20
2026-04-29 13:17:00,0.301,343,20
2026-04-29 13:23:00,0.276,330,20
2026-04-29 13:29:00,0.224,336,20
2026-04-29 13:35:00,0.222,340,20
2026-04-29 13:41:00,0.229,344,20
2026-04-29 13:47:00,0.214,343,20
2026-04-29 13:53:00,0.169,348,20
2026-04-29 13:59:00,0.154,337,20
2026-04-29 14:05:00,0.214,328,20
2026-04-29 14:11:00,0.204,321,20
2026-04-29 14:17:00,0.272,327,20
2026-04-29 14:23:00,0.286,321,20
2026-04-29 14:29:00,0.278,322,20
2026-04-29 14:35:00,0.196,326,20
2026-04-29 14:41:00,0.21,322,20
2026-04-29 14:47:00,0.117,302,20
2026-04-29 14:53:00,0.121,309,20
2026-04-29 14:59:00,0.093,301,20
2026-04-29 15:05:00,0.054,319,20
2026-04-29 15:11:00,0.054,319,20
2026-04-29 15:17:00,0.027,302,20
2026-04-29 15:23:00,0.025,24,20
2026-04-29 15:29:00,0.014,131,20
2026-04-29 15:41:00,0.142,157,20
2026-04-29 15:47:00,0.163,153,20
2026-04-29 15:53:00,0.138,162,20
2026-04-29 15:59:00,0.089,162,20
2026-04-29 16:05:00,0.117,157,20
2026-04-29 16:11:00,0.097,147,20
2026-04-29 16:17:00,0.134,138,20
2026-04-29 16:23:00,0.089,129,20
2026-04-29 16:29:00,0.154,137,20
2026-04-29 16:35:00,0.194,131,20
2026-04-29 16:41:00,0.194,126,20
2026-04-29 16:47:00,0.212,110,20
2026-04-29 16:53:00,0.299,127,20
2026-04-29 16:59:00,0.389,132,20
2026-04-29 17:05:00,0.389,128,20
2026-04-29 17:11:00,0.385,124,20
2026-04-29 17:17:00,0.41,127,20
2026-04-29 17:23:00,0.472,128,20
2026-04-29 17:29:00,0.43,127,20
2026-04-29 17:35:00,0.494,128,20
2026-04-29 17:41:00,0.515,133,20
2026-04-29 17:47:00,0.451,136,20
2026-04-29 17:53:00,0.424,132,20
2026-04-29 17:59:00,0.488,130,20
2026-04-29 18:05:00,0.447,131,20
2026-04-29 18:11:00,0.502,133,20
2026-04-29 18:17:00,0.447,134,20
2026-04-29 18:23:00,0.492,134,20
2026-04-29 18:29:00,0.459,131,20
2026-04-29 18:35:00,0.573,130,20
2026-04-29 18:41:00,0.48,128,20
2026-04-29 18:47:00,0.511,132,20
2026-04-29 18:53:00,0.577,137,20
2026-04-29 18:59:00,0.513,123,20
2026-04-29 19:05:00,0.589,136,20
2026-04-29 19:11:00,0.601,136,20
2026-04-29 19:17:00,0.605,136,20
2026-04-29 19:23:00,0.373,102,20
2026-04-29 19:29:00,0.237,85,20
2026-04-29 19:35:00,0.626,124,20
2026-04-29 19:41:00,0.447,130,20
2026-04-29 19:47:00,0.655,138,20
2026-04-29 19:53:00,0.62,140,20
2026-04-29 19:59:00,0.692,138,20
2026-04-29 20:05:00,0.496,128,20
2026-04-29 20:11:00,0.41,125,20
2026-04-29 20:17:00,0.556,128,20
2026-04-29 20:23:00,0.509,127,20
2026-04-29 20:29:00,0.649,130,20
2026-04-29 20:35:00,0.597,133,20
2026-04-29 20:41:00,0.558,128,20
2026-04-29 20:47:00,0.708,122,20
2026-04-29 20:53:00,0.562,135,20
2026-04-29 20:59:00,0.523,137,20
2026-04-29 21:05:00,0.492,133,20
2026-04-29 21:11:00,0.41,123,20
2026-04-29 21:17:00,0.424,120,20
2026-04-29 21:23:00,0.443,121,20
2026-04-29 21:29:00,0.348,107,20
2026-04-29 21:35:00,0.311,99,20
2026-04-29 21:41:00,0.216,97,20
2026-04-29 21:47:00,0.204,80,20
2026-04-29 21:53:00,0.177,98,20
2026-04-29 21:59:00,0.177,101,20
2026-04-29 22:05:00,0.122,46,20
2026-04-29 22:11:00,0.185,82,20
2026-04-29 22:17:00,0.175,95,20
2026-04-29 22:23:00,0.152,71,20
2026-04-29 22:29:00,0.142,71,20
2026-04-29 22:35:00,0.111,22,20
2026-04-29 22:41:00,0.058,51,20
2026-04-29 22:47:00,0.078,44,20
2026-04-29 22:53:00,0.095,33,20
2026-04-29 22:59:00,0.105,25,20
2026-04-29 23:05:00,0.14,345,20
2026-04-29 23:11:00,0.167,334,20
2026-04-29 23:17:00,0.159,317,20
2026-04-29 23:23:00,0.247,311,20
2026-04-29 23:29:00,0.233,317,20
2026-04-29 23:35:00,0.255,313,20
2026-04-29 23:41:00,0.301,314,20
2026-04-29 23:47:00,0.404,318,20
2026-04-29 23:53:00,0.558,320,20
2026-04-29 23:59:00,0.597,322,20
2026-04-30 00:05:00,0.531,321,20
2026-04-30 00:11:00,0.354,313,20
2026-04-30 00:17:00,0.433,310,20
2026-04-30 00:23:00,0.404,316,20
2026-04-30 00:29:00,0.389,322,20
2026-04-30 00:35:00,0.412,322,20
2026-04-30 00:41:00,0.513,326,20
2026-04-30 00:47:00,0.556,327,20
2026-04-30 00:53:00,0.519,331,20
2026-04-30 00:59:00,0.56,331,20
2026-04-30 01:05:00,0.515,328,20
2026-04-30 01:11:00,0.397,336,20
2026-04-30 01:17:00,0.42,334,20
2026-04-30 01:23:00,0.449,335,20
2026-04-30 01:29:00,0.509,337,20
2026-04-30 01:35:00,0.667,339,20
2026-04-30 01:41:00,0.678,341,20
2026-04-30 01:47:00,0.593,336,20
2026-04-30 01:53:00,0.556,337,20
2026-04-30 01:59:00,0.418,341,20
2026-04-30 02:05:00,0.408,340,20
2026-04-30 02:11:00,0.503,328,20
2026-04-30 02:17:00,0.601,329,20
2026-04-30 02:23:00,0.461,336,20
2026-04-30 02:29:00,0.385,339,20
2026-04-30 02:35:00,0.385,343,20
2026-04-30 02:41:00,0.336,346,20
2026-04-30 02:47:00,0.301,358,20
2026-04-30 02:53:00,0.268,1,20
2026-04-30 02:59:00,0.313,3,20
2026-04-30 03:05:00,0.292,6,20
2026-04-30 03:11:00,0.216,33,20
2026-04-30 03:17:00,0.229,23,20
2026-04-30 03:23:00,0.233,22,20
2026-04-30 03:29:00,0.204,50,20
2026-04-30 03:35:00,0.225,60,20
2026-04-30 03:41:00,0.245,66,20
2026-04-30 03:47:00,0.255,77,20
2026-04-30 03:53:00,0.313,89,20
2026-04-30 03:59:00,0.371,95,20
2026-04-30 04:05:00,0.406,104,20
2026-04-30 04:11:00,0.494,113,20
2026-04-30 04:17:00,0.484,114,20
2026-04-30 04:23:00,0.579,112,20
2026-04-30 04:29:00,0.461,112,20
2026-04-30 04:35:00,0.513,115,20
2026-04-30 04:41:00,0.49,115,20
2026-04-30 04:47:00,0.492,115,20
2026-04-30 04:53:00,0.455,113,20
2026-04-30 04:59:00,0.449,111,20
2026-04-30 05:05:00,0.449,120,20
2026-04-30 05:11:00,0.43,122,20
2026-04-30 05:17:00,0.459,126,20
2026-04-30 05:23:00,0.484,124,20
2026-04-30 05:29:00,0.558,123,20
2026-04-30 05:35:00,0.663,130,20
2026-04-30 05:41:00,0.612,134,20
2026-04-30 05:47:00,0.634,131,20
2026-04-30 05:53:00,0.632,132,20
2026-04-30 05:59:00,0.562,122,20
2026-04-30 06:05:00,0.525,115,20
2026-04-30 06:11:00,0.548,125,20
2026-04-30 06:17:00,0.478,124,20
2026-04-30 06:23:00,0.544,128,20
2026-04-30 06:29:00,0.455,125,20
2026-04-30 06:35:00,0.449,131,20
2026-04-30 06:41:00,0.62,136,20
2026-04-30 06:47:00,0.566,121,20
2026-04-30 06:53:00,0.519,127,20
2026-04-30 06:59:00,0.669,122,20
2026-04-30 07:05:00,0.435,132,20
2026-04-30 07:11:00,0.68,114,20
2026-04-30 07:17:00,0.35,87,20
2026-04-30 07:23:00,0.373,112,20
2026-04-30 07:29:00,0.441,115,20
2026-04-30 07:35:00,0.657,141,20
2026-04-30 07:41:00,0.71,131,20
2026-04-30 07:47:00,0.626,121,20
2026-04-30 07:53:00,0.381,116,20
2026-04-30 07:59:00,0.373,121,20
2026-04-30 08:05:00,0.379,118,20
2026-04-30 08:11:00,0.435,122,20
2026-04-30 08:17:00,0.433,127,20
2026-04-30 08:23:00,0.813,134,20
2026-04-30 08:29:00,0.741,131,20
2026-04-30 08:35:00,0.764,134,20
2026-04-30 08:41:00,0.733,130,20
2026-04-30 08:47:00,0.762,134,20
2026-04-30 08:53:00,0.805,134,20
2026-04-30 08:59:00,0.832,134,20
2026-04-30 09:05:00,0.682,132,20
2026-04-30 09:11:00,0.851,135,20
2026-04-30 09:17:00,0.783,135,20
2026-04-30 09:23:00,0.832,137,20
2026-04-30 09:29:00,0.902,140,20
2026-04-30 09:35:00,0.846,140,20
2026-04-30 09:41:00,0.925,142,20
2026-04-30 09:47:00,0.986,144,20
2026-04-30 09:53:00,0.774,138,20
2026-04-30 09:59:00,0.748,140,20
2026-04-30 10:05:00,0.906,141,20
2026-04-30 10:11:00,0.929,142,20
2026-04-30 10:17:00,0.882,143,20
2026-04-30 10:23:00,0.937,145,20
2026-04-30 10:29:00,0.935,145,20
2026-04-30 10:35:00,0.877,144,20
2026-04-30 10:41:00,0.805,142,20
2026-04-30 10:47:00,0.795,140,20
2026-04-30 10:53:00,0.795,140,20
2026-04-30 10:59:00,0.902,143,20
2026-04-30 11:05:00,0.801,141,20
2026-04-30 11:11:00,0.814,143,20
2026-04-30 11:17:00,0.779,146,20
2026-04-30 11:23:00,0.673,147,20
2026-04-30 11:29:00,0.647,146,20
2026-04-30 11:35:00,0.575,143,20
2026-04-30 11:41:00,0.523,142,20
2026-04-30 11:47:00,0.529,146,20
2026-04-30 11:53:00,0.509,137,20
2026-04-30 11:59:00,0.451,125,20
2026-04-30 12:05:00,0.389,125,20
2026-04-30 12:11:00,0.404,126,20
2026-04-30 12:17:00,0.459,133,20
2026-04-30 12:23:00,0.393,132,20
2026-04-30 12:29:00,0.383,135,20
2026-04-30 12:35:00,0.348,144,20
2026-04-30 12:41:00,0.33,139,20
2026-04-30 12:47:00,0.249,136,20
2026-04-30 12:53:00,0.13,128,20
2026-04-30 12:59:00,0.097,134,20
2026-04-30 13:05:00,0.037,128,20
2026-04-30 13:11:00,0.035,141,20
2026-04-30 13:17:00,0.014,293,20
2026-04-30 13:23:00,0.045,181,20
2026-04-30 13:29:00,0.041,327,20
2026-04-30 13:35:00,0.043,255,20
2026-04-30 13:41:00,0.018,295,20
2026-04-30 13:47:00,0.027,315,20
2026-04-30 13:53:00,0.051,327,20
2026-04-30 13:59:00,0.052,337,20
2026-04-30 14:05:00,0.13,320,20
2026-04-30 14:11:00,0.093,326,20
2026-04-30 14:17:00,0.115,337,20
2026-04-30 14:23:00,0.171,335,20
2026-04-30 14:29:00,0.105,340,20
2026-04-30 14:35:00,0.103,334,20
2026-04-30 14:41:00,0.136,334,20
2026-04-30 14:47:00,0.189,330,20
2026-04-30 14:53:00,0.183,342,20
2026-04-30 14:59:00,0.235,334,20
2026-04-30 15:05:00,0.157,329,20
2026-04-30 15:11:00,0.109,357,20
2026-04-30 15:17:00,0.041,49,20
2026-04-30 15:23:00,0.064,46,20
2026-04-30 15:29:00,0.253,334,20
2026-04-30 15:35:00,0.154,334,20
2026-04-30 15:41:00,0.179,328,20
2026-04-30 15:47:00,0.194,325,20
2026-04-30 15:53:00,0.109,324,20
2026-04-30 15:59:00,0.103,340,20
2026-04-30 16:05:00,0.091,73,20
2026-04-30 16:11:00,0.146,115,20
2026-04-30 16:17:00,0.212,132,20
2026-04-30 16:23:00,0.377,143,20
2026-04-30 16:29:00,0.161,138,20
2026-04-30 16:35:00,0.284,159,20
2026-04-30 16:41:00,0.235,160,20
2026-04-30 16:47:00,0.332,148,20
2026-04-30 16:53:00,0.076,153,20
2026-04-30 16:59:00,0.177,134,20
2026-04-30 17:05:00,0.297,136,20
2026-04-30 17:11:00,0.2,143,20
2026-04-30 17:17:00,0.237,144,20
2026-04-30 17:23:00,0.288,141,20
2026-04-30 17:29:00,0.268,141,20
2026-04-30 17:35:00,0.264,129,20
2026-04-30 17:41:00,0.241,128,20
2026-04-30 17:47:00,0.251,131,20
2026-04-30 17:53:00,0.259,134,20
2026-04-30 17:59:00,0.398,135,20
2026-04-30 18:05:00,0.439,138,20
2026-04-30 18:11:00,0.5,135,20
2026-04-30 18:17:00,0.535,140,20
2026-04-30 18:23:00,0.461,137,20
2026-04-30 18:29:00,0.422,139,20
2026-04-30 18:35:00,0.589,143,20
2026-04-30 18:41:00,0.502,146,20
2026-04-30 18:47:00,0.575,140,20
2026-04-30 18:53:00,0.536,146,20
2026-04-30 18:59:00,0.443,134,20
2026-04-30 19:05:00,0.505,131,20
2026-04-30 19:11:00,0.523,137,20
2026-04-30 19:17:00,0.529,137,20
2026-04-30 19:23:00,0.507,135,20
2026-04-30 19:29:00,0.614,134,20
2026-04-30 19:35:00,0.562,130,20
2026-04-30 19:41:00,0.597,134,20
2026-04-30 19:47:00,0.529,132,20
2026-04-30 19:53:00,0.606,131,20
2026-04-30 19:59:00,0.55,132,20
2026-04-30 20:05:00,0.496,126,20
2026-04-30 20:11:00,0.669,123,20
2026-04-30 20:17:00,0.651,128,20
2026-04-30 20:23:00,0.754,133,20
2026-04-30 20:29:00,0.711,132,20
2026-04-30 20:35:00,0.659,131,20
2026-04-30 20:41:00,0.766,131,20
2026-04-30 20:47:00,0.711,133,20
2026-04-30 20:53:00,0.708,132,20
2026-04-30 20:59:00,0.789,131,20
2026-04-30 21:05:00,0.778,130,20
2026-04-30 21:11:00,0.82,132,20
2026-04-30 21:17:00,0.778,129,20
2026-04-30 21:23:00,0.894,137,20
2026-04-30 21:29:00,0.846,138,20
2026-04-30 21:35:00,0.91,136,20
2026-04-30 21:41:00,0.824,138,20
2026-04-30 21:47:00,0.834,139,20
2026-04-30 21:53:00,0.848,137,20
2026-04-30 21:59:00,0.809,137,20
2026-04-30 22:05:00,0.846,138,20
2026-04-30 22:11:00,0.9,145,20
2026-04-30 22:17:00,0.698,141,20
2026-04-30 22:23:00,0.723,143,20
2026-04-30 22:29:00,0.641,131,20
2026-04-30 22:35:00,0.544,131,20
2026-04-30 22:41:00,0.492,128,20
2026-04-30 22:47:00,0.451,125,20
2026-04-30 22:53:00,0.381,117,20
2026-04-30 22:59:00,0.523,133,20
2026-04-30 23:05:00,0.375,127,20
2026-04-30 23:11:00,0.552,131,20
2026-04-30 23:17:00,0.599,136,20
2026-04-30 23:23:00,0.334,97,20
2026-04-30 23:29:00,0.5,130,20
2026-04-30 23:35:00,0.55,138,20
2026-04-30 23:41:00,0.437,136,20
2026-04-30 23:47:00,0.387,140,20
2026-04-30 23:53:00,0.564,140,20
2026-04-30 23:59:00,0.472,143,20
2026-05-01 00:05:00,0.332,128,20
2026-05-01 00:11:00,0.488,138,20
2026-05-01 00:17:00,0.494,139,20
2026-05-01 00:23:00,0.544,143,20
2026-05-01 00:29:00,0.478,142,20
2026-05-01 00:35:00,0.381,143,20
2026-05-01 00:41:00,0.42,146,20
2026-05-01 00:47:00,0.321,134,20
2026-05-01 00:53:00,0.362,148,20
2026-05-01 00:59:00,0.311,142,20
2026-05-01 01:05:00,0.212,146,20
2026-05-01 01:11:00,0.148,129,20
2026-05-01 01:17:00,0.185,146,20
2026-05-01 01:23:00,0.126,149,20
2026-05-01 01:29:00,0.126,148,20
2026-05-01 01:35:00,0.113,135,20
2026-05-01 01:41:00,0.086,147,20
2026-05-01 01:47:00,0.021,169,20
2026-05-01 01:53:00,0.01,4,20
2026-05-01 01:59:00,0.012,137,20
2026-05-01 02:05:00,0.087,344,20
2026-05-01 02:11:00,0.161,359,20
2026-05-01 02:17:00,0.07,1,20
2026-05-01 02:23:00,0.187,329,20
2026-05-01 02:29:00,0.218,330,20
2026-05-01 02:35:00,0.136,316,20
2026-05-01 02:41:00,0.26,336,20
2026-05-01 02:47:00,0.167,337,20
2026-05-01 02:53:00,0.218,352,20
2026-05-01 02:59:00,0.167,8,20
2026-05-01 03:05:00,0.278,352,20
2026-05-01 03:11:00,0.255,358,20
2026-05-01 03:17:00,0.202,357,20
2026-05-01 03:23:00,0.2,8,20
2026-05-01 03:29:00,0.196,354,20
2026-05-01 03:35:00,0.185,8,20
2026-05-01 03:41:00,0.169,1,20
2026-05-01 03:47:00,0.138,8,20
2026-05-01 03:53:00,0.08,31,20
2026-05-01 03:59:00,0.072,54,20
2026-05-01 04:05:00,0.111,61,20
2026-05-01 04:11:00,0.095,102,20
2026-05-01 04:17:00,0.082,43,20
2026-05-01 04:23:00,0.109,104,20
2026-05-01 04:29:00,0.134,110,20
2026-05-01 04:35:00,0.138,104,20
2026-05-01 04:41:00,0.2,125,20
2026-05-01 04:47:00,0.259,135,20
2026-05-01 04:53:00,0.286,129,20
2026-05-01 04:59:00,0.332,133,20
2026-05-01 05:05:00,0.412,138,20
2026-05-01 05:11:00,0.424,142,20
2026-05-01 05:17:00,0.288,138,20
2026-05-01 05:23:00,0.156,167,20
2026-05-01 05:29:00,0.233,105,20
2026-05-01 05:35:00,0.68,143,20
2026-05-01 05:41:00,0.63,144,20
2026-05-01 05:47:00,0.313,352,20
2026-05-01 05:53:00,0.257,49,20
2026-05-01 05:59:00,0.418,345,20
2026-05-01 06:05:00,0.113,328,20
2026-05-01 06:11:00,1.242,167,20
2026-05-01 06:17:00,0.752,308,20
2026-05-01 06:23:00,0.605,338,20
2026-05-01 06:29:00,0.603,144,20
2026-05-01 06:35:00,0.505,146,20
2026-05-01 06:41:00,0.647,138,20
2026-05-01 06:47:00,0.655,137,20
2026-05-01 06:53:00,0.719,135,20
2026-05-01 06:59:00,0.721,137,20
2026-05-01 07:05:00,0.729,137,20
2026-05-01 07:11:00,0.783,136,20
2026-05-01 07:17:00,0.787,137,20
2026-05-01 07:23:00,0.851,139,20
2026-05-01 07:29:00,0.877,140,20
2026-05-01 07:35:00,0.886,138,20
2026-05-01 07:41:00,0.894,139,20
2026-05-01 07:47:00,0.929,137,20
2026-05-01 07:53:00,0.951,137,20
2026-05-01 07:59:00,0.954,139,20
2026-05-01 08:05:00,0.982,136,20
2026-05-01 08:11:00,0.98,136,20
2026-05-01 08:17:00,1.005,136,20
2026-05-01 08:23:00,1.052,135,20
2026-05-01 08:35:00,1.104,137,20
2026-05-01 08:41:00,1.085,136,20
2026-05-01 08:47:00,0.972,137,20
2026-05-01 08:53:00,0.952,140,20
2026-05-01 08:59:00,1.007,137,20
2026-05-01 09:05:00,0.974,138,20
2026-05-01 09:11:00,1.03,140,20
2026-05-01 09:17:00,1.052,140,20
2026-05-01 09:23:00,0.986,143,20
2026-05-01 09:29:00,0.974,142,20
2026-05-01 09:35:00,0.974,141,20
2026-05-01 09:41:00,1.003,140,20
2026-05-01 09:47:00,0.951,141,20
2026-05-01 09:53:00,1.015,140,20
2026-05-01 09:59:00,1.071,140,20
2026-05-01 10:05:00,1.071,139,20
2026-05-01 10:11:00,0.991,138,20
2026-05-01 10:17:00,0.9,137,20
2026-05-01 10:23:00,0.861,136,20
2026-05-01 10:29:00,0.954,135,20
2026-05-01 10:35:00,0.972,140,20
2026-05-01 10:41:00,0.927,141,20
2026-05-01 10:47:00,0.964,141,20
2026-05-01 10:53:00,0.931,140,20
2026-05-01 10:59:00,0.809,141,20
2026-05-01 11:05:00,0.653,139,20
2026-05-01 11:11:00,0.575,146,20
2026-05-01 11:17:00,0.56,138,20
2026-05-01 11:23:00,0.523,130,20
2026-05-01 11:29:00,0.317,142,20
2026-05-01 11:35:00,0.4,134,20
2026-05-01 11:41:00,0.358,129,20
2026-05-01 11:47:00,0.27,128,20
2026-05-01 11:53:00,0.214,133,20
2026-05-01 11:59:00,0.204,133,20
2026-05-01 12:05:00,0.167,129,20
2026-05-01 12:11:00,0.111,119,20
2026-05-01 12:17:00,0.047,128,20
2026-05-01 12:23:00,0.089,137,20
2026-05-01 12:29:00,0.115,129,20
2026-05-01 12:35:00,0.033,144,20
2026-05-01 12:41:00,0.018,141,20
2026-05-01 12:47:00,0.006,57,20
2026-05-01 12:53:00,0.016,50,20
2026-05-01 13:05:00,0.008,271,20
2026-05-01 13:11:00,0.041,152,20
2026-05-01 13:23:00,0.066,335,20
2026-05-01 13:29:00,0.025,327,20
2026-05-01 13:35:00,0.058,336,20
2026-05-01 13:41:00,0.091,333,20
2026-05-01 13:47:00,0.216,323,20
2026-05-01 13:53:00,0.247,316,20
2026-05-01 13:59:00,0.243,316,20
2026-05-01 14:05:00,0.294,316,20
2026-05-01 14:11:00,0.35,322,20
2026-05-01 14:17:00,0.445,329,20
2026-05-01 14:23:00,0.426,324,20
2026-05-01 14:29:00,0.393,325,20
2026-05-01 14:35:00,0.288,332,20
2026-05-01 14:41:00,0.328,333,20
2026-05-01 14:47:00,0.371,332,20
2026-05-01 14:53:00,0.41,330,20
2026-05-01 14:59:00,0.511,322,20
2026-05-01 15:05:00,0.48,323,20
2026-05-01 15:11:00,0.369,327,20
2026-05-01 15:17:00,0.463,326,20
2026-05-01 15:23:00,0.367,328,20
2026-05-01 15:29:00,0.371,335,20
2026-05-01 15:35:00,0.358,334,20
2026-05-01 15:41:00,0.402,330,20
2026-05-01 15:47:00,0.373,335,20
2026-05-01 15:53:00,0.375,343,20
2026-05-01 15:59:00,0.364,343,20
2026-05-01 16:05:00,0.303,348,20
2026-05-01 16:11:00,0.365,342,20
2026-05-01 16:17:00,0.381,343,20
2026-05-01 16:23:00,0.332,347,20
2026-05-01 16:29:00,0.369,340,20
2026-05-01 16:35:00,0.332,344,20
2026-05-01 16:41:00,0.311,347,20
2026-05-01 16:47:00,0.36,333,20
2026-05-01 16:53:00,0.294,333,20
2026-05-01 16:59:00,0.216,338,20
2026-05-01 17:05:00,0.181,346,20
2026-05-01 17:11:00,0.148,340,20
2026-05-01 17:17:00,0.086,359,20
2026-05-01 17:23:00,0.087,30,20
2026-05-01 17:29:00,0.006,345,20
2026-05-01 17:35:00,0.103,16,20
2026-05-01 17:41:00,0.068,82,20
2026-05-01 17:47:00,0.021,57,20
2026-05-01 17:53:00,0.066,113,20
2026-05-01 17:59:00,0.068,103,20
2026-05-01 18:05:00,0.091,98,20
2026-05-01 18:11:00,0.082,88,20
2026-05-01 18:17:00,0.035,102,20
2026-05-01 18:23:00,0.031,125,20
2026-05-01 18:29:00,0.185,130,20
2026-05-01 18:35:00,0.185,129,20
2026-05-01 18:41:00,0.222,139,20
2026-05-01 18:47:00,0.224,132,20
2026-05-01 18:53:00,0.264,142,20
2026-05-01 18:59:00,0.437,146,20
2026-05-01 19:05:00,0.49,147,20
2026-05-01 19:11:00,0.294,145,20
2026-05-01 19:17:00,0.332,148,20
2026-05-01 19:23:00,0.086,70,20
2026-05-01 19:29:00,0.513,140,20
2026-05-01 19:35:00,0.33,134,20
2026-05-01 19:41:00,0.435,142,20
2026-05-01 19:47:00,0.41,142,20
2026-05-01 19:53:00,0.459,132,20
2026-05-01 19:59:00,0.402,137,20
2026-05-01 20:05:00,0.535,118,20
2026-05-01 20:11:00,0.377,129,20
2026-05-01 20:17:00,0.556,129,20
2026-05-01 20:23:00,0.327,96,20
2026-05-01 20:29:00,0.307,127,20
2026-05-01 20:35:00,0.266,132,20
2026-05-01 20:41:00,0.336,130,20
2026-05-01 20:47:00,0.286,128,20
2026-05-01 20:53:00,0.198,121,20
2026-05-01 20:59:00,0.163,116,20
2026-05-01 21:05:00,0.231,125,20
2026-05-01 21:11:00,0.251,126,20
2026-05-01 21:17:00,0.233,128,20
2026-05-01 21:23:00,0.301,140,20
2026-05-01 21:29:00,0.251,133,20
2026-05-01 21:35:00,0.266,125,20
2026-05-01 21:41:00,0.161,113,20
2026-05-01 21:47:00,0.111,105,20
2026-05-01 21:53:00,0.037,85,20
2026-05-01 21:59:00,0.117,142,20
2026-05-01 22:05:00,0.039,54,20
2026-05-01 22:11:00,0.097,97,20
2026-05-01 22:17:00,0.171,99,20
2026-05-01 22:23:00,0.097,92,20
2026-05-01 22:29:00,0.076,55,20
2026-05-01 22:35:00,0.189,326,20
2026-05-01 22:41:00,0.107,298,20
2026-05-01 22:47:00,0.156,301,20
2026-05-01 22:53:00,0.156,305,20
2026-05-01 22:59:00,0.262,321,20
2026-05-01 23:05:00,0.297,319,20
2026-05-01 23:11:00,0.315,318,20
2026-05-01 23:17:00,0.328,318,20
2026-05-01 23:23:00,0.338,324,20
2026-05-01 23:29:00,0.222,317,20
2026-05-01 23:35:00,0.231,301,20
2026-05-01 23:41:00,0.251,315,20
2026-05-01 23:47:00,0.445,326,20
2026-05-01 23:53:00,0.498,323,20
2026-05-01 23:59:00,0.435,335,20
2026-05-02 00:05:00,0.542,321,20
2026-05-02 00:11:00,0.548,325,20
2026-05-02 00:17:00,0.735,329,20
2026-05-02 00:23:00,0.748,329,20
2026-05-02 00:29:00,0.692,328,20
2026-05-02 00:35:00,0.675,326,20
2026-05-02 00:41:00,0.711,325,20
2026-05-02 00:47:00,0.731,326,20
2026-05-02 00:53:00,0.719,326,20
2026-05-02 00:59:00,0.83,327,20
2026-05-02 01:05:00,0.743,329,20
2026-05-02 01:11:00,0.787,328,20
2026-05-02 01:17:00,0.857,327,20
2026-05-02 01:23:00,0.91,328,20
2026-05-02 01:29:00,0.968,327,20
2026-05-02 01:35:00,0.962,328,20
2026-05-02 01:41:00,0.956,328,20
2026-05-02 01:47:00,0.958,328,20
2026-05-02 01:53:00,1.009,332,20
2026-05-02 01:59:00,0.9,337,20
2026-05-02 02:05:00,0.912,337,20
2026-05-02 02:11:00,0.9,339,20
2026-05-02 02:17:00,0.789,340,20
2026-05-02 02:23:00,0.844,339,20
2026-05-02 02:29:00,0.805,345,20
2026-05-02 02:35:00,0.82,345,20
2026-05-02 02:41:00,0.838,343,20
2026-05-02 02:47:00,0.807,346,20
2026-05-02 02:53:00,0.789,349,20
2026-05-02 02:59:00,0.76,349,20
2026-05-02 03:05:00,0.704,349,20
2026-05-02 03:11:00,0.638,350,20
2026-05-02 03:17:00,0.626,349,20
2026-05-02 03:23:00,0.577,355,20
2026-05-02 03:29:00,0.655,346,20
2026-05-02 03:35:00,0.702,346,20
2026-05-02 03:41:00,0.542,357,20
2026-05-02 03:47:00,0.649,355,20
2026-05-02 03:53:00,0.628,352,20
2026-05-02 03:59:00,0.606,355,20
2026-05-02 04:05:00,0.587,356,20
2026-05-02 04:11:00,0.47,2,20
2026-05-02 04:17:00,0.445,6,20
2026-05-02 04:23:00,0.307,18,20
2026-05-02 04:29:00,0.323,15,20
2026-05-02 04:35:00,0.247,24,20
2026-05-02 04:41:00,0.185,29,20
2026-05-02 04:47:00,0.192,20,20
2026-05-02 04:53:00,0.146,73,20
2026-05-02 04:59:00,0.185,62,20
2026-05-02 05:05:00,0.214,53,20
2026-05-02 05:11:00,0.274,102,20
2026-05-02 05:17:00,0.268,110,20
2026-05-02 05:23:00,0.253,99,20
2026-05-02 05:29:00,0.264,94,20
2026-05-02 05:35:00,0.26,103,20
2026-05-02 05:41:00,0.328,106,20
2026-05-02 05:47:00,0.371,114,20
2026-05-02 05:53:00,0.383,116,20
2026-05-02 05:59:00,0.414,115,20
2026-05-02 06:05:00,0.422,111,20
2026-05-02 06:11:00,0.531,125,20
2026-05-02 06:17:00,0.503,124,20
2026-05-02 06:23:00,0.517,124,20
2026-05-02 06:29:00,0.566,125,20
2026-05-02 06:35:00,0.496,121,20
2026-05-02 06:41:00,0.552,125,20
2026-05-02 06:47:00,0.68,123,20
2026-05-02 06:53:00,0.624,123,20
2026-05-02 06:59:00,0.653,123,20
2026-05-02 07:05:00,0.71,123,20
2026-05-02 07:11:00,0.813,124,20
2026-05-02 07:17:00,0.721,124,20
2026-05-02 07:23:00,0.853,126,20
2026-05-02 07:29:00,0.849,129,20
2026-05-02 07:35:00,0.84,131,20
2026-05-02 07:41:00,0.892,135,20
2026-05-02 07:47:00,1.1,138,20
2026-05-02 07:53:00,1.217,137,20
2026-05-02 07:59:00,1.194,137,20
2026-05-02 08:05:00,1.143,136,20
2026-05-02 08:11:00,1.04,135,20
2026-05-02 08:17:00,1.09,134,20
2026-05-02 08:23:00,1.038,134,20
2026-05-02 08:29:00,1.073,135,20
2026-05-02 08:35:00,1.089,136,20
2026-05-02 08:41:00,1.26,138,20
2026-05-02 08:47:00,1.328,139,20
2026-05-02 08:53:00,1.347,140,20
2026-05-02 08:59:00,1.351,140,20
2026-05-02 09:05:00,1.349,140,20
2026-05-02 09:11:00,1.402,139,20
2026-05-02 09:17:00,1.345,139,20
2026-05-02 09:23:00,1.429,138,20
2026-05-02 09:29:00,1.52,137,20
2026-05-02 09:35:00,1.506,139,20
2026-05-02 09:41:00,1.569,138,20
2026-05-02 09:47:00,1.495,135,20
2026-05-02 09:53:00,1.584,135,20
2026-05-02 09:59:00,1.53,138,20
2026-05-02 10:05:00,1.485,139,20
2026-05-02 10:11:00,1.402,141,20
2026-05-02 10:17:00,1.304,138,20
2026-05-02 10:23:00,1.32,135,20
2026-05-02 10:29:00,1.221,135,20
2026-05-02 10:35:00,1.234,135,20
2026-05-02 10:41:00,1.298,136,20
2026-05-02 10:47:00,1.291,137,20
2026-05-02 10:53:00,1.289,138,20
2026-05-02 10:59:00,1.277,140,20
2026-05-02 11:05:00,1.256,139,20
2026-05-02 11:11:00,1.256,138,20
2026-05-02 11:17:00,1.201,137,20
2026-05-02 11:23:00,1.188,137,20
2026-05-02 11:29:00,1.149,137,20
2026-05-02 11:35:00,1.188,136,20
2026-05-02 11:41:00,1.306,137,20
2026-05-02 11:47:00,1.194,137,20
2026-05-02 11:53:00,1.287,136,20
2026-05-02 11:59:00,1.166,139,20
2026-05-02 12:05:00,1.087,139,20
2026-05-02 12:11:00,1.124,140,20
2026-05-02 12:17:00,0.956,139,20
2026-05-02 12:23:00,0.986,137,20
2026-05-02 12:29:00,0.956,136,20
2026-05-02 12:35:00,0.96,140,20
2026-05-02 12:41:00,0.89,137,20
2026-05-02 12:47:00,0.927,139,20
2026-05-02 12:53:00,0.96,137,20
2026-05-02 12:59:00,1.022,139,20
2026-05-02 13:05:00,0.939,142,20
2026-05-02 13:11:00,0.842,138,20
2026-05-02 13:17:00,0.919,136,20
2026-05-02 13:23:00,1.057,136,20
2026-05-02 13:29:00,0.811,132,20
2026-05-02 13:35:00,0.892,131,20
2026-05-02 13:41:00,0.853,132,20
2026-05-02 13:47:00,0.785,132,20
2026-05-02 13:53:00,0.727,134,20
2026-05-02 13:59:00,0.502,128,20
2026-05-02 14:05:00,0.375,123,20
2026-05-02 14:11:00,0.428,129,20
2026-05-02 14:17:00,0.402,127,20
2026-05-02 14:23:00,0.437,130,20
2026-05-02 14:29:00,0.383,133,20
2026-05-02 14:35:00,0.457,135,20
2026-05-02 14:41:00,0.482,141,20
2026-05-02 14:47:00,0.426,140,20
2026-05-02 14:53:00,0.381,140,20
2026-05-02 14:59:00,0.358,141,20
2026-05-02 15:05:00,0.299,139,20
2026-05-02 15:11:00,0.194,128,20
2026-05-02 15:17:00,0.282,131,20
2026-05-02 15:23:00,0.247,129,20
2026-05-02 15:29:00,0.259,134,20
2026-05-02 15:35:00,0.259,136,20
2026-05-02 15:41:00,0.237,135,20
2026-05-02 15:47:00,0.247,137,20
2026-05-02 15:53:00,0.268,138,20
2026-05-02 15:59:00,0.278,138,20
2026-05-02 16:05:00,0.292,134,20
2026-05-02 16:11:00,0.319,134,20
2026-05-02 16:17:00,0.295,129,20
2026-05-02 16:23:00,0.34,133,20
2026-05-02 16:29:00,0.317,133,20
2026-05-02 16:35:00,0.342,133,20
2026-05-02 16:41:00,0.36,134,20
2026-05-02 16:47:00,0.414,131,20
2026-05-02 16:53:00,0.416,132,20
2026-05-02 16:59:00,0.395,132,20
2026-05-02 17:05:00,0.414,128,20
2026-05-02 17:11:00,0.435,128,20
2026-05-02 17:17:00,0.447,128,20
2026-05-02 17:23:00,0.435,133,20
2026-05-02 17:29:00,0.472,132,20
2026-05-02 17:35:00,0.441,132,20
2026-05-02 17:41:00,0.468,131,20
2026-05-02 17:47:00,0.465,133,20
2026-05-02 17:53:00,0.457,135,20
2026-05-02 17:59:00,0.461,136,20
2026-05-02 18:05:00,0.478,136,20
2026-05-02 18:11:00,0.531,137,20
2026-05-02 18:17:00,0.562,138,20
2026-05-02 18:23:00,0.597,138,20
2026-05-02 18:29:00,0.597,138,20
2026-05-02 18:35:00,0.575,138,20
2026-05-02 18:41:00,0.68,140,20
2026-05-02 18:47:00,0.628,142,20
2026-05-02 18:53:00,0.618,140,20
2026-05-02 18:59:00,0.873,148,20
2026-05-02 19:05:00,0.651,137,20
2026-05-02 19:11:00,0.641,137,20
2026-05-02 19:17:00,0.618,137,20
2026-05-02 19:23:00,0.643,137,20
2026-05-02 19:29:00,0.64,136,20
2026-05-02 19:35:00,0.587,136,20
2026-05-02 19:41:00,0.634,136,20
2026-05-02 19:47:00,0.616,133,20
2026-05-02 19:53:00,0.645,134,20
2026-05-02 19:59:00,0.568,141,20
2026-05-02 20:05:00,0.603,139,20
2026-05-02 20:11:00,0.655,135,20
2026-05-02 20:17:00,0.641,134,20
2026-05-02 20:23:00,0.719,132,20
2026-05-02 20:29:00,0.721,134,20
2026-05-02 20:35:00,0.768,132,20
2026-05-02 20:41:00,0.758,133,20
2026-05-02 20:47:00,0.846,132,20
2026-05-02 20:53:00,0.758,133,20
2026-05-02 20:59:00,0.828,134,20
2026-05-02 21:05:00,0.886,133,20
2026-05-02 21:11:00,0.894,135,20
2026-05-02 21:17:00,0.836,135,20
2026-05-02 21:23:00,0.902,134,20
2026-05-02 21:29:00,0.925,134,20
2026-05-02 21:35:00,0.947,136,20
2026-05-02 21:41:00,0.929,136,20
2026-05-02 21:47:00,0.96,135,20
2026-05-02 21:53:00,0.98,137,20
2026-05-02 21:59:00,0.98,136,20
2026-05-02 22:05:00,0.945,135,20
2026-05-02 22:11:00,0.935,134,20
2026-05-02 22:17:00,0.912,135,20
2026-05-02 22:23:00,0.896,133,20
2026-05-02 22:29:00,0.912,135,20
2026-05-02 22:35:00,0.877,135,20
2026-05-02 22:41:00,0.828,134,20
2026-05-02 22:47:00,0.807,134,20
2026-05-02 22:53:00,0.741,135,20
2026-05-02 22:59:00,0.824,135,20
2026-05-02 23:05:00,0.744,136,20
2026-05-02 23:11:00,0.748,136,20
2026-05-02 23:17:00,0.673,139,20
2026-05-02 23:23:00,0.673,138,20
2026-05-02 23:29:00,0.57,139,20
2026-05-02 23:35:00,0.552,142,20
2026-05-02 23:41:00,0.445,138,20
2026-05-02 23:47:00,0.354,132,20
2026-05-02 23:53:00,0.364,140,20
2026-05-02 23:59:00,0.338,146,20
2026-05-03 00:05:00,0.247,136,20
2026-05-03 00:11:00,0.278,132,20
2026-05-03 00:17:00,0.208,137,20
2026-05-03 00:23:00,0.202,128,20
2026-05-03 00:29:00,0.124,106,20
2026-05-03 00:35:00,0.105,120,20
2026-05-03 00:41:00,0.074,98,20
2026-05-03 00:47:00,0.086,345,20
2026-05-03 00:53:00,0.117,344,20
2026-05-03 00:59:00,0.103,343,20
2026-05-03 01:05:00,0.159,332,20
2026-05-03 01:11:00,0.161,326,20
2026-05-03 01:17:00,0.272,328,20
2026-05-03 01:23:00,0.21,323,20
2026-05-03 01:29:00,0.239,330,20
2026-05-03 01:35:00,0.243,326,20
2026-05-03 01:41:00,0.206,324,20
2026-05-03 01:47:00,0.224,327,20
2026-05-03 01:53:00,0.249,333,20
2026-05-03 01:59:00,0.286,326,20
2026-05-03 02:05:00,0.255,331,20
2026-05-03 02:11:00,0.284,329,20
2026-05-03 02:17:00,0.365,331,20
2026-05-03 02:23:00,0.362,335,20
2026-05-03 02:29:00,0.332,328,20
2026-05-03 02:35:00,0.358,331,20
2026-05-03 02:41:00,0.385,335,20
2026-05-03 02:47:00,0.461,332,20
2026-05-03 02:53:00,0.626,333,20
2026-05-03 02:59:00,0.638,330,20
2026-05-03 03:05:00,0.618,327,20
2026-05-03 03:11:00,0.698,331,20
2026-05-03 03:17:00,0.741,332,20
2026-05-03 03:23:00,0.661,333,20
2026-05-03 03:29:00,0.779,330,20
2026-05-03 03:35:00,0.678,334,20
2026-05-03 03:41:00,0.7,336,20
2026-05-03 03:47:00,0.643,335,20
2026-05-03 03:53:00,0.71,334,20
2026-05-03 03:59:00,0.61,334,20
2026-05-03 04:05:00,0.548,337,20
2026-05-03 04:11:00,0.474,338,20
2026-05-03 04:17:00,0.478,341,20
2026-05-03 04:23:00,0.447,343,20
2026-05-03 04:29:00,0.36,352,20
2026-05-03 04:35:00,0.328,359,20
2026-05-03 04:41:00,0.301,353,20
2026-05-03 04:47:00,0.284,356,20
2026-05-03 04:53:00,0.282,353,20
2026-05-03 04:59:00,0.327,349,20
2026-05-03 05:05:00,0.297,337,20
2026-05-03 05:11:00,0.264,328,20
2026-05-03 05:17:00,0.255,326,20
2026-05-03 05:23:00,0.194,343,20
2026-05-03 05:29:00,0.171,321,20
2026-05-03 05:35:00,0.196,317,20
2026-05-03 05:41:00,0.165,328,20
2026-05-03 05:47:00,0.117,304,20
2026-05-03 05:53:00,0.121,336,20
2026-05-03 05:59:00,0.047,3,20
2026-05-03 06:05:00,0.06,327,20
2026-05-03 06:11:00,0.041,262,20
2026-05-03 06:17:00,0.025,263,20
2026-05-03 06:23:00,0.031,222,20
2026-05-03 06:29:00,0.062,160,20
2026-05-03 06:35:00,0.08,155,20
2026-05-03 06:41:00,0.052,173,20
2026-05-03 06:47:00,0.111,146,20
2026-05-03 06:53:00,0.173,148,20
2026-05-03 06:59:00,0.142,154,20
2026-05-03 07:05:00,0.222,149,20
2026-05-03 07:11:00,0.28,148,20
2026-05-03 07:17:00,0.251,150,20
2026-05-03 07:23:00,0.305,148,20
2026-05-03 07:29:00,0.323,146,20
2026-05-03 07:35:00,0.303,142,20
2026-05-03 07:41:00,0.381,142,20
2026-05-03 07:47:00,0.433,143,20
2026-05-03 07:53:00,0.437,142,20
2026-05-03 07:59:00,0.502,143,20
2026-05-03 08:05:00,0.527,142,20
2026-05-03 08:11:00,0.548,141,20
2026-05-03 08:17:00,0.568,140,20
2026-05-03 08:23:00,0.593,141,20
2026-05-03 08:29:00,0.649,142,20
2026-05-03 08:35:00,0.655,142,20
2026-05-03 08:41:00,0.696,141,20
2026-05-03 08:47:00,0.725,142,20
2026-05-03 08:53:00,0.676,142,20
2026-05-03 08:59:00,0.669,143,20
2026-05-03 09:05:00,0.614,138,20
2026-05-03 09:11:00,0.634,135,20
2026-05-03 09:17:00,0.774,137,20
2026-05-03 09:23:00,0.855,137,20
2026-05-03 09:29:00,0.857,139,20
2026-05-03 09:35:00,0.888,139,20
2026-05-03 09:41:00,0.918,139,20
2026-05-03 09:47:00,0.881,138,20
2026-05-03 09:53:00,0.914,138,20
2026-05-03 09:59:00,0.898,138,20
2026-05-03 10:05:00,0.919,139,20
2026-05-03 10:11:00,0.914,137,20
2026-05-03 10:17:00,0.871,137,20
2026-05-03 10:23:00,0.954,137,20
2026-05-03 10:29:00,0.958,137,20
2026-05-03 10:35:00,1.013,137,20
2026-05-03 10:41:00,1.007,138,20
2026-05-03 10:47:00,1.034,137,20
2026-05-03 10:53:00,1.063,138,20
2026-05-03 10:59:00,1.089,137,20
2026-05-03 11:05:00,1.112,135,20
2026-05-03 11:11:00,1.077,137,20
2026-05-03 11:17:00,1.081,136,20
2026-05-03 11:23:00,1.114,138,20
2026-05-03 11:29:00,1.03,138,20
2026-05-03 11:35:00,1.017,139,20
2026-05-03 11:41:00,1.135,140,20
2026-05-03 11:47:00,1.057,136,20
2026-05-03 11:53:00,1.112,137,20
2026-05-03 11:59:00,1.081,135,20
2026-05-03 12:05:00,1.056,134,20
2026-05-03 12:11:00,1.046,139,20
2026-05-03 12:17:00,1.042,137,20
2026-05-03 12:23:00,1.026,137,20
2026-05-03 12:29:00,0.982,138,20
2026-05-03 12:35:00,0.987,137,20
2026-05-03 12:41:00,0.884,135,20
2026-05-03 12:47:00,0.918,134,20
2026-05-03 12:53:00,0.83,135,20
2026-05-03 12:59:00,0.865,134,20
2026-05-03 13:05:00,0.801,134,20
2026-05-03 13:11:00,0.743,132,20
2026-05-03 13:17:00,0.731,135,20
2026-05-03 13:23:00,0.741,136,20
2026-05-03 13:29:00,0.673,135,20
2026-05-03 13:35:00,0.605,138,20
2026-05-03 13:41:00,0.435,137,20
2026-05-03 13:47:00,0.332,142,20
2026-05-03 13:53:00,0.328,144,20
2026-05-03 13:59:00,0.259,149,20
2026-05-03 14:05:00,0.225,145,20
2026-05-03 14:11:00,0.227,145,20
2026-05-03 14:17:00,0.21,145,20
2026-05-03 14:23:00,0.237,140,20
2026-05-03 14:29:00,0.202,144,20
2026-05-03 14:35:00,0.128,153,20
2026-05-03 14:41:00,0.152,141,20
2026-05-03 14:47:00,0.06,128,20
2026-05-03 14:53:00,0.089,138,20
2026-05-03 14:59:00,0.056,157,20
2026-05-03 15:05:00,0.051,186,20
2026-05-03 15:11:00,0.052,204,20
2026-05-03 15:17:00,0.051,190,20
2026-05-03 15:23:00,0.066,287,20
2026-05-03 15:29:00,0.122,293,20
2026-05-03 15:41:00,0.245,309,20
2026-05-03 15:47:00,0.218,311,20
2026-05-03 15:53:00,0.282,318,20
2026-05-03 15:59:00,0.292,318,20
2026-05-03 16:05:00,0.251,317,20
2026-05-03 16:11:00,0.26,322,20
2026-05-03 16:17:00,0.272,326,20
2026-05-03 16:23:00,0.272,317,20
2026-05-03 16:29:00,0.26,321,20
2026-05-03 16:35:00,0.237,319,20
2026-05-03 16:41:00,0.185,326,20
2026-05-03 16:47:00,0.167,327,20
2026-05-03 16:53:00,0.103,329,20
2026-05-03 16:59:00,0.074,342,20
2026-05-03 17:05:00,0.052,342,20
2026-05-03 17:11:00,0.068,342,20
2026-05-03 17:17:00,0.023,105,20
2026-05-03 17:23:00,0.033,140,20
2026-05-03 17:29:00,0.07,145,20
2026-05-03 17:35:00,0.06,149,20
2026-05-03 17:41:00,0.103,148,20
2026-05-03 17:47:00,0.128,158,20
2026-05-03 17:53:00,0.167,150,20
2026-05-03 17:59:00,0.165,148,20
2026-05-03 18:05:00,0.224,154,20
2026-05-03 18:11:00,0.224,152,20
2026-05-03 18:17:00,0.224,151,20
2026-05-03 18:23:00,0.216,155,20
2026-05-03 18:29:00,0.28,152,20
2026-05-03 18:35:00,0.249,158,20
2026-05-03 18:41:00,0.19,153,20
2026-05-03 18:47:00,0.206,155,20
2026-05-03 18:53:00,0.27,145,20
2026-05-03 18:59:00,0.288,147,20
2026-05-03 19:05:00,0.325,147,20
2026-05-03 19:11:00,0.282,143,20
2026-05-03 19:17:00,0.398,142,20
2026-05-03 19:23:00,0.398,141,20
2026-05-03 19:29:00,0.391,142,20
2026-05-03 19:35:00,0.402,143,20
2026-05-03 19:41:00,0.4,142,20
2026-05-03 19:47:00,0.369,141,20
2026-05-03 19:53:00,0.317,151,20
2026-05-03 19:59:00,0.484,140,20
2026-05-03 20:05:00,0.255,191,20
2026-05-03 20:11:00,0.328,141,20
2026-05-03 20:17:00,0.515,153,20
2026-05-03 20:23:00,0.115,4,20
2026-05-03 20:29:00,0.301,148,20
2026-05-03 20:35:00,0.33,147,20
2026-05-03 20:41:00,0.529,142,20
2026-05-03 20:47:00,0.533,141,20
2026-05-03 20:53:00,0.57,139,20
2026-05-03 20:59:00,0.597,136,20
2026-05-03 21:05:00,0.573,137,20
2026-05-03 21:11:00,0.593,135,20
2026-05-03 21:17:00,0.486,133,20
2026-05-03 21:23:00,0.457,125,20
2026-05-03 21:29:00,0.461,128,20
2026-05-03 21:35:00,0.439,131,20
2026-05-03 21:41:00,0.474,132,20
2026-05-03 21:47:00,0.515,130,20
2026-05-03 21:53:00,0.616,136,20
2026-05-03 21:59:00,0.554,134,20
2026-05-03 22:05:00,0.581,135,20
2026-05-03 22:11:00,0.56,134,20
2026-05-03 22:17:00,0.575,137,20
2026-05-03 22:23:00,0.519,137,20
2026-05-03 22:29:00,0.544,135,20
2026-05-03 22:35:00,0.54,137,20
2026-05-03 22:41:00,0.362,134,20
2026-05-03 22:47:00,0.529,137,20
2026-05-03 22:53:00,0.536,146,20
2026-05-03 22:59:00,0.091,147,20
2026-05-03 23:05:00,0.049,41,20
2026-05-03 23:11:00,0.136,96,20
2026-05-03 23:17:00,0.408,124,20
2026-05-03 23:23:00,0.237,88,20
2026-05-03 23:29:00,0.292,120,20
2026-05-03 23:35:00,0.202,100,20
2026-05-03 23:41:00,0.227,122,20
2026-05-03 23:47:00,0.175,131,20
2026-05-03 23:53:00,0.117,95,20
2026-05-03 23:59:00,0.15,123,20
2026-05-04 00:05:00,0.087,122,20
2026-05-04 00:11:00,0.117,47,20
2026-05-04 00:17:00,0.084,47,20
2026-05-04 00:23:00,0.128,16,20
2026-05-04 00:29:00,0.095,24,20
2026-05-04 00:35:00,0.175,347,20
2026-05-04 00:41:00,0.284,341,20
2026-05-04 00:47:00,0.315,351,20
2026-05-04 00:53:00,0.309,356,20
2026-05-04 00:59:00,0.259,351,20
2026-05-04 01:05:00,0.262,346,20
2026-05-04 01:11:00,0.307,350,20
2026-05-04 01:17:00,0.408,346,20
2026-05-04 01:23:00,0.443,342,20
2026-05-04 01:29:00,0.451,345,20
2026-05-04 01:35:00,0.525,340,20
2026-05-04 01:41:00,0.496,340,20
2026-05-04 01:47:00,0.589,339,20
2026-05-04 01:53:00,0.641,337,20
2026-05-04 01:59:00,0.645,336,20
2026-05-04 02:05:00,0.758,339,20
2026-05-04 02:11:00,0.756,336,20
2026-05-04 02:17:00,0.822,336,20
2026-05-04 02:23:00,0.935,332,20
2026-05-04 02:29:00,1.009,329,20
2026-05-04 02:35:00,1.067,329,20
2026-05-04 02:41:00,1.106,325,20
2026-05-04 02:47:00,1.133,323,20
2026-05-04 02:53:00,1.155,325,20
2026-05-04 02:59:00,1.155,325,20
2026-05-04 03:05:00,1.182,323,20
2026-05-04 03:11:00,1.248,322,20
2026-05-04 03:17:00,1.298,323,20
2026-05-04 03:23:00,1.287,322,20
2026-05-04 03:29:00,1.267,323,20
2026-05-04 03:35:00,1.174,326,20
2026-05-04 03:41:00,1.063,328,20
2026-05-04 03:47:00,1.009,331,20
2026-05-04 03:53:00,1.083,333,20
2026-05-04 03:59:00,0.997,334,20
2026-05-04 04:05:00,1.028,332,20
2026-05-04 04:11:00,1.106,331,20
2026-05-04 04:17:00,1.159,330,20
2026-05-04 04:23:00,1.075,330,20
2026-05-04 04:29:00,1.038,330,20
2026-05-04 04:35:00,1.112,331,20
2026-05-04 04:41:00,1.077,334,20
2026-05-04 04:47:00,1.013,334,20
2026-05-04 04:53:00,1.106,331,20
2026-05-04 04:59:00,1.194,325,20
2026-05-04 05:05:00,1.141,328,20
2026-05-04 05:11:00,1.069,330,20
2026-05-04 05:17:00,0.937,332,20
2026-05-04 05:23:00,0.816,336,20
2026-05-04 05:29:00,0.9,335,20
2026-05-04 05:35:00,0.896,335,20
2026-05-04 05:41:00,0.952,335,20
2026-05-04 05:47:00,0.925,339,20
2026-05-04 05:53:00,0.999,337,20
2026-05-04 05:59:00,0.986,337,20
2026-05-04 06:05:00,1.042,335,20
2026-05-04 06:11:00,0.978,337,20
2026-05-04 06:17:00,0.98,336,20
2026-05-04 06:23:00,0.929,334,20
2026-05-04 06:29:00,0.813,335,20
2026-05-04 06:35:00,0.855,327,20
2026-05-04 06:41:00,0.768,329,20
2026-05-04 06:47:00,0.717,326,20
2026-05-04 06:53:00,0.692,324,20
2026-05-04 06:59:00,0.696,327,20
2026-05-04 07:05:00,0.599,331,20
2026-05-04 07:11:00,0.556,323,20
2026-05-04 07:17:00,0.367,327,20
2026-05-04 07:23:00,0.325,324,20
2026-05-04 07:29:00,0.222,323,20
2026-05-04 07:35:00,0.101,344,20
2026-05-04 07:41:00,0.049,331,20
2026-05-04 07:47:00,0.058,344,20
2026-05-04 07:53:00,0.033,209,20
2026-05-04 07:59:00,0.029,209,20
2026-05-04 08:05:00,0.159,166,20
2026-05-04 08:11:00,0.28,159,20
2026-05-04 08:17:00,0.373,158,20
2026-05-04 08:23:00,0.352,156,20
2026-05-04 08:29:00,0.488,160,20
2026-05-04 08:35:00,0.395,167,20
2026-05-04 08:41:00,0.398,171,20
2026-05-04 08:47:00,0.416,169,20
2026-05-04 08:53:00,0.336,169,20
2026-05-04 08:59:00,0.398,165,20
2026-05-04 09:05:00,0.4,162,20
2026-05-04 09:11:00,0.412,159,20
2026-05-04 09:17:00,0.432,156,20
2026-05-04 09:23:00,0.433,150,20
2026-05-04 09:29:00,0.492,148,20
2026-05-04 09:35:00,0.492,146,20
2026-05-04 09:41:00,0.535,145,20
2026-05-04 09:47:00,0.597,140,20
2026-05-04 09:53:00,0.663,139,20
2026-05-04 09:59:00,0.692,141,20
2026-05-04 10:05:00,0.673,141,20
2026-05-04 10:11:00,0.71,142,20
2026-05-04 10:17:00,0.725,141,20
2026-05-04 10:23:00,0.818,143,20
2026-05-04 10:29:00,0.715,138,20
2026-05-04 10:35:00,0.719,131,20
2026-05-04 10:41:00,0.647,130,20
2026-05-04 10:47:00,0.715,125,20
2026-05-04 10:53:00,0.832,127,20
2026-05-04 10:59:00,0.789,130,20
2026-05-04 11:05:00,0.912,125,20
2026-05-04 11:11:00,0.923,122,20
2026-05-04 11:17:00,1.009,122,20
2026-05-04 11:23:00,1.048,122,20
2026-05-04 11:29:00,1.11,123,20
2026-05-04 11:35:00,1.081,127,20
2026-05-04 11:41:00,1.034,132,20
2026-05-04 11:47:00,1.159,135,20
2026-05-04 11:53:00,1.351,139,20
2026-05-04 11:59:00,1.398,140,20
2026-05-04 12:05:00,1.425,141,20
2026-05-04 12:11:00,1.365,142,20
2026-05-04 12:17:00,1.298,142,20
2026-05-04 12:23:00,1.192,142,20
2026-05-04 12:29:00,1.1,141,20
2026-05-04 12:35:00,1.102,142,20
2026-05-04 12:41:00,1.036,144,20
2026-05-04 12:47:00,0.995,144,20
2026-05-04 12:53:00,0.919,143,20
2026-05-04 12:59:00,0.867,142,20
2026-05-04 13:05:00,0.919,143,20
2026-05-04 13:11:00,0.853,144,20
2026-05-04 13:17:00,0.809,143,20
2026-05-04 13:23:00,0.754,143,20
2026-05-04 13:29:00,0.725,140,20
2026-05-04 13:35:00,0.657,139,20
2026-05-04 13:41:00,0.597,137,20
2026-05-04 13:47:00,0.533,134,20
2026-05-04 13:53:00,0.463,133,20
2026-05-04 13:59:00,0.377,131,20
2026-05-04 14:05:00,0.365,130,20
2026-05-04 14:11:00,0.327,135,20
2026-05-04 14:17:00,0.36,139,20
2026-05-04 14:23:00,0.35,143,20
2026-05-04 14:29:00,0.268,139,20
2026-05-04 14:35:00,0.183,129,20
2026-05-04 14:41:00,0.159,124,20
2026-05-04 14:47:00,0.132,123,20
2026-05-04 14:53:00,0.136,121,20
2026-05-04 14:59:00,0.15,120,20
2026-05-04 15:05:00,0.19,114,20
2026-05-04 15:11:00,0.165,108,20
2026-05-04 15:17:00,0.101,88,20
2026-05-04 15:23:00,0.095,73,20
2026-05-04 15:29:00,0.093,86,20
2026-05-04 15:35:00,0.064,57,20
2026-05-04 15:41:00,0.078,4,20
2026-05-04 15:47:00,0.041,358,20
2026-05-04 15:53:00,0.074,318,20
2026-05-04 15:59:00,0.128,323,20
2026-05-04 16:05:00,0.187,320,20
2026-05-04 16:11:00,0.189,316,20
2026-05-04 16:17:00,0.204,316,20
2026-05-04 16:23:00,0.225,320,20
2026-05-04 16:29:00,0.214,325,20
2026-05-04 16:35:00,0.251,322,20
2026-05-04 16:41:00,0.299,323,20
2026-05-04 16:47:00,0.321,321,20
2026-05-04 16:53:00,0.354,320,20
2026-05-04 16:59:00,0.525,314,20
2026-05-04 17:05:00,0.531,316,20
2026-05-04 17:11:00,0.618,314,20
2026-05-04 17:17:00,0.527,316,20
2026-05-04 17:23:00,0.558,317,20
2026-05-04 17:29:00,0.503,322,20
2026-05-04 17:35:00,0.428,324,20
2026-05-04 17:41:00,0.4,327,20
2026-05-04 17:47:00,0.377,320,20
2026-05-04 17:53:00,0.377,324,20
2026-05-04 17:59:00,0.358,331,20
2026-05-04 18:05:00,0.43,332,20
2026-05-04 18:11:00,0.375,336,20
2026-05-04 18:17:00,0.278,340,20
2026-05-04 18:23:00,0.245,347,20
2026-05-04 18:29:00,0.192,350,20
2026-05-04 18:35:00,0.235,350,20
2026-05-04 18:41:00,0.243,346,20
2026-05-04 18:47:00,0.15,348,20
2026-05-04 18:53:00,0.134,353,20
2026-05-04 18:59:00,0.101,343,20
2026-05-04 19:11:00,0.043,33,20
2026-05-04 19:17:00,0.033,50,20
2026-05-04 19:29:00,0.119,137,20
2026-05-04 19:35:00,0.064,147,20
2026-05-04 19:41:00,0.224,117,20
2026-05-04 19:47:00,0.214,103,20
2026-05-04 19:53:00,0.233,124,20
2026-05-04 19:59:00,0.109,125,20
2026-05-04 20:05:00,0.451,153,20
2026-05-04 20:11:00,0.189,104,20
2026-05-04 20:17:00,0.424,146,20
2026-05-04 20:23:00,0.225,209,20
2026-05-04 20:29:00,0.15,80,20
2026-05-04 20:35:00,0.264,132,20
2026-05-04 20:41:00,0.439,142,20
2026-05-04 20:47:00,0.404,145,20
2026-05-04 20:53:00,0.354,146,20
2026-05-04 20:59:00,0.416,144,20
2026-05-04 21:05:00,0.467,145,20
2026-05-04 21:11:00,0.478,142,20
2026-05-04 21:17:00,0.41,153,20
2026-05-04 21:23:00,0.498,155,20
2026-05-04 21:29:00,0.43,153,20
2026-05-04 21:35:00,0.369,155,20
2026-05-04 21:41:00,0.344,153,20
2026-05-04 21:47:00,0.395,152,20
2026-05-04 21:53:00,0.42,144,20
2026-05-04 21:59:00,0.4,152,20
2026-05-04 22:05:00,0.41,143,20
2026-05-04 22:11:00,0.486,144,20
2026-05-04 22:17:00,0.527,146,20
2026-05-04 22:23:00,0.5,143,20
2026-05-04 22:29:00,0.426,142,20
2026-05-04 22:35:00,0.62,142,20
2026-05-04 22:41:00,0.572,145,20
2026-05-04 22:47:00,0.521,147,20
2026-05-04 22:53:00,0.503,148,20
2026-05-04 22:59:00,0.5,151,20
2026-05-04 23:05:00,0.441,158,20
2026-05-04 23:11:00,0.597,156,20
2026-05-04 23:17:00,0.41,148,20
2026-05-04 23:23:00,0.432,144,20
2026-05-04 23:29:00,0.33,142,20
2026-05-04 23:35:00,0.381,147,20
2026-05-04 23:41:00,0.566,156,20
2026-05-04 23:47:00,0.41,146,20
2026-05-04 23:53:00,0.315,160,20
2026-05-04 23:59:00,0.461,140,20
2026-05-05 00:05:00,0.418,140,20
2026-05-05 00:11:00,0.395,141,20
2026-05-05 00:17:00,0.321,129,20
2026-05-05 00:23:00,0.295,140,20
2026-05-05 00:29:00,0.4,142,20
2026-05-05 00:35:00,0.229,144,20
2026-05-05 00:41:00,0.196,144,20
2026-05-05 00:47:00,0.124,157,20
2026-05-05 00:53:00,0.095,148,20
2026-05-05 00:59:00,0.128,148,20
2026-05-05 01:05:00,0.08,146,20
2026-05-05 01:11:00,0.041,108,20
2026-05-05 01:17:00,0.023,147,20
2026-05-05 01:23:00,0.058,105,20
2026-05-05 01:29:00,0.052,327,20
2026-05-05 01:35:00,0.051,354,20
2026-05-05 01:41:00,0.233,332,20
2026-05-05 01:47:00,0.13,319,20
2026-05-05 01:53:00,0.222,327,20
2026-05-05 01:59:00,0.309,317,20
2026-05-05 02:05:00,0.387,327,20
2026-05-05 02:11:00,0.354,322,20
2026-05-05 02:17:00,0.268,325,20
2026-05-05 02:23:00,0.321,330,20
2026-05-05 02:29:00,0.375,320,20
2026-05-05 02:35:00,0.562,315,20
2026-05-05 02:41:00,0.503,316,20
2026-05-05 02:47:00,0.478,321,20
2026-05-05 02:53:00,0.474,320,20
2026-05-05 02:59:00,0.542,320,20
2026-05-05 03:05:00,0.704,321,20
2026-05-05 03:11:00,0.739,324,20
2026-05-05 03:17:00,0.729,325,20
2026-05-05 03:23:00,0.778,327,20
2026-05-05 03:29:00,0.778,326,20
2026-05-05 03:35:00,0.733,331,20
2026-05-05 03:41:00,0.791,330,20
2026-05-05 03:47:00,0.746,329,20
2026-05-05 03:53:00,0.797,330,20
2026-05-05 03:59:00,0.791,332,20
2026-05-05 04:05:00,0.89,329,20
2026-05-05 04:11:00,1.059,328,20
2026-05-05 04:17:00,0.954,328,20
2026-05-05 04:23:00,0.912,330,20
2026-05-05 04:29:00,0.906,330,20
2026-05-05 04:35:00,0.871,328,20
2026-05-05 04:41:00,0.945,328,20
2026-05-05 04:47:00,1.057,327,20
2026-05-05 04:53:00,1.089,328,20
2026-05-05 04:59:00,1.001,327,20
2026-05-05 05:05:00,0.995,324,20
2026-05-05 05:11:00,0.937,327,20
2026-05-05 05:17:00,0.882,328,20
2026-05-05 05:23:00,0.879,327,20
2026-05-05 05:29:00,0.929,328,20
2026-05-05 05:35:00,0.933,326,20
2026-05-05 05:41:00,1.009,328,20
2026-05-05 05:47:00,1.028,325,20
2026-05-05 05:53:00,1.063,327,20
2026-05-05 05:59:00,0.987,328,20
2026-05-05 06:05:00,0.89,326,20
2026-05-05 06:11:00,0.725,324,20
2026-05-05 06:17:00,0.813,327,20
2026-05-05 06:23:00,0.752,331,20
2026-05-05 06:29:00,0.795,328,20
2026-05-05 06:35:00,0.906,324,20
2026-05-05 06:41:00,0.818,322,20
2026-05-05 06:47:00,0.754,322,20
2026-05-05 06:53:00,0.723,327,20
2026-05-05 06:59:00,0.746,328,20
2026-05-05 07:05:00,0.708,335,20
2026-05-05 07:11:00,0.472,346,20
2026-05-05 07:17:00,0.509,333,20
2026-05-05 07:23:00,0.665,327,20
2026-05-05 07:29:00,0.669,330,20
2026-05-05 07:35:00,0.661,328,20
2026-05-05 07:41:00,0.694,329,20
2026-05-05 07:47:00,0.686,332,20
2026-05-05 07:53:00,0.535,336,20
2026-05-05 07:59:00,0.5,323,20
2026-05-05 08:05:00,0.385,250,20
2026-05-05 08:11:00,0.486,291,20
2026-05-05 08:17:00,0.688,315,20
2026-05-05 08:23:00,0.107,150,20
2026-05-05 08:29:00,0.867,337,20
2026-05-05 08:35:00,0.675,319,20
2026-05-05 08:41:00,0.377,296,20
2026-05-05 08:47:00,0.35,287,20
2026-05-05 08:53:00,0.356,290,20
2026-05-05 08:59:00,0.214,276,20
2026-05-05 09:05:00,0.156,245,20
2026-05-05 09:11:00,0.152,209,20
2026-05-05 09:17:00,0.084,249,20
2026-05-05 09:23:00,0.185,172,20
2026-05-05 09:29:00,0.121,172,20
2026-05-05 09:35:00,0.249,155,20
2026-05-05 09:41:00,0.274,151,20
2026-05-05 09:47:00,0.257,123,20
2026-05-05 09:53:00,0.26,108,20
2026-05-05 09:59:00,0.259,83,20
2026-05-05 10:05:00,0.295,95,20
2026-05-05 10:11:00,0.521,139,20
2026-05-05 10:17:00,0.212,135,20
2026-05-05 10:23:00,0.251,133,20
2026-05-05 10:29:00,0.398,133,20
2026-05-05 10:35:00,0.375,130,20
2026-05-05 10:41:00,0.449,135,20
2026-05-05 10:47:00,0.447,141,20
2026-05-05 10:53:00,0.517,138,20
2026-05-05 10:59:00,0.632,147,20
2026-05-05 11:05:00,0.754,149,20
2026-05-05 11:11:00,0.776,148,20
2026-05-05 11:17:00,0.61,147,20
2026-05-05 11:23:00,0.589,145,20
2026-05-05 11:29:00,0.48,146,20
2026-05-05 11:35:00,0.521,141,20
2026-05-05 11:41:00,0.5,141,20
2026-05-05 11:47:00,0.521,138,20
2026-05-05 11:53:00,0.523,138,20
2026-05-05 11:59:00,0.55,139,20
2026-05-05 12:05:00,0.573,133,20
2026-05-05 12:11:00,0.525,132,20
2026-05-05 12:17:00,0.56,131,20
2026-05-05 12:23:00,0.556,130,20
2026-05-05 12:29:00,0.494,131,20
2026-05-05 12:35:00,0.488,128,20
2026-05-05 12:41:00,0.612,133,20
2026-05-05 12:47:00,0.647,133,20
2026-05-05 12:53:00,0.579,138,20
2026-05-05 12:59:00,0.641,137,20
2026-05-05 13:05:00,0.69,141,20
2026-05-05 13:11:00,0.618,139,20
2026-05-05 13:17:00,0.591,137,20
2026-05-05 13:23:00,0.494,132,20
2026-05-05 13:29:00,0.455,134,20
2026-05-05 13:35:00,0.344,133,20
2026-05-05 13:41:00,0.266,135,20
2026-05-05 13:47:00,0.262,134,20
2026-05-05 13:53:00,0.35,121,20
2026-05-05 13:59:00,0.437,133,20
2026-05-05 14:05:00,0.375,131,20
2026-05-05 14:11:00,0.342,133,20
2026-05-05 14:17:00,0.36,141,20
2026-05-05 14:23:00,0.356,143,20
2026-05-05 14:29:00,0.385,146,20
2026-05-05 14:35:00,0.406,149,20
2026-05-05 14:41:00,0.371,149,20
2026-05-05 14:47:00,0.393,147,20
2026-05-05 14:53:00,0.354,144,20
2026-05-05 14:59:00,0.286,149,20
2026-05-05 15:05:00,0.321,153,20
2026-05-05 15:11:00,0.295,149,20
2026-05-05 15:17:00,0.286,151,20
2026-05-05 15:23:00,0.255,158,20
2026-05-05 15:29:00,0.257,161,20
2026-05-05 15:35:00,0.336,148,20
2026-05-05 15:41:00,0.13,165,20
2026-05-05 15:47:00,0.138,165,20
2026-05-05 15:53:00,0.119,162,20
2026-05-05 15:59:00,0.218,145,20
2026-05-05 16:05:00,0.076,200,20
2026-05-05 16:11:00,0.064,232,20
2026-05-05 16:17:00,0.068,243,20
2026-05-05 16:23:00,0.082,241,20
2026-05-05 16:29:00,0.091,303,20
2026-05-05 16:35:00,0.093,333,20
2026-05-05 16:41:00,0.126,327,20
2026-05-05 16:47:00,0.198,335,20
2026-05-05 16:53:00,0.233,329,20
2026-05-05 16:59:00,0.247,330,20
2026-05-05 17:05:00,0.266,330,20
2026-05-05 17:11:00,0.321,332,20
2026-05-05 17:17:00,0.373,332,20
2026-05-05 17:23:00,0.4,333,20
2026-05-05 17:29:00,0.418,335,20
2026-05-05 17:35:00,0.5,330,20
2026-05-05 17:41:00,0.521,327,20
2026-05-05 17:47:00,0.5,328,20
2026-05-05 17:53:00,0.455,335,20
2026-05-05 17:59:00,0.523,328,20
2026-05-05 18:05:00,0.601,325,20
2026-05-05 18:11:00,0.573,328,20
2026-05-05 18:17:00,0.519,330,20
2026-05-05 18:23:00,0.511,331,20
2026-05-05 18:29:00,0.579,333,20
2026-05-05 18:35:00,0.552,330,20
2026-05-05 18:41:00,0.554,333,20
2026-05-05 18:47:00,0.531,330,20
2026-05-05 18:53:00,0.404,333,20
2026-05-05 18:59:00,0.449,330,20
2026-05-05 19:05:00,0.307,327,20
2026-05-05 19:11:00,0.097,334,20
2026-05-05 19:17:00,0.124,330,20
2026-05-05 19:23:00,0.056,349,20
2026-05-05 19:29:00,0.134,328,20
2026-05-05 19:35:00,0.021,147,20
2026-05-05 19:41:00,0.012,108,20
2026-05-05 19:47:00,0.031,230,20
2026-05-05 19:53:00,0.054,174,20
2026-05-05 19:59:00,0.126,206,20
2026-05-05 20:05:00,0.064,270,20
2026-05-05 20:11:00,0.031,187,20
2026-05-05 20:17:00,0.177,163,20
2026-05-05 20:23:00,0.095,126,20
2026-05-05 20:29:00,0.243,152,20
2026-05-05 20:35:00,0.095,154,20
2026-05-05 20:41:00,0.076,64,20
2026-05-05 20:47:00,0.264,148,20
2026-05-05 20:53:00,0.26,150,20
2026-05-05 20:59:00,0.28,152,20
2026-05-05 21:05:00,0.356,154,20
2026-05-05 21:11:00,0.323,151,20
2026-05-05 21:17:00,0.369,151,20
2026-05-05 21:23:00,0.348,152,20
2026-05-05 21:29:00,0.36,149,20
2026-05-05 21:35:00,0.447,152,20
2026-05-05 21:41:00,0.529,147,20
2026-05-05 21:47:00,0.554,150,20
2026-05-05 21:53:00,0.513,152,20
2026-05-05 21:59:00,0.548,152,20
2026-05-05 22:05:00,0.496,150,20
2026-05-05 22:11:00,0.546,150,20
2026-05-05 22:17:00,0.55,151,20
2026-05-05 22:23:00,0.54,149,20
2026-05-05 22:29:00,0.556,148,20
2026-05-05 22:35:00,0.535,149,20
2026-05-05 22:41:00,0.467,144,20
2026-05-05 22:47:00,0.618,148,20
2026-05-05 22:53:00,0.564,147,20
2026-05-05 22:59:00,0.575,146,20
2026-05-05 23:05:00,0.542,149,20
2026-05-05 23:11:00,0.445,145,20
2026-05-05 23:17:00,0.536,146,20
2026-05-05 23:23:00,0.494,152,20
2026-05-05 23:29:00,0.486,148,20
2026-05-05 23:35:00,0.4,143,20
2026-05-05 23:41:00,0.408,138,20
2026-05-05 23:47:00,0.406,144,20
2026-05-05 23:53:00,0.587,139,20
2026-05-05 23:59:00,0.461,151,20
2026-05-06 00:05:00,0.515,149,20
2026-05-06 00:11:00,0.488,153,20
2026-05-06 00:17:00,0.606,156,20
2026-05-06 00:23:00,0.544,151,20
2026-05-06 00:29:00,0.426,153,20
2026-05-06 00:35:00,0.414,152,20
2026-05-06 00:41:00,0.358,153,20
2026-05-06 00:47:00,0.435,150,20
2026-05-06 00:53:00,0.406,153,20
2026-05-06 00:59:00,0.319,152,20
2026-05-06 01:05:00,0.243,146,20
2026-05-06 01:11:00,0.305,148,20
2026-05-06 01:17:00,0.241,146,20
2026-05-06 01:23:00,0.251,139,20
2026-05-06 01:29:00,0.282,135,20
2026-05-06 01:35:00,0.196,130,20
2026-05-06 01:41:00,0.185,136,20
2026-05-06 01:47:00,0.198,111,20
2026-05-06 01:53:00,0.086,96,20
2026-05-06 01:59:00,0.107,136,20
2026-05-06 02:05:00,0.045,80,20
2026-05-06 02:11:00,0.051,107,20
2026-05-06 02:17:00,0.105,356,20
2026-05-06 02:23:00,0.124,340,20
2026-05-06 02:29:00,0.107,345,20
2026-05-06 02:35:00,0.14,337,20
2026-05-06 02:41:00,0.255,334,20
2026-05-06 02:47:00,0.295,335,20
2026-05-06 02:53:00,0.274,340,20
2026-05-06 02:59:00,0.28,330,20
2026-05-06 03:05:00,0.387,327,20
2026-05-06 03:11:00,0.468,331,20
2026-05-06 03:17:00,0.439,330,20
2026-05-06 03:23:00,0.375,331,20
2026-05-06 03:29:00,0.342,330,20
2026-05-06 03:35:00,0.375,319,20
2026-05-06 03:41:00,0.441,328,20
2026-05-06 03:47:00,0.406,329,20
2026-05-06 03:53:00,0.47,328,20
2026-05-06 03:59:00,0.645,332,20
2026-05-06 04:05:00,0.575,334,20
2026-05-06 04:11:00,0.544,336,20
2026-05-06 04:17:00,0.515,344,20
2026-05-06 04:23:00,0.507,344,20
2026-05-06 04:29:00,0.556,346,20
2026-05-06 04:35:00,0.622,342,20
2026-05-06 04:41:00,0.57,342,20
2026-05-06 04:47:00,0.651,341,20
2026-05-06 04:53:00,0.653,345,20
2026-05-06 04:59:00,0.725,342,20
2026-05-06 05:05:00,0.616,341,20
2026-05-06 05:11:00,0.636,341,20
2026-05-06 05:17:00,0.692,341,20
2026-05-06 05:23:00,0.638,341,20
2026-05-06 05:29:00,0.535,341,20
2026-05-06 05:35:00,0.61,343,20
2026-05-06 05:41:00,0.752,337,20
2026-05-06 05:47:00,0.676,340,20
2026-05-06 05:53:00,0.634,344,20
2026-05-06 05:59:00,0.632,348,20
2026-05-06 06:05:00,0.61,351,20
2026-05-06 06:11:00,0.606,351,20
2026-05-06 06:17:00,0.606,353,20
2026-05-06 06:23:00,0.527,4,20
2026-05-06 06:29:00,0.675,348,20
2026-05-06 06:35:00,0.573,355,20
2026-05-06 06:41:00,0.63,352,20
2026-05-06 06:47:00,0.502,1,20
2026-05-06 06:53:00,0.568,345,20
2026-05-06 06:59:00,0.529,355,20
2026-05-06 07:05:00,0.538,355,20
2026-05-06 07:11:00,0.511,357,20
2026-05-06 07:17:00,0.544,346,20
2026-05-06 07:23:00,0.453,358,20
2026-05-06 07:29:00,0.35,7,20
2026-05-06 07:35:00,0.503,339,20
2026-05-06 07:41:00,0.418,347,20
2026-05-06 07:47:00,0.511,342,20
2026-05-06 07:53:00,0.816,354,20
2026-05-06 07:59:00,0.449,345,20
2026-05-06 08:05:00,0.103,127,20
2026-05-06 08:11:00,0.047,189,20
2026-05-06 08:17:00,0.327,331,20
2026-05-06 08:23:00,0.052,347,20
2026-05-06 08:29:00,0.272,342,20
2026-05-06 08:35:00,0.161,37,20
2026-05-06 08:41:00,0.19,72,20
2026-05-06 08:47:00,0.319,121,20
2026-05-06 08:53:00,0.486,130,20
2026-05-06 08:59:00,0.437,129,20
2026-05-06 09:05:00,0.373,126,20
2026-05-06 09:11:00,0.447,136,20
2026-05-06 09:17:00,0.496,130,20
2026-05-06 09:23:00,0.317,131,20
2026-05-06 09:29:00,0.346,130,20
2026-05-06 09:35:00,0.422,131,20
2026-05-06 09:41:00,0.441,128,20
2026-05-06 09:47:00,0.414,130,20
2026-05-06 09:53:00,0.408,127,20
2026-05-06 09:59:00,0.435,131,20
2026-05-06 10:05:00,0.476,136,20
2026-05-06 10:11:00,0.449,134,20
2026-05-06 10:17:00,0.47,136,20
2026-05-06 10:23:00,0.57,135,20
2026-05-06 10:29:00,0.696,136,20
2026-05-06 10:35:00,0.708,134,20
2026-05-06 10:41:00,0.741,134,20
2026-05-06 10:47:00,0.719,133,20
2026-05-06 10:53:00,0.818,133,20
2026-05-06 10:59:00,0.667,131,20
2026-05-06 11:05:00,0.748,131,20
2026-05-06 11:11:00,0.75,134,20
2026-05-06 11:17:00,0.678,131,20
2026-05-06 11:23:00,0.762,129,20
2026-05-06 11:29:00,0.702,126,20
2026-05-06 11:35:00,0.7,127,20
2026-05-06 11:41:00,0.698,127,20
2026-05-06 11:47:00,0.744,125,20
2026-05-06 11:53:00,0.692,126,20
2026-05-06 11:59:00,0.649,128,20
2026-05-06 12:05:00,0.698,127,20
2026-05-06 12:11:00,0.647,129,20
2026-05-06 12:17:00,0.676,131,20
2026-05-06 12:23:00,0.63,129,20
2026-05-06 12:29:00,0.612,130,20
2026-05-06 12:35:00,0.521,127,20
2026-05-06 12:41:00,0.519,129,20
2026-05-06 12:47:00,0.552,129,20
2026-05-06 12:53:00,0.527,131,20
2026-05-06 12:59:00,0.542,130,20
2026-05-06 13:05:00,0.554,130,20
2026-05-06 13:11:00,0.544,130,20
2026-05-06 13:17:00,0.583,130,20
2026-05-06 13:23:00,0.599,131,20
2026-05-06 13:29:00,0.708,133,20
2026-05-06 13:35:00,0.772,133,20
2026-05-06 13:41:00,0.818,136,20
2026-05-06 13:47:00,0.813,136,20
2026-05-06 13:53:00,0.772,139,20
2026-05-06 13:59:00,0.743,138,20
2026-05-06 14:05:00,0.807,138,20
2026-05-06 14:11:00,0.886,141,20
2026-05-06 14:17:00,0.902,141,20
2026-05-06 14:23:00,0.807,143,20
2026-05-06 14:29:00,0.914,143,20
2026-05-06 14:35:00,0.818,145,20
2026-05-06 14:41:00,0.832,144,20
2026-05-06 14:47:00,0.809,145,20
2026-05-06 14:53:00,0.803,142,20
2026-05-06 14:59:00,0.727,142,20
2026-05-06 15:05:00,0.61,137,20
2026-05-06 15:11:00,0.566,135,20
2026-05-06 15:17:00,0.587,137,20
2026-05-06 15:23:00,0.56,136,20
2026-05-06 15:29:00,0.503,138,20
2026-05-06 15:35:00,0.437,137,20
2026-05-06 15:41:00,0.581,136,20
2026-05-06 15:47:00,0.546,135,20
2026-05-06 15:53:00,0.43,142,20
2026-05-06 15:59:00,0.418,137,20
2026-05-06 16:05:00,0.36,144,20
2026-05-06 16:11:00,0.264,145,20
2026-05-06 16:17:00,0.231,139,20
2026-05-06 16:23:00,0.249,135,20
2026-05-06 16:29:00,0.181,131,20
2026-05-06 16:35:00,0.115,148,20
2026-05-06 16:41:00,0.233,127,20
2026-05-06 16:47:00,0.187,105,20
2026-05-06 16:53:00,0.07,75,20
2026-05-06 16:59:00,0.064,69,20
2026-05-06 17:05:00,0.117,74,20
2026-05-06 17:11:00,0.14,91,20
2026-05-06 17:17:00,0.101,70,20
2026-05-06 17:23:00,0.099,74,20
2026-05-06 17:29:00,0.105,96,20
2026-05-06 17:35:00,0.084,96,20
2026-05-06 17:41:00,0.064,50,20
2026-05-06 17:47:00,0.078,82,20
2026-05-06 17:53:00,0.06,57,20
2026-05-06 17:59:00,0.115,87,20
2026-05-06 18:05:00,0.121,127,20
2026-05-06 18:11:00,0.233,125,20
2026-05-06 18:17:00,0.144,121,20
2026-05-06 18:29:00,0.132,119,20
2026-05-06 18:35:00,0.13,108,20
2026-05-06 18:47:00,0.126,122,20
2026-05-06 18:53:00,0.109,119,20
2026-05-06 18:59:00,0.115,126,20
2026-05-06 19:05:00,0.062,138,20
2026-05-06 19:11:00,0.122,133,20
2026-05-06 19:17:00,0.093,146,20
2026-05-06 19:23:00,0.13,127,20
2026-05-06 19:29:00,0.119,127,20
2026-05-06 19:35:00,0.206,121,20
2026-05-06 19:41:00,0.161,128,20
2026-05-06 19:47:00,0.214,118,20
2026-05-06 19:53:00,0.222,126,20
2026-05-06 19:59:00,0.237,128,20
2026-05-06 20:05:00,0.404,153,20
2026-05-06 20:11:00,0.134,116,20
2026-05-06 20:17:00,0.039,150,20
2026-05-06 20:23:00,0.272,351,20
2026-05-06 20:29:00,0.224,0,20
2026-05-06 20:35:00,0.018,263,20
2026-05-06 20:41:00,0.025,170,20
2026-05-06 20:47:00,0.08,186,20
2026-05-06 20:53:00,0.119,258,20
2026-05-06 20:59:00,0.111,275,20
2026-05-06 21:05:00,0.08,271,20
2026-05-06 21:11:00,0.082,210,20
2026-05-06 21:17:00,0.035,234,20
2026-05-06 21:23:00,0.27,160,20
2026-05-06 21:29:00,0.181,153,20
2026-05-06 21:35:00,0.165,153,20
2026-05-06 21:41:00,0.179,131,20
2026-05-06 21:47:00,0.301,128,20
2026-05-06 21:53:00,0.338,124,20
2026-05-06 21:59:00,0.435,134,20
2026-05-06 22:05:00,0.381,128,20
2026-05-06 22:11:00,0.288,123,20
2026-05-06 22:17:00,0.323,110,20
2026-05-06 22:23:00,0.288,114,20
2026-05-06 22:29:00,0.327,120,20
2026-05-06 22:35:00,0.336,114,20
2026-05-06 22:41:00,0.365,120,20
2026-05-06 22:47:00,0.243,111,20
2026-05-06 22:53:00,0.336,133,20
2026-05-06 22:59:00,0.371,106,20
2026-05-06 23:05:00,0.468,127,20
2026-05-06 23:11:00,0.546,129,20
2026-05-06 23:17:00,0.49,120,20
2026-05-06 23:23:00,0.603,127,20
2026-05-06 23:29:00,0.54,125,20
2026-05-06 23:35:00,0.136,140,20
2026-05-06 23:41:00,0.395,117,20
2026-05-06 23:47:00,0.406,111,20
2026-05-06 23:53:00,0.42,121,20
2026-05-06 23:59:00,0.375,130,20
2026-05-07 00:05:00,0.476,136,20
2026-05-07 00:11:00,0.406,136,20
2026-05-07 00:17:00,0.389,131,20
2026-05-07 00:23:00,0.111,82,20
2026-05-07 00:29:00,0.231,120,20
2026-05-07 00:35:00,0.367,125,20
2026-05-07 00:41:00,0.377,120,20
2026-05-07 00:47:00,0.435,120,20
2026-05-07 00:53:00,0.463,121,20
2026-05-07 00:59:00,0.414,120,20
2026-05-07 01:05:00,0.375,118,20
2026-05-07 01:11:00,0.356,114,20
2026-05-07 01:17:00,0.204,109,20
2026-05-07 01:23:00,0.282,105,20
2026-05-07 01:29:00,0.334,121,20
2026-05-07 01:35:00,0.319,114,20
2026-05-07 01:41:00,0.274,107,20
2026-05-07 01:47:00,0.239,97,20
2026-05-07 01:53:00,0.262,113,20
2026-05-07 01:59:00,0.356,133,20
2026-05-07 02:05:00,0.35,134,20
2026-05-07 02:11:00,0.241,112,20
2026-05-07 02:17:00,0.225,125,20
2026-05-07 02:23:00,0.14,72,20
2026-05-07 02:29:00,0.194,120,20
2026-05-07 02:35:00,0.198,106,20
2026-05-07 02:41:00,0.189,79,20
2026-05-07 02:47:00,0.13,88,20
2026-05-07 02:53:00,0.159,86,20
2026-05-07 02:59:00,0.15,70,20
2026-05-07 03:05:00,0.095,41,20
2026-05-07 03:11:00,0.101,80,20
2026-05-07 03:17:00,0.082,46,20
2026-05-07 03:23:00,0.218,130,20
2026-05-07 03:29:00,0.107,89,20
2026-05-07 03:35:00,0.171,142,20
2026-05-07 03:41:00,0.194,156,20
2026-05-07 03:47:00,0.26,168,20
2026-05-07 03:53:00,0.146,173,20
2026-05-07 03:59:00,0.087,169,20
2026-05-07 04:05:00,0.146,141,20
2026-05-07 04:11:00,0.087,129,20
2026-05-07 04:17:00,0.06,147,20
2026-05-07 04:23:00,0.113,327,20
2026-05-07 04:29:00,0.037,156,20
2026-05-07 04:35:00,0.035,66,20
2026-05-07 04:41:00,0.051,197,20
2026-05-07 04:47:00,0.043,83,20
2026-05-07 04:53:00,0.041,12,20
2026-05-07 04:59:00,0.156,320,20
2026-05-07 05:05:00,0.161,334,20
2026-05-07 05:11:00,0.087,317,20
2026-05-07 05:17:00,0.181,325,20
2026-05-07 05:23:00,0.218,335,20
2026-05-07 05:29:00,0.109,329,20
2026-05-07 05:35:00,0.076,22,20
2026-05-07 05:41:00,0.117,327,20
2026-05-07 05:47:00,0.093,318,20
2026-05-07 05:53:00,0.087,324,20
2026-05-07 05:59:00,0.124,320,20
2026-05-07 06:05:00,0.2,327,20
2026-05-07 06:11:00,0.167,327,20
2026-05-07 06:17:00,0.01,147,20
2026-05-07 06:23:00,0.052,321,20
2026-05-07 06:29:00,0.076,324,20
2026-05-07 06:35:00,0.138,324,20
2026-05-07 06:41:00,0.099,320,20
2026-05-07 06:47:00,0.156,323,20
2026-05-07 06:53:00,0.146,327,20
2026-05-07 06:59:00,0.159,318,20
2026-05-07 07:05:00,0.15,324,20
2026-05-07 07:11:00,0.216,320,20
2026-05-07 07:17:00,0.156,318,20
2026-05-07 07:23:00,0.175,322,20
2026-05-07 07:29:00,0.173,332,20
2026-05-07 07:35:00,0.173,332,20
2026-05-07 07:41:00,0.146,329,20
2026-05-07 07:47:00,0.156,344,20
2026-05-07 07:53:00,0.196,335,20
2026-05-07 07:59:00,0.156,338,20
2026-05-07 08:05:00,0.134,334,20
2026-05-07 08:11:00,0.241,332,20
2026-05-07 08:17:00,0.194,333,20
2026-05-07 08:23:00,0.181,340,20
2026-05-07 08:29:00,0.179,335,20
2026-05-07 08:35:00,0.181,327,20
2026-05-07 08:41:00,0.196,329,20
2026-05-07 08:47:00,0.148,331,20
2026-05-07 08:53:00,0.121,331,20
2026-05-07 08:59:00,0.078,308,20
2026-05-07 09:05:00,0.078,318,20
2026-05-07 09:11:00,0.103,328,20
2026-05-07 09:17:00,0.078,327,20
2026-05-07 09:23:00,0.031,342,20
2026-05-07 09:29:00,0.021,72,20
2026-05-07 09:35:00,0.097,119,20
2026-05-07 09:41:00,0.122,138,20
2026-05-07 09:47:00,0.163,143,20
2026-05-07 09:53:00,0.165,144,20
2026-05-07 09:59:00,0.202,134,20
2026-05-07 10:05:00,0.212,143,20
2026-05-07 10:17:00,0.264,142,20
2026-05-07 10:23:00,0.292,144,20
2026-05-07 10:29:00,0.342,145,20
2026-05-07 10:35:00,0.402,143,20
2026-05-07 10:41:00,0.416,143,20
2026-05-07 10:47:00,0.441,146,20
2026-05-07 10:53:00,0.478,142,20
2026-05-07 10:59:00,0.531,143,20
2026-05-07 11:05:00,0.414,143,20
2026-05-07 11:11:00,0.468,145,20
2026-05-07 11:17:00,0.583,142,20
2026-05-07 11:23:00,0.546,143,20
2026-05-07 11:29:00,0.583,141,20
2026-05-07 11:35:00,0.624,140,20
2026-05-07 11:41:00,0.583,141,20
2026-05-07 11:47:00,0.581,141,20
2026-05-07 11:53:00,0.632,138,20
2026-05-07 11:59:00,0.676,142,20
2026-05-07 12:05:00,0.556,137,20
2026-05-07 12:11:00,0.579,139,20
2026-05-07 12:17:00,0.645,139,20
2026-05-07 12:23:00,0.663,139,20
2026-05-07 12:29:00,0.669,140,20
2026-05-07 12:35:00,0.721,142,20
2026-05-07 12:41:00,0.661,141,20
2026-05-07 12:47:00,0.704,141,20
2026-05-07 12:53:00,0.737,141,20
2026-05-07 12:59:00,0.82,142,20
2026-05-07 13:05:00,0.667,142,20
2026-05-07 13:11:00,0.721,141,20
2026-05-07 13:17:00,0.702,139,20
2026-05-07 13:23:00,0.704,141,20
2026-05-07 13:29:00,0.756,144,20
2026-05-07 13:35:00,0.572,141,20
2026-05-07 13:41:00,0.587,141,20
2026-05-07 13:47:00,0.659,139,20
2026-05-07 13:53:00,0.575,140,20
2026-05-07 13:59:00,0.704,142,20
2026-05-07 14:05:00,0.715,141,20
2026-05-07 14:11:00,0.651,142,20
2026-05-07 14:17:00,0.64,140,20
2026-05-07 14:23:00,0.626,144,20
2026-05-07 14:29:00,0.634,142,20
2026-05-07 14:35:00,0.671,144,20
2026-05-07 14:41:00,0.593,144,20
2026-05-07 14:47:00,0.494,145,20
2026-05-07 14:53:00,0.482,144,20
2026-05-07 14:59:00,0.455,148,20
2026-05-07 15:05:00,0.379,147,20
2026-05-07 15:11:00,0.369,147,20
2026-05-07 15:17:00,0.36,146,20
2026-05-07 15:23:00,0.342,148,20
2026-05-07 15:29:00,0.303,150,20
2026-05-07 15:35:00,0.309,155,20
2026-05-07 15:41:00,0.243,158,20
2026-05-07 15:47:00,0.14,182,20
2026-05-07 15:53:00,0.119,189,20
2026-05-07 15:59:00,0.111,179,20
2026-05-07 16:05:00,0.066,232,20
2026-05-07 16:11:00,0.089,269,20
2026-05-07 16:17:00,0.107,271,20
2026-05-07 16:23:00,0.101,258,20
2026-05-07 16:29:00,0.111,287,20
2026-05-07 16:35:00,0.146,300,20
2026-05-07 16:41:00,0.113,303,20
2026-05-07 16:47:00,0.216,310,20
2026-05-07 16:53:00,0.179,303,20
2026-05-07 16:59:00,0.22,311,20
2026-05-07 17:05:00,0.169,304,20
2026-05-07 17:11:00,0.204,306,20
2026-05-07 17:17:00,0.251,311,20
2026-05-07 17:23:00,0.241,313,20
2026-05-07 17:29:00,0.245,317,20
2026-05-07 17:35:00,0.274,318,20
2026-05-07 17:41:00,0.313,322,20
2026-05-07 17:47:00,0.321,324,20
2026-05-07 17:53:00,0.294,325,20
2026-05-07 17:59:00,0.342,326,20
2026-05-07 18:05:00,0.397,325,20
2026-05-07 18:11:00,0.369,331,20
2026-05-07 18:17:00,0.439,331,20
2026-05-07 18:23:00,0.424,331,20
2026-05-07 18:29:00,0.459,330,20
2026-05-07 18:35:00,0.502,332,20
2026-05-07 18:41:00,0.538,333,20
2026-05-07 18:47:00,0.538,333,20
2026-05-07 18:53:00,0.556,333,20
2026-05-07 18:59:00,0.443,338,20
2026-05-07 19:05:00,0.34,339,20
2026-05-07 19:11:00,0.418,342,20
2026-05-07 19:17:00,0.556,338,20
2026-05-07 19:23:00,0.414,347,20
2026-05-07 19:29:00,0.445,330,20
2026-05-07 19:35:00,0.338,354,20
2026-05-07 19:41:00,0.511,342,20
2026-05-07 19:47:00,0.661,332,20
2026-05-07 19:53:00,0.618,336,20
2026-05-07 19:59:00,0.183,327,20
2026-05-07 20:05:00,0.255,349,20
2026-05-07 20:11:00,0.542,340,20
2026-05-07 20:17:00,0.515,334,20
2026-05-07 20:23:00,0.521,342,20
2026-05-07 20:29:00,0.344,319,20
2026-05-07 20:35:00,0.634,323,20
2026-05-07 20:41:00,0.558,319,20
2026-05-07 20:47:00,0.517,318,20
2026-05-07 20:53:00,0.439,321,20
2026-05-07 20:59:00,0.447,317,20
2026-05-07 21:05:00,0.472,315,20
2026-05-07 21:11:00,0.484,314,20
2026-05-07 21:17:00,0.575,320,20
2026-05-07 21:23:00,0.573,319,20
2026-05-07 21:29:00,0.638,321,20
2026-05-07 21:35:00,0.521,321,20
2026-05-07 21:41:00,0.48,328,20
2026-05-07 21:47:00,0.546,328,20
2026-05-07 21:53:00,0.533,330,20
2026-05-07 21:59:00,0.502,331,20
2026-05-07 22:05:00,0.486,327,20
2026-05-07 22:11:00,0.511,328,20
2026-05-07 22:17:00,0.535,323,20
2026-05-07 22:23:00,0.383,324,20
2026-05-07 22:29:00,0.311,319,20
2026-05-07 22:35:00,0.447,321,20
2026-05-07 22:41:00,0.486,323,20
2026-05-07 22:47:00,0.422,321,20
2026-05-07 22:53:00,0.527,317,20
2026-05-07 22:59:00,0.601,312,20
2026-05-07 23:05:00,0.618,316,20
2026-05-07 23:11:00,0.638,316,20
2026-05-07 23:17:00,0.572,318,20
2026-05-07 23:23:00,0.476,317,20
2026-05-07 23:29:00,0.649,316,20
2026-05-07 23:35:00,0.708,320,20
2026-05-07 23:41:00,0.513,322,20
2026-05-07 23:47:00,0.482,323,20
2026-05-07 23:53:00,0.472,316,20
2026-05-07 23:59:00,0.511,322,20
2026-05-08 00:05:00,0.61,323,20
2026-05-08 00:11:00,0.589,321,20
2026-05-08 00:17:00,0.482,323,20
2026-05-08 00:23:00,0.27,308,20
2026-05-08 00:29:00,0.159,314,20
2026-05-08 00:35:00,0.163,349,20
2026-05-08 00:41:00,0.175,92,20
2026-05-08 00:47:00,0.124,326,20
2026-05-08 00:53:00,0.179,336,20
2026-05-08 00:59:00,0.167,323,20
2026-05-08 01:05:00,0.124,332,20
2026-05-08 01:11:00,0.025,336,20
2026-05-08 01:17:00,0.045,337,20
2026-05-08 01:23:00,0.087,294,20
2026-05-08 01:29:00,0.064,161,20
2026-05-08 01:35:00,0.076,294,20
2026-05-08 01:41:00,0.008,341,20
2026-05-08 01:47:00,0.087,309,20
2026-05-08 01:53:00,0.035,305,20
2026-05-08 01:59:00,0.031,53,20
2026-05-08 02:05:00,0.023,272,20
2026-05-08 02:11:00,0.019,200,20
2026-05-08 02:17:00,0.121,290,20
2026-05-08 02:23:00,0.074,188,20
2026-05-08 02:29:00,0.105,202,20
2026-05-08 02:35:00,0.095,269,20
2026-05-08 02:41:00,0.093,263,20
2026-05-08 02:47:00,0.076,237,20
2026-05-08 02:53:00,0.161,265,20
2026-05-08 02:59:00,0.134,267,20
2026-05-08 03:05:00,0.113,279,20
2026-05-08 03:11:00,0.101,203,20
2026-05-08 03:17:00,0.082,268,20
2026-05-08 03:23:00,0.076,237,20
2026-05-08 03:29:00,0.089,264,20
2026-05-08 03:35:00,0.012,147,20
2026-05-08 03:41:00,0.14,288,20
2026-05-08 03:47:00,0.051,233,20
2026-05-08 03:53:00,0.051,114,20
2026-05-08 03:59:00,0.082,330,20
2026-05-08 04:05:00,0.095,335,20
2026-05-08 04:11:00,0.08,328,20
2026-05-08 04:17:00,0.13,347,20
2026-05-08 04:23:00,0.163,333,20
2026-05-08 04:29:00,0.134,340,20
2026-05-08 04:35:00,0.119,344,20
2026-05-08 04:41:00,0.163,354,20
2026-05-08 04:47:00,0.202,331,20
2026-05-08 04:53:00,0.142,323,20
2026-05-08 04:59:00,0.22,325,20
2026-05-08 05:05:00,0.138,315,20
2026-05-08 05:11:00,0.189,329,20
2026-05-08 05:17:00,0.181,20,20
2026-05-08 05:23:00,0.15,347,20
2026-05-08 05:29:00,0.157,333,20
2026-05-08 05:35:00,0.124,327,20
2026-05-08 05:41:00,0.187,334,20
2026-05-08 05:47:00,0.072,314,20
2026-05-08 05:53:00,0.029,110,20
2026-05-08 05:59:00,0.06,306,20
2026-05-08 06:05:00,0.064,296,20
2026-05-08 06:11:00,0.109,296,20
2026-05-08 06:17:00,0.089,285,20
2026-05-08 06:23:00,0.13,292,20
2026-05-08 06:29:00,0.113,290,20
2026-05-08 06:35:00,0.099,285,20
2026-05-08 06:41:00,0.13,288,20
2026-05-08 06:47:00,0.117,300,20
2026-05-08 06:53:00,0.107,275,20
2026-05-08 06:59:00,0.07,269,20
2026-05-08 07:05:00,0.089,283,20
2026-05-08 07:11:00,0.078,277,20
2026-05-08 07:17:00,0.113,274,20
2026-05-08 07:23:00,0.097,281,20
2026-05-08 07:29:00,0.062,271,20
2026-05-08 07:35:00,0.078,278,20
2026-05-08 07:41:00,0.06,262,20
2026-05-08 07:47:00,0.087,288,20
2026-05-08 07:53:00,0.062,250,20
2026-05-08 07:59:00,0.087,281,20
2026-05-08 08:05:00,0.058,278,20
2026-05-08 08:11:00,0.058,265,20
2026-05-08 08:17:00,0.087,207,20
2026-05-08 08:23:00,0.066,182,20
2026-05-08 08:29:00,0.072,191,20
2026-05-08 08:35:00,0.084,170,20
2026-05-08 08:41:00,0.121,164,20
2026-05-08 08:47:00,0.089,161,20
2026-05-08 08:53:00,0.105,166,20
2026-05-08 08:59:00,0.115,160,20
2026-05-08 09:05:00,0.115,155,20
2026-05-08 09:11:00,0.15,153,20
2026-05-08 09:17:00,0.154,140,20
2026-05-08 09:23:00,0.171,142,20
2026-05-08 09:29:00,0.268,137,20
2026-05-08 09:35:00,0.288,139,20
2026-05-08 09:41:00,0.317,135,20
2026-05-08 09:47:00,0.328,132,20
2026-05-08 09:53:00,0.367,137,20
2026-05-08 09:59:00,0.354,135,20
2026-05-08 10:05:00,0.402,136,20
2026-05-08 10:11:00,0.428,137,20
2026-05-08 10:17:00,0.41,136,20
2026-05-08 10:23:00,0.449,135,20
2026-05-08 10:29:00,0.426,135,20
2026-05-08 10:35:00,0.496,136,20
2026-05-08 10:41:00,0.459,135,20
2026-05-08 10:47:00,0.486,137,20
2026-05-08 10:53:00,0.465,131,20
2026-05-08 10:59:00,0.503,137,20
2026-05-08 11:05:00,0.507,134,20
2026-05-08 11:11:00,0.552,137,20
2026-05-08 11:17:00,0.572,138,20
2026-05-08 11:23:00,0.599,137,20
2026-05-08 11:29:00,0.566,137,20
2026-05-08 11:35:00,0.55,136,20
2026-05-08 11:41:00,0.63,136,20
2026-05-08 11:47:00,0.638,136,20
2026-05-08 11:53:00,0.601,138,20
2026-05-08 11:59:00,0.583,135,20
2026-05-08 12:05:00,0.603,137,20
2026-05-08 12:11:00,0.626,136,20
2026-05-08 12:17:00,0.678,135,20
2026-05-08 12:23:00,0.653,134,20
2026-05-08 12:29:00,0.626,134,20
2026-05-08 12:35:00,0.651,135,20
2026-05-08 12:41:00,0.721,137,20
2026-05-08 12:47:00,0.779,138,20
2026-05-08 12:53:00,0.706,138,20
2026-05-08 12:59:00,0.729,138,20
2026-05-08 13:05:00,0.725,138,20
2026-05-08 13:11:00,0.727,136,20
2026-05-08 13:17:00,0.727,139,20
2026-05-08 13:23:00,0.756,139,20
2026-05-08 13:29:00,0.721,139,20
2026-05-08 13:35:00,0.75,139,20
2026-05-08 13:41:00,0.754,139,20
2026-05-08 13:47:00,0.762,139,20
2026-05-08 13:53:00,0.748,139,20
2026-05-08 13:59:00,0.71,139,20
2026-05-08 14:05:00,0.754,139,20
2026-05-08 14:11:00,0.779,138,20
2026-05-08 14:17:00,0.75,138,20
2026-05-08 14:23:00,0.657,140,20
2026-05-08 14:29:00,0.558,141,20
2026-05-08 14:35:00,0.54,142,20
2026-05-08 14:41:00,0.538,139,20
2026-05-08 14:47:00,0.56,140,20
2026-05-08 14:53:00,0.535,139,20
2026-05-08 14:59:00,0.562,141,20
2026-05-08 15:05:00,0.391,136,20
2026-05-08 15:11:00,0.364,135,20
2026-05-08 15:17:00,0.338,136,20
2026-05-08 15:23:00,0.332,127,20
2026-05-08 15:29:00,0.356,132,20
2026-05-08 15:35:00,0.266,129,20
2026-05-08 15:41:00,0.338,130,20
2026-05-08 15:47:00,0.299,131,20
2026-05-08 15:53:00,0.336,134,20
2026-05-08 15:59:00,0.284,137,20
2026-05-08 16:05:00,0.276,136,20
2026-05-08 16:11:00,0.233,137,20
2026-05-08 16:17:00,0.294,142,20
2026-05-08 16:23:00,0.22,141,20
2026-05-08 16:29:00,0.173,142,20
2026-05-08 16:35:00,0.157,140,20
2026-05-08 16:41:00,0.134,145,20
2026-05-08 16:53:00,0.132,155,20
2026-05-08 16:59:00,0.089,158,20
2026-05-08 17:05:00,0.08,172,20
2026-05-08 17:11:00,0.049,170,20
2026-05-08 17:17:00,0.035,266,20
2026-05-08 17:23:00,0.097,314,20
2026-05-08 17:29:00,0.225,326,20
2026-05-08 17:35:00,0.301,325,20
2026-05-08 17:41:00,0.36,325,20
2026-05-08 17:47:00,0.433,327,20
2026-05-08 17:53:00,0.41,327,20
2026-05-08 17:59:00,0.439,325,20
2026-05-08 18:05:00,0.5,327,20
2026-05-08 18:11:00,0.511,333,20
2026-05-08 18:17:00,0.533,334,20
2026-05-08 18:23:00,0.579,332,20
2026-05-08 18:29:00,0.661,335,20
2026-05-08 18:35:00,0.663,331,20
2026-05-08 18:41:00,0.593,324,20
2026-05-08 18:47:00,0.601,314,20
2026-05-08 18:53:00,0.525,307,20
2026-05-08 18:59:00,0.579,316,20
2026-05-08 19:05:00,0.525,316,20
2026-05-08 19:11:00,0.432,317,20
2026-05-08 19:17:00,0.517,315,20
2026-05-08 19:23:00,0.573,322,20
2026-05-08 19:29:00,0.352,298,20
2026-05-08 19:35:00,0.484,315,20
2026-05-08 19:41:00,0.42,312,20
2026-05-08 19:47:00,0.297,285,20
2026-05-08 19:53:00,0.051,327,20
2026-05-08 19:59:00,0.43,352,20
2026-05-08 20:05:00,0.402,334,20
2026-05-08 20:11:00,0.47,336,20
2026-05-08 20:17:00,0.397,333,20
2026-05-08 20:23:00,0.428,338,20
2026-05-08 20:29:00,0.437,328,20
2026-05-08 20:35:00,0.305,314,20
2026-05-08 20:41:00,0.47,339,20
2026-05-08 20:47:00,0.043,14,20
2026-05-08 20:53:00,0.457,339,20
2026-05-08 20:59:00,0.36,327,20
2026-05-08 21:05:00,0.4,325,20
2026-05-08 21:11:00,0.286,314,20
2026-05-08 21:17:00,0.398,311,20
2026-05-08 21:23:00,0.48,321,20
2026-05-08 21:29:00,0.517,325,20
2026-05-08 21:35:00,0.48,326,20
2026-05-08 21:41:00,0.482,330,20
2026-05-08 21:47:00,0.564,336,20
2026-05-08 21:53:00,0.496,338,20
2026-05-08 21:59:00,0.465,338,20
2026-05-08 22:05:00,0.422,337,20
2026-05-08 22:11:00,0.412,343,20
2026-05-08 22:17:00,0.414,343,20
2026-05-08 22:23:00,0.272,339,20
2026-05-08 22:29:00,0.295,330,20
2026-05-08 22:35:00,0.268,323,20
2026-05-08 22:41:00,0.245,325,20
2026-05-08 22:47:00,0.169,340,20
2026-05-08 22:53:00,0.2,319,20
2026-05-08 22:59:00,0.249,331,20
2026-05-08 23:05:00,0.177,340,20
2026-05-08 23:11:00,0.288,330,20
2026-05-08 23:17:00,0.233,330,20
2026-05-08 23:23:00,0.225,320,20
2026-05-08 23:29:00,0.117,318,20
2026-05-08 23:35:00,0.115,325,20
2026-05-08 23:41:00,0.093,34,20
2026-05-08 23:47:00,0.089,73,20
2026-05-08 23:53:00,0.181,96,20
2026-05-08 23:59:00,0.134,105,20
2026-05-09 00:05:00,0.395,114,20
2026-05-09 00:11:00,0.26,106,20
2026-05-09 00:17:00,0.461,121,20
2026-05-09 00:23:00,0.397,118,20
2026-05-09 00:29:00,0.558,124,20
2026-05-09 00:35:00,0.612,122,20
2026-05-09 00:41:00,0.661,122,20
2026-05-09 00:47:00,0.593,122,20
2026-05-09 00:53:00,0.692,120,20
2026-05-09 00:59:00,0.729,127,20
2026-05-09 01:05:00,0.678,131,20
2026-05-09 01:11:00,0.653,128,20
2026-05-09 01:17:00,0.544,128,20
2026-05-09 01:23:00,0.673,123,20
2026-05-09 01:29:00,0.75,134,20
2026-05-09 01:35:00,0.772,135,20
2026-05-09 01:41:00,0.606,135,20
2026-05-09 01:47:00,0.482,141,20
2026-05-09 01:53:00,0.56,131,20
2026-05-09 01:59:00,0.591,139,20
2026-05-09 02:05:00,0.468,135,20
2026-05-09 02:11:00,0.48,133,20
2026-05-09 02:17:00,0.527,134,20
2026-05-09 02:23:00,0.48,131,20
2026-05-09 02:29:00,0.603,129,20
2026-05-09 02:35:00,0.474,135,20
2026-05-09 02:41:00,0.379,132,20
2026-05-09 02:47:00,0.451,134,20
2026-05-09 02:53:00,0.402,131,20
2026-05-09 02:59:00,0.478,133,20
2026-05-09 03:05:00,0.494,134,20
2026-05-09 03:11:00,0.465,130,20
2026-05-09 03:17:00,0.54,135,20
2026-05-09 03:23:00,0.564,134,20
2026-05-09 03:29:00,0.474,135,20
2026-05-09 03:35:00,0.568,134,20
2026-05-09 03:41:00,0.579,136,20
2026-05-09 03:47:00,0.577,138,20
2026-05-09 03:53:00,0.488,134,20
2026-05-09 03:59:00,0.503,134,20
2026-05-09 04:05:00,0.572,133,20
2026-05-09 04:11:00,0.486,130,20
2026-05-09 04:17:00,0.531,133,20
2026-05-09 04:23:00,0.278,140,20
2026-05-09 04:29:00,0.513,132,20
2026-05-09 04:35:00,0.453,134,20
2026-05-09 04:41:00,0.439,130,20
2026-05-09 04:47:00,0.482,127,20
2026-05-09 04:53:00,0.509,130,20
2026-05-09 04:59:00,0.437,131,20
2026-05-09 05:05:00,0.375,125,20
2026-05-09 05:11:00,0.408,131,20
2026-05-09 05:17:00,0.311,132,20
2026-05-09 05:23:00,0.22,123,20
2026-05-09 05:29:00,0.208,128,20
2026-05-09 05:35:00,0.194,135,20
2026-05-09 05:41:00,0.206,125,20
2026-05-09 05:47:00,0.181,95,20
2026-05-09 05:53:00,0.192,107,20
2026-05-09 05:59:00,0.224,118,20
2026-05-09 06:05:00,0.165,117,20
2026-05-09 06:11:00,0.124,104,20
2026-05-09 06:17:00,0.089,89,20
2026-05-09 06:23:00,0.08,61,20
2026-05-09 06:29:00,0.107,345,20
2026-05-09 06:35:00,0.117,359,20
2026-05-09 06:41:00,0.124,357,20
2026-05-09 06:47:00,0.103,3,20
2026-05-09 06:53:00,0.159,352,20
2026-05-09 06:59:00,0.157,350,20
2026-05-09 07:05:00,0.117,348,20
2026-05-09 07:11:00,0.603,324,20
2026-05-09 07:17:00,0.723,358,20
2026-05-09 07:23:00,0.884,2,20
2026-05-09 07:29:00,0.27,10,20
2026-05-09 07:35:00,0.369,336,20
2026-05-09 07:41:00,0.148,15,20
2026-05-09 07:47:00,0.367,7,20
2026-05-09 07:53:00,0.406,11,20
2026-05-09 07:59:00,0.424,22,20
2026-05-09 08:05:00,0.364,19,20
2026-05-09 08:11:00,0.286,59,20
2026-05-09 08:17:00,0.299,49,20
2026-05-09 08:23:00,0.274,35,20
2026-05-09 08:29:00,0.313,9,20
2026-05-09 08:35:00,0.237,38,20
2026-05-09 08:41:00,0.222,39,20
2026-05-09 08:47:00,0.397,336,20
2026-05-09 08:53:00,0.515,339,20
2026-05-09 08:59:00,0.189,319,20
2026-05-09 09:05:00,0.152,1,20
2026-05-09 09:11:00,0.08,19,20
2026-05-09 09:17:00,0.082,99,20
2026-05-09 09:23:00,0.07,113,20
2026-05-09 09:29:00,0.041,92,20
2026-05-09 09:35:00,0.078,148,20
2026-05-09 09:41:00,0.103,143,20
2026-05-09 09:47:00,0.165,146,20
2026-05-09 09:53:00,0.154,151,20
2026-05-09 09:59:00,0.138,146,20
2026-05-09 10:05:00,0.185,148,20
2026-05-09 10:11:00,0.227,147,20
2026-05-09 10:17:00,0.224,147,20
2026-05-09 10:23:00,0.251,144,20
2026-05-09 10:29:00,0.212,137,20
2026-05-09 10:35:00,0.259,143,20
2026-05-09 10:41:00,0.286,142,20
2026-05-09 10:47:00,0.276,140,20
2026-05-09 10:53:00,0.334,143,20
2026-05-09 10:59:00,0.321,141,20
2026-05-09 11:05:00,0.295,144,20
2026-05-09 11:11:00,0.328,143,20
2026-05-09 11:17:00,0.342,144,20
2026-05-09 11:23:00,0.342,146,20
2026-05-09 11:29:00,0.346,145,20
2026-05-09 11:35:00,0.402,145,20
2026-05-09 11:41:00,0.379,145,20
2026-05-09 11:47:00,0.4,142,20
2026-05-09 11:53:00,0.391,140,20
2026-05-09 11:59:00,0.426,139,20
2026-05-09 12:05:00,0.412,134,20
2026-05-09 12:11:00,0.451,135,20
2026-05-09 12:17:00,0.373,132,20
2026-05-09 12:23:00,0.375,125,20
2026-05-09 12:29:00,0.441,126,20
2026-05-09 12:35:00,0.5,126,20
2026-05-09 12:41:00,0.453,122,20
2026-05-09 12:47:00,0.538,126,20
2026-05-09 12:53:00,0.587,131,20
2026-05-09 12:59:00,0.556,130,20
2026-05-09 13:05:00,0.614,134,20
2026-05-09 13:11:00,0.554,131,20
2026-05-09 13:17:00,0.568,132,20
2026-05-09 13:23:00,0.636,132,20
2026-05-09 13:29:00,0.711,134,20
2026-05-09 13:35:00,0.675,134,20
2026-05-09 13:41:00,0.659,136,20
2026-05-09 13:47:00,0.661,137,20
2026-05-09 13:53:00,0.725,137,20
2026-05-09 13:59:00,0.795,137,20
2026-05-09 14:05:00,0.772,137,20
2026-05-09 14:11:00,0.779,137,20
2026-05-09 14:17:00,0.846,137,20
2026-05-09 14:23:00,0.873,136,20
2026-05-09 14:29:00,0.853,139,20
2026-05-09 14:35:00,0.867,139,20
2026-05-09 14:41:00,0.807,138,20
2026-05-09 14:47:00,0.748,139,20
2026-05-09 14:53:00,0.781,142,20
2026-05-09 14:59:00,0.828,141,20
2026-05-09 15:05:00,0.892,141,20
2026-05-09 15:11:00,0.882,141,20
2026-05-09 15:17:00,0.846,138,20
2026-05-09 15:23:00,0.83,141,20
2026-05-09 15:29:00,0.867,139,20
2026-05-09 15:35:00,0.822,139,20
2026-05-09 15:41:00,0.867,140,20
2026-05-09 15:47:00,0.824,141,20
2026-05-09 15:53:00,0.865,144,20
2026-05-09 15:59:00,0.853,143,20
2026-05-09 16:05:00,0.978,148,20
2026-05-09 16:11:00,0.846,143,20
2026-05-09 16:17:00,0.743,141,20
2026-05-09 16:23:00,0.789,144,20
2026-05-09 16:29:00,0.951,149,20
2026-05-09 16:35:00,0.982,142,20
2026-05-09 16:41:00,0.727,145,20
2026-05-09 16:47:00,0.741,146,20
2026-05-09 16:53:00,0.781,148,20
2026-05-09 16:59:00,0.848,147,20
2026-05-09 17:05:00,0.68,142,20
2026-05-09 17:11:00,0.605,144,20
2026-05-09 17:17:00,0.412,135,20
2026-05-09 17:23:00,0.519,143,20
2026-05-09 17:29:00,0.432,141,20
2026-05-09 17:35:00,0.603,146,20
2026-05-09 17:41:00,0.484,149,20
2026-05-09 17:47:00,0.451,150,20
2026-05-09 17:53:00,0.387,144,20
2026-05-09 17:59:00,0.235,149,20
2026-05-09 18:05:00,0.249,135,20
2026-05-09 18:11:00,0.29,137,20
2026-05-09 18:17:00,0.292,142,20
2026-05-09 18:23:00,0.412,147,20
2026-05-09 18:29:00,0.365,148,20
2026-05-09 18:35:00,0.35,153,20
2026-05-09 18:41:00,0.344,149,20
2026-05-09 18:47:00,0.328,146,20
2026-05-09 18:53:00,0.28,148,20
2026-05-09 18:59:00,0.212,153,20
2026-05-09 19:05:00,0.214,155,20
2026-05-09 19:11:00,0.231,177,20
2026-05-09 19:17:00,0.352,158,20
2026-05-09 19:23:00,0.321,147,20
2026-05-09 19:29:00,0.321,166,20
2026-05-09 19:35:00,0.224,153,20
2026-05-09 19:41:00,0.27,154,20
2026-05-09 19:47:00,0.29,166,20
2026-05-09 19:53:00,0.334,147,20
2026-05-09 19:59:00,0.089,186,20
2026-05-09 20:05:00,0.181,202,20
2026-05-09 20:11:00,0.07,9,20
2026-05-09 20:17:00,0.154,77,20
2026-05-09 20:23:00,0.101,39,20
2026-05-09 20:29:00,0.144,355,20
2026-05-09 20:35:00,0.134,123,20
2026-05-09 20:41:00,0.047,32,20
2026-05-09 20:47:00,0.113,35,20
2026-05-09 20:53:00,0.233,346,20
2026-05-09 20:59:00,0.126,5,20
2026-05-09 21:05:00,0.19,0,20
2026-05-09 21:11:00,0.163,349,20
2026-05-09 21:17:00,0.177,343,20
2026-05-09 21:23:00,0.299,319,20
2026-05-09 21:29:00,0.441,323,20
2026-05-09 21:35:00,0.445,326,20
2026-05-09 21:41:00,0.465,313,20
2026-05-09 21:47:00,0.535,317,20
2026-05-09 21:53:00,0.4,320,20
2026-05-09 21:59:00,0.321,317,20
2026-05-09 22:05:00,0.418,315,20
2026-05-09 22:11:00,0.321,310,20
2026-05-09 22:17:00,0.292,309,20
2026-05-09 22:23:00,0.307,314,20
2026-05-09 22:29:00,0.305,307,20
2026-05-09 22:35:00,0.286,306,20
2026-05-09 22:41:00,0.268,297,20
2026-05-09 22:47:00,0.35,304,20
2026-05-09 22:53:00,0.218,291,20
2026-05-09 22:59:00,0.212,283,20
2026-05-09 23:05:00,0.121,276,20
2026-05-09 23:11:00,0.212,288,20
2026-05-09 23:17:00,0.156,303,20
2026-05-09 23:23:00,0.214,287,20
2026-05-09 23:29:00,0.167,293,20
2026-05-09 23:35:00,0.152,272,20
2026-05-09 23:41:00,0.177,267,20
2026-05-09 23:47:00,0.163,237,20
2026-05-09 23:53:00,0.161,237,20
2026-05-09 23:59:00,0.156,243,20
2026-05-10 00:05:00,0.146,254,20
2026-05-10 00:11:00,0.173,231,20
2026-05-10 00:17:00,0.154,246,20
2026-05-10 00:23:00,0.144,196,20
2026-05-10 00:29:00,0.124,236,20
2026-05-10 00:35:00,0.091,238,20
2026-05-10 00:41:00,0.146,185,20
2026-05-10 00:47:00,0.082,247,20
2026-05-10 00:53:00,0.091,208,20
2026-05-10 00:59:00,0.087,242,20
2026-05-10 01:05:00,0.08,185,20
2026-05-10 01:11:00,0.082,199,20
2026-05-10 01:17:00,0.099,192,20
2026-05-10 01:23:00,0.206,176,20
2026-05-10 01:29:00,0.179,163,20
2026-05-10 01:35:00,0.21,164,20
2026-05-10 01:41:00,0.255,153,20
2026-05-10 01:47:00,0.367,148,20
2026-05-10 01:53:00,0.243,156,20
2026-05-10 01:59:00,0.295,149,20
2026-05-10 02:05:00,0.292,148,20
2026-05-10 02:11:00,0.358,146,20
2026-05-10 02:17:00,0.391,148,20
2026-05-10 02:23:00,0.364,148,20
2026-05-10 02:29:00,0.404,146,20
2026-05-10 02:35:00,0.404,145,20
2026-05-10 02:41:00,0.451,148,20
2026-05-10 02:47:00,0.502,147,20
2026-05-10 02:53:00,0.459,144,20
2026-05-10 02:59:00,0.43,143,20
2026-05-10 03:05:00,0.476,143,20
2026-05-10 03:11:00,0.461,137,20
2026-05-10 03:17:00,0.393,139,20
2026-05-10 03:23:00,0.305,145,20
2026-05-10 03:29:00,0.35,147,20
2026-05-10 03:35:00,0.435,145,20
2026-05-10 03:41:00,0.323,136,20
2026-05-10 03:47:00,0.369,142,20
2026-05-10 03:53:00,0.379,141,20
2026-05-10 03:59:00,0.362,145,20
2026-05-10 04:05:00,0.362,145,20
2026-05-10 04:11:00,0.241,126,20
2026-05-10 04:17:00,0.227,136,20
2026-05-10 04:23:00,0.165,45,20
2026-05-10 04:29:00,0.2,124,20
2026-05-10 04:35:00,0.163,118,20
2026-05-10 04:41:00,0.229,143,20
2026-05-10 04:47:00,0.14,127,20
2026-05-10 04:53:00,0.189,146,20
2026-05-10 04:59:00,0.159,161,20
2026-05-10 05:05:00,0.432,133,20
2026-05-10 05:11:00,0.443,308,20
2026-05-10 05:17:00,0.124,303,20
2026-05-10 05:23:00,0.264,145,20
2026-05-10 05:29:00,0.076,211,20
2026-05-10 05:35:00,0.086,146,20
2026-05-10 05:41:00,0.778,147,20
2026-05-10 05:47:00,0.398,310,20
2026-05-10 05:53:00,0.414,266,20
2026-05-10 05:59:00,0.395,264,20
2026-05-10 06:05:00,0.336,249,20
2026-05-10 06:11:00,0.356,248,20
2026-05-10 06:17:00,0.259,254,20
2026-05-10 06:23:00,0.29,170,20
2026-05-10 06:35:00,0.14,350,20
2026-05-10 06:41:00,0.323,352,20
2026-05-10 06:47:00,0.379,336,20
2026-05-10 06:53:00,0.371,334,20
2026-05-10 06:59:00,0.292,331,20
2026-05-10 07:05:00,0.356,338,20
2026-05-10 07:11:00,0.342,339,20
2026-05-10 07:17:00,0.282,342,20
2026-05-10 07:23:00,0.325,337,20
2026-05-10 07:29:00,0.387,338,20
2026-05-10 07:35:00,0.391,338,20
2026-05-10 07:41:00,0.379,340,20
2026-05-10 07:47:00,0.474,339,20
2026-05-10 07:53:00,0.451,336,20
2026-05-10 07:59:00,0.445,336,20
2026-05-10 08:05:00,0.474,333,20
2026-05-10 08:11:00,0.49,331,20
2026-05-10 08:17:00,0.457,334,20
2026-05-10 08:23:00,0.435,336,20
2026-05-10 08:29:00,0.494,337,20
2026-05-10 08:35:00,0.529,336,20
2026-05-10 08:41:00,0.599,342,20
2026-05-10 08:47:00,0.548,334,20
2026-05-10 08:53:00,0.566,336,20
2026-05-10 08:59:00,0.641,333,20
2026-05-10 09:05:00,0.692,329,20
2026-05-10 09:11:00,0.614,336,20
2026-05-10 09:17:00,0.622,335,20
2026-05-10 09:23:00,0.624,334,20
2026-05-10 09:29:00,0.661,331,20
2026-05-10 09:35:00,0.645,333,20
2026-05-10 09:41:00,0.538,339,20
2026-05-10 09:47:00,0.558,336,20
2026-05-10 09:53:00,0.482,337,20
2026-05-10 09:59:00,0.573,331,20
2026-05-10 10:05:00,0.601,329,20
2026-05-10 10:11:00,0.486,336,20
2026-05-10 10:17:00,0.494,334,20
2026-05-10 10:23:00,0.513,333,20
2026-05-10 10:29:00,0.463,336,20
2026-05-10 10:35:00,0.443,331,20
2026-05-10 10:41:00,0.468,331,20
2026-05-10 10:47:00,0.412,333,20
2026-05-10 10:53:00,0.422,331,20
2026-05-10 10:59:00,0.327,336,20
2026-05-10 11:05:00,0.272,346,20
2026-05-10 11:11:00,0.292,342,20
2026-05-10 11:17:00,0.276,344,20
2026-05-10 11:23:00,0.189,335,20
2026-05-10 11:29:00,0.177,342,20
2026-05-10 11:35:00,0.142,346,20
2026-05-10 11:41:00,0.107,16,20
2026-05-10 11:47:00,0.087,62,20
2026-05-10 11:53:00,0.132,355,20
2026-05-10 11:59:00,0.144,336,20
2026-05-10 12:05:00,0.111,38,20
2026-05-10 12:11:00,0.142,85,20
2026-05-10 12:17:00,0.089,69,20
2026-05-10 12:23:00,0.089,76,20
2026-05-10 12:29:00,0.15,106,20
2026-05-10 12:35:00,0.196,112,20
2026-05-10 12:41:00,0.301,120,20
2026-05-10 12:47:00,0.319,123,20
2026-05-10 12:53:00,0.416,124,20
2026-05-10 12:59:00,0.437,119,20
2026-05-10 13:05:00,0.478,118,20
2026-05-10 13:11:00,0.515,120,20
2026-05-10 13:17:00,0.449,114,20
2026-05-10 13:23:00,0.517,121,20
2026-05-10 13:29:00,0.498,120,20
2026-05-10 13:35:00,0.453,116,20
2026-05-10 13:41:00,0.443,114,20
2026-05-10 13:47:00,0.432,116,20
2026-05-10 13:53:00,0.4,117,20
2026-05-10 13:59:00,0.414,122,20
2026-05-10 14:05:00,0.398,122,20
2026-05-10 14:11:00,0.406,123,20
2026-05-10 14:17:00,0.422,125,20
2026-05-10 14:23:00,0.461,126,20
2026-05-10 14:29:00,0.513,130,20
2026-05-10 14:35:00,0.564,132,20
2026-05-10 14:41:00,0.56,134,20
2026-05-10 14:47:00,0.589,134,20
2026-05-10 14:53:00,0.595,134,20
2026-05-10 14:59:00,0.573,135,20
2026-05-10 15:05:00,0.579,136,20
2026-05-10 15:11:00,0.548,134,20
2026-05-10 15:17:00,0.608,136,20
2026-05-10 15:23:00,0.542,136,20
2026-05-10 15:29:00,0.544,136,20
2026-05-10 15:35:00,0.536,136,20
2026-05-10 15:41:00,0.529,137,20
2026-05-10 15:47:00,0.542,140,20
2026-05-10 15:53:00,0.54,140,20
2026-05-10 15:59:00,0.556,142,20
2026-05-10 16:05:00,0.503,143,20
2026-05-10 16:11:00,0.492,145,20
2026-05-10 16:17:00,0.546,145,20
2026-05-10 16:23:00,0.513,146,20
2026-05-10 16:29:00,0.496,145,20
2026-05-10 16:35:00,0.47,141,20
2026-05-10 16:41:00,0.544,143,20
2026-05-10 16:47:00,0.42,142,20
2026-05-10 16:53:00,0.4,147,20
2026-05-10 16:59:00,0.42,143,20
2026-05-10 17:05:00,0.377,140,20
2026-05-10 17:11:00,0.35,135,20
2026-05-10 17:17:00,0.338,141,20
2026-05-10 17:23:00,0.259,141,20
2026-05-10 17:29:00,0.369,144,20
2026-05-10 17:35:00,0.194,141,20
2026-05-10 17:41:00,0.262,136,20
2026-05-10 17:47:00,0.255,139,20
2026-05-10 17:53:00,0.218,138,20
2026-05-10 17:59:00,0.189,132,20
2026-05-10 18:05:00,0.225,137,20
2026-05-10 18:11:00,0.175,140,20
2026-05-10 18:17:00,0.206,139,20
2026-05-10 18:23:00,0.171,140,20
2026-05-10 18:29:00,0.2,155,20
2026-05-10 18:35:00,0.113,151,20
2026-05-10 18:41:00,0.072,145,20
2026-05-10 18:47:00,0.043,6,20
2026-05-10 18:53:00,0.037,138,20
2026-05-10 18:59:00,0.016,334,20
2026-05-10 19:05:00,0.138,307,20
2026-05-10 19:11:00,0.157,331,20
2026-05-10 19:17:00,0.134,318,20
2026-05-10 19:23:00,0.099,355,20
2026-05-10 19:29:00,0.047,122,20
2026-05-10 19:35:00,0.119,333,20
2026-05-10 19:41:00,0.27,314,20
2026-05-10 19:47:00,0.272,15,20
2026-05-10 19:53:00,0.089,314,20
2026-05-10 19:59:00,0.247,339,20
2026-05-10 20:05:00,0.346,169,20
2026-05-10 20:11:00,0.183,22,20
2026-05-10 20:17:00,0.292,338,20
2026-05-10 20:23:00,0.169,324,20
2026-05-10 20:29:00,0.204,323,20
2026-05-10 20:35:00,0.192,315,20
2026-05-10 20:41:00,0.115,292,20
2026-05-10 20:47:00,0.227,335,20
2026-05-10 20:53:00,0.319,311,20
2026-05-10 20:59:00,0.175,313,20
2026-05-10 21:05:00,0.093,256,20
2026-05-10 21:11:00,0.119,262,20
2026-05-10 21:17:00,0.15,334,20
2026-05-10 21:23:00,0.305,0,20
2026-05-10 21:29:00,0.173,352,20
2026-05-10 21:41:00,0.161,338,20
2026-05-10 21:47:00,0.113,6,20
2026-05-10 21:53:00,0.198,359,20
2026-05-10 21:59:00,0.179,343,20
2026-05-10 22:05:00,0.107,355,20
2026-05-10 22:11:00,0.156,330,20
2026-05-10 22:17:00,0.231,333,20
2026-05-10 22:23:00,0.26,353,20
2026-05-10 22:29:00,0.241,3,20
2026-05-10 22:35:00,0.222,353,20
2026-05-10 22:41:00,0.229,360,20
2026-05-10 22:47:00,0.249,358,20
2026-05-10 22:53:00,0.216,348,20
2026-05-10 22:59:00,0.358,352,20
2026-05-10 23:05:00,0.367,354,20
2026-05-10 23:11:00,0.311,1,20
2026-05-10 23:17:00,0.206,12,20
2026-05-10 23:23:00,0.204,0,20
2026-05-10 23:29:00,0.26,347,20
2026-05-10 23:35:00,0.447,341,20
2026-05-10 23:41:00,0.624,344,20
2026-05-10 23:47:00,0.381,4,20
2026-05-10 23:53:00,0.4,50,20
2026-05-10 23:59:00,0.225,33,20
2026-05-11 00:05:00,0.235,29,20
2026-05-11 00:11:00,0.167,40,20
2026-05-11 00:17:00,0.177,43,20
2026-05-11 00:23:00,0.169,86,20
2026-05-11 00:29:00,0.177,68,20
2026-05-11 00:35:00,0.262,98,20
2026-05-11 00:41:00,0.387,109,20
2026-05-11 00:47:00,0.303,104,20
2026-05-11 00:53:00,0.336,110,20
2026-05-11 00:59:00,0.255,112,20
2026-05-11 01:05:00,0.328,121,20
2026-05-11 01:11:00,0.42,130,20
2026-05-11 01:17:00,0.373,125,20
2026-05-11 01:23:00,0.358,124,20
2026-05-11 01:29:00,0.364,124,20
2026-05-11 01:35:00,0.33,116,20
2026-05-11 01:41:00,0.262,106,20
2026-05-11 01:47:00,0.319,108,20
2026-05-11 01:53:00,0.402,126,20
2026-05-11 01:59:00,0.321,122,20
2026-05-11 02:05:00,0.352,131,20
2026-05-11 02:11:00,0.412,138,20
2026-05-11 02:17:00,0.49,133,20
2026-05-11 02:23:00,0.332,119,20
2026-05-11 02:29:00,0.303,118,20
2026-05-11 02:35:00,0.505,132,20
2026-05-11 02:41:00,0.525,129,20
2026-05-11 02:47:00,0.47,127,20
2026-05-11 02:53:00,0.47,132,20
2026-05-11 02:59:00,0.48,128,20
2026-05-11 03:05:00,0.478,129,20
2026-05-11 03:11:00,0.673,129,20
2026-05-11 03:17:00,0.443,127,20
2026-05-11 03:23:00,0.554,137,20
2026-05-11 03:29:00,0.535,135,20
2026-05-11 03:35:00,0.638,136,20
2026-05-11 03:41:00,0.673,137,20
2026-05-11 03:47:00,0.527,126,20
2026-05-11 03:53:00,0.536,131,20
2026-05-11 03:59:00,0.564,130,20
2026-05-11 04:05:00,0.593,129,20
2026-05-11 04:11:00,0.673,132,20
2026-05-11 04:17:00,0.737,134,20
2026-05-11 04:23:00,0.783,135,20
2026-05-11 04:29:00,0.838,135,20
2026-05-11 04:35:00,0.785,135,20
2026-05-11 04:41:00,0.818,135,20
2026-05-11 04:47:00,0.848,136,20
2026-05-11 04:53:00,0.838,133,20
2026-05-11 04:59:00,0.803,134,20
2026-05-11 05:05:00,0.797,135,20
2026-05-11 05:11:00,0.844,136,20
2026-05-11 05:17:00,0.814,136,20
2026-05-11 05:23:00,0.892,139,20
2026-05-11 05:29:00,0.892,138,20
2026-05-11 05:35:00,0.921,138,20
2026-05-11 05:41:00,0.929,136,20
2026-05-11 05:47:00,0.976,137,20
2026-05-11 05:53:00,1.011,138,20
2026-05-11 05:59:00,0.853,140,20
2026-05-11 06:05:00,0.859,139,20
2026-05-11 06:11:00,0.918,138,20
2026-05-11 06:17:00,0.873,138,20
2026-05-11 06:23:00,0.91,140,20
2026-05-11 06:29:00,0.914,139,20
2026-05-11 06:35:00,0.861,142,20
2026-05-11 06:41:00,0.818,140,20
2026-05-11 06:47:00,0.75,139,20
2026-05-11 06:53:00,0.764,139,20
2026-05-11 06:59:00,0.744,138,20
2026-05-11 07:05:00,0.853,142,20
2026-05-11 07:11:00,0.746,140,20
2026-05-11 07:17:00,0.908,162,20
2026-05-11 07:23:00,1.271,177,20
2026-05-11 07:29:00,0.391,161,20
2026-05-11 07:35:00,0.42,158,20
2026-05-11 07:41:00,0.369,143,20
2026-05-11 07:47:00,0.161,21,20
2026-05-11 07:53:00,0.365,106,20
2026-05-11 07:59:00,0.397,118,20
2026-05-11 08:05:00,0.486,127,20
2026-05-11 08:11:00,0.416,100,20
2026-05-11 08:17:00,0.536,117,20
2026-05-11 08:23:00,0.42,103,20
2026-05-11 08:29:00,0.432,102,20
2026-05-11 08:35:00,0.432,101,20
2026-05-11 08:41:00,0.422,84,20
2026-05-11 08:47:00,0.47,96,20
2026-05-11 08:53:00,0.5,109,20
2026-05-11 08:59:00,0.486,109,20
2026-05-11 09:05:00,0.616,133,20
2026-05-11 09:11:00,0.595,144,20
2026-05-11 09:17:00,0.503,146,20
2026-05-11 09:23:00,0.568,146,20
2026-05-11 09:29:00,0.513,144,20
2026-05-11 09:35:00,0.529,147,20
2026-05-11 09:41:00,0.486,147,20
2026-05-11 09:47:00,0.49,148,20
2026-05-11 09:53:00,0.385,147,20
2026-05-11 09:59:00,0.432,148,20
2026-05-11 10:05:00,0.4,149,20
2026-05-11 10:11:00,0.402,141,20
2026-05-11 10:17:00,0.389,148,20
2026-05-11 10:23:00,0.379,140,20
2026-05-11 10:29:00,0.433,144,20
2026-05-11 10:35:00,0.428,143,20
2026-05-11 10:41:00,0.381,142,20
2026-05-11 10:47:00,0.402,144,20
2026-05-11 10:53:00,0.422,145,20
2026-05-11 10:59:00,0.422,141,20
2026-05-11 11:05:00,0.48,141,20
2026-05-11 11:11:00,0.472,141,20
2026-05-11 11:17:00,0.433,141,20
2026-05-11 11:23:00,0.439,138,20
2026-05-11 11:29:00,0.453,141,20
2026-05-11 11:35:00,0.459,137,20
2026-05-11 11:41:00,0.412,136,20
2026-05-11 11:47:00,0.4,135,20
2026-05-11 11:53:00,0.412,138,20
2026-05-11 11:59:00,0.468,138,20
2026-05-11 12:05:00,0.418,138,20
2026-05-11 12:11:00,0.42,135,20
2026-05-11 12:17:00,0.517,138,20
2026-05-11 12:23:00,0.455,142,20
2026-05-11 12:29:00,0.439,137,20
2026-05-11 12:35:00,0.439,136,20
2026-05-11 12:41:00,0.404,135,20
2026-05-11 12:47:00,0.461,140,20
2026-05-11 12:53:00,0.398,140,20
2026-05-11 12:59:00,0.453,138,20
2026-05-11 13:05:00,0.387,134,20
2026-05-11 13:11:00,0.472,142,20
2026-05-11 13:17:00,0.439,142,20
2026-05-11 13:23:00,0.478,141,20
2026-05-11 13:29:00,0.503,142,20
2026-05-11 13:35:00,0.486,138,20
2026-05-11 13:41:00,0.548,140,20
2026-05-11 13:47:00,0.505,145,20
2026-05-11 13:53:00,0.546,140,20
2026-05-11 13:59:00,0.558,139,20
2026-05-11 14:05:00,0.651,142,20
2026-05-11 14:11:00,0.608,139,20
2026-05-11 14:17:00,0.603,138,20
2026-05-11 14:23:00,0.616,138,20
2026-05-11 14:29:00,0.661,139,20
2026-05-11 14:35:00,0.704,142,20
2026-05-11 14:41:00,0.597,138,20
2026-05-11 14:47:00,0.754,142,20
2026-05-11 14:53:00,0.682,143,20
2026-05-11 14:59:00,0.744,141,20
2026-05-11 15:05:00,0.688,141,20
2026-05-11 15:11:00,0.671,139,20
2026-05-11 15:17:00,0.729,140,20
2026-05-11 15:23:00,0.649,138,20
2026-05-11 15:29:00,0.641,140,20
2026-05-11 15:35:00,0.809,139,20
2026-05-11 15:41:00,0.787,144,20
2026-05-11 15:47:00,0.824,142,20
2026-05-11 15:53:00,0.725,141,20
2026-05-11 15:59:00,0.768,141,20
2026-05-11 16:05:00,0.816,143,20
2026-05-11 16:11:00,0.824,142,20
2026-05-11 16:17:00,0.774,142,20
2026-05-11 16:23:00,0.708,141,20
2026-05-11 16:29:00,0.75,141,20
2026-05-11 16:35:00,0.659,142,20
2026-05-11 16:41:00,0.708,139,20
2026-05-11 16:47:00,0.647,140,20
2026-05-11 16:53:00,0.552,137,20
2026-05-11 16:59:00,0.684,138,20
2026-05-11 17:05:00,0.572,141,20
2026-05-11 17:11:00,0.589,142,20
2026-05-11 17:17:00,0.461,138,20
2026-05-11 17:23:00,0.472,138,20
2026-05-11 17:29:00,0.482,140,20
2026-05-11 17:35:00,0.538,142,20
2026-05-11 17:41:00,0.521,139,20
2026-05-11 17:47:00,0.554,143,20
2026-05-11 17:53:00,0.451,139,20
2026-05-11 17:59:00,0.577,145,20
2026-05-11 18:05:00,0.478,142,20
2026-05-11 18:11:00,0.566,145,20
2026-05-11 18:17:00,0.49,140,20
2026-05-11 18:23:00,0.387,137,20
2026-05-11 18:29:00,0.428,142,20
2026-05-11 18:35:00,0.406,144,20
2026-05-11 18:41:00,0.548,149,20
2026-05-11 18:47:00,0.433,148,20
2026-05-11 18:53:00,0.225,145,20
2026-05-11 18:59:00,0.344,135,20
2026-05-11 19:05:00,0.484,151,20
2026-05-11 19:11:00,0.381,125,20
2026-05-11 19:17:00,0.227,145,20
2026-05-11 19:23:00,0.286,146,20
2026-05-11 19:29:00,0.198,144,20
2026-05-11 19:35:00,0.124,128,20
2026-05-11 19:41:00,0.018,115,20
2026-05-11 19:47:00,0.074,345,20
2026-05-11 19:53:00,0.039,237,20
2026-05-11 19:59:00,0.175,324,20
2026-05-11 20:05:00,0.198,315,20
2026-05-11 20:11:00,0.076,266,20
2026-05-11 20:17:00,0.13,322,20
2026-05-11 20:23:00,0.187,322,20
2026-05-11 20:29:00,0.334,335,20
2026-05-11 20:35:00,0.367,332,20
2026-05-11 20:41:00,0.371,330,20
2026-05-11 20:47:00,0.251,333,20
2026-05-11 20:53:00,0.319,338,20
2026-05-11 20:59:00,0.391,333,20
2026-05-11 21:05:00,0.389,334,20
2026-05-11 21:11:00,0.453,333,20
2026-05-11 21:17:00,0.412,332,20
2026-05-11 21:23:00,0.424,332,20
2026-05-11 21:29:00,0.449,331,20
2026-05-11 21:35:00,0.558,331,20
2026-05-11 21:41:00,0.548,340,20
2026-05-11 21:47:00,0.486,335,20
2026-05-11 21:53:00,0.566,337,20
2026-05-11 21:59:00,0.552,339,20
2026-05-11 22:05:00,0.593,339,20
2026-05-11 22:11:00,0.418,343,20
2026-05-11 22:17:00,0.626,339,20
2026-05-11 22:23:00,0.799,337,20
2026-05-11 22:29:00,1.065,341,20
2026-05-11 22:35:00,0.916,343,20
2026-05-11 22:41:00,1.015,338,20
2026-05-11 22:47:00,0.797,346,20
2026-05-11 22:53:00,0.906,336,20
2026-05-11 22:59:00,0.908,336,20
2026-05-11 23:05:00,0.851,336,20
2026-05-11 23:11:00,0.882,333,20
2026-05-11 23:17:00,0.888,329,20
2026-05-11 23:23:00,0.991,332,20
2026-05-11 23:29:00,0.83,331,20
2026-05-11 23:35:00,0.811,338,20
2026-05-11 23:41:00,0.904,335,20
2026-05-11 23:47:00,0.937,335,20
2026-05-11 23:53:00,0.947,335,20
2026-05-11 23:59:00,0.869,333,20
2026-05-12 00:05:00,0.964,328,20
2026-05-12 00:11:00,0.941,328,20
2026-05-12 00:17:00,0.945,327,20
2026-05-12 00:23:00,1.03,329,20
2026-05-12 00:29:00,0.96,327,20
2026-05-12 00:35:00,0.838,325,20
2026-05-12 00:41:00,0.801,336,20
2026-05-12 00:47:00,0.676,342,20
2026-05-12 00:53:00,0.63,341,20
2026-05-12 00:59:00,0.437,342,20
2026-05-12 01:05:00,0.494,343,20
2026-05-12 01:11:00,0.377,347,20
2026-05-12 01:17:00,0.558,340,20
2026-05-12 01:23:00,0.521,340,20
2026-05-12 01:29:00,0.447,343,20
2026-05-12 01:35:00,0.435,335,20
2026-05-12 01:41:00,0.33,336,20
2026-05-12 01:47:00,0.241,341,20
2026-05-12 01:53:00,0.189,355,20
2026-05-12 01:59:00,0.115,4,20
2026-05-12 02:05:00,0.121,3,20
2026-05-12 02:11:00,0.121,331,20
2026-05-12 02:17:00,0.097,334,20
2026-05-12 02:23:00,0.113,299,20
2026-05-12 02:29:00,0.115,12,20
2026-05-12 02:35:00,0.239,316,20
2026-05-12 02:41:00,0.087,263,20
2026-05-12 02:47:00,0.095,296,20
2026-05-12 02:53:00,0.101,317,20
2026-05-12 02:59:00,0.027,245,20
2026-05-12 03:05:00,0.091,306,20
2026-05-12 03:17:00,0.204,74,20
2026-05-12 03:23:00,0.198,113,20
2026-05-12 03:29:00,0.171,114,20
2026-05-12 03:35:00,0.288,120,20
2026-05-12 03:41:00,0.313,122,20
2026-05-12 03:47:00,0.297,119,20
2026-05-12 03:53:00,0.371,126,20
2026-05-12 03:59:00,0.354,121,20
2026-05-12 04:05:00,0.354,121,20
2026-05-12 04:11:00,0.418,131,20
2026-05-12 04:17:00,0.488,142,20
2026-05-12 04:23:00,0.364,138,20
2026-05-12 04:29:00,0.428,144,20
2026-05-12 04:35:00,0.519,144,20
2026-05-12 04:41:00,0.581,142,20
2026-05-12 04:47:00,0.538,143,20
2026-05-12 04:53:00,0.536,143,20
2026-05-12 04:59:00,0.352,134,20
2026-05-12 05:05:00,0.572,140,20
2026-05-12 05:11:00,0.54,143,20
2026-05-12 05:17:00,0.433,138,20
2026-05-12 05:23:00,0.535,140,20
2026-05-12 05:29:00,0.542,147,20
2026-05-12 05:35:00,0.64,151,20
2026-05-12 05:41:00,0.69,151,20
2026-05-12 05:47:00,0.731,147,20
2026-05-12 05:53:00,0.793,146,20
2026-05-12 05:59:00,0.704,147,20
2026-05-12 06:05:00,0.622,147,20
2026-05-12 06:11:00,0.488,141,20
2026-05-12 06:17:00,0.523,141,20
2026-05-12 06:23:00,0.546,141,20
2026-05-12 06:29:00,0.531,139,20
2026-05-12 06:35:00,0.618,138,20
2026-05-12 06:41:00,0.603,138,20
2026-05-12 06:47:00,0.56,137,20
2026-05-12 06:53:00,0.4,143,20
2026-05-12 06:59:00,0.379,139,20
2026-05-12 07:05:00,0.449,160,20
2026-05-12 07:11:00,0.628,144,20
2026-05-12 07:17:00,0.778,145,20
2026-05-12 07:23:00,0.686,152,20
2026-05-12 07:29:00,0.659,149,20
2026-05-12 07:35:00,0.507,144,20
2026-05-12 07:41:00,0.636,151,20
2026-05-12 07:47:00,0.651,147,20
2026-05-12 07:53:00,0.513,145,20
2026-05-12 07:59:00,0.47,141,20
2026-05-12 08:05:00,0.601,151,20
2026-05-12 08:11:00,0.494,150,20
2026-05-12 08:17:00,0.535,150,20
2026-05-12 08:23:00,0.573,151,20
2026-05-12 08:29:00,0.525,154,20
2026-05-12 08:35:00,0.439,158,20
2026-05-12 08:41:00,0.453,148,20
2026-05-12 08:47:00,0.42,149,20
2026-05-12 08:53:00,0.391,148,20
2026-05-12 08:59:00,0.365,146,20
2026-05-12 09:05:00,0.26,147,20
2026-05-12 09:11:00,0.249,144,20
2026-05-12 09:17:00,0.196,148,20
2026-05-12 09:23:00,0.222,153,20
2026-05-12 09:29:00,0.243,149,20
2026-05-12 09:35:00,0.165,150,20
2026-05-12 09:41:00,0.142,164,20
2026-05-12 09:47:00,0.084,213,20
2026-05-12 09:53:00,0.276,134,20
2026-05-12 09:59:00,0.058,215,20
2026-05-12 10:05:00,0.076,132,20
2026-05-12 10:11:00,0.035,280,20
2026-05-12 10:17:00,0.035,282,20
2026-05-12 10:23:00,0.031,279,20
2026-05-12 10:29:00,0.109,300,20
2026-05-12 10:35:00,0.187,147,20
2026-05-12 10:41:00,0.138,136,20
2026-05-12 10:47:00,0.062,152,20
2026-05-12 10:53:00,0.093,291,20
2026-05-12 10:59:00,0.13,139,20
2026-05-12 11:05:00,0.018,359,20
2026-05-12 11:11:00,0.01,147,20
2026-05-12 11:17:00,0.043,113,20
2026-05-12 11:23:00,0.064,311,20
2026-05-12 11:29:00,0.021,332,20
2026-05-12 11:35:00,0.097,118,20
2026-05-12 11:41:00,0.016,154,20
2026-05-12 11:47:00,0.006,345,20
2026-05-12 11:53:00,0.002,102,20
2026-05-12 11:59:00,0.043,128,20
2026-05-12 12:05:00,0.115,126,20
2026-05-12 12:11:00,0.037,69,20
2026-05-12 12:17:00,0.113,119,20
2026-05-12 12:23:00,0.068,137,20
2026-05-12 12:29:00,0.159,123,20
2026-05-12 12:35:00,0.157,135,20
2026-05-12 12:41:00,0.134,138,20
2026-05-12 12:47:00,0.167,131,20
2026-05-12 12:53:00,0.185,121,20
2026-05-12 12:59:00,0.321,308,20
2026-05-12 13:05:00,0.2,331,20
2026-05-12 13:11:00,0.233,354,20
2026-05-12 13:17:00,0.064,73,20
2026-05-12 13:23:00,0.64,126,20
2026-05-12 13:29:00,0.225,93,20
2026-05-12 13:35:00,0.523,3,20
2026-05-12 13:41:00,0.175,63,20
2026-05-12 13:47:00,0.437,123,20
2026-05-12 13:53:00,1.217,149,20
2026-05-12 13:59:00,0.793,158,20
2026-05-12 14:05:00,0.294,227,20
2026-05-12 14:11:00,0.056,69,20
2026-05-12 14:17:00,0.552,145,20
2026-05-12 14:23:00,0.288,143,20
2026-05-12 14:29:00,0.28,139,20
2026-05-12 14:35:00,0.266,147,20
2026-05-12 14:41:00,0.468,161,20
2026-05-12 14:47:00,0.41,161,20
2026-05-12 14:53:00,0.231,151,20
2026-05-12 14:59:00,0.202,138,20
2026-05-12 15:05:00,0.307,141,20
2026-05-12 15:11:00,0.284,137,20
2026-05-12 15:17:00,0.34,142,20
2026-05-12 15:23:00,0.412,140,20
2026-05-12 15:29:00,0.286,152,20
2026-05-12 15:35:00,0.099,20,20
2026-05-12 15:41:00,0.766,137,20
2026-05-12 15:47:00,0.328,50,20
2026-05-12 15:53:00,0.842,339,20
2026-05-12 15:59:00,0.354,1,20
2026-05-12 16:05:00,0.233,94,20
2026-05-12 16:11:00,0.268,190,20
2026-05-12 16:17:00,0.247,154,20
2026-05-12 16:23:00,0.202,149,20
2026-05-12 16:29:00,0.062,186,20
2026-05-12 16:41:00,0.332,134,20
2026-05-12 16:47:00,0.492,163,20
2026-05-12 16:53:00,0.793,146,20
2026-05-12 16:59:00,0.844,145,20
2026-05-12 17:05:00,0.793,136,20
2026-05-12 17:11:00,0.762,144,20
2026-05-12 17:17:00,0.774,143,20
2026-05-12 17:23:00,0.711,144,20
2026-05-12 17:29:00,0.731,144,20
2026-05-12 17:35:00,0.84,146,20
2026-05-12 17:41:00,0.713,144,20
2026-05-12 17:47:00,0.694,143,20
2026-05-12 17:53:00,0.641,144,20
2026-05-12 17:59:00,0.597,141,20
2026-05-12 18:05:00,0.606,144,20
2026-05-12 18:11:00,0.593,143,20
2026-05-12 18:17:00,0.579,144,20
2026-05-12 18:23:00,0.519,143,20
2026-05-12 18:29:00,0.507,141,20
2026-05-12 18:35:00,0.47,145,20
2026-05-12 18:41:00,0.402,146,20
2026-05-12 18:47:00,0.364,151,20
2026-05-12 18:53:00,0.286,137,20
2026-05-12 18:59:00,0.218,159,20
2026-05-12 19:05:00,0.14,145,20
2026-05-12 19:11:00,0.303,151,20
2026-05-12 19:17:00,0.222,131,20
2026-05-12 19:23:00,0.185,149,20
2026-05-12 19:29:00,0.122,313,20
2026-05-12 19:35:00,0.107,151,20
2026-05-12 19:41:00,0.115,311,20
2026-05-12 19:47:00,0.301,324,20
2026-05-12 19:53:00,0.502,347,20
2026-05-12 19:59:00,0.187,344,20
2026-05-12 20:05:00,0.225,333,20
2026-05-12 20:11:00,0.317,324,20
2026-05-12 20:17:00,0.369,326,20
2026-05-12 20:23:00,0.358,325,20
2026-05-12 20:29:00,0.356,328,20
2026-05-12 20:35:00,0.461,325,20
2026-05-12 20:41:00,0.478,328,20
2026-05-12 20:47:00,0.57,330,20
2026-05-12 20:53:00,0.548,334,20
2026-05-12 20:59:00,0.659,333,20
2026-05-12 21:05:00,0.649,334,20
2026-05-12 21:11:00,0.756,335,20
2026-05-12 21:17:00,0.715,331,20
2026-05-12 21:23:00,0.713,337,20
2026-05-12 21:29:00,0.599,343,20
2026-05-12 21:35:00,0.676,340,20
2026-05-12 21:41:00,0.634,332,20
2026-05-12 21:47:00,0.803,326,20
2026-05-12 21:53:00,0.918,325,20
2026-05-12 21:59:00,0.875,331,20
2026-05-12 22:05:00,0.848,327,20
2026-05-12 22:11:00,1.063,324,20
2026-05-12 22:17:00,1.061,335,20
2026-05-12 22:23:00,1.215,334,20
2026-05-12 22:29:00,1.258,332,20
2026-05-12 22:35:00,1.182,331,20
2026-05-12 22:41:00,0.986,340,20
2026-05-12 22:47:00,1.019,331,20
2026-05-12 22:53:00,0.879,335,20
2026-05-12 22:59:00,0.826,334,20
2026-05-12 23:05:00,0.846,338,20
2026-05-12 23:11:00,0.729,340,20
2026-05-12 23:17:00,0.667,344,20
2026-05-12 23:23:00,0.706,344,20
2026-05-12 23:29:00,0.77,344,20
2026-05-12 23:35:00,0.618,351,20
2026-05-12 23:41:00,0.605,358,20
2026-05-12 23:47:00,0.661,349,20
2026-05-12 23:53:00,0.737,346,20
2026-05-12 23:59:00,0.828,347,20
2026-05-13 00:05:00,0.787,343,20
2026-05-13 00:11:00,0.702,351,20
2026-05-13 00:17:00,0.564,357,20
2026-05-13 00:23:00,0.579,353,20
2026-05-13 00:29:00,0.618,348,20
2026-05-13 00:35:00,0.577,353,20
2026-05-13 00:41:00,0.554,350,20
2026-05-13 00:47:00,0.564,347,20
2026-05-13 00:53:00,0.552,346,20
2026-05-13 00:59:00,0.498,354,20
2026-05-13 01:05:00,0.494,349,20
2026-05-13 01:11:00,0.478,351,20
2026-05-13 01:17:00,0.503,349,20
2026-05-13 01:23:00,0.568,348,20
2026-05-13 01:29:00,0.593,342,20
2026-05-13 01:35:00,0.657,339,20
2026-05-13 01:41:00,0.63,337,20
2026-05-13 01:47:00,0.535,337,20
2026-05-13 01:53:00,0.467,339,20
2026-05-13 01:59:00,0.521,335,20
2026-05-13 02:05:00,0.564,332,20
2026-05-13 02:11:00,0.455,342,20
2026-05-13 02:17:00,0.422,346,20
2026-05-13 02:23:00,0.43,350,20
2026-05-13 02:29:00,0.523,346,20
2026-05-13 02:35:00,0.42,352,20
2026-05-13 02:41:00,0.362,4,20
2026-05-13 02:47:00,0.34,9,20
2026-05-13 02:53:00,0.397,7,20
2026-05-13 02:59:00,0.385,20,20
2026-05-13 03:05:00,0.428,23,20
2026-05-13 03:11:00,0.272,22,20
2026-05-13 03:17:00,0.216,39,20
2026-05-13 03:23:00,0.218,60,20
2026-05-13 03:29:00,0.311,101,20
2026-05-13 03:35:00,0.426,110,20
2026-05-13 03:41:00,0.575,129,20
2026-05-13 03:47:00,0.694,136,20
2026-05-13 03:53:00,0.69,140,20
2026-05-13 03:59:00,0.597,142,20
2026-05-13 04:05:00,0.538,138,20
2026-05-13 04:11:00,0.484,132,20
2026-05-13 04:17:00,0.527,134,20
2026-05-13 04:23:00,0.517,137,20
2026-05-13 04:29:00,0.377,134,20
2026-05-13 04:35:00,0.397,137,20
2026-05-13 04:41:00,0.352,132,20
2026-05-13 04:47:00,0.451,141,20
2026-05-13 04:53:00,0.517,147,20
2026-05-13 04:59:00,0.564,149,20
2026-05-13 05:05:00,0.556,147,20
2026-05-13 05:11:00,0.585,146,20
2026-05-13 05:17:00,0.575,143,20
2026-05-13 05:23:00,0.492,139,20
2026-05-13 05:29:00,0.451,144,20
2026-05-13 05:35:00,0.364,139,20
2026-05-13 05:41:00,0.482,149,20
2026-05-13 05:47:00,0.241,151,20
2026-05-13 05:53:00,0.354,139,20
2026-05-13 05:59:00,0.282,138,20
2026-05-13 06:05:00,0.297,133,20
2026-05-13 06:11:00,0.5,136,20
2026-05-13 06:17:00,0.084,142,20
2026-05-13 06:23:00,0.367,127,20
2026-05-13 06:29:00,0.268,130,20
2026-05-13 06:35:00,0.418,135,20
2026-05-13 06:41:00,0.327,143,20
2026-05-13 06:47:00,0.387,121,20
2026-05-13 06:53:00,0.264,141,20
2026-05-13 06:59:00,0.295,133,20
2026-05-13 07:05:00,0.216,133,20
2026-05-13 07:11:00,0.249,138,20
2026-05-13 07:17:00,0.142,124,20
2026-05-13 07:23:00,0.074,82,20
2026-05-13 07:29:00,0.136,115,20
2026-05-13 07:35:00,0.175,133,20
2026-05-13 07:41:00,0.091,95,20
2026-05-13 07:47:00,0.146,107,20
2026-05-13 07:53:00,0.288,125,20
2026-05-13 07:59:00,0.167,124,20
2026-05-13 08:05:00,0.175,129,20
2026-05-13 08:11:00,0.27,153,20
2026-05-13 08:17:00,0.251,148,20
2026-05-13 08:23:00,0.27,149,20
2026-05-13 08:29:00,0.342,151,20
2026-05-13 08:35:00,0.328,148,20
2026-05-13 08:41:00,0.356,143,20
2026-05-13 08:47:00,0.344,146,20
2026-05-13 08:53:00,0.35,142,20
2026-05-13 08:59:00,0.334,146,20
2026-05-13 09:05:00,0.348,147,20
2026-05-13 09:11:00,0.301,145,20
2026-05-13 09:17:00,0.292,143,20
2026-05-13 09:23:00,0.313,147,20
2026-05-13 09:29:00,0.2,143,20
2026-05-13 09:35:00,0.154,132,20
2026-05-13 09:41:00,0.06,105,20
2026-05-13 09:47:00,0.056,143,20
2026-05-13 09:53:00,0.109,142,20
2026-05-13 09:59:00,0.156,134,20
2026-05-13 10:05:00,0.122,128,20
2026-05-13 10:11:00,0.187,138,20
2026-05-13 10:17:00,0.099,112,20
2026-05-13 10:23:00,0.084,122,20
2026-05-13 10:29:00,0.076,120,20
2026-05-13 10:35:00,0.004,147,20
2026-05-13 10:41:00,0.045,129,20
2026-05-13 10:47:00,0.019,321,20
2026-05-13 10:53:00,0.037,333,20
2026-05-13 10:59:00,0.072,322,20
2026-05-13 11:05:00,0.045,8,20
2026-05-13 11:11:00,0.052,327,20
2026-05-13 11:17:00,0.047,72,20
2026-05-13 11:23:00,0.066,69,20
2026-05-13 11:29:00,0.064,66,20
2026-05-13 11:35:00,0.086,66,20
2026-05-13 11:41:00,0.142,67,20
2026-05-13 11:47:00,0.159,92,20
2026-05-13 11:53:00,0.105,53,20
2026-05-13 11:59:00,0.086,33,20
2026-05-13 12:05:00,0.14,16,20
2026-05-13 12:11:00,0.171,14,20
2026-05-13 12:17:00,0.179,340,20
2026-05-13 12:23:00,0.144,14,20
2026-05-13 12:29:00,0.152,9,20
2026-05-13 12:35:00,0.173,3,20
2026-05-13 12:41:00,0.192,353,20
2026-05-13 12:47:00,0.255,353,20
2026-05-13 12:53:00,0.142,358,20
2026-05-13 12:59:00,0.049,20,20
2026-05-13 13:05:00,0.124,328,20
2026-05-13 13:11:00,0.062,8,20
2026-05-13 13:17:00,0.062,340,20
2026-05-13 13:23:00,0.016,237,20
2026-05-13 13:29:00,0.049,320,20
2026-05-13 13:35:00,0.066,164,20
2026-05-13 13:41:00,0.105,140,20
2026-05-13 13:47:00,0.119,134,20
2026-05-13 13:53:00,0.087,129,20
2026-05-13 13:59:00,0.214,127,20
2026-05-13 14:05:00,0.192,133,20
2026-05-13 14:11:00,0.282,146,20
2026-05-13 14:17:00,0.198,150,20
2026-05-13 14:23:00,0.278,138,20
2026-05-13 14:29:00,0.27,141,20
2026-05-13 14:35:00,0.272,141,20
2026-05-13 14:41:00,0.323,133,20
2026-05-13 14:47:00,0.412,135,20
2026-05-13 14:53:00,0.447,137,20
2026-05-13 14:59:00,0.457,136,20
2026-05-13 15:05:00,0.48,134,20
2026-05-13 15:11:00,0.467,136,20
2026-05-13 15:17:00,0.468,139,20
2026-05-13 15:23:00,0.488,136,20
2026-05-13 15:29:00,0.468,139,20
2026-05-13 15:35:00,0.338,136,20
2026-05-13 15:41:00,0.404,146,20
2026-05-13 15:47:00,0.476,145,20
2026-05-13 15:53:00,0.484,143,20
2026-05-13 15:59:00,0.507,149,20
2026-05-13 16:05:00,0.552,144,20
2026-05-13 16:11:00,0.628,145,20
2026-05-13 16:17:00,0.636,144,20
2026-05-13 16:23:00,0.595,143,20
2026-05-13 16:29:00,0.606,144,20
2026-05-13 16:35:00,0.63,144,20
2026-05-13 16:41:00,0.665,146,20
2026-05-13 16:47:00,0.717,145,20
2026-05-13 16:53:00,0.779,143,20
2026-05-13 16:59:00,0.762,145,20
2026-05-13 17:05:00,0.762,146,20
2026-05-13 17:11:00,0.795,144,20
2026-05-13 17:17:00,0.857,145,20
2026-05-13 17:23:00,0.748,144,20
2026-05-13 17:29:00,0.599,147,20
2026-05-13 17:35:00,0.744,145,20
2026-05-13 17:41:00,0.706,145,20
2026-05-13 17:47:00,0.715,143,20
2026-05-13 17:53:00,0.818,146,20
2026-05-13 17:59:00,0.756,144,20
2026-05-13 18:05:00,0.867,147,20
2026-05-13 18:11:00,0.849,145,20
2026-05-13 18:17:00,0.657,144,20
2026-05-13 18:23:00,0.69,141,20
2026-05-13 18:29:00,0.638,141,20
2026-05-13 18:35:00,0.533,138,20
2026-05-13 18:41:00,0.7,142,20
2026-05-13 18:47:00,0.676,143,20
2026-05-13 18:53:00,0.713,146,20
2026-05-13 18:59:00,0.643,147,20
2026-05-13 19:05:00,0.632,146,20
2026-05-13 19:11:00,0.764,142,20
2026-05-13 19:17:00,0.723,145,20
2026-05-13 19:23:00,0.649,145,20
2026-05-13 19:29:00,0.585,143,20
2026-05-13 19:35:00,0.509,145,20
2026-05-13 19:41:00,0.62,142,20
2026-05-13 19:47:00,0.385,130,20
2026-05-13 19:53:00,0.453,144,20
2026-05-13 19:59:00,0.381,143,20
2026-05-13 20:05:00,0.284,144,20
2026-05-13 20:11:00,0.235,128,20
2026-05-13 20:17:00,0.187,133,20
2026-05-13 20:23:00,0.097,113,20
2026-05-13 20:29:00,0.064,82,20
2026-05-13 20:35:00,0.084,70,20
2026-05-13 20:41:00,0.082,54,20
2026-05-13 20:47:00,0.066,57,20
2026-05-13 20:53:00,0.06,17,20
2026-05-13 20:59:00,0.049,315,20
2026-05-13 21:05:00,0.027,183,20
2026-05-13 21:11:00,0.093,293,20
2026-05-13 21:17:00,0.027,229,20
2026-05-13 21:23:00,0.074,274,20
2026-05-13 21:29:00,0.128,323,20
2026-05-13 21:35:00,0.154,308,20
2026-05-13 21:41:00,0.268,321,20
2026-05-13 21:47:00,0.367,327,20
2026-05-13 21:53:00,0.348,321,20
2026-05-13 21:59:00,0.28,326,20
2026-05-13 22:05:00,0.365,324,20
2026-05-13 22:11:00,0.47,320,20
2026-05-13 22:17:00,0.54,320,20
2026-05-13 22:23:00,0.564,318,20
2026-05-13 22:29:00,0.663,318,20
2026-05-13 22:35:00,0.676,326,20
2026-05-13 22:41:00,0.661,328,20
2026-05-13 22:47:00,0.686,335,20
2026-05-13 22:53:00,0.641,331,20
2026-05-13 22:59:00,0.731,328,20
2026-05-13 23:05:00,0.659,332,20
2026-05-13 23:11:00,0.667,330,20
2026-05-13 23:17:00,0.606,330,20
2026-05-13 23:23:00,0.606,334,20
2026-05-13 23:29:00,0.447,333,20
2026-05-13 23:35:00,0.55,331,20
2026-05-13 23:41:00,0.57,330,20
2026-05-13 23:47:00,0.513,333,20
2026-05-13 23:53:00,0.513,343,20
2026-05-13 23:59:00,0.523,349,20
2026-05-14 00:05:00,0.519,351,20
2026-05-14 00:11:00,0.544,351,20
2026-05-14 00:17:00,0.451,357,20
2026-05-14 00:23:00,0.445,359,20
2026-05-14 00:29:00,0.474,358,20
2026-05-14 00:35:00,0.441,359,20
2026-05-14 00:41:00,0.451,357,20
2026-05-14 00:47:00,0.453,354,20
2026-05-14 00:53:00,0.385,354,20
2026-05-14 00:59:00,0.389,349,20
2026-05-14 01:05:00,0.507,342,20
2026-05-14 01:11:00,0.369,350,20
2026-05-14 01:17:00,0.264,358,20
2026-05-14 01:23:00,0.138,15,20
2026-05-14 01:29:00,0.163,21,20
2026-05-14 01:35:00,0.163,29,20
2026-05-14 01:41:00,0.177,16,20
2026-05-14 01:47:00,0.19,4,20
2026-05-14 01:53:00,0.208,6,20
2026-05-14 01:59:00,0.187,16,20
2026-05-14 02:05:00,0.173,25,20
2026-05-14 02:11:00,0.134,47,20
2026-05-14 02:17:00,0.128,73,20
2026-05-14 02:23:00,0.19,85,20
2026-05-14 02:29:00,0.171,104,20
2026-05-14 02:35:00,0.268,122,20
2026-05-14 02:41:00,0.443,134,20
2026-05-14 02:47:00,0.467,133,20
2026-05-14 02:53:00,0.507,131,20
2026-05-14 02:59:00,0.496,134,20
2026-05-14 03:05:00,0.49,137,20
2026-05-14 03:11:00,0.599,136,20
2026-05-14 03:17:00,0.624,141,20
2026-05-14 03:23:00,0.542,143,20
2026-05-14 03:29:00,0.595,143,20
2026-05-14 03:35:00,0.482,146,20
2026-05-14 03:41:00,0.525,146,20
2026-05-14 03:47:00,0.579,145,20
2026-05-14 03:53:00,0.632,145,20
2026-05-14 03:59:00,0.64,149,20
2026-05-14 04:05:00,0.638,153,20
2026-05-14 04:11:00,0.556,148,20
2026-05-14 04:17:00,0.612,147,20
2026-05-14 04:23:00,0.655,150,20
2026-05-14 04:29:00,0.612,151,20
2026-05-14 04:35:00,0.587,150,20
2026-05-14 04:41:00,0.599,151,20
2026-05-14 04:47:00,0.603,141,20
2026-05-14 04:53:00,0.711,139,20
2026-05-14 04:59:00,0.601,134,20
2026-05-14 05:05:00,0.488,131,20
2026-05-14 05:11:00,0.408,122,20
2026-05-14 05:17:00,0.362,123,20
2026-05-14 05:23:00,0.433,127,20
2026-05-14 05:29:00,0.476,126,20
2026-05-14 05:35:00,0.416,122,20
2026-05-14 05:41:00,0.525,130,20
2026-05-14 05:47:00,0.507,129,20
2026-05-14 05:53:00,0.612,134,20
2026-05-14 05:59:00,0.595,138,20
2026-05-14 06:05:00,0.591,134,20
2026-05-14 06:11:00,0.622,138,20
2026-05-14 06:17:00,0.723,140,20
2026-05-14 06:23:00,0.809,139,20
2026-05-14 06:29:00,0.737,139,20
2026-05-14 06:35:00,0.779,138,20
2026-05-14 06:41:00,0.832,140,20
2026-05-14 06:47:00,0.873,140,20
2026-05-14 06:53:00,0.877,140,20
2026-05-14 06:59:00,0.783,142,20
2026-05-14 07:05:00,0.641,140,20
2026-05-14 07:11:00,0.558,134,20
2026-05-14 07:17:00,0.62,134,20
2026-05-14 07:23:00,0.667,140,20
2026-05-14 07:29:00,0.698,140,20
2026-05-14 07:35:00,0.805,141,20
2026-05-14 07:41:00,0.789,138,20
2026-05-14 07:47:00,0.82,141,20
2026-05-14 07:53:00,0.939,142,20
2026-05-14 07:59:00,0.824,140,20
2026-05-14 08:05:00,0.84,144,20
2026-05-14 08:11:00,0.916,144,20
2026-05-14 08:17:00,0.708,142,20
2026-05-14 08:23:00,0.729,138,20
2026-05-14 08:29:00,0.768,142,20
2026-05-14 08:35:00,0.871,142,20
2026-05-14 08:41:00,0.849,139,20
2026-05-14 08:47:00,0.702,139,20
2026-05-14 08:53:00,0.842,142,20
2026-05-14 08:59:00,0.69,139,20
2026-05-14 09:05:00,0.636,139,20
2026-05-14 09:11:00,0.77,145,20
2026-05-14 09:17:00,0.807,145,20
2026-05-14 09:23:00,0.879,143,20
2026-05-14 09:29:00,0.715,145,20
2026-05-14 09:35:00,0.746,146,20
2026-05-14 09:41:00,0.676,147,20
2026-05-14 09:47:00,0.651,144,20
2026-05-14 09:53:00,0.531,149,20
2026-05-14 09:59:00,0.517,145,20
2026-05-14 10:05:00,0.572,149,20
2026-05-14 10:11:00,0.653,148,20
2026-05-14 10:17:00,0.785,148,20
2026-05-14 10:23:00,0.632,147,20
2026-05-14 10:29:00,0.678,152,20
2026-05-14 10:35:00,0.62,152,20
2026-05-14 10:41:00,0.502,147,20
2026-05-14 10:47:00,0.432,146,20
2026-05-14 10:53:00,0.292,147,20
2026-05-14 10:59:00,0.311,144,20
2026-05-14 11:05:00,0.313,147,20
2026-05-14 11:11:00,0.189,142,20
2026-05-14 11:17:00,0.183,146,20
2026-05-14 11:23:00,0.294,139,20
2026-05-14 11:29:00,0.299,135,20
2026-05-14 11:35:00,0.299,139,20
2026-05-14 11:41:00,0.173,128,20
2026-05-14 11:47:00,0.231,131,20
2026-05-14 11:53:00,0.243,147,20
2026-05-14 11:59:00,0.249,157,20
2026-05-14 12:05:00,0.19,161,20
2026-05-14 12:11:00,0.144,160,20
2026-05-14 12:17:00,0.132,165,20
2026-05-14 12:23:00,0.06,172,20
2026-05-14 12:29:00,0.084,179,20
2026-05-14 12:35:00,0.068,193,20
2026-05-14 12:41:00,0.058,180,20
2026-05-14 12:47:00,0.06,204,20
2026-05-14 12:53:00,0.054,190,20
2026-05-14 12:59:00,0.051,228,20
2026-05-14 13:05:00,0.066,194,20
2026-05-14 13:11:00,0.058,223,20
2026-05-14 13:17:00,0.049,260,20
2026-05-14 13:23:00,0.043,284,20
2026-05-14 13:29:00,0.039,155,20
2026-05-14 13:35:00,0.06,95,20
2026-05-14 13:41:00,0.051,21,20
2026-05-14 13:47:00,0.064,90,20
2026-05-14 13:53:00,0.054,59,20
2026-05-14 13:59:00,0.041,71,20
2026-05-14 14:05:00,0.056,57,20
2026-05-14 14:11:00,0.072,79,20
2026-05-14 14:17:00,0.103,95,20
2026-05-14 14:23:00,0.177,124,20
2026-05-14 14:29:00,0.132,120,20
2026-05-14 14:35:00,0.146,96,20
2026-05-14 14:41:00,0.146,73,20
2026-05-14 14:47:00,0.13,87,20
2026-05-14 14:53:00,0.159,98,20
2026-05-14 14:59:00,0.156,96,20
2026-05-14 15:05:00,0.15,85,20
2026-05-14 15:11:00,0.126,96,20
2026-05-14 15:17:00,0.224,127,20
2026-05-14 15:23:00,0.247,122,20
2026-05-14 15:29:00,0.262,133,20
2026-05-14 15:35:00,0.264,136,20
2026-05-14 15:41:00,0.26,139,20
2026-05-14 15:47:00,0.358,137,20
2026-05-14 15:53:00,0.389,137,20
2026-05-14 15:59:00,0.447,141,20
2026-05-14 16:05:00,0.364,144,20
2026-05-14 16:11:00,0.459,147,20
2026-05-14 16:17:00,0.313,144,20
2026-05-14 16:23:00,0.398,141,20
2026-05-14 16:29:00,0.457,144,20
2026-05-14 16:35:00,0.457,140,20
2026-05-14 16:41:00,0.457,143,20
2026-05-14 16:47:00,0.465,143,20
2026-05-14 16:53:00,0.533,144,20
2026-05-14 16:59:00,0.558,145,20
2026-05-14 17:05:00,0.622,143,20
2026-05-14 17:11:00,0.69,142,20
2026-05-14 17:17:00,0.63,141,20
2026-05-14 17:23:00,0.603,142,20
2026-05-14 17:29:00,0.634,143,20
2026-05-14 17:35:00,0.606,139,20
2026-05-14 17:41:00,0.575,139,20
2026-05-14 17:47:00,0.626,140,20
2026-05-14 17:53:00,0.599,141,20
2026-05-14 17:59:00,0.548,137,20
2026-05-14 18:05:00,0.708,139,20
2026-05-14 18:11:00,0.733,139,20
2026-05-14 18:17:00,0.756,139,20
2026-05-14 18:23:00,0.836,141,20
2026-05-14 18:29:00,0.906,140,20
2026-05-14 18:35:00,0.904,138,20
2026-05-14 18:41:00,0.902,139,20
2026-05-14 18:47:00,1.009,139,20
2026-05-14 18:53:00,0.929,138,20
2026-05-14 18:59:00,0.898,140,20
2026-05-14 19:05:00,0.921,139,20
2026-05-14 19:11:00,0.875,140,20
2026-05-14 19:17:00,0.923,141,20
2026-05-14 19:23:00,0.818,141,20
2026-05-14 19:29:00,0.848,142,20
2026-05-14 19:35:00,0.822,143,20
2026-05-14 19:41:00,0.795,140,20
2026-05-14 19:47:00,0.799,140,20
2026-05-14 19:53:00,0.774,144,20
2026-05-14 19:59:00,0.717,141,20
2026-05-14 20:05:00,0.678,142,20
2026-05-14 20:11:00,0.62,142,20
2026-05-14 20:17:00,0.603,141,20
2026-05-14 20:23:00,0.554,144,20
2026-05-14 20:29:00,0.546,143,20
2026-05-14 20:35:00,0.476,144,20
2026-05-14 20:41:00,0.492,141,20
2026-05-14 20:47:00,0.432,140,20
2026-05-14 20:53:00,0.435,137,20
2026-05-14 20:59:00,0.426,144,20
2026-05-14 21:05:00,0.36,141,20
2026-05-14 21:11:00,0.358,143,20
2026-05-14 21:17:00,0.346,149,20
2026-05-14 21:23:00,0.369,144,20
2026-05-14 21:29:00,0.325,147,20
2026-05-14 21:35:00,0.144,133,20
2026-05-14 21:41:00,0.101,102,20
2026-05-14 21:47:00,0.161,89,20
2026-05-14 21:53:00,0.134,44,20
2026-05-14 21:59:00,0.122,3,20
2026-05-14 22:05:00,0.109,16,20
2026-05-14 22:11:00,0.091,5,20
2026-05-14 22:17:00,0.159,336,20
2026-05-14 22:23:00,0.204,338,20
2026-05-14 22:29:00,0.235,345,20
2026-05-14 22:35:00,0.26,336,20
2026-05-14 22:41:00,0.282,336,20
2026-05-14 22:47:00,0.276,344,20
2026-05-14 22:53:00,0.294,346,20
2026-05-14 22:59:00,0.317,345,20
2026-05-14 23:05:00,0.356,342,20
2026-05-14 23:11:00,0.34,345,20
2026-05-14 23:17:00,0.404,345,20
2026-05-14 23:23:00,0.453,341,20
2026-05-14 23:29:00,0.435,339,20
2026-05-14 23:35:00,0.513,337,20
2026-05-14 23:41:00,0.568,335,20
2026-05-14 23:47:00,0.599,329,20
2026-05-14 23:53:00,0.572,325,20
2026-05-14 23:59:00,0.573,325,20
2026-05-15 00:05:00,0.542,326,20
2026-05-15 00:11:00,0.579,327,20
2026-05-15 00:17:00,0.55,325,20
2026-05-15 00:23:00,0.531,326,20
2026-05-15 00:29:00,0.647,331,20
2026-05-15 00:35:00,0.791,328,20
2026-05-15 00:41:00,0.958,324,20
2026-05-15 00:47:00,0.919,326,20
2026-05-15 00:53:00,1.04,321,20
2026-05-15 00:59:00,0.884,329,20
2026-05-15 01:05:00,0.849,331,20
2026-05-15 01:11:00,0.735,341,20
2026-05-15 01:17:00,0.834,342,20
2026-05-15 01:23:00,0.966,338,20
2026-05-15 01:29:00,0.997,329,20
2026-05-15 01:35:00,0.966,323,20
2026-05-15 01:41:00,0.861,320,20
2026-05-15 01:47:00,0.884,320,20
2026-05-15 01:53:00,0.766,324,20
2026-05-15 01:59:00,0.76,331,20
2026-05-15 02:05:00,0.622,333,20
2026-05-15 02:11:00,0.587,343,20
2026-05-15 02:17:00,0.68,339,20
2026-05-15 02:23:00,0.671,335,20
2026-05-15 02:29:00,0.595,331,20
2026-05-15 02:35:00,0.533,332,20
2026-05-15 02:41:00,0.523,333,20
2026-05-15 02:47:00,0.354,341,20
2026-05-15 02:53:00,0.328,337,20
2026-05-15 02:59:00,0.222,340,20
2026-05-15 03:05:00,0.21,335,20
2026-05-15 03:11:00,0.224,333,20
2026-05-15 03:17:00,0.047,334,20
2026-05-15 03:23:00,0.181,316,20
2026-05-15 03:29:00,0.101,358,20
2026-05-15 03:35:00,0.056,341,20
2026-05-15 03:41:00,0.008,293,20
2026-05-15 03:47:00,0.136,169,20
2026-05-15 03:53:00,0.113,155,20
2026-05-15 03:59:00,0.2,173,20
2026-05-15 04:05:00,0.194,191,20
2026-05-15 04:11:00,0.167,174,20
2026-05-15 04:17:00,0.119,152,20
2026-05-15 04:23:00,0.156,137,20
2026-05-15 04:29:00,0.257,146,20
2026-05-15 04:35:00,0.441,146,20
2026-05-15 04:41:00,0.377,133,20
2026-05-15 04:47:00,0.494,137,20
2026-05-15 04:53:00,0.377,129,20
2026-05-15 04:59:00,0.447,138,20
2026-05-15 05:05:00,0.562,143,20
2026-05-15 05:11:00,0.447,118,20
2026-05-15 05:17:00,0.54,129,20
2026-05-15 05:23:00,0.455,133,20
2026-05-15 05:29:00,0.558,130,20
2026-05-15 05:35:00,0.494,132,20
2026-05-15 05:41:00,0.587,136,20
2026-05-15 05:47:00,0.591,139,20
2026-05-15 05:53:00,0.523,138,20
2026-05-15 05:59:00,0.492,128,20
2026-05-15 06:05:00,0.544,138,20
2026-05-15 06:11:00,0.56,135,20
2026-05-15 06:17:00,0.476,135,20
2026-05-15 06:23:00,0.57,139,20
2026-05-15 06:29:00,0.48,139,20
2026-05-15 06:35:00,0.5,138,20
2026-05-15 06:41:00,0.575,141,20
2026-05-15 06:47:00,0.678,139,20
2026-05-15 06:53:00,0.776,139,20
2026-05-15 06:59:00,0.725,139,20
2026-05-15 07:05:00,0.727,140,20
2026-05-15 07:11:00,0.708,138,20
2026-05-15 07:17:00,0.809,138,20
2026-05-15 07:23:00,0.881,141,20
2026-05-15 07:29:00,0.964,144,20
2026-05-15 07:35:00,1.042,141,20
2026-05-15 07:41:00,1.005,142,20
2026-05-15 07:47:00,1.061,144,20
2026-05-15 07:53:00,1.015,144,20
2026-05-15 07:59:00,1.057,145,20
2026-05-15 08:05:00,1.005,144,20
2026-05-15 08:11:00,1.005,144,20
2026-05-15 08:17:00,0.875,144,20
2026-05-15 08:23:00,0.925,145,20
2026-05-15 08:29:00,0.896,143,20
2026-05-15 08:35:00,0.76,142,20
2026-05-15 08:41:00,0.676,139,20
2026-05-15 08:47:00,0.62,139,20
2026-05-15 08:53:00,0.55,135,20
2026-05-15 08:59:00,0.805,135,20
2026-05-15 09:05:00,0.853,140,20
2026-05-15 09:11:00,0.694,143,20
2026-05-15 09:17:00,0.974,141,20
2026-05-15 09:23:00,0.935,141,20
2026-05-15 09:29:00,0.877,141,20
2026-05-15 09:35:00,0.884,142,20
2026-05-15 09:41:00,0.803,143,20
2026-05-15 09:47:00,0.892,143,20
2026-05-15 09:53:00,0.958,144,20
2026-05-15 09:59:00,0.828,142,20
2026-05-15 10:05:00,0.879,138,20
2026-05-15 10:11:00,0.62,134,20
2026-05-15 10:17:00,0.507,130,20
2026-05-15 10:23:00,0.535,140,20
2026-05-15 10:29:00,0.494,136,20
2026-05-15 10:35:00,0.581,139,20
2026-05-15 10:41:00,0.7,141,20
2026-05-15 10:47:00,0.682,138,20
2026-05-15 10:53:00,0.797,143,20
2026-05-15 10:59:00,0.669,143,20
2026-05-15 11:05:00,0.593,140,20
2026-05-15 11:11:00,0.589,141,20
2026-05-15 11:17:00,0.544,139,20
2026-05-15 11:23:00,0.643,144,20
2026-05-15 11:29:00,0.55,144,20
2026-05-15 11:35:00,0.369,134,20
2026-05-15 11:41:00,0.465,135,20
2026-05-15 11:47:00,0.356,139,20
2026-05-15 11:53:00,0.255,138,20
2026-05-15 11:59:00,0.185,142,20
2026-05-15 12:05:00,0.173,137,20
2026-05-15 12:11:00,0.161,134,20
2026-05-15 12:17:00,0.103,152,20
2026-05-15 12:23:00,0.047,40,20
2026-05-15 12:29:00,0.07,321,20
2026-05-15 12:35:00,0.122,325,20
2026-05-15 12:41:00,0.113,318,20
2026-05-15 12:47:00,0.138,325,20
2026-05-15 12:53:00,0.198,321,20
2026-05-15 12:59:00,0.171,328,20
2026-05-15 13:05:00,0.169,330,20
2026-05-15 13:11:00,0.21,332,20
2026-05-15 13:17:00,0.206,325,20
2026-05-15 13:23:00,0.179,327,20
2026-05-15 13:29:00,0.196,326,20
2026-05-15 13:35:00,0.159,343,20
2026-05-15 13:41:00,0.154,339,20
2026-05-15 13:47:00,0.21,344,20
2026-05-15 13:53:00,0.175,0,20
2026-05-15 13:59:00,0.243,344,20
2026-05-15 14:05:00,0.2,0,20
2026-05-15 14:11:00,0.237,348,20
2026-05-15 14:17:00,0.323,342,20
2026-05-15 14:23:00,0.453,336,20
2026-05-15 14:29:00,0.387,336,20
2026-05-15 14:35:00,0.432,334,20
2026-05-15 14:41:00,0.292,346,20
2026-05-15 14:47:00,0.317,349,20
2026-05-15 14:53:00,0.297,347,20
2026-05-15 14:59:00,0.241,2,20
2026-05-15 15:05:00,0.239,12,20
2026-05-15 15:11:00,0.274,351,20
2026-05-15 15:17:00,0.208,357,20
2026-05-15 15:23:00,0.206,5,20
2026-05-15 15:29:00,0.169,26,20
2026-05-15 15:35:00,0.171,2,20
2026-05-15 15:41:00,0.148,24,20
2026-05-15 15:47:00,0.068,82,20
2026-05-15 15:53:00,0.029,57,20
2026-05-15 15:59:00,0.356,135,20
2026-05-15 16:05:00,0.317,143,20
2026-05-15 16:11:00,0.354,141,20
2026-05-15 16:17:00,0.35,146,20
2026-05-15 16:23:00,0.412,143,20
2026-05-15 16:29:00,0.348,145,20
2026-05-15 16:35:00,0.391,144,20
2026-05-15 16:41:00,0.42,147,20
2026-05-15 16:47:00,0.486,144,20
2026-05-15 16:53:00,0.459,149,20
2026-05-15 16:59:00,0.488,138,20
2026-05-15 17:05:00,0.568,148,20
2026-05-15 17:11:00,0.669,143,20
2026-05-15 17:17:00,0.667,145,20
2026-05-15 17:23:00,0.665,142,20
2026-05-15 17:29:00,0.739,142,20
2026-05-15 17:35:00,0.729,142,20
2026-05-15 17:41:00,0.785,142,20
2026-05-15 17:47:00,0.832,142,20
2026-05-15 17:53:00,0.803,142,20
2026-05-15 17:59:00,0.834,141,20
2026-05-15 18:05:00,0.762,144,20
2026-05-15 18:11:00,0.875,141,20
2026-05-15 18:17:00,0.929,141,20
2026-05-15 18:23:00,0.877,141,20
2026-05-15 18:29:00,0.884,139,20
2026-05-15 18:35:00,0.956,137,20
2026-05-15 18:41:00,0.884,139,20
2026-05-15 18:47:00,0.882,139,20
2026-05-15 18:53:00,0.787,139,20
2026-05-15 18:59:00,0.826,140,20
2026-05-15 19:05:00,0.838,138,20
2026-05-15 19:11:00,0.69,139,20
2026-05-15 19:17:00,0.826,140,20
2026-05-15 19:23:00,0.801,139,20
2026-05-15 19:29:00,0.779,137,20
2026-05-15 19:35:00,0.733,140,20
2026-05-15 19:41:00,0.729,138,20
2026-05-15 19:47:00,0.795,140,20
2026-05-15 19:53:00,0.713,139,20
2026-05-15 19:59:00,0.68,136,20
2026-05-15 20:05:00,0.744,140,20
2026-05-15 20:11:00,0.682,138,20
2026-05-15 20:17:00,0.694,141,20
2026-05-15 20:23:00,0.778,141,20
2026-05-15 20:29:00,0.744,135,20
2026-05-15 20:35:00,0.606,137,20
2026-05-15 20:41:00,0.568,135,20
2026-05-15 20:47:00,0.698,144,20
2026-05-15 20:53:00,0.583,140,20
2026-05-15 20:59:00,0.498,135,20
2026-05-15 21:05:00,0.502,136,20
2026-05-15 21:11:00,0.426,138,20
2026-05-15 21:17:00,0.365,134,20
2026-05-15 21:23:00,0.41,135,20
2026-05-15 21:29:00,0.385,136,20
2026-05-15 21:35:00,0.35,137,20
2026-05-15 21:41:00,0.239,140,20
2026-05-15 21:47:00,0.202,139,20
2026-05-15 21:53:00,0.21,137,20
2026-05-15 21:59:00,0.2,136,20
2026-05-15 22:05:00,0.105,137,20
2026-05-15 22:11:00,0.093,79,20
2026-05-15 22:17:00,0.051,75,20
2026-05-15 22:23:00,0.045,62,20
2026-05-15 22:29:00,0.064,22,20
2026-05-15 22:35:00,0.144,360,20
2026-05-15 22:41:00,0.159,4,20
2026-05-15 22:47:00,0.206,347,20
2026-05-15 22:53:00,0.266,345,20
2026-05-15 22:59:00,0.307,343,20
2026-05-15 23:05:00,0.354,337,20
2026-05-15 23:11:00,0.369,343,20
2026-05-15 23:17:00,0.453,336,20
2026-05-15 23:23:00,0.542,338,20
2026-05-15 23:29:00,0.645,334,20
2026-05-15 23:35:00,0.752,332,20
2026-05-15 23:41:00,0.795,332,20
2026-05-15 23:47:00,0.853,331,20
2026-05-15 23:53:00,0.675,328,20
2026-05-15 23:59:00,0.859,333,20
2026-05-16 00:05:00,1.032,335,20
2026-05-16 00:11:00,1.108,330,20
2026-05-16 00:17:00,1.273,325,20
2026-05-16 00:23:00,1.227,320,20
2026-05-16 00:29:00,1.295,328,20
2026-05-16 00:35:00,1.431,334,20
2026-05-16 00:41:00,1.46,330,20
2026-05-16 00:47:00,1.45,330,20
2026-05-16 00:53:00,1.343,330,20
2026-05-16 00:59:00,1.19,331,20
2026-05-16 01:05:00,1.081,332,20
2026-05-16 01:11:00,1.19,326,20
2026-05-16 01:17:00,1.192,327,20
2026-05-16 01:23:00,1.077,328,20
2026-05-16 01:29:00,1.071,331,20
2026-05-16 01:35:00,1.067,329,20
2026-05-16 01:41:00,1.102,330,20
2026-05-16 01:47:00,1.077,331,20
2026-05-16 01:53:00,1.059,333,20
2026-05-16 01:59:00,1.011,337,20
2026-05-16 02:05:00,0.984,342,20
2026-05-16 02:11:00,0.974,341,20
2026-05-16 02:17:00,0.898,335,20
2026-05-16 02:23:00,0.904,337,20
2026-05-16 02:29:00,0.727,347,20
2026-05-16 02:35:00,0.696,348,20
2026-05-16 02:41:00,0.661,352,20
2026-05-16 02:47:00,0.581,351,20
2026-05-16 02:53:00,0.533,347,20
2026-05-16 02:59:00,0.548,349,20
2026-05-16 03:05:00,0.605,349,20
2026-05-16 03:11:00,0.564,352,20
2026-05-16 03:17:00,0.509,354,20
2026-05-16 03:23:00,0.562,347,20
2026-05-16 03:29:00,0.455,350,20
2026-05-16 03:35:00,0.447,351,20
2026-05-16 03:41:00,0.408,350,20
2026-05-16 03:47:00,0.437,352,20
2026-05-16 03:53:00,0.397,352,20
2026-05-16 03:59:00,0.344,3,20
2026-05-16 04:05:00,0.286,11,20
2026-05-16 04:11:00,0.276,52,20
2026-05-16 04:17:00,0.284,57,20
2026-05-16 04:23:00,0.29,77,20
2026-05-16 04:29:00,0.276,83,20
2026-05-16 04:35:00,0.309,99,20
2026-05-16 04:41:00,0.299,89,20
2026-05-16 04:47:00,0.311,92,20
2026-05-16 04:53:00,0.245,94,20
2026-05-16 04:59:00,0.19,89,20
2026-05-16 05:05:00,0.113,83,20
2026-05-16 05:11:00,0.224,123,20
2026-05-16 05:17:00,0.486,135,20
2026-05-16 05:23:00,0.638,137,20
2026-05-16 05:29:00,0.692,143,20
2026-05-16 05:35:00,0.671,141,20
2026-05-16 05:41:00,0.612,140,20
2026-05-16 05:47:00,0.774,138,20
2026-05-16 05:53:00,0.867,138,20
2026-05-16 05:59:00,0.731,134,20
2026-05-16 06:05:00,0.678,134,20
2026-05-16 06:11:00,0.694,139,20
2026-05-16 06:17:00,0.7,142,20
2026-05-16 06:23:00,0.665,147,20
2026-05-16 06:29:00,0.591,147,20
2026-05-16 06:35:00,0.348,136,20
2026-05-16 06:41:00,0.55,153,20
2026-05-16 06:47:00,0.612,146,20
2026-05-16 06:53:00,0.673,150,20
2026-05-16 06:59:00,0.641,151,20
2026-05-16 07:05:00,0.568,155,20
2026-05-16 07:11:00,0.521,152,20
2026-05-16 07:17:00,0.546,151,20
2026-05-16 07:23:00,0.638,151,20
2026-05-16 07:29:00,0.251,133,20
2026-05-16 07:35:00,0.216,114,20
2026-05-16 07:41:00,0.346,120,20
2026-05-16 07:47:00,0.321,130,20
2026-05-16 07:53:00,0.247,128,20
2026-05-16 07:59:00,0.262,126,20
2026-05-16 08:05:00,0.321,132,20
2026-05-16 08:11:00,0.202,109,20
2026-05-16 08:17:00,0.227,116,20
2026-05-16 08:23:00,0.451,142,20
2026-05-16 08:29:00,0.35,133,20
2026-05-16 08:35:00,0.424,133,20
2026-05-16 08:41:00,0.502,132,20
2026-05-16 08:47:00,0.63,132,20
2026-05-16 08:53:00,0.743,130,20
2026-05-16 08:59:00,0.527,127,20
2026-05-16 09:05:00,0.492,140,20
2026-05-16 09:11:00,0.523,131,20
2026-05-16 09:17:00,0.667,136,20
2026-05-16 09:23:00,0.698,140,20
2026-05-16 09:29:00,0.661,143,20
2026-05-16 09:35:00,0.717,139,20
2026-05-16 09:41:00,0.746,142,20
2026-05-16 09:47:00,0.692,142,20
2026-05-16 09:53:00,0.645,141,20
2026-05-16 09:59:00,0.634,143,20
2026-05-16 10:05:00,0.667,143,20
2026-05-16 10:11:00,0.62,144,20
2026-05-16 10:17:00,0.581,142,20
2026-05-16 10:23:00,0.599,142,20
2026-05-16 10:29:00,0.531,139,20
2026-05-16 10:35:00,0.503,137,20
2026-05-16 10:41:00,0.453,135,20
2026-05-16 10:47:00,0.439,133,20
2026-05-16 10:53:00,0.432,135,20
2026-05-16 10:59:00,0.463,143,20
2026-05-16 11:05:00,0.424,141,20
2026-05-16 11:11:00,0.4,138,20
2026-05-16 11:17:00,0.346,139,20
2026-05-16 11:23:00,0.406,141,20
2026-05-16 11:29:00,0.218,100,20
2026-05-16 11:35:00,0.152,63,20
2026-05-16 11:41:00,0.173,95,20
2026-05-16 11:47:00,0.264,118,20
2026-05-16 11:53:00,0.241,133,20
2026-05-16 11:59:00,0.22,132,20
2026-05-16 12:05:00,0.183,138,20
2026-05-16 12:11:00,0.173,140,20
2026-05-16 12:17:00,0.216,156,20
2026-05-16 12:23:00,0.078,129,20
2026-05-16 12:29:00,0.052,35,20
2026-05-16 12:35:00,0.126,4,20
2026-05-16 12:41:00,0.169,350,20
2026-05-16 12:47:00,0.101,338,20
2026-05-16 12:53:00,0.136,345,20
2026-05-16 12:59:00,0.212,345,20
2026-05-16 13:05:00,0.266,342,20
2026-05-16 13:11:00,0.348,329,20
2026-05-16 13:17:00,0.365,329,20
2026-05-16 13:23:00,0.437,326,20
2026-05-16 13:29:00,0.42,328,20
2026-05-16 13:35:00,0.451,331,20
2026-05-16 13:41:00,0.566,329,20
2026-05-16 13:47:00,0.548,325,20
2026-05-16 13:53:00,0.573,325,20
2026-05-16 13:59:00,0.647,324,20
2026-05-16 14:05:00,0.634,327,20
2026-05-16 14:11:00,0.692,328,20
2026-05-16 14:17:00,0.682,326,20
2026-05-16 14:23:00,0.575,327,20
2026-05-16 14:29:00,0.515,331,20
2026-05-16 14:35:00,0.43,331,20
2026-05-16 14:41:00,0.435,334,20
2026-05-16 14:47:00,0.484,333,20
2026-05-16 14:53:00,0.515,331,20
2026-05-16 14:59:00,0.451,337,20
2026-05-16 15:05:00,0.488,338,20
2026-05-16 15:11:00,0.552,336,20
2026-05-16 15:17:00,0.494,341,20
2026-05-16 15:23:00,0.496,334,20
2026-05-16 15:29:00,0.503,336,20
2026-05-16 15:35:00,0.548,329,20
2026-05-16 15:41:00,0.5,334,20
2026-05-16 15:47:00,0.482,337,20
2026-05-16 15:53:00,0.428,342,20
2026-05-16 15:59:00,0.28,348,20
2026-05-16 16:05:00,0.441,331,20
2026-05-16 16:11:00,0.455,332,20
2026-05-16 16:17:00,0.27,321,20
2026-05-16 16:23:00,0.119,5,20
2026-05-16 16:29:00,0.208,340,20
2026-05-16 16:35:00,0.187,330,20
2026-05-16 16:41:00,0.175,324,20
2026-05-16 16:47:00,0.049,280,20
2026-05-16 16:53:00,0.321,120,20
2026-05-16 16:59:00,0.043,120,20
2026-05-16 17:05:00,0.066,57,20
2026-05-16 17:11:00,0.278,126,20
2026-05-16 17:17:00,0.222,130,20
2026-05-16 17:23:00,0.389,123,20
2026-05-16 17:29:00,0.327,133,20
2026-05-16 17:35:00,0.381,133,20
2026-05-16 17:41:00,0.332,147,20
2026-05-16 17:47:00,0.36,143,20
2026-05-16 17:53:00,0.47,144,20
2026-05-16 17:59:00,0.439,151,20
2026-05-16 18:05:00,0.47,152,20
2026-05-16 18:11:00,0.601,140,20
2026-05-16 18:17:00,0.671,139,20
2026-05-16 18:23:00,0.595,142,20
2026-05-16 18:29:00,0.665,139,20
2026-05-16 18:35:00,0.649,137,20
2026-05-16 18:41:00,0.626,140,20
2026-05-16 18:47:00,0.723,137,20
2026-05-16 18:53:00,0.721,144,20
2026-05-16 18:59:00,0.727,146,20
2026-05-16 19:05:00,0.593,147,20
2026-05-16 19:11:00,0.671,153,20
2026-05-16 19:17:00,0.558,152,20
2026-05-16 19:23:00,0.655,149,20
2026-05-16 19:29:00,0.603,147,20
2026-05-16 19:35:00,0.643,147,20
2026-05-16 19:41:00,0.731,145,20
2026-05-16 19:47:00,0.657,149,20
2026-05-16 19:53:00,0.614,145,20
2026-05-16 19:59:00,0.393,140,20
2026-05-16 20:05:00,0.395,126,20
2026-05-16 20:11:00,0.294,140,20
2026-05-16 20:17:00,0.212,136,20
2026-05-16 20:23:00,0.202,127,20
2026-05-16 20:29:00,0.177,124,20
2026-05-16 20:35:00,0.249,129,20
2026-05-16 20:41:00,0.276,134,20
2026-05-16 20:47:00,0.264,141,20
2026-05-16 20:53:00,0.375,146,20
2026-05-16 20:59:00,0.395,138,20
2026-05-16 21:05:00,0.476,138,20
2026-05-16 21:11:00,0.64,146,20
2026-05-16 21:17:00,0.523,151,20
2026-05-16 21:23:00,0.554,150,20
2026-05-16 21:29:00,0.55,151,20
2026-05-16 21:35:00,0.418,151,20
2026-05-16 21:41:00,0.459,154,20
2026-05-16 21:47:00,0.369,147,20
2026-05-16 21:53:00,0.43,149,20
2026-05-16 21:59:00,0.367,152,20
2026-05-16 22:05:00,0.292,153,20
2026-05-16 22:11:00,0.282,154,20
2026-05-16 22:17:00,0.212,145,20
2026-05-16 22:23:00,0.091,144,20
2026-05-16 22:29:00,0.074,128,20
2026-05-16 22:35:00,0.167,139,20
2026-05-16 22:41:00,0.099,145,20
2026-05-16 22:47:00,0.107,133,20
2026-05-16 22:53:00,0.004,237,20
2026-05-16 22:59:00,0.027,220,20
2026-05-16 23:05:00,0.014,203,20
2026-05-16 23:11:00,0.031,210,20
2026-05-16 23:17:00,0.041,274,20
2026-05-16 23:23:00,0.109,321,20
2026-05-16 23:29:00,0.103,302,20
2026-05-16 23:35:00,0.167,311,20
2026-05-16 23:41:00,0.294,314,20
2026-05-16 23:47:00,0.257,317,20
2026-05-16 23:53:00,0.257,322,20
2026-05-16 23:59:00,0.365,326,20
2026-05-17 00:05:00,0.441,327,20
2026-05-17 00:11:00,0.54,327,20
2026-05-17 00:17:00,0.566,325,20
2026-05-17 00:23:00,0.62,325,20
2026-05-17 00:29:00,0.663,328,20
2026-05-17 00:41:00,0.698,326,20
2026-05-17 00:47:00,0.809,327,20
2026-05-17 00:53:00,0.799,327,20
2026-05-17 00:59:00,0.879,327,20
2026-05-17 01:05:00,0.927,329,20
2026-05-17 01:11:00,0.972,330,20
2026-05-17 01:17:00,0.984,333,20
2026-05-17 01:23:00,0.958,332,20
2026-05-17 01:29:00,0.98,332,20
2026-05-17 01:35:00,1.007,333,20
2026-05-17 01:41:00,0.933,333,20
2026-05-17 01:47:00,1.083,330,20
2026-05-17 01:53:00,0.976,327,20
2026-05-17 01:59:00,1.067,326,20
2026-05-17 02:05:00,1.046,324,20
2026-05-17 02:11:00,1.015,325,20
2026-05-17 02:17:00,1.127,329,20
2026-05-17 02:23:00,1.108,329,20
2026-05-17 02:29:00,1.143,331,20
2026-05-17 02:35:00,1.05,336,20
2026-05-17 02:41:00,1.089,330,20
2026-05-17 02:47:00,1.124,330,20
2026-05-17 02:53:00,0.943,330,20
2026-05-17 02:59:00,1.046,327,20
2026-05-17 03:05:00,0.976,329,20
2026-05-17 03:11:00,0.982,327,20
2026-05-17 03:17:00,0.814,333,20
2026-05-17 03:23:00,0.77,340,20
2026-05-17 03:29:00,0.725,339,20
2026-05-17 03:35:00,0.774,338,20
2026-05-17 03:41:00,0.632,350,20
2026-05-17 03:47:00,0.554,355,20
2026-05-17 03:53:00,0.608,347,20
2026-05-17 03:59:00,0.505,352,20
2026-05-17 04:05:00,0.474,351,20
2026-05-17 04:11:00,0.381,356,20
2026-05-17 04:17:00,0.404,0,20
2026-05-17 04:23:00,0.317,4,20
2026-05-17 04:29:00,0.294,23,20
2026-05-17 04:35:00,0.241,27,20
2026-05-17 04:41:00,0.278,27,20
2026-05-17 04:47:00,0.237,52,20
2026-05-17 04:53:00,0.367,86,20
2026-05-17 04:59:00,0.334,94,20
2026-05-17 05:05:00,0.34,81,20
2026-05-17 05:11:00,0.432,100,20
2026-05-17 05:17:00,0.437,105,20
2026-05-17 05:23:00,0.426,113,20
2026-05-17 05:29:00,0.445,114,20
2026-05-17 05:35:00,0.503,120,20
2026-05-17 05:41:00,0.503,126,20
2026-05-17 05:47:00,0.474,130,20
2026-05-17 05:53:00,0.548,137,20
2026-05-17 05:59:00,0.655,139,20
2026-05-17 06:05:00,0.536,137,20
2026-05-17 06:11:00,0.579,137,20
2026-05-17 06:17:00,0.591,138,20
2026-05-17 06:23:00,0.649,142,20
2026-05-17 06:29:00,0.632,143,20
2026-05-17 06:35:00,0.665,143,20
2026-05-17 06:41:00,0.536,142,20
2026-05-17 06:47:00,0.628,145,20
2026-05-17 06:53:00,0.548,144,20
2026-05-17 06:59:00,0.43,133,20
2026-05-17 07:05:00,0.4,123,20
2026-05-17 07:11:00,0.393,119,20
2026-05-17 07:17:00,0.336,119,20
2026-05-17 07:23:00,0.482,119,20
2026-05-17 07:29:00,0.486,119,20
2026-05-17 07:35:00,0.422,125,20
2026-05-17 07:41:00,0.416,129,20
2026-05-17 07:47:00,0.439,129,20
2026-05-17 07:53:00,0.319,128,20
2026-05-17 07:59:00,0.443,144,20
2026-05-17 08:05:00,0.684,145,20
2026-05-17 08:11:00,0.702,141,20
2026-05-17 08:17:00,0.912,142,20
2026-05-17 08:23:00,1.052,142,20
2026-05-17 08:29:00,1.048,143,20
2026-05-17 08:35:00,1.024,142,20
2026-05-17 08:41:00,0.974,141,20
2026-05-17 08:47:00,0.949,142,20
2026-05-17 08:53:00,0.98,143,20
2026-05-17 08:59:00,1.046,144,20
2026-05-17 09:05:00,0.9,143,20
2026-05-17 09:11:00,0.764,139,20
2026-05-17 09:17:00,0.822,137,20
2026-05-17 09:23:00,0.805,134,20
2026-05-17 09:29:00,0.916,135,20
2026-05-17 09:35:00,0.846,134,20
2026-05-17 09:41:00,0.882,135,20
2026-05-17 09:47:00,0.801,138,20
2026-05-17 09:53:00,0.743,138,20
2026-05-17 09:59:00,0.776,139,20
2026-05-17 10:05:00,0.89,138,20
2026-05-17 10:11:00,0.991,139,20
2026-05-17 10:17:00,0.807,137,20
2026-05-17 10:23:00,0.838,137,20
2026-05-17 10:29:00,0.743,136,20
2026-05-17 10:35:00,0.949,137,20
2026-05-17 10:41:00,0.863,135,20
2026-05-17 10:47:00,0.941,140,20
2026-05-17 10:53:00,0.941,143,20
2026-05-17 10:59:00,0.875,146,20
2026-05-17 11:05:00,0.871,145,20
2026-05-17 11:11:00,0.776,142,20
2026-05-17 11:17:00,0.826,138,20
2026-05-17 11:23:00,0.746,134,20
2026-05-17 11:29:00,0.713,139,20
2026-05-17 11:35:00,0.727,141,20
2026-05-17 11:41:00,0.694,137,20
2026-05-17 11:47:00,0.624,139,20
2026-05-17 11:53:00,0.663,139,20
2026-05-17 11:59:00,0.624,137,20
2026-05-17 12:05:00,0.675,140,20
2026-05-17 12:11:00,0.616,140,20
2026-05-17 12:17:00,0.612,142,20
2026-05-17 12:23:00,0.56,144,20
2026-05-17 12:29:00,0.591,147,20
2026-05-17 12:35:00,0.591,147,20
2026-05-17 12:41:00,0.542,145,20
2026-05-17 12:47:00,0.585,148,20
2026-05-17 12:53:00,0.488,146,20
2026-05-17 12:59:00,0.43,145,20
2026-05-17 13:05:00,0.344,146,20
2026-05-17 13:11:00,0.36,143,20
2026-05-17 13:17:00,0.315,150,20
2026-05-17 13:23:00,0.288,133,20
2026-05-17 13:29:00,0.295,139,20
2026-05-17 13:35:00,0.317,140,20
2026-05-17 13:41:00,0.292,137,20
2026-05-17 13:47:00,0.272,135,20
2026-05-17 13:53:00,0.259,128,20
2026-05-17 13:59:00,0.218,120,20
2026-05-17 14:05:00,0.169,115,20
2026-05-17 14:11:00,0.204,132,20
2026-05-17 14:17:00,0.126,139,20
2026-05-17 14:23:00,0.06,42,20
2026-05-17 14:29:00,0.091,323,20
2026-05-17 14:35:00,0.229,324,20
2026-05-17 14:41:00,0.28,328,20
2026-05-17 14:47:00,0.266,326,20
2026-05-17 14:53:00,0.315,331,20
2026-05-17 14:59:00,0.303,326,20
2026-05-17 15:05:00,0.288,324,20
2026-05-17 15:11:00,0.257,326,20
2026-05-17 15:17:00,0.313,322,20
2026-05-17 15:23:00,0.33,322,20
2026-05-17 15:29:00,0.321,321,20
2026-05-17 15:35:00,0.328,323,20
2026-05-17 15:41:00,0.319,326,20
2026-05-17 15:47:00,0.278,320,20
2026-05-17 15:53:00,0.364,325,20
2026-05-17 15:59:00,0.336,325,20
2026-05-17 16:05:00,0.381,323,20
2026-05-17 16:11:00,0.447,320,20
2026-05-17 16:17:00,0.581,315,20
2026-05-17 16:23:00,0.55,309,20
2026-05-17 16:29:00,0.398,318,20
2026-05-17 16:35:00,0.185,299,20
2026-05-17 16:41:00,0.255,305,20
2026-05-17 16:47:00,0.157,320,20
2026-05-17 16:53:00,0.235,314,20
2026-05-17 16:59:00,0.229,325,20
2026-05-17 17:05:00,0.276,308,20
2026-05-17 17:11:00,0.274,311,20
2026-05-17 17:17:00,0.237,303,20
2026-05-17 17:23:00,0.198,301,20
2026-05-17 17:29:00,0.13,288,20
2026-05-17 17:35:00,0.159,304,20
2026-05-17 17:41:00,0.128,299,20
2026-05-17 17:47:00,0.054,276,20
2026-05-17 17:53:00,0.039,267,20
2026-05-17 17:59:00,0.043,216,20
2026-05-17 18:05:00,0.037,271,20
2026-05-17 18:11:00,0.128,131,20
2026-05-17 18:17:00,0.128,150,20
2026-05-17 18:23:00,0.214,150,20
2026-05-17 18:29:00,0.317,151,20
2026-05-17 18:35:00,0.381,152,20
2026-05-17 18:41:00,0.472,147,20
2026-05-17 18:47:00,0.459,149,20
2026-05-17 18:53:00,0.445,148,20
2026-05-17 18:59:00,0.511,146,20
2026-05-17 19:05:00,0.507,148,20
2026-05-17 19:11:00,0.519,144,20
2026-05-17 19:17:00,0.54,147,20
2026-05-17 19:23:00,0.573,149,20
2026-05-17 19:29:00,0.538,151,20
2026-05-17 19:35:00,0.412,155,20
2026-05-17 19:41:00,0.535,142,20
2026-05-17 19:47:00,0.482,144,20
2026-05-17 19:53:00,0.455,142,20
2026-05-17 19:59:00,0.472,142,20
2026-05-17 20:05:00,0.373,152,20
2026-05-17 20:11:00,0.478,149,20
2026-05-17 20:17:00,0.568,140,20
2026-05-17 20:23:00,0.538,145,20
2026-05-17 20:35:00,0.649,138,20
2026-05-17 20:41:00,0.64,136,20
2026-05-17 20:47:00,0.622,139,20
2026-05-17 20:53:00,0.673,135,20
2026-05-17 20:59:00,0.694,137,20
2026-05-17 21:05:00,0.624,138,20
2026-05-17 21:11:00,0.554,127,20
2026-05-17 21:17:00,0.636,135,20
2026-05-17 21:23:00,0.628,133,20
2026-05-17 21:29:00,0.641,137,20
2026-05-17 21:35:00,0.527,135,20
2026-05-17 21:41:00,0.5,138,20
2026-05-17 21:47:00,0.583,141,20
2026-05-17 21:53:00,0.54,141,20
2026-05-17 21:59:00,0.445,137,20
2026-05-17 22:05:00,0.364,141,20
2026-05-17 22:11:00,0.445,146,20
2026-05-17 22:17:00,0.251,139,20
2026-05-17 22:23:00,0.288,138,20
2026-05-17 22:29:00,0.33,143,20
2026-05-17 22:35:00,0.28,144,20
2026-05-17 22:41:00,0.307,143,20
2026-05-17 22:47:00,0.332,137,20
2026-05-17 22:53:00,0.307,148,20
2026-05-17 22:59:00,0.315,147,20
2026-05-17 23:05:00,0.264,146,20
2026-05-17 23:11:00,0.142,142,20
2026-05-17 23:17:00,0.128,116,20
2026-05-17 23:23:00,0.136,128,20
2026-05-17 23:29:00,0.148,120,20
2026-05-17 23:35:00,0.107,127,20
2026-05-17 23:41:00,0.095,123,20
2026-05-17 23:47:00,0.101,41,20
2026-05-17 23:53:00,0.146,20,20
2026-05-17 23:59:00,0.224,6,20
2026-05-18 00:05:00,0.253,355,20
2026-05-18 00:11:00,0.346,349,20
2026-05-18 00:17:00,0.342,341,20
2026-05-18 00:23:00,0.463,335,20
2026-05-18 00:29:00,0.608,336,20
2026-05-18 00:35:00,0.579,342,20
2026-05-18 00:41:00,0.572,341,20
2026-05-18 00:47:00,0.686,339,20
2026-05-18 00:53:00,0.725,336,20
2026-05-18 00:59:00,0.799,332,20
2026-05-18 01:05:00,0.834,329,20
2026-05-18 01:11:00,0.731,333,20
2026-05-18 01:17:00,0.636,333,20
2026-05-18 01:23:00,0.717,333,20
2026-05-18 01:29:00,1.017,328,20
2026-05-18 01:35:00,1.151,328,20
2026-05-18 01:41:00,1.017,331,20
2026-05-18 01:47:00,0.863,330,20
2026-05-18 01:53:00,0.842,334,20
2026-05-18 01:59:00,0.828,334,20
2026-05-18 02:05:00,0.721,337,20
2026-05-18 02:11:00,0.865,331,20
2026-05-18 02:17:00,1.085,331,20
2026-05-18 02:23:00,1.203,332,20
2026-05-18 02:29:00,1.159,334,20
2026-05-18 02:35:00,1.11,336,20
2026-05-18 02:41:00,1.287,333,20
2026-05-18 02:47:00,1.365,332,20
2026-05-18 02:53:00,1.367,330,20
2026-05-18 02:59:00,1.368,329,20
2026-05-18 03:05:00,1.378,328,20
2026-05-18 03:11:00,1.359,327,20
2026-05-18 03:17:00,1.201,331,20
2026-05-18 03:23:00,1.03,336,20
2026-05-18 03:29:00,1.059,339,20
2026-05-18 03:35:00,1.24,339,20
2026-05-18 03:41:00,0.783,344,20
2026-05-18 03:47:00,0.956,343,20
2026-05-18 03:53:00,1.044,347,20
2026-05-18 03:59:00,0.455,341,20
2026-05-18 04:05:00,0.422,340,20
2026-05-18 04:11:00,0.375,334,20
2026-05-18 04:17:00,0.494,339,20
2026-05-18 04:23:00,0.595,344,20
2026-05-18 04:29:00,0.733,344,20
2026-05-18 04:35:00,0.659,346,20
2026-05-18 04:41:00,0.641,348,20
2026-05-18 04:47:00,0.472,352,20
2026-05-18 04:53:00,0.457,351,20
2026-05-18 04:59:00,0.389,356,20
2026-05-18 05:05:00,0.422,350,20
2026-05-18 05:11:00,0.364,355,20
2026-05-18 05:17:00,0.35,1,20
2026-05-18 05:23:00,0.327,350,20
2026-05-18 05:29:00,0.282,347,20
2026-05-18 05:35:00,0.253,347,20
2026-05-18 05:41:00,0.144,352,20
2026-05-18 05:47:00,0.132,5,20
2026-05-18 05:53:00,0.119,70,20
2026-05-18 05:59:00,0.126,70,20
2026-05-18 06:05:00,0.171,95,20
2026-05-18 06:11:00,0.253,104,20
2026-05-18 06:17:00,0.371,117,20
2026-05-18 06:23:00,0.229,84,20
2026-05-18 06:29:00,0.397,107,20
2026-05-18 06:35:00,0.515,118,20
2026-05-18 06:41:00,0.451,112,20
2026-05-18 06:47:00,0.54,118,20
2026-05-18 06:53:00,0.659,118,20
2026-05-18 06:59:00,0.647,117,20
2026-05-18 07:05:00,0.684,123,20
2026-05-18 07:11:00,0.684,125,20
2026-05-18 07:17:00,0.645,129,20
2026-05-18 07:23:00,0.552,126,20
2026-05-18 07:29:00,0.562,129,20
2026-05-18 07:35:00,0.546,126,20
2026-05-18 07:41:00,0.542,125,20
2026-05-18 07:47:00,0.519,125,20
2026-05-18 07:53:00,0.536,126,20
2026-05-18 07:59:00,0.603,126,20
2026-05-18 08:05:00,0.554,126,20
2026-05-18 08:11:00,0.688,126,20
2026-05-18 08:17:00,0.704,129,20
2026-05-18 08:23:00,0.766,128,20
2026-05-18 08:29:00,0.739,129,20
2026-05-18 08:35:00,0.731,130,20
2026-05-18 08:41:00,0.632,126,20
2026-05-18 08:47:00,0.647,130,20
2026-05-18 08:53:00,0.605,125,20
2026-05-18 08:59:00,0.667,130,20
2026-05-18 09:05:00,0.838,132,20
2026-05-18 09:11:00,0.914,137,20
2026-05-18 09:17:00,1.141,140,20
2026-05-18 09:23:00,1.194,140,20
2026-05-18 09:29:00,1.182,140,20
2026-05-18 09:35:00,1.201,140,20
2026-05-18 09:41:00,1.279,140,20
2026-05-18 09:47:00,1.172,140,20
2026-05-18 09:53:00,1.209,140,20
2026-05-18 09:59:00,1.242,140,20
2026-05-18 10:05:00,1.219,139,20
2026-05-18 10:11:00,1.254,139,20
2026-05-18 10:17:00,1.256,136,20
2026-05-18 10:23:00,1.207,135,20
2026-05-18 10:29:00,1.077,134,20
2026-05-18 10:35:00,0.914,131,20
2026-05-18 10:41:00,0.904,130,20
2026-05-18 10:47:00,0.908,132,20
2026-05-18 10:53:00,0.972,135,20
2026-05-18 10:59:00,0.919,136,20
2026-05-18 11:05:00,0.869,136,20
2026-05-18 11:11:00,0.881,136,20
2026-05-18 11:17:00,0.75,138,20
2026-05-18 11:23:00,0.857,135,20
2026-05-18 11:29:00,0.801,134,20
2026-05-18 11:35:00,0.826,133,20
2026-05-18 11:41:00,0.717,132,20
2026-05-18 11:47:00,0.76,136,20
2026-05-18 11:53:00,0.733,136,20
2026-05-18 11:59:00,0.735,136,20
2026-05-18 12:05:00,0.752,138,20
2026-05-18 12:11:00,0.754,139,20
2026-05-18 12:17:00,0.789,139,20
2026-05-18 12:23:00,0.783,141,20
2026-05-18 12:29:00,0.768,140,20
2026-05-18 12:35:00,0.741,141,20
2026-05-18 12:41:00,0.713,142,20
2026-05-18 12:47:00,0.608,143,20
2026-05-18 12:53:00,0.641,144,20
2026-05-18 13:05:00,0.373,142,20
2026-05-18 13:11:00,0.4,144,20
2026-05-18 13:17:00,0.218,130,20
2026-05-18 13:23:00,0.208,126,20
2026-05-18 13:29:00,0.227,129,20
2026-05-18 13:35:00,0.132,133,20
2026-05-18 13:41:00,0.132,151,20
2026-05-18 13:47:00,0.097,157,20
2026-05-18 13:53:00,0.004,237,20
2026-05-18 13:59:00,0.054,341,20
2026-05-18 14:05:00,0.07,317,20
2026-05-18 14:11:00,0.091,310,20
2026-05-18 14:17:00,0.082,295,20
2026-05-18 14:23:00,0.154,322,20
2026-05-18 14:29:00,0.156,325,20
2026-05-18 14:35:00,0.138,334,20
2026-05-18 14:41:00,0.154,332,20
2026-05-18 14:47:00,0.206,326,20
2026-05-18 14:53:00,0.196,328,20
2026-05-18 14:59:00,0.163,327,20
2026-05-18 15:05:00,0.14,333,20
2026-05-18 15:11:00,0.198,338,20
2026-05-18 15:17:00,0.14,357,20
2026-05-18 15:23:00,0.152,19,20
2026-05-18 15:29:00,0.154,40,20
2026-05-18 15:35:00,0.144,23,20
2026-05-18 15:41:00,0.126,9,20
2026-05-18 15:47:00,0.126,19,20
2026-05-18 15:53:00,0.173,359,20
2026-05-18 15:59:00,0.229,346,20
2026-05-18 16:05:00,0.202,347,20
2026-05-18 16:11:00,0.099,13,20
2026-05-18 16:17:00,0.157,350,20
2026-05-18 16:23:00,0.157,352,20
2026-05-18 16:29:00,0.161,2,20
2026-05-18 16:35:00,0.208,347,20
2026-05-18 16:41:00,0.208,356,20
2026-05-18 16:47:00,0.299,335,20
2026-05-18 16:53:00,0.29,341,20
2026-05-18 16:59:00,0.243,341,20
2026-05-18 17:05:00,0.309,332,20
2026-05-18 17:11:00,0.257,336,20
2026-05-18 17:17:00,0.323,336,20
2026-05-18 17:23:00,0.282,348,20
2026-05-18 17:29:00,0.259,346,20
2026-05-18 17:35:00,0.311,329,20
2026-05-18 17:41:00,0.288,312,20
2026-05-18 17:53:00,0.346,312,20
2026-05-18 17:59:00,0.43,318,20
2026-05-18 18:05:00,0.381,323,20
2026-05-18 18:11:00,0.305,317,20
2026-05-18 18:17:00,0.202,325,20
2026-05-18 18:23:00,0.247,318,20
2026-05-18 18:29:00,0.14,325,20
2026-05-18 18:35:00,0.124,4,20
2026-05-18 18:41:00,0.177,348,20
2026-05-18 18:47:00,0.216,340,20
2026-05-18 18:53:00,0.14,343,20
2026-05-18 18:59:00,0.095,53,20
2026-05-18 19:05:00,0.093,81,20
2026-05-18 19:11:00,0.227,116,20
2026-05-18 19:17:00,0.204,118,20
2026-05-18 19:23:00,0.235,120,20
2026-05-18 19:29:00,0.171,100,20
2026-05-18 19:35:00,0.22,109,20
2026-05-18 19:41:00,0.309,112,20
2026-05-18 19:47:00,0.381,119,20
2026-05-18 19:53:00,0.445,120,20
2026-05-18 19:59:00,0.459,125,20
2026-05-18 20:05:00,0.356,121,20
2026-05-18 20:11:00,0.373,124,20
2026-05-18 20:17:00,0.323,119,20
2026-05-18 20:23:00,0.356,118,20
2026-05-18 20:29:00,0.266,122,20
2026-05-18 20:35:00,0.465,127,20
2026-05-18 20:41:00,0.379,124,20
2026-05-18 20:47:00,0.397,126,20
2026-05-18 20:53:00,0.404,134,20
2026-05-18 20:59:00,0.447,138,20
2026-05-18 21:05:00,0.426,139,20
2026-05-18 21:11:00,0.478,138,20
2026-05-18 21:17:00,0.486,145,20
2026-05-18 21:23:00,0.536,143,20
2026-05-18 21:29:00,0.583,140,20
2026-05-18 21:35:00,0.502,141,20
2026-05-18 21:41:00,0.533,146,20
2026-05-18 21:47:00,0.564,144,20
2026-05-18 21:53:00,0.552,144,20
2026-05-18 21:59:00,0.579,142,20
2026-05-18 22:05:00,0.437,141,20
2026-05-18 22:17:00,0.332,143,20
2026-05-18 22:23:00,0.284,142,20
2026-05-18 22:29:00,0.327,145,20
2026-05-18 22:35:00,0.307,148,20
2026-05-18 22:41:00,0.346,144,20
2026-05-18 22:47:00,0.29,148,20
2026-05-18 22:53:00,0.393,150,20
2026-05-18 22:59:00,0.474,147,20
2026-05-18 23:05:00,0.482,149,20
2026-05-18 23:11:00,0.451,153,20
2026-05-18 23:17:00,0.529,146,20
2026-05-18 23:23:00,0.548,146,20
2026-05-18 23:29:00,0.465,146,20
2026-05-18 23:35:00,0.556,141,20
2026-05-18 23:41:00,0.433,141,20
2026-05-18 23:47:00,0.42,142,20
2026-05-18 23:53:00,0.282,143,20
2026-05-18 23:59:00,0.225,143,20
2026-05-19 00:05:00,0.208,140,20
2026-05-19 00:11:00,0.19,144,20
2026-05-19 00:17:00,0.245,135,20
2026-05-19 00:23:00,0.206,125,20
2026-05-19 00:29:00,0.089,114,20
2026-05-19 00:35:00,0.018,92,20
2026-05-19 00:41:00,0.117,334,20
2026-05-19 00:47:00,0.165,332,20
2026-05-19 00:53:00,0.214,339,20
2026-05-19 00:59:00,0.243,332,20
2026-05-19 01:05:00,0.268,330,20
2026-05-19 01:17:00,0.412,321,20
2026-05-19 01:23:00,0.453,325,20
2026-05-19 01:35:00,0.599,325,20
2026-05-19 01:41:00,0.546,330,20
2026-05-19 01:47:00,0.533,327,20
2026-05-19 01:53:00,0.649,333,20
2026-05-19 01:59:00,0.661,332,20
2026-05-19 02:05:00,0.515,322,20
2026-05-19 02:11:00,0.463,322,20
2026-05-19 02:17:00,0.451,320,20
2026-05-19 02:23:00,0.546,322,20
2026-05-19 02:29:00,0.533,321,20
2026-05-19 02:35:00,0.554,325,20
2026-05-19 02:41:00,0.69,327,20
2026-05-19 02:47:00,0.729,332,20
2026-05-19 02:53:00,0.671,329,20
2026-05-19 02:59:00,0.754,334,20
2026-05-19 03:05:00,0.643,336,20
2026-05-19 03:11:00,0.764,334,20
2026-05-19 03:17:00,0.799,334,20
2026-05-19 03:23:00,0.945,335,20
2026-05-19 03:29:00,0.97,332,20
2026-05-19 03:35:00,1.001,330,20
2026-05-19 03:41:00,0.947,327,20
2026-05-19 03:47:00,1.022,328,20
2026-05-19 03:53:00,1.203,328,20
2026-05-19 03:59:00,1.287,328,20
2026-05-19 04:05:00,1.221,328,20
2026-05-19 04:11:00,1.081,327,20
2026-05-19 04:17:00,1.236,328,20
2026-05-19 04:23:00,1.271,329,20
2026-05-19 04:29:00,1.289,331,20
2026-05-19 04:35:00,1.281,331,20
2026-05-19 04:41:00,1.219,332,20
2026-05-19 04:47:00,1.075,335,20
2026-05-19 04:53:00,1.022,336,20
2026-05-19 04:59:00,0.875,336,20
2026-05-19 05:05:00,0.851,335,20
2026-05-19 05:11:00,0.838,338,20
2026-05-19 05:17:00,0.717,342,20
2026-05-19 05:23:00,0.69,343,20
2026-05-19 05:29:00,0.544,340,20
2026-05-19 05:35:00,0.54,338,20
2026-05-19 05:41:00,0.505,345,20
2026-05-19 05:47:00,0.478,348,20
2026-05-19 05:53:00,0.404,344,20
2026-05-19 05:59:00,0.317,356,20
2026-05-19 06:05:00,0.29,358,20
2026-05-19 06:11:00,0.276,359,20
2026-05-19 06:17:00,0.315,358,20
2026-05-19 06:23:00,0.243,358,20
2026-05-19 06:29:00,0.224,5,20
2026-05-19 06:35:00,0.194,3,20
2026-05-19 06:41:00,0.084,47,20
2026-05-19 06:47:00,0.148,30,20
2026-05-19 06:53:00,0.136,77,20
2026-05-19 06:59:00,0.157,78,20
2026-05-19 07:05:00,0.202,70,20
2026-05-19 07:11:00,0.229,84,20
2026-05-19 07:17:00,0.253,86,20
2026-05-19 07:23:00,0.259,95,20
2026-05-19 07:29:00,0.299,102,20
2026-05-19 07:35:00,0.323,103,20
2026-05-19 07:41:00,0.276,93,20
2026-05-19 07:47:00,0.328,109,20
2026-05-19 07:53:00,0.33,116,20
2026-05-19 07:59:00,0.346,119,20
2026-05-19 08:05:00,0.336,116,20
2026-05-19 08:11:00,0.408,118,20
2026-05-19 08:17:00,0.294,120,20
2026-05-19 08:23:00,0.249,115,20
2026-05-19 08:29:00,0.299,122,20
2026-05-19 08:35:00,0.305,123,20
2026-05-19 08:41:00,0.439,129,20
2026-05-19 08:47:00,0.404,125,20
2026-05-19 08:53:00,0.393,131,20
2026-05-19 08:59:00,0.527,137,20
2026-05-19 09:05:00,0.451,138,20
2026-05-19 09:11:00,0.636,136,20
2026-05-19 09:17:00,0.647,135,20
2026-05-19 09:23:00,0.676,135,20
2026-05-19 09:29:00,0.673,134,20
2026-05-19 09:35:00,0.581,128,20
2026-05-19 09:41:00,0.608,127,20
2026-05-19 09:47:00,0.64,130,20
2026-05-19 09:53:00,0.71,132,20
2026-05-19 09:59:00,0.797,133,20
2026-05-19 10:05:00,0.943,131,20
2026-05-19 10:11:00,0.956,128,20
2026-05-19 10:17:00,0.991,131,20
2026-05-19 10:23:00,1.044,130,20
2026-05-19 10:29:00,0.949,132,20
2026-05-19 10:35:00,0.834,132,20
2026-05-19 10:41:00,0.82,126,20
2026-05-19 10:47:00,0.89,128,20
2026-05-19 10:53:00,0.951,135,20
2026-05-19 10:59:00,1.069,139,20
2026-05-19 11:05:00,1.073,139,20
2026-05-19 11:11:00,1.073,138,20
2026-05-19 11:17:00,1.067,137,20
2026-05-19 11:23:00,0.935,135,20
2026-05-19 11:29:00,0.822,134,20
2026-05-19 11:35:00,0.795,135,20
2026-05-19 11:41:00,0.813,137,20
2026-05-19 11:47:00,0.803,138,20
2026-05-19 11:53:00,0.84,138,20
2026-05-19 11:59:00,0.857,138,20
2026-05-19 12:05:00,0.9,138,20
2026-05-19 12:11:00,0.762,137,20
2026-05-19 12:17:00,0.667,134,20
2026-05-19 12:23:00,0.731,133,20
2026-05-19 12:29:00,0.758,132,20
2026-05-19 12:35:00,0.669,129,20
2026-05-19 12:41:00,0.645,128,20
2026-05-19 12:47:00,0.694,131,20
2026-05-19 12:53:00,0.618,127,20
2026-05-19 12:59:00,0.647,129,20
2026-05-19 13:05:00,0.649,133,20
2026-05-19 13:11:00,0.624,132,20
2026-05-19 13:17:00,0.575,132,20
2026-05-19 13:23:00,0.575,136,20
2026-05-19 13:29:00,0.566,138,20
2026-05-19 13:35:00,0.542,141,20
2026-05-19 13:41:00,0.556,139,20
2026-05-19 13:47:00,0.502,139,20
2026-05-19 13:53:00,0.488,136,20
2026-05-19 13:59:00,0.404,131,20
2026-05-19 14:05:00,0.288,129,20
2026-05-19 14:11:00,0.338,132,20
2026-05-19 14:17:00,0.262,123,20
2026-05-19 14:23:00,0.241,127,20
2026-05-19 14:35:00,0.093,124,20
2026-05-19 14:41:00,0.111,131,20
2026-05-19 14:47:00,0.07,122,20
2026-05-19 14:53:00,0.095,130,20
2026-05-19 14:59:00,0.041,119,20
2026-05-19 15:05:00,0.018,159,20
2026-05-19 15:11:00,0.058,323,20
2026-05-19 15:17:00,0.099,338,20
2026-05-19 15:23:00,0.154,328,20
2026-05-19 15:29:00,0.202,325,20
2026-05-19 15:35:00,0.179,318,20
2026-05-19 15:41:00,0.198,318,20
2026-05-19 15:47:00,0.241,322,20
2026-05-19 15:53:00,0.338,332,20
2026-05-19 15:59:00,0.224,327,20
2026-05-19 16:05:00,0.344,325,20
2026-05-19 16:11:00,0.317,329,20
2026-05-19 16:17:00,0.416,329,20
2026-05-19 16:23:00,0.371,328,20
2026-05-19 16:29:00,0.367,327,20
2026-05-19 16:35:00,0.348,336,20
2026-05-19 16:41:00,0.362,336,20
2026-05-19 16:47:00,0.428,341,20
2026-05-19 16:53:00,0.428,337,20
2026-05-19 16:59:00,0.404,333,20
2026-05-19 17:05:00,0.406,334,20
2026-05-19 17:11:00,0.346,336,20
2026-05-19 17:17:00,0.369,331,20
2026-05-19 17:23:00,0.422,334,20
2026-05-19 17:29:00,0.414,328,20
2026-05-19 17:35:00,0.371,334,20
2026-05-19 17:41:00,0.35,334,20
2026-05-19 17:47:00,0.332,331,20
2026-05-19 17:53:00,0.334,336,20
2026-05-19 17:59:00,0.556,327,20
2026-05-19 18:05:00,0.465,324,20
2026-05-19 18:11:00,0.286,316,20
2026-05-19 18:17:00,0.375,326,20
2026-05-19 18:23:00,0.239,339,20
2026-05-19 18:29:00,0.36,343,20
2026-05-19 18:35:00,0.391,343,20
2026-05-19 18:41:00,0.175,347,20
2026-05-19 18:47:00,0.334,8,20
2026-05-19 18:53:00,0.224,340,20
2026-05-19 18:59:00,0.154,348,20
2026-05-19 19:05:00,0.058,11,20
2026-05-19 19:11:00,0.115,174,20
2026-05-19 19:17:00,0.439,359,20
2026-05-19 19:23:00,0.087,1,20
2026-05-19 19:29:00,0.074,69,20
2026-05-19 19:35:00,0.074,89,20
2026-05-19 19:41:00,0.202,348,20
2026-05-19 19:47:00,0.128,63,20
2026-05-19 19:53:00,0.154,358,20
2026-05-19 19:59:00,0.111,14,20
2026-05-19 20:05:00,0.13,78,20
2026-05-19 20:17:00,0.379,139,20
2026-05-19 20:23:00,0.315,134,20
2026-05-19 20:29:00,0.311,147,20
2026-05-19 20:35:00,0.142,113,20
2026-05-19 20:41:00,0.241,137,20
2026-05-19 20:47:00,0.41,144,20
2026-05-19 20:53:00,0.533,144,20
2026-05-19 20:59:00,0.476,142,20
2026-05-19 21:05:00,0.628,142,20
2026-05-19 21:11:00,0.601,144,20
2026-05-19 21:17:00,0.688,144,20
2026-05-19 21:23:00,0.548,142,20
2026-05-19 21:29:00,0.538,140,20
2026-05-19 21:35:00,0.616,145,20
2026-05-19 21:41:00,0.459,138,20
2026-05-19 21:47:00,0.416,125,20
2026-05-19 21:53:00,0.529,135,20
2026-05-19 22:05:00,0.671,140,20
2026-05-19 22:11:00,0.62,141,20
2026-05-19 22:17:00,0.587,140,20
2026-05-19 22:23:00,0.694,142,20
2026-05-19 22:29:00,0.686,143,20
2026-05-19 22:35:00,0.573,148,20
2026-05-19 22:41:00,0.605,144,20
2026-05-19 22:47:00,0.575,145,20
2026-05-19 22:53:00,0.64,146,20
2026-05-19 22:59:00,0.651,145,20
2026-05-19 23:11:00,0.542,142,20
2026-05-19 23:17:00,0.492,141,20
2026-05-19 23:23:00,0.614,141,20
2026-05-19 23:29:00,0.69,140,20
2026-05-19 23:35:00,0.713,138,20
2026-05-19 23:41:00,0.694,141,20
2026-05-19 23:47:00,0.783,142,20
2026-05-19 23:53:00,0.517,134,20
2026-05-19 23:59:00,0.564,133,20
2026-05-20 00:05:00,0.476,134,20
2026-05-20 00:11:00,0.398,129,20
2026-05-20 00:17:00,0.338,128,20
2026-05-20 00:23:00,0.332,134,20
2026-05-20 00:29:00,0.437,137,20
2026-05-20 00:35:00,0.393,140,20
2026-05-20 00:41:00,0.41,133,20
2026-05-20 00:47:00,0.476,136,20
2026-05-20 00:53:00,0.395,133,20
2026-05-20 00:59:00,0.373,135,20
2026-05-20 01:05:00,0.198,122,20
2026-05-20 01:17:00,0.192,130,20
2026-05-20 01:23:00,0.189,139,20
2026-05-20 01:29:00,0.07,101,20
2026-05-20 01:35:00,0.14,9,20
2026-05-20 01:41:00,0.064,69,20
2026-05-20 01:47:00,0.093,20,20
2026-05-20 01:53:00,0.07,4,20
2026-05-20 01:59:00,0.142,344,20
2026-05-20 02:05:00,0.179,349,20
2026-05-20 02:11:00,0.212,345,20
2026-05-20 02:17:00,0.313,335,20
2026-05-20 02:23:00,0.309,329,20
2026-05-20 02:29:00,0.404,336,20
2026-05-20 02:35:00,0.383,334,20
2026-05-20 02:41:00,0.391,333,20
2026-05-20 02:47:00,0.42,332,20
2026-05-20 02:53:00,0.5,331,20
2026-05-20 02:59:00,0.556,332,20
2026-05-20 03:05:00,0.57,332,20
2026-05-20 03:11:00,0.667,332,20
2026-05-20 03:17:00,0.634,338,20
2026-05-20 03:23:00,0.678,332,20
2026-05-20 03:29:00,0.579,336,20
2026-05-20 03:35:00,0.568,331,20
2026-05-20 03:41:00,0.657,331,20
2026-05-20 03:47:00,0.647,329,20
2026-05-20 03:53:00,0.632,322,20
2026-05-20 03:59:00,0.641,323,20
2026-05-20 04:05:00,0.766,325,20
2026-05-20 04:11:00,0.69,329,20
2026-05-20 04:17:00,0.675,339,20
2026-05-20 04:23:00,0.912,332,20
2026-05-20 04:29:00,0.855,333,20
2026-05-20 04:35:00,0.958,331,20
2026-05-20 04:41:00,0.867,331,20
2026-05-20 04:47:00,0.91,333,20
2026-05-20 04:53:00,1.028,332,20
2026-05-20 04:59:00,1.044,334,20
2026-05-20 05:05:00,1.069,331,20
2026-05-20 05:11:00,1.017,327,20
2026-05-20 05:17:00,0.902,325,20
2026-05-20 05:23:00,0.951,323,20
2026-05-20 05:29:00,0.999,325,20
2026-05-20 05:35:00,0.995,327,20
2026-05-20 05:41:00,0.937,332,20
2026-05-20 05:47:00,0.97,332,20
2026-05-20 05:53:00,0.89,335,20
2026-05-20 05:59:00,0.816,339,20
2026-05-20 06:05:00,0.704,337,20
2026-05-20 06:11:00,0.766,337,20
2026-05-20 06:17:00,0.71,338,20
2026-05-20 06:23:00,0.758,337,20
2026-05-20 06:29:00,0.71,338,20
2026-05-20 06:35:00,0.822,336,20
2026-05-20 06:41:00,0.776,330,20
2026-05-20 06:47:00,0.56,333,20
2026-05-20 06:53:00,0.521,334,20
2026-05-20 06:59:00,0.342,334,20
2026-05-20 07:05:00,0.348,331,20
2026-05-20 07:11:00,0.369,334,20
2026-05-20 07:17:00,0.206,347,20
2026-05-20 07:23:00,0.303,331,20
2026-05-20 07:29:00,0.255,339,20
2026-05-20 07:35:00,0.225,343,20
2026-05-20 07:41:00,0.231,341,20
2026-05-20 07:47:00,0.086,340,20
2026-05-20 07:53:00,0.093,16,20
2026-05-20 07:59:00,0.093,45,20
2026-05-20 08:05:00,0.084,61,20
2026-05-20 08:11:00,0.086,70,20
2026-05-20 08:17:00,0.126,84,20
2026-05-20 08:23:00,0.132,80,20
2026-05-20 08:29:00,0.175,83,20
2026-05-20 08:35:00,0.177,80,20
2026-05-20 08:41:00,0.214,100,20
2026-05-20 08:47:00,0.251,117,20
2026-05-20 08:53:00,0.208,109,20
2026-05-20 08:59:00,0.245,110,20
2026-05-20 09:05:00,0.348,115,20
2026-05-20 09:11:00,0.268,122,20
2026-05-20 09:17:00,0.294,117,20
2026-05-20 09:23:00,0.311,131,20
2026-05-20 09:29:00,0.311,133,20
2026-05-20 09:35:00,0.286,130,20
2026-05-20 09:41:00,0.171,138,20
2026-05-20 09:47:00,0.295,133,20
2026-05-20 09:53:00,0.224,126,20
2026-05-20 09:59:00,0.259,123,20
2026-05-20 10:05:00,0.288,139,20
2026-05-20 10:11:00,0.389,131,20
2026-05-20 10:17:00,0.414,131,20
2026-05-20 10:23:00,0.502,132,20
2026-05-20 10:29:00,0.595,136,20
2026-05-20 10:35:00,0.573,140,20
2026-05-20 10:41:00,0.62,143,20
2026-05-20 10:53:00,0.492,137,20
2026-05-20 10:59:00,0.492,122,20
2026-05-20 11:05:00,0.48,120,20
2026-05-20 11:11:00,0.628,128,20
2026-05-20 11:17:00,0.62,134,20
2026-05-20 11:23:00,0.68,138,20
2026-05-20 11:29:00,0.468,140,20
2026-05-20 11:35:00,0.585,141,20
2026-05-20 11:41:00,0.601,137,20
2026-05-20 11:47:00,0.861,138,20
2026-05-20 11:53:00,0.797,137,20
2026-05-20 11:59:00,0.727,137,20
2026-05-20 12:05:00,0.735,136,20
2026-05-20 12:11:00,0.77,135,20
2026-05-20 12:17:00,0.723,130,20
2026-05-20 12:23:00,0.708,127,20
2026-05-20 12:29:00,0.737,128,20
2026-05-20 12:35:00,0.544,129,20
2026-05-20 12:41:00,0.503,129,20
2026-05-20 12:47:00,0.659,129,20
2026-05-20 12:53:00,0.655,131,20
2026-05-20 12:59:00,0.758,134,20
2026-05-20 13:05:00,0.781,136,20
2026-05-20 13:11:00,0.811,140,20
2026-05-20 13:17:00,0.813,140,20
2026-05-20 13:23:00,0.853,140,20
2026-05-20 13:29:00,0.836,140,20
2026-05-20 13:35:00,0.746,139,20
2026-05-20 13:41:00,0.665,140,20
2026-05-20 13:47:00,0.655,139,20
2026-05-20 13:53:00,0.643,139,20
2026-05-20 13:59:00,0.647,139,20
2026-05-20 14:05:00,0.612,141,20
2026-05-20 14:11:00,0.589,141,20
2026-05-20 14:17:00,0.535,141,20
2026-05-20 14:23:00,0.459,139,20
2026-05-20 14:29:00,0.428,140,20
2026-05-20 14:35:00,0.408,138,20
2026-05-20 14:41:00,0.41,138,20
2026-05-20 14:47:00,0.387,139,20
2026-05-20 14:53:00,0.393,140,20
2026-05-20 14:59:00,0.375,137,20
2026-05-20 15:05:00,0.328,138,20
2026-05-20 15:11:00,0.336,136,20
2026-05-20 15:17:00,0.212,118,20
2026-05-20 15:23:00,0.181,122,20
2026-05-20 15:29:00,0.206,132,20
2026-05-20 15:35:00,0.167,138,20
2026-05-20 15:41:00,0.113,138,20
2026-05-20 15:47:00,0.084,124,20
2026-05-20 15:53:00,0.035,51,20
2026-05-20 15:59:00,0.103,79,20
2026-05-20 16:05:00,0.163,358,20
2026-05-20 16:11:00,0.157,327,20
2026-05-20 16:17:00,0.198,324,20
2026-05-20 16:23:00,0.229,331,20
2026-05-20 16:29:00,0.286,325,20
2026-05-20 16:35:00,0.241,332,20
2026-05-20 16:41:00,0.34,324,20
2026-05-20 16:47:00,0.257,329,20
2026-05-20 16:53:00,0.362,326,20
2026-05-20 16:59:00,0.33,328,20
2026-05-20 17:05:00,0.377,323,20
2026-05-20 17:11:00,0.274,326,20
2026-05-20 17:17:00,0.375,326,20
2026-05-20 17:23:00,0.358,323,20
2026-05-20 17:29:00,0.404,324,20
2026-05-20 17:35:00,0.395,325,20
2026-05-20 17:41:00,0.311,332,20
2026-05-20 17:47:00,0.398,335,20
2026-05-20 17:53:00,0.474,329,20
2026-05-20 17:59:00,0.494,324,20
2026-05-20 18:05:00,0.463,327,20
2026-05-20 18:11:00,0.404,337,20
2026-05-20 18:17:00,0.395,337,20
2026-05-20 18:23:00,0.389,336,20
2026-05-20 18:29:00,0.364,337,20
2026-05-20 18:35:00,0.317,336,20
2026-05-20 18:41:00,0.397,341,20
2026-05-20 18:47:00,0.301,348,20
2026-05-20 18:53:00,0.253,351,20
2026-05-20 18:59:00,0.299,345,20
2026-05-20 19:05:00,0.247,354,20
2026-05-20 19:11:00,0.21,357,20
2026-05-20 19:17:00,0.161,13,20
2026-05-20 19:23:00,0.185,12,20
2026-05-20 19:29:00,0.097,9,20
2026-05-20 19:35:00,0.101,41,20
2026-05-20 19:41:00,0.134,14,20
2026-05-20 19:47:00,0.101,12,20
2026-05-20 19:53:00,0.121,11,20
2026-05-20 19:59:00,0.084,13,20
2026-05-20 20:05:00,0.049,14,20
2026-05-20 20:11:00,0.286,104,20
2026-05-20 20:17:00,0.535,18,20
2026-05-20 20:23:00,0.194,126,20
2026-05-20 20:29:00,0.068,157,20
2026-05-20 20:35:00,0.173,146,20
2026-05-20 20:41:00,0.052,145,20
2026-05-20 20:47:00,0.138,12,20
2026-05-20 20:53:00,0.087,12,20
2026-05-20 20:59:00,0.064,327,20
2026-05-20 21:05:00,0.111,70,20
2026-05-20 21:11:00,0.095,109,20
2026-05-20 21:17:00,0.08,86,20
2026-05-20 21:23:00,0.095,127,20
2026-05-20 21:29:00,0.041,68,20
2026-05-20 21:35:00,0.113,38,20
2026-05-20 21:41:00,0.157,22,20
2026-05-20 21:47:00,0.049,73,20
2026-05-20 21:53:00,0.054,63,20
2026-05-20 21:59:00,0.13,119,20
2026-05-20 22:05:00,0.111,126,20
2026-05-20 22:11:00,0.185,130,20
2026-05-20 22:17:00,0.247,128,20
2026-05-20 22:23:00,0.311,136,20
2026-05-20 22:29:00,0.292,140,20
2026-05-20 22:35:00,0.348,146,20
2026-05-20 22:41:00,0.35,142,20
2026-05-20 22:47:00,0.338,145,20
2026-05-20 22:53:00,0.305,141,20
2026-05-20 22:59:00,0.36,141,20
2026-05-20 23:05:00,0.356,144,20
2026-05-20 23:17:00,0.426,147,20
2026-05-20 23:23:00,0.486,140,20
2026-05-20 23:29:00,0.572,134,20
2026-05-20 23:35:00,0.511,129,20
2026-05-20 23:41:00,0.435,126,20
2026-05-20 23:47:00,0.492,132,20
2026-05-20 23:53:00,0.523,127,20
2026-05-20 23:59:00,0.515,127,20
2026-05-21 00:05:00,0.57,123,20
2026-05-21 00:11:00,0.614,123,20
2026-05-21 00:17:00,0.597,125,20
2026-05-21 00:23:00,0.638,126,20
2026-05-21 00:29:00,0.577,128,20
2026-05-21 00:35:00,0.49,122,20
2026-05-21 00:41:00,0.519,127,20
2026-05-21 00:47:00,0.49,128,20
2026-05-21 00:53:00,0.41,116,20
2026-05-21 00:59:00,0.43,127,20
2026-05-21 01:05:00,0.449,130,20
2026-05-21 01:11:00,0.447,131,20
2026-05-21 01:17:00,0.397,127,20
2026-05-21 01:23:00,0.34,117,20
2026-05-21 01:29:00,0.36,126,20
2026-05-21 01:35:00,0.286,124,20
2026-05-21 01:41:00,0.245,119,20
2026-05-21 01:47:00,0.169,102,20
2026-05-21 01:59:00,0.177,84,20
2026-05-21 02:05:00,0.192,91,20
2026-05-21 02:11:00,0.138,86,20
2026-05-21 02:17:00,0.159,84,20
2026-05-21 02:23:00,0.132,74,20
2026-05-21 02:29:00,0.144,24,20
2026-05-21 02:35:00,0.187,13,20
2026-05-21 02:41:00,0.22,8,20
2026-05-21 02:53:00,0.328,350,20
2026-05-21 03:05:00,0.404,345,20
2026-05-21 03:11:00,0.437,343,20
2026-05-21 03:17:00,0.379,344,20
2026-05-21 03:23:00,0.358,342,20
2026-05-21 03:29:00,0.447,340,20
2026-05-21 03:35:00,0.484,338,20
2026-05-21 03:41:00,0.482,340,20
2026-05-21 03:47:00,0.461,340,20
2026-05-21 03:59:00,0.453,341,20
2026-05-21 04:05:00,0.439,337,20
2026-05-21 04:11:00,0.505,336,20
2026-05-21 04:17:00,0.478,337,20
2026-05-21 04:23:00,0.441,342,20
2026-05-21 04:29:00,0.468,334,20
2026-05-21 04:35:00,0.546,331,20
2026-05-21 04:41:00,0.433,343,20
2026-05-21 04:47:00,0.472,337,20
2026-05-21 04:53:00,0.529,340,20
2026-05-21 04:59:00,0.538,338,20
2026-05-21 05:05:00,0.682,331,20
2026-05-21 05:11:00,0.807,329,20
2026-05-21 05:17:00,0.746,329,20
2026-05-21 05:23:00,0.719,332,20
2026-05-21 05:29:00,0.857,334,20
2026-05-21 05:35:00,0.801,334,20
2026-05-21 05:41:00,0.863,335,20
2026-05-21 05:47:00,0.781,334,20
2026-05-21 05:53:00,0.618,331,20
2026-05-21 05:59:00,0.744,337,20
2026-05-21 06:05:00,0.612,343,20
2026-05-21 06:11:00,0.696,341,20
2026-05-21 06:17:00,0.729,343,20
2026-05-21 06:23:00,0.599,339,20
2026-05-21 06:29:00,0.562,329,20
2026-05-21 06:41:00,0.921,330,20
2026-05-21 06:47:00,0.725,332,20
2026-05-21 06:53:00,0.69,334,20
2026-05-21 06:59:00,0.404,336,20
2026-05-21 07:05:00,0.533,341,20
2026-05-21 07:11:00,0.517,339,20
2026-05-21 07:17:00,0.498,336,20
2026-05-21 07:23:00,0.535,330,20
2026-05-21 07:29:00,0.385,335,20
2026-05-21 07:35:00,0.476,323,20
2026-05-21 07:47:00,0.241,336,20
2026-05-21 07:53:00,0.132,349,20
2026-05-21 07:59:00,0.159,336,20
2026-05-21 08:05:00,0.181,340,20
2026-05-21 08:11:00,0.206,343,20
2026-05-21 08:17:00,0.169,332,20
2026-05-21 08:23:00,0.025,276,20
2026-05-21 08:29:00,0.082,320,20
2026-05-21 08:35:00,0.093,327,20
2026-05-21 08:41:00,0.06,316,20
2026-05-21 08:47:00,0.074,355,20
2026-05-21 08:59:00,0.029,34,20
2026-05-21 09:05:00,0.084,28,20
2026-05-21 09:11:00,0.064,59,20
2026-05-21 09:17:00,0.062,38,20
2026-05-21 09:23:00,0.089,96,20
2026-05-21 09:29:00,0.025,61,20
2026-05-21 09:35:00,0.043,60,20
2026-05-21 09:41:00,0.054,98,20
2026-05-21 09:47:00,0.097,78,20
2026-05-21 09:53:00,0.231,119,20
2026-05-21 09:59:00,0.257,99,20
2026-05-21 10:11:00,0.148,115,20
2026-05-21 10:17:00,0.097,117,20
2026-05-21 10:23:00,0.156,109,20
2026-05-21 10:29:00,0.22,120,20
2026-05-21 10:35:00,0.208,117,20
2026-05-21 10:47:00,0.272,125,20
2026-05-21 10:53:00,0.325,133,20
2026-05-21 10:59:00,0.35,140,20
2026-05-21 11:05:00,0.383,141,20
2026-05-21 11:11:00,0.35,138,20
2026-05-21 11:17:00,0.319,145,20
2026-05-21 11:23:00,0.404,143,20
2026-05-21 11:29:00,0.379,150,20
2026-05-21 11:35:00,0.447,144,20
2026-05-21 11:41:00,0.572,142,20
2026-05-21 11:47:00,0.62,140,20
2026-05-21 11:53:00,0.708,140,20
2026-05-21 11:59:00,0.678,138,20
2026-05-21 12:05:00,0.645,139,20
2026-05-21 12:11:00,0.725,137,20
2026-05-21 12:17:00,0.908,138,20
2026-05-21 12:23:00,1.011,138,20
2026-05-21 12:29:00,1.075,137,20
2026-05-21 12:35:00,1.032,137,20
2026-05-21 12:41:00,1.217,137,20
2026-05-21 12:47:00,1.129,136,20
2026-05-21 12:53:00,1.139,135,20
2026-05-21 12:59:00,1.209,137,20
2026-05-21 13:05:00,1.207,138,20
2026-05-21 13:11:00,1.17,138,20
2026-05-21 13:17:00,1.211,138,20
2026-05-21 13:23:00,1.184,137,20
2026-05-21 13:29:00,1.219,136,20
2026-05-21 13:35:00,1.23,136,20
2026-05-21 13:41:00,1.147,133,20
2026-05-21 13:47:00,1.176,134,20
2026-05-21 13:53:00,1.116,136,20
2026-05-21 13:59:00,1.217,137,20
2026-05-21 14:05:00,1.192,137,20
2026-05-21 14:11:00,0.949,132,20
2026-05-21 14:17:00,1.133,136,20
2026-05-21 14:23:00,1.172,136,20
2026-05-21 14:29:00,1.328,136,20
2026-05-21 14:35:00,1.295,138,20
2026-05-21 14:41:00,1.199,138,20
2026-05-21 14:47:00,1.219,136,20
2026-05-21 14:53:00,1.157,136,20
2026-05-21 14:59:00,1.104,138,20
2026-05-21 15:05:00,0.987,136,20
2026-05-21 15:11:00,0.902,138,20
2026-05-21 15:17:00,0.906,138,20
2026-05-21 15:23:00,0.902,139,20
2026-05-21 15:29:00,0.832,135,20
2026-05-21 15:35:00,0.7,133,20
2026-05-21 15:41:00,0.793,136,20
2026-05-21 15:47:00,0.789,136,20
2026-05-21 15:53:00,0.822,137,20
2026-05-21 15:59:00,0.655,137,20
2026-05-21 16:05:00,0.76,135,20
2026-05-21 16:11:00,0.566,132,20
2026-05-21 16:17:00,0.686,133,20
2026-05-21 16:23:00,0.758,140,20
2026-05-21 16:29:00,0.661,138,20
2026-05-21 16:35:00,0.651,139,20
2026-05-21 16:41:00,0.605,131,20
2026-05-21 16:47:00,0.542,134,20
2026-05-21 16:53:00,0.573,137,20
2026-05-21 16:59:00,0.437,136,20
2026-05-21 17:05:00,0.503,131,20
2026-05-21 17:11:00,0.398,127,20
2026-05-21 17:17:00,0.387,130,20
2026-05-21 17:23:00,0.377,139,20
2026-05-21 17:29:00,0.472,142,20
2026-05-21 17:35:00,0.416,147,20
2026-05-21 17:41:00,0.385,156,20
2026-05-21 17:47:00,0.435,151,20
2026-05-21 17:53:00,0.371,153,20
2026-05-21 17:59:00,0.313,154,20
2026-05-21 18:05:00,0.171,140,20
2026-05-21 18:11:00,0.235,142,20
2026-05-21 18:17:00,0.241,140,20
2026-05-21 18:23:00,0.194,135,20
2026-05-21 18:29:00,0.251,117,20
2026-05-21 18:35:00,0.152,128,20
2026-05-21 18:41:00,0.154,122,20
2026-05-21 18:47:00,0.041,51,20
2026-05-21 18:53:00,0.043,75,20
2026-05-21 18:59:00,0.076,107,20
2026-05-21 19:05:00,0.062,121,20
2026-05-21 19:11:00,0.041,57,20
2026-05-21 19:17:00,0.066,350,20
2026-05-21 19:23:00,0.105,342,20
2026-05-21 19:29:00,0.105,337,20
2026-05-21 19:35:00,0.103,328,20
2026-05-21 19:41:00,0.146,317,20
2026-05-21 19:47:00,0.224,320,20
2026-05-21 19:53:00,0.185,311,20
2026-05-21 19:59:00,0.076,331,20
2026-05-21 20:05:00,0.078,340,20
2026-05-21 20:11:00,0.177,351,20
2026-05-21 20:17:00,0.15,0,20
2026-05-21 20:23:00,0.115,355,20
2026-05-21 20:29:00,0.146,4,20
2026-05-21 20:35:00,0.136,2,20
2026-05-21 20:41:00,0.13,9,20
2026-05-21 20:47:00,0.146,5,20
2026-05-21 20:53:00,0.128,29,20
2026-05-21 20:59:00,0.119,55,20
2026-05-21 21:05:00,0.157,20,20
2026-05-21 21:11:00,0.177,44,20
2026-05-21 21:17:00,0.196,37,20
2026-05-21 21:23:00,0.136,57,20
2026-05-21 21:29:00,0.13,45,20
2026-05-21 21:35:00,0.159,33,20
2026-05-21 21:41:00,0.142,41,20
2026-05-21 21:47:00,0.122,55,20
2026-05-21 21:53:00,0.222,14,20
2026-05-21 21:59:00,0.187,44,20
2026-05-21 22:05:00,0.146,44,20
2026-05-21 22:11:00,0.119,49,20
2026-05-21 22:17:00,0.179,108,20
2026-05-21 22:23:00,0.33,150,20
2026-05-21 22:29:00,0.317,105,20
2026-05-21 22:35:00,0.303,118,20
2026-05-21 22:41:00,0.119,61,20
2026-05-21 22:47:00,0.208,113,20
2026-05-21 22:53:00,0.19,11,20
2026-05-21 22:59:00,0.064,92,20
2026-05-21 23:05:00,0.097,101,20
2026-05-21 23:11:00,0.272,125,20
2026-05-21 23:17:00,0.167,90,20
2026-05-21 23:23:00,0.243,132,20
2026-05-21 23:29:00,0.212,133,20
2026-05-21 23:35:00,0.187,129,20
2026-05-21 23:41:00,0.268,139,20
2026-05-21 23:47:00,0.4,143,20
2026-05-21 23:53:00,0.424,137,20
2026-05-21 23:59:00,0.348,134,20
2026-05-22 00:05:00,0.447,135,20
2026-05-22 00:11:00,0.517,135,20
2026-05-22 00:17:00,0.544,135,20
2026-05-22 00:23:00,0.447,140,20
2026-05-22 00:29:00,0.583,135,20
2026-05-22 00:35:00,0.605,133,20
2026-05-22 00:41:00,0.505,125,20
2026-05-22 00:47:00,0.478,119,20
2026-05-22 00:53:00,0.653,131,20
2026-05-22 00:59:00,0.311,83,20
2026-05-22 01:05:00,0.41,119,20
2026-05-22 01:11:00,0.608,129,20
2026-05-22 01:17:00,0.367,107,20
2026-05-22 01:23:00,0.474,123,20
2026-05-22 01:29:00,0.533,128,20
2026-05-22 01:35:00,0.57,128,20
2026-05-22 01:41:00,0.544,131,20
2026-05-22 01:47:00,0.443,125,20
2026-05-22 01:53:00,0.521,129,20
2026-05-22 01:59:00,0.585,132,20
2026-05-22 02:05:00,0.418,127,20
2026-05-22 02:11:00,0.484,132,20
2026-05-22 02:17:00,0.377,128,20
2026-05-22 02:23:00,0.465,131,20
2026-05-22 02:29:00,0.414,128,20
2026-05-22 02:35:00,0.422,128,20
2026-05-22 02:41:00,0.519,132,20
2026-05-22 02:47:00,0.414,126,20
2026-05-22 02:53:00,0.465,133,20
2026-05-22 02:59:00,0.377,129,20
2026-05-22 03:05:00,0.35,137,20
2026-05-22 03:11:00,0.342,133,20
2026-05-22 03:17:00,0.305,126,20
2026-05-22 03:23:00,0.233,126,20
2026-05-22 03:29:00,0.115,117,20
2026-05-22 03:35:00,0.235,117,20
2026-05-22 03:41:00,0.389,125,20
2026-05-22 03:47:00,0.208,103,20
2026-05-22 03:53:00,0.179,75,20
2026-05-22 03:59:00,0.159,36,20
2026-05-22 04:05:00,0.21,15,20
2026-05-22 04:11:00,0.206,17,20
2026-05-22 04:17:00,0.146,22,20
2026-05-22 04:23:00,0.192,12,20
2026-05-22 04:29:00,0.264,354,20
2026-05-22 04:35:00,0.301,0,20
2026-05-22 04:41:00,0.28,358,20
2026-05-22 04:47:00,0.397,345,20
2026-05-22 04:53:00,0.422,348,20
2026-05-22 04:59:00,0.395,346,20
2026-05-22 05:05:00,0.398,348,20
2026-05-22 05:11:00,0.426,346,20
2026-05-22 05:17:00,0.424,344,20
2026-05-22 05:23:00,0.352,342,20
2026-05-22 05:29:00,0.295,345,20
2026-05-22 05:35:00,0.286,348,20
2026-05-22 05:41:00,0.371,341,20
2026-05-22 05:47:00,0.404,335,20
2026-05-22 05:53:00,0.486,335,20
2026-05-22 05:59:00,0.54,331,20
2026-05-22 06:05:00,0.566,329,20
2026-05-22 06:11:00,0.502,327,20
2026-05-22 06:17:00,0.525,333,20
2026-05-22 06:23:00,0.474,339,20
2026-05-22 06:29:00,0.599,332,20
2026-05-22 06:35:00,0.591,336,20
2026-05-22 06:41:00,0.657,334,20
2026-05-22 06:47:00,0.614,331,20
2026-05-22 06:53:00,0.855,328,20
2026-05-22 06:59:00,0.451,332,20
2026-05-22 07:05:00,1.275,322,20
2026-05-22 07:11:00,1.203,317,20
2026-05-22 07:17:00,0.966,326,20
2026-05-22 07:23:00,0.865,313,20
2026-05-22 07:29:00,0.2,297,20
2026-05-22 07:35:00,0.379,351,20
2026-05-22 07:41:00,0.179,308,20
2026-05-22 07:47:00,0.212,349,20
2026-05-22 07:53:00,0.41,4,0
2026-05-22 07:59:00,0.146,360,20
2026-05-22 08:05:00,0.181,324,20
2026-05-22 08:11:00,0.34,326,20
2026-05-22 08:17:00,0.319,332,20
2026-05-22 08:23:00,0.509,323,20
2026-05-22 08:29:00,0.507,319,20
2026-05-22 08:35:00,0.465,324,20
2026-05-22 08:41:00,0.595,323,20
2026-05-22 08:47:00,0.472,326,20
2026-05-22 08:53:00,0.408,331,20
2026-05-22 08:59:00,0.478,334,20
2026-05-22 09:05:00,0.484,335,20
2026-05-22 09:11:00,0.459,336,20
2026-05-22 09:17:00,0.352,339,20
2026-05-22 09:23:00,0.424,342,20
2026-05-22 09:29:00,0.336,338,20
2026-05-22 09:35:00,0.35,343,20
2026-05-22 09:41:00,0.35,346,20
2026-05-22 09:47:00,0.257,359,20
2026-05-22 09:53:00,0.259,350,20
2026-05-22 09:59:00,0.239,349,20
2026-05-22 10:05:00,0.21,341,20
2026-05-22 10:11:00,0.099,339,20
2026-05-22 10:17:00,0.025,353,20
2026-05-22 10:23:00,0.033,344,20
2026-05-22 10:29:00,0.037,41,20
2026-05-22 10:35:00,0.049,4,20
2026-05-22 10:41:00,0.043,73,20
2026-05-22 10:47:00,0.087,113,20
2026-05-22 10:53:00,0.175,120,20
2026-05-22 10:59:00,0.27,128,20
2026-05-22 11:05:00,0.264,132,20
2026-05-22 11:11:00,0.294,137,20
2026-05-22 11:17:00,0.325,139,20
2026-05-22 11:23:00,0.36,138,20
2026-05-22 11:29:00,0.284,133,20
2026-05-22 11:35:00,0.227,127,20
2026-05-22 11:41:00,0.206,134,20
2026-05-22 11:47:00,0.295,127,20
2026-05-22 11:53:00,0.327,128,20
2026-05-22 11:59:00,0.36,135,20
2026-05-22 12:05:00,0.364,129,20
2026-05-22 12:11:00,0.352,116,20
2026-05-22 12:17:00,0.402,108,20
2026-05-22 12:23:00,0.422,109,20
2026-05-22 12:29:00,0.517,108,20
2026-05-22 12:35:00,0.593,121,20
2026-05-22 12:41:00,0.676,135,20
2026-05-22 12:47:00,0.737,141,20
2026-05-22 12:53:00,0.624,145,20
2026-05-22 12:59:00,0.636,144,20
2026-05-22 13:05:00,0.63,141,20
2026-05-22 13:11:00,0.583,148,20
2026-05-22 13:17:00,0.498,148,20
2026-05-22 13:23:00,0.56,143,20
2026-05-22 13:29:00,0.581,141,20
2026-05-22 13:35:00,0.608,139,20
2026-05-22 13:41:00,0.614,130,20
2026-05-22 13:47:00,0.583,120,20
2026-05-22 13:53:00,0.723,120,20
2026-05-22 13:59:00,0.706,121,20
2026-05-22 14:05:00,0.756,132,20
2026-05-22 14:11:00,0.984,136,20
2026-05-22 14:17:00,0.966,139,20
2026-05-22 14:23:00,0.923,139,20
2026-05-22 14:29:00,0.748,140,20
2026-05-22 14:35:00,0.811,137,20
2026-05-22 14:41:00,0.844,137,20
2026-05-22 14:47:00,0.838,137,20
2026-05-22 14:53:00,0.851,139,20
2026-05-22 14:59:00,0.791,141,20
2026-05-22 15:05:00,0.803,139,20
2026-05-22 15:11:00,0.76,138,20
2026-05-22 15:17:00,0.776,137,20
2026-05-22 15:23:00,0.814,137,20
2026-05-22 15:29:00,0.783,137,20
2026-05-22 15:35:00,0.803,137,20
2026-05-22 15:41:00,0.824,137,20
2026-05-22 15:47:00,0.816,138,20
2026-05-22 15:53:00,0.698,138,20
2026-05-22 15:59:00,0.756,137,20
2026-05-22 16:05:00,0.684,136,20
2026-05-22 16:11:00,0.686,135,20
2026-05-22 16:17:00,0.715,135,20
2026-05-22 16:23:00,0.636,138,20
2026-05-22 16:29:00,0.575,139,20
2026-05-22 16:35:00,0.546,137,20
2026-05-22 16:41:00,0.433,135,20
2026-05-22 16:47:00,0.35,126,20
2026-05-22 16:53:00,0.28,121,20
2026-05-22 16:59:00,0.229,111,20
2026-05-22 17:05:00,0.229,116,20
2026-05-22 17:11:00,0.224,122,20
2026-05-22 17:17:00,0.231,120,20
2026-05-22 17:23:00,0.152,99,20
2026-05-22 17:29:00,0.126,91,20
2026-05-22 17:35:00,0.072,58,20
2026-05-22 17:41:00,0.087,357,20
2026-05-22 17:47:00,0.165,328,20
2026-05-22 17:53:00,0.208,321,20
2026-05-22 17:59:00,0.311,319,20
2026-05-22 18:05:00,0.295,314,20
2026-05-22 18:11:00,0.362,322,20
2026-05-22 18:17:00,0.342,321,20
2026-05-22 18:23:00,0.393,321,20
2026-05-22 18:29:00,0.379,321,20
2026-05-22 18:35:00,0.286,323,20
2026-05-22 18:41:00,0.327,320,20
2026-05-22 18:47:00,0.346,322,20
2026-05-22 18:53:00,0.29,321,20
2026-05-22 18:59:00,0.414,327,20
2026-05-22 19:05:00,0.387,323,20
2026-05-22 19:11:00,0.433,325,20
2026-05-22 19:17:00,0.412,321,20
2026-05-22 19:23:00,0.41,322,20
2026-05-22 19:29:00,0.334,320,20
2026-05-22 19:35:00,0.48,321,20
2026-05-22 19:41:00,0.41,326,20
2026-05-22 19:47:00,0.496,325,20
2026-05-22 19:53:00,0.433,332,20
2026-05-22 19:59:00,0.371,330,20
2026-05-22 20:05:00,0.393,322,20
2026-05-22 20:11:00,0.502,324,20
2026-05-22 20:17:00,0.737,336,20
2026-05-22 20:23:00,0.433,329,20
2026-05-22 20:29:00,0.327,336,20
2026-05-22 20:35:00,0.414,343,20
2026-05-22 20:41:00,0.253,334,20
2026-05-22 20:47:00,0.225,332,20
2026-05-22 20:53:00,0.373,335,20
2026-05-22 20:59:00,0.478,343,20
2026-05-22 21:05:00,0.202,344,20
2026-05-22 21:11:00,0.22,339,20
2026-05-22 21:17:00,0.218,1,20
2026-05-22 21:23:00,0.323,339,20
2026-05-22 21:29:00,0.336,345,20
2026-05-22 21:35:00,0.245,1,20
2026-05-22 21:41:00,0.496,1,20
2026-05-22 21:47:00,0.161,10,20
2026-05-22 21:53:00,0.373,98,20
2026-05-22 21:59:00,0.249,31,20
2026-05-22 22:05:00,0.138,37,20
2026-05-22 22:11:00,0.183,29,20
2026-05-22 22:17:00,0.167,68,20
2026-05-22 22:23:00,0.115,87,20
2026-05-22 22:29:00,0.07,63,20
2026-05-22 22:35:00,0.113,64,20
2026-05-22 22:41:00,0.124,79,20
2026-05-22 22:47:00,0.202,84,20
2026-05-22 22:53:00,0.171,109,20
2026-05-22 22:59:00,0.194,126,20
2026-05-22 23:05:00,0.319,124,20
2026-05-22 23:11:00,0.222,128,20
2026-05-22 23:17:00,0.233,120,20
2026-05-22 23:23:00,0.395,125,20
2026-05-22 23:29:00,0.321,136,20
2026-05-22 23:35:00,0.21,126,20
2026-05-22 23:41:00,0.19,129,20
2026-05-22 23:47:00,0.33,129,20
2026-05-22 23:53:00,0.327,139,20
2026-05-22 23:59:00,0.379,135,20
2026-05-23 00:05:00,0.47,140,20
2026-05-23 00:11:00,0.521,133,20
2026-05-23 00:17:00,0.535,130,20
2026-05-23 00:23:00,0.441,128,20
2026-05-23 00:29:00,0.377,116,20
2026-05-23 00:35:00,0.426,133,20
2026-05-23 00:41:00,0.381,122,20
2026-05-23 00:47:00,0.474,131,20
2026-05-23 00:53:00,0.568,134,20
2026-05-23 00:59:00,0.63,133,20
2026-05-23 01:05:00,0.68,134,20
2026-05-23 01:11:00,0.573,134,20
2026-05-23 01:17:00,0.651,136,20
2026-05-23 01:23:00,0.552,136,20
2026-05-23 01:29:00,0.715,135,20
2026-05-23 01:35:00,0.692,135,20
2026-05-23 01:41:00,0.64,136,20
2026-05-23 01:47:00,0.713,134,20
2026-05-23 01:53:00,0.706,132,20
2026-05-23 01:59:00,0.624,132,20
2026-05-23 02:05:00,0.665,132,20
2026-05-23 02:11:00,0.706,129,20
2026-05-23 02:17:00,0.787,134,20
2026-05-23 02:23:00,0.69,132,20
2026-05-23 02:29:00,0.719,135,20
2026-05-23 02:35:00,0.725,136,20
2026-05-23 02:41:00,0.665,134,20
2026-05-23 02:47:00,0.717,136,20
2026-05-23 02:53:00,0.632,131,20
2026-05-23 02:59:00,0.723,132,20
2026-05-23 03:05:00,0.711,133,20
2026-05-23 03:11:00,0.711,131,20
2026-05-23 03:17:00,0.744,134,20
2026-05-23 03:23:00,0.733,134,20
2026-05-23 03:29:00,0.702,132,20
2026-05-23 03:35:00,0.647,132,20
2026-05-23 03:41:00,0.653,129,20
2026-05-23 03:47:00,0.645,132,20
2026-05-23 03:53:00,0.69,132,20
2026-05-23 03:59:00,0.671,131,20
2026-05-23 04:05:00,0.645,133,20
2026-05-23 04:11:00,0.558,130,20
2026-05-23 04:17:00,0.554,131,20
2026-05-23 04:23:00,0.467,126,20
2026-05-23 04:29:00,0.428,128,20
2026-05-23 04:35:00,0.406,130,20
2026-05-23 04:41:00,0.41,125,20
2026-05-23 04:47:00,0.4,119,20
2026-05-23 04:53:00,0.398,125,20
2026-05-23 04:59:00,0.276,127,20
2026-05-23 05:05:00,0.266,115,20
2026-05-23 05:11:00,0.295,125,20
2026-05-23 05:17:00,0.307,125,20
2026-05-23 05:23:00,0.22,127,20
2026-05-23 05:29:00,0.202,119,20
2026-05-23 05:35:00,0.185,102,20
2026-05-23 05:41:00,0.122,69,20
2026-05-23 05:47:00,0.107,68,20
2026-05-23 05:53:00,0.117,0,20
2026-05-23 05:59:00,0.173,359,20
2026-05-23 06:05:00,0.202,334,20
2026-05-23 06:11:00,0.247,331,20
2026-05-23 06:17:00,0.319,327,20
2026-05-23 06:23:00,0.307,318,20
2026-05-23 06:29:00,0.181,329,20
2026-05-23 06:35:00,0.2,325,20
2026-05-23 06:41:00,0.311,305,20
2026-05-23 06:47:00,0.22,289,20
2026-05-23 06:53:00,0.272,303,20
2026-05-23 06:59:00,0.367,329,20
2026-05-23 07:05:00,0.105,41,20
2026-05-23 07:11:00,0.433,329,20
2026-05-23 07:17:00,0.478,340,20
2026-05-23 07:23:00,1.969,311,20
2026-05-23 07:29:00,0.906,289,20
2026-05-23 07:35:00,0.503,258,20
2026-05-23 07:41:00,0.204,217,20
2026-05-23 07:47:00,0.857,321,20
2026-05-23 07:53:00,0.33,289,20
2026-05-23 07:59:00,0.21,288,20
2026-05-23 08:05:00,0.389,333,20
2026-05-23 08:11:00,0.404,337,20
2026-05-23 08:17:00,0.41,339,20
2026-05-23 08:23:00,0.412,339,20
2026-05-23 08:29:00,0.395,339,20
2026-05-23 08:35:00,0.424,344,20
2026-05-23 08:41:00,0.441,344,20
2026-05-23 08:47:00,0.393,340,20
2026-05-23 08:53:00,0.393,339,20
2026-05-23 08:59:00,0.4,340,20
2026-05-23 09:05:00,0.564,337,20
2026-05-23 09:11:00,0.476,337,20
2026-05-23 09:17:00,0.502,336,20
2026-05-23 09:23:00,0.451,335,20
2026-05-23 09:29:00,0.412,345,20
2026-05-23 09:35:00,0.406,341,20
2026-05-23 09:41:00,0.47,332,20
2026-05-23 09:47:00,0.385,329,20
2026-05-23 09:53:00,0.342,335,20
2026-05-23 09:59:00,0.443,328,20
2026-05-23 10:05:00,0.307,336,20
2026-05-23 10:11:00,0.222,333,20
2026-05-23 10:17:00,0.311,337,20
2026-05-23 10:23:00,0.29,339,20
2026-05-23 10:29:00,0.224,355,20
2026-05-23 10:35:00,0.107,327,20
2026-05-23 10:41:00,0.132,34,20
2026-05-23 10:47:00,0.101,60,20
2026-05-23 10:53:00,0.138,36,20
2026-05-23 10:59:00,0.187,55,20
2026-05-23 11:05:00,0.187,13,20
2026-05-23 11:11:00,0.192,55,20
2026-05-23 11:17:00,0.138,66,20
2026-05-23 11:23:00,0.169,117,20
2026-05-23 11:35:00,0.144,29,20
2026-05-23 11:41:00,0.173,94,20
2026-05-23 11:47:00,0.173,102,20
2026-05-23 11:53:00,0.224,111,20
2026-05-23 11:59:00,0.262,118,20
2026-05-23 12:05:00,0.185,112,20
2026-05-23 12:11:00,0.229,122,20
2026-05-23 12:17:00,0.2,109,20
2026-05-23 12:23:00,0.249,123,20
2026-05-23 12:29:00,0.325,128,20
2026-05-23 12:35:00,0.303,126,20
2026-05-23 12:41:00,0.185,117,20
2026-05-23 12:47:00,0.208,121,20
2026-05-23 12:53:00,0.364,118,20
2026-05-23 12:59:00,0.21,116,20
2026-05-23 13:05:00,0.239,116,20
2026-05-23 13:11:00,0.364,124,20
2026-05-23 13:17:00,0.36,124,20
2026-05-23 13:23:00,0.426,130,20
2026-05-23 13:29:00,0.367,149,20
2026-05-23 13:35:00,0.535,146,20
2026-05-23 13:41:00,0.614,139,20
2026-05-23 13:47:00,0.603,138,20
2026-05-23 13:53:00,0.612,133,20
2026-05-23 13:59:00,0.494,136,20
2026-05-23 14:05:00,0.603,134,20
2026-05-23 14:11:00,0.562,136,20
2026-05-23 14:17:00,0.713,137,20
2026-05-23 14:23:00,0.803,136,20
2026-05-23 14:29:00,0.838,136,20
2026-05-23 14:35:00,0.832,135,20
2026-05-23 14:41:00,0.822,133,20
2026-05-23 14:47:00,0.84,133,20
2026-05-23 14:53:00,0.916,135,20
2026-05-23 14:59:00,0.982,134,20
2026-05-23 15:05:00,0.939,135,20
2026-05-23 15:11:00,1.071,136,20
2026-05-23 15:17:00,1.04,136,20
2026-05-23 15:23:00,1.108,137,20
2026-05-23 15:29:00,1.032,135,20
2026-05-23 15:35:00,1.075,135,20
2026-05-23 15:41:00,1.021,134,20
2026-05-23 15:47:00,1.075,133,20
2026-05-23 15:53:00,0.987,134,20
2026-05-23 15:59:00,0.956,134,20
2026-05-23 16:05:00,1.067,134,20
2026-05-23 16:11:00,1.056,135,20
2026-05-23 16:17:00,1.077,135,20
2026-05-23 16:23:00,1.116,136,20
2026-05-23 16:29:00,1.124,137,20
2026-05-23 16:35:00,1.087,136,20
2026-05-23 16:41:00,1.04,137,20
2026-05-23 16:47:00,1.077,135,20
2026-05-23 16:53:00,1.001,135,20
2026-05-23 16:59:00,1.054,136,20
2026-05-23 17:05:00,0.984,134,20
2026-05-23 17:11:00,0.844,135,20
2026-05-23 17:17:00,0.834,134,20
2026-05-23 17:23:00,0.696,130,20
2026-05-23 17:29:00,0.71,131,20
2026-05-23 17:35:00,0.733,132,20
2026-05-23 17:41:00,0.684,130,20
2026-05-23 17:47:00,0.704,133,20
2026-05-23 17:53:00,0.564,134,20
2026-05-23 17:59:00,0.562,132,20
2026-05-23 18:05:00,0.519,134,20
2026-05-23 18:11:00,0.503,134,20
2026-05-23 18:17:00,0.503,132,20
2026-05-23 18:23:00,0.356,129,20
2026-05-23 18:29:00,0.323,124,20
2026-05-23 18:35:00,0.299,122,20
2026-05-23 18:41:00,0.268,133,20
2026-05-23 18:47:00,0.245,117,20
2026-05-23 18:53:00,0.156,115,20
2026-05-23 18:59:00,0.187,98,20
2026-05-23 19:05:00,0.121,101,20
2026-05-23 19:11:00,0.109,89,20
2026-05-23 19:23:00,0.086,34,20
2026-05-23 19:29:00,0.087,45,20
2026-05-23 19:35:00,0.097,56,20
2026-05-23 19:41:00,0.095,13,20
2026-05-23 19:47:00,0.058,357,20
2026-05-23 19:53:00,0.156,347,20
2026-05-23 19:59:00,0.196,332,20
2026-05-23 20:05:00,0.179,332,20
2026-05-23 20:11:00,0.192,335,20
2026-05-23 20:17:00,0.161,325,20
2026-05-23 20:23:00,0.218,328,20
2026-05-23 20:29:00,0.344,322,20
2026-05-23 20:35:00,0.369,319,20
2026-05-23 20:41:00,0.294,330,20
2026-05-23 20:47:00,0.313,312,20
2026-05-23 20:53:00,0.338,314,20
2026-05-23 20:59:00,0.513,325,20
2026-05-23 21:05:00,0.525,335,20
2026-05-23 21:11:00,0.352,336,20
2026-05-23 21:17:00,0.319,330,20
2026-05-23 21:23:00,0.303,336,20
2026-05-23 21:29:00,0.303,338,20
2026-05-23 21:35:00,0.278,335,20
2026-05-23 21:41:00,0.295,338,20
2026-05-23 21:47:00,0.272,340,20
2026-05-23 21:53:00,0.28,346,20
2026-05-23 21:59:00,0.214,348,20
2026-05-23 22:05:00,0.198,2,20
2026-05-23 22:11:00,0.288,342,20
2026-05-23 22:17:00,0.214,355,20
2026-05-23 22:23:00,0.136,17,20
2026-05-23 22:29:00,0.171,33,20
2026-05-23 22:35:00,0.099,51,20
2026-05-23 22:41:00,0.121,49,20
2026-05-23 22:47:00,0.103,74,20
2026-05-23 22:53:00,0.128,54,20
2026-05-23 22:59:00,0.076,42,20
2026-05-23 23:05:00,0.167,25,20
2026-05-23 23:11:00,0.101,89,20
2026-05-23 23:17:00,0.189,46,20
2026-05-23 23:23:00,0.148,58,20
2026-05-23 23:29:00,0.159,48,20
2026-05-23 23:35:00,0.056,91,20
2026-05-23 23:41:00,0.175,99,20
2026-05-23 23:47:00,0.268,121,20
2026-05-23 23:53:00,0.163,123,20
2026-05-23 23:59:00,0.212,132,20
2026-05-24 00:05:00,0.156,118,20
2026-05-24 00:11:00,0.26,133,20
2026-05-24 00:17:00,0.154,119,20
2026-05-24 00:23:00,0.218,135,20
2026-05-24 00:29:00,0.225,121,20
2026-05-24 00:35:00,0.321,127,20
2026-05-24 00:41:00,0.189,109,20
2026-05-24 00:47:00,0.28,123,20
2026-05-24 00:53:00,0.28,125,20
2026-05-24 00:59:00,0.229,112,20
2026-05-24 01:05:00,0.319,107,20
2026-05-24 01:11:00,0.288,115,20
2026-05-24 01:17:00,0.173,98,20
2026-05-24 01:23:00,0.358,116,20
2026-05-24 01:29:00,0.321,116,20
2026-05-24 01:35:00,0.365,128,20
2026-05-24 01:41:00,0.42,133,20
2026-05-24 01:47:00,0.433,142,20
2026-05-24 01:53:00,0.43,137,20
2026-05-24 01:59:00,0.418,136,20
2026-05-24 02:05:00,0.572,134,20
2026-05-24 02:11:00,0.556,141,20
2026-05-24 02:17:00,0.548,147,20
2026-05-24 02:23:00,0.519,144,20
2026-05-24 02:29:00,0.509,143,20
2026-05-24 02:35:00,0.686,134,20
2026-05-24 02:41:00,0.61,138,20
2026-05-24 02:47:00,0.706,137,20
2026-05-24 02:53:00,0.622,135,20
2026-05-24 02:59:00,0.64,133,20
2026-05-24 03:05:00,0.71,136,20
2026-05-24 03:11:00,0.659,134,20
2026-05-24 03:17:00,0.715,136,20
2026-05-24 03:23:00,0.659,133,20
2026-05-24 03:29:00,0.789,134,20
2026-05-24 03:35:00,0.671,133,20
2026-05-24 03:41:00,0.77,136,20
2026-05-24 03:47:00,0.82,132,20
2026-05-24 03:53:00,0.783,132,20
2026-05-24 03:59:00,0.896,135,20
2026-05-24 04:05:00,0.867,134,20
2026-05-24 04:11:00,0.848,136,20
2026-05-24 04:17:00,0.857,136,20
2026-05-24 04:23:00,0.863,134,20
2026-05-24 04:29:00,0.824,135,20
2026-05-24 04:35:00,0.743,134,20
2026-05-24 04:41:00,0.719,134,20
2026-05-24 04:47:00,0.739,135,20
2026-05-24 04:53:00,0.811,135,20
2026-05-24 04:59:00,0.84,133,20
2026-05-24 05:05:00,0.82,135,20
2026-05-24 05:11:00,0.789,135,20
2026-05-24 05:17:00,0.706,136,20
2026-05-24 05:23:00,0.614,136,20
2026-05-24 05:29:00,0.57,132,20
2026-05-24 05:35:00,0.531,131,20
2026-05-24 05:41:00,0.461,129,20
2026-05-24 05:47:00,0.398,125,20
2026-05-24 05:53:00,0.317,125,20
2026-05-24 05:59:00,0.348,125,20
2026-05-24 06:05:00,0.255,128,20
2026-05-24 06:11:00,0.247,112,20
2026-05-24 06:17:00,0.27,122,20
2026-05-24 06:23:00,0.22,129,20
2026-05-24 06:29:00,0.086,102,20
2026-05-24 06:35:00,0.084,82,20
2026-05-24 06:41:00,0.101,103,20
2026-05-24 06:47:00,0.128,3,20
2026-05-24 06:53:00,0.224,352,20
2026-05-24 06:59:00,0.292,330,20
2026-05-24 07:05:00,0.379,332,20
2026-05-24 07:11:00,0.398,333,20
2026-05-24 07:17:00,0.395,331,20
2026-05-24 07:23:00,0.389,335,20
2026-05-24 07:29:00,0.441,328,20
2026-05-24 07:35:00,0.377,333,20
2026-05-24 07:41:00,0.365,332,20
2026-05-24 07:47:00,0.34,331,20
2026-05-24 07:53:00,0.325,334,20
2026-05-24 07:59:00,0.305,340,20
2026-05-24 08:05:00,0.336,340,20
2026-05-24 08:11:00,0.352,333,20
2026-05-24 08:17:00,0.301,343,20
2026-05-24 08:23:00,0.354,343,20
2026-05-24 08:29:00,0.311,356,20
2026-05-24 08:35:00,0.27,2,20
2026-05-24 08:41:00,0.245,6,20
2026-05-24 08:47:00,0.26,11,20
2026-05-24 08:53:00,0.441,8,20
2026-05-24 08:59:00,0.325,2,20
2026-05-24 09:05:00,0.262,10,20
2026-05-24 09:11:00,0.194,5,20
2026-05-24 09:17:00,0.224,6,20
2026-05-24 09:23:00,0.121,359,20
2026-05-24 09:29:00,0.121,2,20
2026-05-24 09:35:00,0.218,352,20
2026-05-24 09:41:00,0.317,343,20
2026-05-24 09:47:00,0.36,341,20
2026-05-24 09:53:00,0.426,335,20
2026-05-24 09:59:00,0.435,336,20
2026-05-24 10:05:00,0.482,320,20
2026-05-24 10:11:00,0.568,312,20
2026-05-24 10:17:00,0.634,313,20
2026-05-24 10:23:00,0.55,315,20
2026-05-24 10:29:00,0.659,319,20
2026-05-24 10:35:00,0.626,323,20
2026-05-24 10:41:00,0.713,319,20
2026-05-24 10:47:00,0.577,320,20
2026-05-24 10:53:00,0.647,320,20
2026-05-24 10:59:00,0.513,322,20
2026-05-24 11:05:00,0.494,331,20
2026-05-24 11:11:00,0.562,331,20
2026-05-24 11:17:00,0.5,328,20
2026-05-24 11:23:00,0.449,333,20
2026-05-24 11:29:00,0.476,337,20
2026-05-24 11:35:00,0.369,337,20
2026-05-24 11:41:00,0.503,334,20
2026-05-24 11:47:00,0.29,339,20
2026-05-24 11:53:00,0.455,337,20
2026-05-24 11:59:00,0.383,332,20
2026-05-24 12:05:00,0.208,346,20
2026-05-24 12:11:00,0.105,352,20
2026-05-24 12:17:00,0.054,331,20
2026-05-24 12:23:00,0.068,358,20
2026-05-24 12:29:00,0.115,61,20
2026-05-24 12:35:00,0.224,99,20
2026-05-24 12:41:00,0.093,44,20
2026-05-24 12:47:00,0.173,118,20
2026-05-24 12:53:00,0.047,79,20
2026-05-24 12:59:00,0.235,104,20
2026-05-24 13:05:00,0.348,111,20
2026-05-24 13:11:00,0.311,104,20
2026-05-24 13:17:00,0.222,99,20
2026-05-24 13:23:00,0.383,109,20
2026-05-24 13:29:00,0.245,94,20
2026-05-24 13:35:00,0.395,116,20
2026-05-24 13:41:00,0.554,129,20
2026-05-24 13:47:00,0.509,133,20
2026-05-24 13:53:00,0.519,140,20
2026-05-24 13:59:00,0.486,141,20
2026-05-24 14:05:00,0.404,140,20
2026-05-24 14:11:00,0.453,142,20
2026-05-24 14:17:00,0.43,141,20
2026-05-24 14:23:00,0.245,144,20
2026-05-24 14:29:00,0.486,137,20
2026-05-24 14:35:00,0.605,135,20
2026-05-24 14:41:00,0.455,135,20
2026-05-24 14:47:00,0.426,134,20
2026-05-24 14:53:00,0.688,132,20
2026-05-24 14:59:00,0.706,134,20
2026-05-24 15:05:00,0.711,134,20
2026-05-24 15:11:00,0.791,132,20
2026-05-24 15:17:00,0.647,138,20
2026-05-24 15:23:00,0.702,134,20
2026-05-24 15:29:00,0.754,132,20
2026-05-24 15:35:00,0.754,134,20
2026-05-24 15:41:00,0.879,133,20
2026-05-24 15:47:00,0.875,134,20
2026-05-24 15:53:00,0.923,134,20
2026-05-24 15:59:00,0.881,134,20
2026-05-24 16:05:00,1.003,135,20
2026-05-24 16:11:00,0.958,131,20
2026-05-24 16:17:00,0.966,133,20
2026-05-24 16:23:00,1.1,133,20
2026-05-24 16:29:00,1.024,134,20
2026-05-24 16:35:00,1.149,135,20
2026-05-24 16:41:00,1.124,136,20
2026-05-24 16:47:00,1.164,135,20
2026-05-24 16:53:00,1.1,134,20
2026-05-24 16:59:00,1.145,137,20
2026-05-24 17:05:00,1.094,136,20
2026-05-24 17:11:00,1.131,136,20
2026-05-24 17:17:00,1.077,137,20
2026-05-24 17:23:00,1.021,137,20
2026-05-24 17:29:00,1.12,137,20
2026-05-24 17:35:00,1.094,136,20
2026-05-24 17:41:00,0.954,135,20
2026-05-24 17:47:00,1.017,139,20
2026-05-24 17:53:00,0.892,134,20
2026-05-24 17:59:00,0.931,135,20
2026-05-24 18:05:00,0.906,132,20
2026-05-24 18:11:00,0.748,132,20
2026-05-24 18:17:00,0.667,133,20
2026-05-24 18:23:00,0.57,136,20
2026-05-24 18:29:00,0.575,133,20
2026-05-24 18:35:00,0.608,134,20
2026-05-24 18:41:00,0.56,135,20
2026-05-24 18:47:00,0.554,132,20
2026-05-24 18:53:00,0.437,129,20
2026-05-24 18:59:00,0.365,126,20
2026-05-24 19:05:00,0.255,116,20
2026-05-24 19:11:00,0.216,139,20
2026-05-24 19:17:00,0.189,147,20
2026-05-24 19:23:00,0.148,151,20
2026-05-24 19:29:00,0.175,147,20
2026-05-24 19:35:00,0.177,140,20
2026-05-24 19:41:00,0.128,168,20
2026-05-24 19:47:00,0.138,145,20
2026-05-24 19:53:00,0.122,143,20
2026-05-24 19:59:00,0.035,199,20
2026-05-24 20:05:00,0.124,293,20
2026-05-24 20:11:00,0.093,247,20
2026-05-24 20:17:00,0.295,324,20
2026-05-24 20:23:00,0.157,288,20
2026-05-24 20:29:00,0.344,315,20
2026-05-24 20:35:00,0.327,305,20
2026-05-24 20:41:00,0.305,305,20
2026-05-24 20:47:00,0.309,319,20
2026-05-24 20:53:00,0.288,315,20
2026-05-24 20:59:00,0.398,322,20
2026-05-24 21:05:00,0.529,329,20
2026-05-24 21:11:00,0.441,319,20
2026-05-24 21:17:00,0.449,329,20
2026-05-24 21:23:00,0.389,318,20
2026-05-24 21:29:00,0.424,326,20
2026-05-24 21:35:00,0.459,331,20
2026-05-24 21:41:00,0.439,333,20
2026-05-24 21:47:00,0.467,335,20
2026-05-24 21:53:00,0.581,334,20
2026-05-24 21:59:00,0.455,335,20
2026-05-24 22:05:00,0.546,330,20
2026-05-24 22:11:00,0.503,331,20
2026-05-24 22:17:00,0.402,335,20
2026-05-24 22:23:00,0.503,331,20
2026-05-24 22:29:00,0.552,330,20
2026-05-24 22:35:00,0.523,336,20
2026-05-24 22:41:00,0.536,338,20
2026-05-24 22:47:00,0.548,342,20
2026-05-24 22:53:00,0.328,349,20
2026-05-24 22:59:00,0.305,358,20
2026-05-24 23:05:00,0.313,359,20
2026-05-24 23:11:00,0.364,353,20
2026-05-24 23:17:00,0.288,347,20
2026-05-24 23:23:00,0.47,342,20
2026-05-24 23:29:00,0.573,337,20
2026-05-24 23:35:00,0.505,336,20
2026-05-24 23:41:00,0.55,337,20
2026-05-24 23:47:00,0.49,347,20
2026-05-24 23:53:00,0.449,337,20
2026-05-24 23:59:00,0.451,348,20
2026-05-25 00:05:00,0.426,340,20
2026-05-25 00:11:00,0.332,349,20
2026-05-25 00:17:00,0.414,333,20
2026-05-25 00:23:00,0.325,339,20
2026-05-25 00:29:00,0.22,347,20
2026-05-25 00:35:00,0.169,70,20
2026-05-25 00:41:00,0.159,31,20
2026-05-25 00:47:00,0.194,26,20
2026-05-25 00:53:00,0.122,38,20
2026-05-25 00:59:00,0.171,11,20
2026-05-25 01:05:00,0.175,22,20
2026-05-25 01:11:00,0.208,34,20
2026-05-25 01:17:00,0.101,69,20
2026-05-25 01:23:00,0.183,32,20
2026-05-25 01:29:00,0.22,56,20
2026-05-25 01:35:00,0.181,90,20
2026-05-25 01:41:00,0.173,109,20
2026-05-25 01:47:00,0.161,74,20
2026-05-25 01:53:00,0.173,93,20
2026-05-25 01:59:00,0.284,112,20
2026-05-25 02:05:00,0.334,119,20
2026-05-25 02:11:00,0.338,125,20
2026-05-25 02:17:00,0.268,106,20
2026-05-25 02:23:00,0.264,116,20
2026-05-25 02:29:00,0.262,109,20
2026-05-25 02:35:00,0.262,121,20
2026-05-25 02:41:00,0.29,115,20
2026-05-25 02:47:00,0.259,116,20
2026-05-25 02:53:00,0.328,113,20
2026-05-25 02:59:00,0.412,124,20
2026-05-25 03:05:00,0.424,126,20
2026-05-25 03:11:00,0.426,124,20
2026-05-25 03:17:00,0.402,130,20
2026-05-25 03:23:00,0.455,133,20
2026-05-25 03:29:00,0.457,130,20
2026-05-25 03:35:00,0.459,133,20
2026-05-25 03:41:00,0.538,135,20
2026-05-25 03:47:00,0.527,133,20
2026-05-25 03:53:00,0.632,134,20
2026-05-25 03:59:00,0.676,135,20
2026-05-25 04:05:00,0.603,131,20
2026-05-25 04:11:00,0.655,133,20
2026-05-25 04:17:00,0.713,134,20
2026-05-25 04:23:00,0.76,137,20
2026-05-25 04:29:00,0.715,136,20
2026-05-25 04:35:00,0.735,135,20
2026-05-25 04:41:00,0.729,136,20
2026-05-25 04:47:00,0.729,136,20
2026-05-25 04:53:00,0.704,136,20
2026-05-25 04:59:00,0.717,134,20
2026-05-25 05:05:00,0.676,136,20
2026-05-25 05:11:00,0.756,140,20
2026-05-25 05:17:00,0.704,136,20
2026-05-25 05:23:00,0.715,136,20
2026-05-25 05:29:00,0.68,136,20
2026-05-25 05:35:00,0.667,137,20
2026-05-25 05:41:00,0.673,138,20
2026-05-25 05:47:00,0.566,134,20
2026-05-25 05:53:00,0.612,138,20
2026-05-25 05:59:00,0.562,138,20
2026-05-25 06:05:00,0.49,142,20
2026-05-25 06:11:00,0.533,137,20
2026-05-25 06:17:00,0.433,139,20
2026-05-25 06:23:00,0.426,140,20
2026-05-25 06:29:00,0.377,141,20
2026-05-25 06:35:00,0.373,142,20
2026-05-25 06:41:00,0.336,142,20
2026-05-25 06:47:00,0.255,139,20
2026-05-25 06:53:00,0.268,148,20
2026-05-25 06:59:00,0.206,145,20
2026-05-25 07:05:00,0.253,144,20
2026-05-25 07:11:00,0.169,166,20
2026-05-25 07:17:00,0.084,137,20
2026-05-25 07:23:00,0.043,27,20
2026-05-25 07:29:00,0.051,57,20
2026-05-25 07:35:00,0.029,49,20
2026-05-25 07:41:00,0.202,313,20
2026-05-25 07:53:00,0.325,322,20
2026-05-25 07:59:00,0.278,326,20
2026-05-25 08:05:00,0.29,324,20
2026-05-25 08:11:00,0.356,318,20
2026-05-25 08:17:00,0.465,320,20
2026-05-25 08:23:00,0.408,325,20
2026-05-25 08:29:00,0.432,322,20
2026-05-25 08:35:00,0.42,321,20
2026-05-25 08:41:00,0.369,324,20
2026-05-25 08:47:00,0.443,326,20
2026-05-25 08:53:00,0.387,327,20
2026-05-25 08:59:00,0.451,321,20
2026-05-25 09:05:00,0.476,320,20
2026-05-25 09:11:00,0.43,331,20
2026-05-25 09:17:00,0.412,337,20
2026-05-25 09:23:00,0.503,331,20
2026-05-25 09:29:00,0.395,331,20
2026-05-25 09:35:00,0.527,331,20
2026-05-25 09:41:00,0.441,341,20
2026-05-25 09:47:00,0.525,343,20
2026-05-25 09:53:00,0.513,346,20
2026-05-25 09:59:00,0.54,342,20
2026-05-25 10:05:00,0.577,343,20
2026-05-25 10:11:00,0.612,339,20
2026-05-25 10:17:00,0.682,332,20
2026-05-25 10:23:00,0.655,335,20
2026-05-25 10:29:00,0.696,335,20
2026-05-25 10:35:00,0.673,338,20
2026-05-25 10:41:00,0.667,340,20
2026-05-25 10:47:00,0.56,343,20
2026-05-25 10:53:00,0.503,340,20
2026-05-25 10:59:00,0.614,341,20
2026-05-25 11:05:00,0.478,337,20
2026-05-25 11:11:00,0.581,343,20
2026-05-25 11:17:00,0.55,346,20
2026-05-25 11:23:00,0.424,353,20
2026-05-25 11:29:00,0.511,346,20
2026-05-25 11:35:00,0.505,344,20
2026-05-25 11:41:00,0.412,344,20
2026-05-25 11:47:00,0.422,351,20
2026-05-25 11:53:00,0.449,355,20
2026-05-25 11:59:00,0.319,3,20
2026-05-25 12:05:00,0.367,358,20
2026-05-25 12:11:00,0.377,349,20
2026-05-25 12:17:00,0.391,346,20
2026-05-25 12:23:00,0.268,356,20
2026-05-25 12:29:00,0.237,357,20
2026-05-25 12:35:00,0.202,358,20
2026-05-25 12:41:00,0.19,9,20
2026-05-25 12:47:00,0.177,4,20
2026-05-25 12:53:00,0.156,15,20
2026-05-25 12:59:00,0.212,347,20
2026-05-25 13:05:00,0.198,355,20
2026-05-25 13:11:00,0.237,347,20
2026-05-25 13:17:00,0.165,347,20
2026-05-25 13:23:00,0.084,95,20
2026-05-25 13:29:00,0.06,48,20
2026-05-25 13:35:00,0.033,32,20
2026-05-25 13:41:00,0.167,117,20
2026-05-25 13:47:00,0.225,112,20
2026-05-25 13:53:00,0.099,89,20
2026-05-25 13:59:00,0.185,132,20
2026-05-25 14:05:00,0.183,105,20
2026-05-25 14:11:00,0.303,125,20
2026-05-25 14:17:00,0.367,119,20
2026-05-25 14:23:00,0.315,79,20
2026-05-25 14:29:00,0.404,121,20
2026-05-25 14:35:00,0.381,127,20
2026-05-25 14:41:00,0.348,122,20
2026-05-25 14:47:00,0.455,131,20
2026-05-25 14:53:00,0.408,128,20
2026-05-25 14:59:00,0.406,133,20
2026-05-25 15:05:00,0.43,124,20
2026-05-25 15:11:00,0.418,134,20
2026-05-25 15:17:00,0.445,134,20
2026-05-25 15:23:00,0.517,131,20
2026-05-25 15:29:00,0.61,140,20
2026-05-25 15:35:00,0.593,134,20
2026-05-25 15:41:00,0.601,137,20
2026-05-25 15:47:00,0.492,135,20
2026-05-25 15:53:00,0.603,127,20
2026-05-25 15:59:00,0.731,134,20
2026-05-25 16:05:00,0.706,136,20
2026-05-25 16:11:00,0.673,134,20
2026-05-25 16:17:00,0.663,136,20
2026-05-25 16:23:00,0.655,137,20
2026-05-25 16:29:00,0.801,136,20
2026-05-25 16:35:00,0.715,136,20
2026-05-25 16:41:00,0.803,138,20
2026-05-25 16:47:00,0.762,139,20
2026-05-25 16:53:00,0.836,137,20
2026-05-25 16:59:00,0.828,136,20
2026-05-25 17:05:00,0.857,137,20
2026-05-25 17:11:00,0.723,139,20
2026-05-25 17:17:00,0.781,137,20
2026-05-25 17:23:00,0.797,140,20
2026-05-25 17:29:00,0.846,138,20
2026-05-25 17:35:00,0.857,137,20
2026-05-25 17:41:00,0.859,137,20
2026-05-25 17:47:00,0.741,138,20
2026-05-25 17:53:00,0.756,137,20
2026-05-25 17:59:00,0.729,137,20
2026-05-25 18:05:00,0.63,136,20
2026-05-25 18:11:00,0.581,138,20
2026-05-25 18:17:00,0.632,137,20
2026-05-25 18:23:00,0.601,138,20
2026-05-25 18:29:00,0.529,141,20
2026-05-25 18:35:00,0.511,136,20
2026-05-25 18:41:00,0.603,133,20
2026-05-25 18:47:00,0.544,131,20
2026-05-25 18:53:00,0.406,134,20
2026-05-25 18:59:00,0.4,134,20
2026-05-25 19:05:00,0.362,132,20
2026-05-25 19:11:00,0.34,128,20
2026-05-25 19:17:00,0.323,128,20
2026-05-25 19:23:00,0.224,138,20
2026-05-25 19:29:00,0.175,131,20
2026-05-25 19:35:00,0.068,0,20
2026-05-25 19:41:00,0.049,69,20
2026-05-25 19:47:00,0.119,22,20
2026-05-25 19:53:00,0.346,353,20
2026-05-25 19:59:00,0.233,10,20
2026-05-25 20:05:00,0.132,347,20
2026-05-25 20:11:00,0.406,340,20
2026-05-25 20:17:00,0.552,323,20
2026-05-25 20:23:00,0.47,325,20
2026-05-25 20:29:00,0.4,333,20
2026-05-25 20:35:00,0.299,327,20
2026-05-25 20:41:00,0.307,313,20
2026-05-25 20:47:00,0.212,343,20
2026-05-25 20:53:00,0.297,343,20
2026-05-25 20:59:00,0.317,341,20
2026-05-25 21:05:00,0.274,343,20
2026-05-25 21:11:00,0.319,346,20
2026-05-25 21:17:00,0.34,338,20
2026-05-25 21:23:00,0.488,337,20
2026-05-25 21:29:00,0.49,332,20
2026-05-25 21:35:00,0.422,344,20
2026-05-25 21:41:00,0.449,345,20
2026-05-25 21:47:00,0.5,348,20
2026-05-25 21:53:00,0.418,344,20
2026-05-25 21:59:00,0.416,349,20
2026-05-25 22:05:00,0.402,348,20
2026-05-25 22:11:00,0.498,343,20
2026-05-25 22:17:00,0.325,337,20
2026-05-25 22:23:00,0.395,343,20
2026-05-25 22:29:00,0.379,353,20
2026-05-25 22:35:00,0.398,349,20
2026-05-25 22:41:00,0.414,349,20
2026-05-25 22:47:00,0.377,352,20
2026-05-25 22:53:00,0.33,349,20
2026-05-25 22:59:00,0.449,344,20
2026-05-25 23:05:00,0.451,343,20
2026-05-25 23:11:00,0.453,340,20
2026-05-25 23:17:00,0.502,338,20
2026-05-25 23:23:00,0.387,338,20
2026-05-25 23:29:00,0.435,335,20
2026-05-25 23:35:00,0.48,347,20
2026-05-25 23:41:00,0.43,347,20
2026-05-25 23:47:00,0.364,349,20
2026-05-25 23:53:00,0.402,350,20
2026-05-25 23:59:00,0.43,356,20
2026-05-26 00:05:00,0.402,353,20
2026-05-26 00:11:00,0.437,0,20
2026-05-26 00:17:00,0.375,9,20
2026-05-26 00:23:00,0.286,17,20
2026-05-26 00:29:00,0.253,34,20
2026-05-26 00:35:00,0.251,11,20
2026-05-26 00:41:00,0.22,21,20
2026-05-26 00:47:00,0.251,27,20
2026-05-26 00:53:00,0.224,31,20
2026-05-26 00:59:00,0.225,33,20
2026-05-26 01:05:00,0.222,61,20
2026-05-26 01:11:00,0.216,66,20
2026-05-26 01:17:00,0.212,74,20
2026-05-26 01:23:00,0.148,62,20
2026-05-26 01:29:00,0.2,80,20
2026-05-26 01:35:00,0.198,97,20
2026-05-26 01:41:00,0.214,89,20
2026-05-26 01:47:00,0.262,102,20
2026-05-26 01:53:00,0.342,104,20
2026-05-26 01:59:00,0.468,112,20
2026-05-26 02:05:00,0.391,94,20
2026-05-26 02:11:00,0.4,101,20
2026-05-26 02:17:00,0.496,110,20
2026-05-26 02:23:00,0.472,109,20
2026-05-26 02:29:00,0.55,123,20
2026-05-26 02:35:00,0.529,118,20
2026-05-26 02:41:00,0.556,115,20
2026-05-26 02:47:00,0.416,118,20
2026-05-26 02:53:00,0.422,112,20
2026-05-26 02:59:00,0.439,116,20
2026-05-26 03:05:00,0.439,116,20
2026-05-26 03:11:00,0.358,116,20
2026-05-26 03:17:00,0.364,127,20
2026-05-26 03:23:00,0.369,128,20
2026-05-26 03:29:00,0.453,127,20
2026-05-26 03:35:00,0.433,121,20
2026-05-26 03:41:00,0.416,128,20
2026-05-26 03:47:00,0.478,125,20
2026-05-26 03:53:00,0.552,127,20
2026-05-26 03:59:00,0.447,121,20
2026-05-26 04:05:00,0.546,127,20
2026-05-26 04:11:00,0.568,133,20
2026-05-26 04:17:00,0.612,132,20
2026-05-26 04:23:00,0.641,132,20
2026-05-26 04:29:00,0.624,134,20
2026-05-26 04:35:00,0.62,131,20
2026-05-26 04:41:00,0.653,134,20
2026-05-26 04:47:00,0.626,134,20
2026-05-26 04:53:00,0.789,134,20
2026-05-26 04:59:00,0.925,130,20
2026-05-26 05:05:00,0.894,132,20
2026-05-26 05:11:00,0.857,129,20
2026-05-26 05:17:00,0.861,133,20
2026-05-26 05:23:00,0.949,137,20
2026-05-26 05:29:00,0.892,136,20
2026-05-26 05:35:00,0.848,131,20
2026-05-26 05:41:00,0.715,124,20
2026-05-26 05:47:00,0.785,128,20
2026-05-26 05:53:00,0.834,125,20
2026-05-26 05:59:00,0.877,130,20
2026-05-26 06:05:00,0.902,131,20
2026-05-26 06:11:00,0.956,131,20
2026-05-26 06:17:00,0.935,132,20
2026-05-26 06:23:00,0.933,131,20
2026-05-26 06:29:00,0.956,131,20
2026-05-26 06:35:00,0.873,131,20
2026-05-26 06:41:00,0.945,132,20
2026-05-26 06:47:00,0.997,133,20
2026-05-26 06:53:00,0.916,134,20
2026-05-26 06:59:00,0.941,133,20
2026-05-26 07:05:00,0.923,131,20
2026-05-26 07:11:00,0.947,131,20
2026-05-26 07:17:00,0.886,135,20
2026-05-26 07:23:00,0.793,134,20
2026-05-26 07:29:00,0.807,132,20
2026-05-26 07:35:00,0.801,133,20
2026-05-26 07:41:00,0.774,133,20
2026-05-26 07:47:00,0.721,135,20
2026-05-26 07:53:00,0.758,134,20
2026-05-26 07:59:00,0.676,135,20
2026-05-26 08:05:00,0.711,137,20
2026-05-26 08:11:00,0.69,135,20
2026-05-26 08:17:00,0.581,135,20
2026-05-26 08:23:00,0.595,133,20
2026-05-26 08:29:00,0.593,132,20
2026-05-26 08:35:00,0.478,133,20
2026-05-26 08:41:00,0.546,139,20
2026-05-26 08:47:00,0.492,140,20
2026-05-26 08:53:00,0.451,137,20
2026-05-26 08:59:00,0.385,141,20
2026-05-26 09:05:00,0.325,141,20
2026-05-26 09:11:00,0.163,148,20
2026-05-26 09:17:00,0.253,281,20
2026-05-26 09:23:00,0.177,191,20
2026-05-26 09:29:00,0.121,125,20
2026-05-26 09:35:00,0.152,41,20
2026-05-26 09:41:00,0.099,343,20
2026-05-26 09:47:00,0.087,327,20
2026-05-26 09:53:00,0.025,128,20
2026-05-26 09:59:00,0.074,106,20
2026-05-26 10:05:00,0.128,135,20
2026-05-26 10:11:00,0.142,167,20
2026-05-26 10:17:00,0.194,165,20
2026-05-26 10:23:00,0.08,200,20
2026-05-26 10:29:00,0.204,144,20
2026-05-26 10:35:00,0.06,136,20
2026-05-26 10:41:00,0.148,136,20
2026-05-26 10:47:00,0.031,184,20
2026-05-26 10:53:00,0.122,157,20
2026-05-26 10:59:00,0.039,263,20
2026-05-26 11:05:00,0.062,259,20
2026-05-26 11:11:00,0.041,234,20
2026-05-26 11:17:00,0.031,169,20
2026-05-26 11:23:00,0.035,185,20
2026-05-26 11:29:00,0.049,184,20
2026-05-26 11:35:00,0.041,245,20
2026-05-26 11:41:00,0.064,268,20
2026-05-26 11:47:00,0.105,317,20
2026-05-26 11:53:00,0.045,289,20
2026-05-26 11:59:00,0.037,1,20
2026-05-26 12:05:00,0.035,324,20
2026-05-26 12:11:00,0.047,149,20
2026-05-26 12:17:00,0.082,161,20
2026-05-26 12:23:00,0.132,159,20
2026-05-26 12:29:00,0.245,151,20
2026-05-26 12:35:00,0.146,154,20
2026-05-26 12:41:00,0.185,132,20
2026-05-26 12:47:00,0.146,142,20
2026-05-26 12:53:00,0.064,138,20
2026-05-26 12:59:00,0.056,178,20
2026-05-26 13:05:00,0.105,122,20
2026-05-26 13:11:00,0.035,95,20
2026-05-26 13:17:00,0.049,165,20
2026-05-26 13:23:00,0.058,87,20
2026-05-26 13:29:00,0.025,120,20
2026-05-26 13:35:00,0.173,133,20
2026-05-26 13:41:00,0.111,151,20
2026-05-26 13:47:00,0.165,128,20
2026-05-26 13:53:00,0.122,153,20
2026-05-26 13:59:00,0.179,138,20
2026-05-26 14:05:00,0.36,136,20
2026-05-26 14:11:00,0.272,120,20
2026-05-26 14:17:00,0.332,134,20
2026-05-26 14:23:00,0.189,143,20
2026-05-26 14:29:00,0.346,137,20
2026-05-26 14:35:00,0.346,134,20
2026-05-26 14:41:00,0.447,135,20
2026-05-26 14:47:00,0.488,141,20
2026-05-26 14:53:00,0.552,144,20
2026-05-26 14:59:00,0.564,141,20
2026-05-26 15:05:00,0.55,137,20
2026-05-26 15:11:00,0.461,136,20
2026-05-26 15:17:00,0.548,135,20
2026-05-26 15:23:00,0.62,137,20
2026-05-26 15:29:00,0.529,135,20
2026-05-26 15:35:00,0.649,138,20
2026-05-26 15:41:00,0.64,136,20
2026-05-26 15:47:00,0.589,136,20
2026-05-26 15:53:00,0.603,138,20
2026-05-26 15:59:00,0.708,138,20
2026-05-26 16:05:00,0.634,141,20
2026-05-26 16:11:00,0.785,144,20
2026-05-26 16:17:00,0.589,150,20
2026-05-26 16:23:00,0.89,139,20
2026-05-26 16:29:00,0.811,138,20
2026-05-26 16:35:00,0.859,140,20
2026-05-26 16:41:00,0.848,142,20
2026-05-26 16:47:00,0.886,143,20
2026-05-26 16:53:00,0.987,137,20
2026-05-26 16:59:00,0.919,139,20
2026-05-26 17:05:00,0.892,137,20
2026-05-26 17:11:00,0.89,137,20
2026-05-26 17:17:00,0.929,138,20
2026-05-26 17:23:00,0.727,136,20
2026-05-26 17:29:00,0.805,137,20
2026-05-26 17:35:00,0.744,141,20
2026-05-26 17:41:00,0.69,137,20
2026-05-26 17:47:00,0.618,129,20
2026-05-26 17:53:00,0.741,139,20
2026-05-26 17:59:00,0.688,141,20
2026-05-26 18:05:00,0.725,141,20
2026-05-26 18:11:00,0.698,140,20
2026-05-26 18:17:00,0.715,140,20
2026-05-26 18:23:00,0.68,140,20
2026-05-26 18:29:00,0.62,143,20
2026-05-26 18:35:00,0.566,146,20
2026-05-26 18:41:00,0.647,151,20
2026-05-26 18:47:00,0.638,143,20
2026-05-26 18:53:00,0.589,141,20
2026-05-26 19:05:00,0.632,145,20
2026-05-26 19:11:00,0.605,149,20
2026-05-26 19:17:00,0.558,145,20
2026-05-26 19:23:00,0.572,142,20
2026-05-26 19:29:00,0.463,136,20
2026-05-26 19:35:00,0.33,142,20
2026-05-26 19:41:00,0.181,120,20
2026-05-26 19:47:00,0.301,134,20
2026-05-26 19:53:00,0.084,117,20
2026-05-26 19:59:00,0.029,73,20
2026-05-26 20:05:00,0.157,12,20
2026-05-26 20:11:00,0.109,329,20
2026-05-26 20:17:00,0.054,292,20
2026-05-26 20:23:00,0.189,319,20
2026-05-26 20:29:00,0.156,315,20
2026-05-26 20:35:00,0.26,324,20
2026-05-26 20:41:00,0.237,319,20
2026-05-26 20:47:00,0.268,318,20
2026-05-26 20:53:00,0.264,312,20
2026-05-26 20:59:00,0.255,327,20
2026-05-26 21:05:00,0.202,319,20
2026-05-26 21:11:00,0.307,319,20
2026-05-26 21:17:00,0.406,320,20
2026-05-26 21:23:00,0.55,316,20
2026-05-26 21:29:00,0.455,315,20
2026-05-26 21:35:00,0.478,319,20
2026-05-26 21:41:00,0.494,316,20
2026-05-26 21:47:00,0.525,308,20
2026-05-26 21:53:00,0.583,321,20
2026-05-26 21:59:00,0.744,330,20
2026-05-26 22:05:00,0.715,323,20
2026-05-26 22:11:00,0.791,328,20
2026-05-26 22:17:00,0.696,335,20
2026-05-26 22:23:00,0.56,342,20
2026-05-26 22:29:00,0.387,346,20
2026-05-26 22:35:00,0.62,340,20
2026-05-26 22:41:00,0.717,340,20
2026-05-26 22:47:00,0.645,339,20
2026-05-26 22:53:00,0.974,339,20
2026-05-26 22:59:00,0.848,331,20
2026-05-26 23:05:00,0.964,339,20
2026-05-26 23:11:00,0.918,337,20
2026-05-26 23:17:00,1.197,329,20
2026-05-26 23:23:00,1.061,326,20
2026-05-26 23:29:00,0.993,329,20
2026-05-26 23:35:00,1.028,329,20
2026-05-26 23:41:00,0.927,326,20
2026-05-26 23:47:00,0.849,330,20
2026-05-26 23:53:00,0.84,332,20
2026-05-26 23:59:00,0.768,332,20
2026-05-27 00:05:00,0.789,336,20
2026-05-27 00:11:00,0.807,336,20
2026-05-27 00:17:00,0.75,340,20
2026-05-27 00:23:00,0.746,345,20
2026-05-27 00:29:00,0.71,344,20
2026-05-27 00:35:00,0.581,346,20
2026-05-27 00:41:00,0.69,343,20
2026-05-27 00:47:00,0.587,349,20
2026-05-27 00:53:00,0.583,348,20
2026-05-27 00:59:00,0.509,350,20
2026-05-27 01:05:00,0.459,343,20
2026-05-27 01:11:00,0.498,337,20
2026-05-27 01:17:00,0.439,339,20
2026-05-27 01:23:00,0.447,339,20
2026-05-27 01:29:00,0.474,333,20
2026-05-27 01:35:00,0.455,331,20
2026-05-27 01:41:00,0.383,337,20
2026-05-27 01:47:00,0.338,337,20
2026-05-27 01:53:00,0.334,337,20
2026-05-27 01:59:00,0.299,340,20
2026-05-27 02:05:00,0.276,341,20
2026-05-27 02:11:00,0.278,346,20
2026-05-27 02:17:00,0.192,350,20
2026-05-27 02:23:00,0.161,10,20
2026-05-27 02:29:00,0.179,23,20
2026-05-27 02:35:00,0.175,29,20
2026-05-27 02:41:00,0.161,47,20
2026-05-27 02:47:00,0.181,36,20
2026-05-27 02:53:00,0.235,92,20
2026-05-27 02:59:00,0.379,106,20
2026-05-27 03:05:00,0.389,112,20
2026-05-27 03:11:00,0.437,116,20
2026-05-27 03:17:00,0.605,129,20
2026-05-27 03:23:00,0.606,130,20
2026-05-27 03:29:00,0.61,128,20
2026-05-27 03:35:00,0.663,129,20
2026-05-27 03:41:00,0.704,127,20
2026-05-27 03:47:00,0.75,130,20
2026-05-27 03:53:00,0.585,128,20
2026-05-27 03:59:00,0.575,125,20
2026-05-27 04:05:00,0.49,125,20
2026-05-27 04:11:00,0.486,126,20
2026-05-27 04:17:00,0.548,132,20
2026-05-27 04:23:00,0.622,138,20
2026-05-27 04:29:00,0.647,131,20
2026-05-27 04:35:00,0.568,129,20
2026-05-27 04:41:00,0.558,127,20
2026-05-27 04:47:00,0.527,124,20
2026-05-27 04:53:00,0.521,126,20
2026-05-27 04:59:00,0.465,126,20
2026-05-27 05:05:00,0.575,133,20
2026-05-27 05:11:00,0.556,134,20
2026-05-27 05:17:00,0.608,138,20
2026-05-27 05:23:00,0.618,135,20
2026-05-27 05:29:00,0.583,131,20
2026-05-27 05:35:00,0.641,134,20
2026-05-27 05:41:00,0.634,134,20
2026-05-27 05:47:00,0.645,137,20
2026-05-27 05:53:00,0.694,136,20
2026-05-27 05:59:00,0.702,138,20
2026-05-27 06:05:00,0.564,128,20
2026-05-27 06:11:00,0.55,126,20
2026-05-27 06:17:00,0.533,125,20
2026-05-27 06:23:00,0.593,131,20
2026-05-27 06:29:00,0.581,134,20
2026-05-27 06:35:00,0.694,136,20
2026-05-27 06:41:00,0.725,138,20
2026-05-27 06:47:00,0.756,139,20
2026-05-27 06:53:00,0.809,140,20
2026-05-27 06:59:00,0.793,139,20
2026-05-27 07:05:00,0.844,137,20
2026-05-27 07:11:00,0.768,136,20
2026-05-27 07:17:00,0.795,139,20
2026-05-27 07:23:00,0.713,137,20
2026-05-27 07:29:00,0.686,138,20
2026-05-27 07:35:00,0.632,137,20
2026-05-27 07:41:00,0.682,141,20
2026-05-27 07:47:00,0.746,142,20
2026-05-27 07:53:00,0.737,142,20
2026-05-27 07:59:00,0.671,143,20
2026-05-27 08:05:00,0.675,143,20
2026-05-27 08:11:00,0.572,138,20
2026-05-27 08:17:00,0.463,133,20
2026-05-27 08:23:00,0.412,136,20
2026-05-27 08:29:00,0.375,133,20
2026-05-27 08:35:00,0.22,114,20
2026-05-27 08:41:00,0.194,106,20
2026-05-27 08:47:00,0.2,114,20
2026-05-27 08:53:00,0.161,127,20
2026-05-27 08:59:00,0.157,108,20
2026-05-27 09:05:00,0.239,123,20
2026-05-27 09:11:00,0.406,128,20
2026-05-27 09:17:00,0.373,119,20
2026-05-27 09:23:00,0.346,119,20
2026-05-27 09:29:00,0.387,150,20
2026-05-27 09:35:00,0.229,130,20
2026-05-27 09:41:00,0.227,123,20
2026-05-27 09:47:00,0.224,120,20
2026-05-27 09:53:00,0.179,116,20
2026-05-27 09:59:00,0.175,121,20
2026-05-27 10:05:00,0.089,95,20
2026-05-27 10:11:00,0.076,51,20
2026-05-27 10:23:00,0.006,128,20
2026-05-27 10:29:00,0.021,95,20
2026-05-27 10:35:00,0.021,106,20
2026-05-27 10:47:00,0.06,57,20
2026-05-27 10:53:00,0.043,78,20
2026-05-27 10:59:00,0.251,90,20
2026-05-27 11:05:00,0.165,41,20
2026-05-27 11:11:00,0.249,38,20
2026-05-27 11:17:00,0.28,31,20
2026-05-27 11:23:00,0.276,25,20
2026-05-27 11:29:00,0.297,25,20
2026-05-27 11:35:00,0.294,28,20
2026-05-27 11:41:00,0.301,21,20
2026-05-27 11:47:00,0.369,8,20
2026-05-27 11:53:00,0.354,7,20
2026-05-27 11:59:00,0.373,9,20
2026-05-27 12:05:00,0.332,18,20
2026-05-27 12:11:00,0.286,23,20
2026-05-27 12:17:00,0.369,10,20
2026-05-27 12:23:00,0.435,2,20
2026-05-27 12:29:00,0.42,1,20
2026-05-27 12:35:00,0.348,2,20
2026-05-27 12:41:00,0.274,14,20
2026-05-27 12:47:00,0.167,27,20
2026-05-27 12:53:00,0.214,9,20
2026-05-27 12:59:00,0.21,14,20
2026-05-27 13:05:00,0.245,357,20
2026-05-27 13:11:00,0.152,15,20
2026-05-27 13:17:00,0.091,22,20
2026-05-27 13:23:00,0.126,342,20
2026-05-27 13:29:00,0.165,344,20
2026-05-27 13:35:00,0.161,339,20
2026-05-27 13:41:00,0.177,348,20
2026-05-27 13:47:00,0.101,17,20
2026-05-27 13:53:00,0.091,340,20
2026-05-27 13:59:00,0.019,94,20
2026-05-27 14:05:00,0.13,357,20
2026-05-27 14:11:00,0.095,16,20
2026-05-27 14:17:00,0.056,19,20
2026-05-27 14:23:00,0.064,17,20
2026-05-27 14:29:00,0.091,86,20
2026-05-27 14:35:00,0.111,104,20
2026-05-27 14:41:00,0.175,125,20
2026-05-27 14:47:00,0.204,131,20
2026-05-27 14:53:00,0.198,105,20
2026-05-27 14:59:00,0.27,117,20
2026-05-27 15:05:00,0.311,114,20
2026-05-27 15:11:00,0.364,118,20
2026-05-27 15:17:00,0.334,119,20
2026-05-27 15:23:00,0.305,122,20
2026-05-27 15:29:00,0.437,122,20
2026-05-27 15:35:00,0.492,128,20
2026-05-27 15:41:00,0.354,115,20
2026-05-27 15:47:00,0.358,117,20
2026-05-27 15:53:00,0.428,121,20
2026-05-27 15:59:00,0.319,120,20
2026-05-27 16:05:00,0.432,124,20
2026-05-27 16:11:00,0.441,125,20
2026-05-27 16:17:00,0.346,116,20
2026-05-27 16:23:00,0.328,114,20
2026-05-27 16:29:00,0.391,123,20
2026-05-27 16:35:00,0.307,122,20
2026-05-27 16:41:00,0.354,123,20
2026-05-27 16:47:00,0.447,126,20
2026-05-27 16:53:00,0.4,123,20
2026-05-27 16:59:00,0.395,123,20
2026-05-27 17:05:00,0.391,129,20
2026-05-27 17:11:00,0.321,113,20
2026-05-27 17:17:00,0.377,120,20
2026-05-27 17:23:00,0.354,121,20
2026-05-27 17:29:00,0.447,124,20
2026-05-27 17:35:00,0.369,124,20
2026-05-27 17:41:00,0.445,123,20
2026-05-27 17:47:00,0.507,122,20
2026-05-27 17:53:00,0.492,124,20
2026-05-27 17:59:00,0.467,142,20
2026-05-27 18:05:00,0.663,139,20
2026-05-27 18:11:00,0.645,138,20
2026-05-27 18:17:00,0.649,139,20
2026-05-27 18:23:00,0.725,142,20
2026-05-27 18:29:00,0.634,142,20
2026-05-27 18:35:00,0.554,141,20
2026-05-27 18:41:00,0.64,145,20
2026-05-27 18:47:00,0.603,146,20
2026-05-27 18:53:00,0.686,146,20
2026-05-27 18:59:00,0.737,144,20
2026-05-27 19:05:00,0.783,144,20
2026-05-27 19:11:00,0.706,153,20
2026-05-27 19:17:00,0.653,147,20
2026-05-27 19:23:00,0.498,137,20
2026-05-27 19:29:00,0.556,141,20
2026-05-27 19:35:00,0.552,142,20
2026-05-27 19:41:00,0.538,138,20
2026-05-27 19:47:00,0.259,130,20
2026-05-27 19:53:00,0.55,136,20
2026-05-27 19:59:00,0.527,139,20
2026-05-27 20:05:00,0.562,139,20
2026-05-27 20:11:00,0.587,138,20
2026-05-27 20:17:00,0.447,134,20
2026-05-27 20:23:00,0.536,139,20
2026-05-27 20:29:00,0.529,139,20
2026-05-27 20:35:00,0.447,138,20
2026-05-27 20:41:00,0.364,139,20
2026-05-27 20:47:00,0.317,137,20
2026-05-27 20:53:00,0.249,124,20
2026-05-27 20:59:00,0.288,134,20
2026-05-27 21:05:00,0.122,112,20
2026-05-27 21:11:00,0.115,115,20
2026-05-27 21:17:00,0.165,354,20
2026-05-27 21:23:00,0.297,341,20
2026-05-27 21:29:00,0.338,338,20
2026-05-27 21:35:00,0.404,329,20
2026-05-27 21:41:00,0.439,324,20
2026-05-27 21:47:00,0.385,318,20
2026-05-27 21:53:00,0.328,321,20
2026-05-27 21:59:00,0.367,325,20
2026-05-27 22:05:00,0.319,319,20
2026-05-27 22:11:00,0.367,321,20
2026-05-27 22:17:00,0.416,323,20
2026-05-27 22:23:00,0.445,328,20
2026-05-27 22:29:00,0.496,330,20
2026-05-27 22:35:00,0.597,322,20
2026-05-27 22:41:00,0.554,326,20
2026-05-27 22:47:00,0.542,322,20
2026-05-27 22:53:00,0.453,322,20
2026-05-27 22:59:00,0.398,328,20
2026-05-27 23:05:00,0.468,336,20
2026-05-27 23:11:00,0.472,330,20
2026-05-27 23:17:00,0.424,326,20
2026-05-27 23:23:00,0.371,334,20
2026-05-27 23:29:00,0.369,336,20
2026-05-27 23:35:00,0.418,345,20
2026-05-27 23:41:00,0.28,345,20
2026-05-27 23:47:00,0.309,335,20
2026-05-27 23:53:00,0.418,341,20
2026-05-27 23:59:00,0.538,348,20
2026-05-28 00:05:00,0.605,341,20
2026-05-28 00:11:00,0.618,340,20
2026-05-28 00:17:00,0.669,340,20
2026-05-28 00:23:00,0.826,334,20
2026-05-28 00:29:00,0.968,335,20
2026-05-28 00:35:00,0.791,338,20
2026-05-28 00:41:00,0.737,340,20
2026-05-28 00:47:00,0.616,335,20
2026-05-28 00:53:00,0.605,338,20
2026-05-28 00:59:00,0.632,330,20
2026-05-28 01:05:00,0.622,333,20
2026-05-28 01:11:00,0.605,334,20
2026-05-28 01:17:00,0.505,339,20
2026-05-28 01:23:00,0.581,338,20
2026-05-28 01:29:00,0.544,340,20
2026-05-28 01:35:00,0.474,340,20
2026-05-28 01:41:00,0.459,341,20
2026-05-28 01:47:00,0.408,340,20
2026-05-28 01:53:00,0.379,347,20
2026-05-28 01:59:00,0.435,347,20
2026-05-28 02:05:00,0.432,342,20
2026-05-28 02:11:00,0.398,343,20
2026-05-28 02:17:00,0.369,344,20
2026-05-28 02:23:00,0.332,346,20
2026-05-28 02:29:00,0.288,347,20
2026-05-28 02:35:00,0.245,355,20
2026-05-28 02:41:00,0.183,10,20
2026-05-28 02:47:00,0.148,10,20
2026-05-28 02:53:00,0.156,4,20
2026-05-28 02:59:00,0.15,21,20
2026-05-28 03:05:00,0.126,18,20
2026-05-28 03:11:00,0.154,19,20
2026-05-28 03:17:00,0.146,37,20
2026-05-28 03:23:00,0.121,31,20
2026-05-28 03:29:00,0.194,80,20
2026-05-28 03:35:00,0.253,103,20
2026-05-28 03:41:00,0.268,103,20
2026-05-28 03:47:00,0.422,118,20
2026-05-28 03:53:00,0.457,117,20
2026-05-28 03:59:00,0.556,124,20
2026-05-28 04:05:00,0.513,125,20
2026-05-28 04:11:00,0.521,122,20
2026-05-28 04:17:00,0.556,123,20
2026-05-28 04:23:00,0.591,120,20
2026-05-28 04:29:00,0.573,121,20
2026-05-28 04:35:00,0.552,123,20
2026-05-28 04:41:00,0.564,121,20
2026-05-28 04:47:00,0.581,120,20
2026-05-28 04:53:00,0.603,126,20
2026-05-28 04:59:00,0.614,126,20
2026-05-28 05:05:00,0.669,126,20
2026-05-28 05:11:00,0.622,127,20
2026-05-28 05:17:00,0.548,129,20
2026-05-28 05:23:00,0.445,119,20
2026-05-28 05:29:00,0.414,112,20
2026-05-28 05:35:00,0.375,100,20
2026-05-28 05:41:00,0.422,101,20
2026-05-28 05:47:00,0.435,99,20
2026-05-28 05:53:00,0.478,107,20
2026-05-28 05:59:00,0.467,113,20
2026-05-28 06:05:00,0.774,133,20
2026-05-28 06:11:00,0.76,134,20
2026-05-28 06:17:00,0.713,138,20
2026-05-28 06:23:00,0.801,141,20
2026-05-28 06:29:00,0.816,138,20
2026-05-28 06:35:00,0.743,135,20
2026-05-28 06:41:00,0.762,139,20
2026-05-28 06:47:00,0.64,138,20
2026-05-28 06:53:00,0.655,138,20
2026-05-28 06:59:00,0.484,131,20
2026-05-28 07:05:00,0.445,132,20
2026-05-28 07:11:00,0.449,128,20
2026-05-28 07:17:00,0.523,129,20
2026-05-28 07:23:00,0.5,127,20
2026-05-28 07:29:00,0.544,132,20
2026-05-28 07:35:00,0.715,134,20
2026-05-28 07:41:00,0.371,75,20
2026-05-28 07:47:00,0.583,121,20
2026-05-28 07:53:00,1.104,137,20
2026-05-28 07:59:00,0.834,124,20
2026-05-28 08:05:00,1.069,127,20
2026-05-28 08:11:00,0.36,358,20
2026-05-28 08:17:00,0.579,326,20
2026-05-28 08:23:00,0.428,338,20
2026-05-28 08:29:00,0.115,307,20
2026-05-28 08:35:00,0.115,200,20
2026-05-28 08:41:00,0.056,268,20
2026-05-28 08:47:00,0.097,329,20
2026-05-28 08:53:00,0.128,319,20
2026-05-28 08:59:00,0.15,335,20
2026-05-28 09:05:00,0.154,343,20
2026-05-28 09:11:00,0.165,346,20
2026-05-28 09:17:00,0.538,141,20
2026-05-28 09:23:00,0.667,137,20
2026-05-28 09:29:00,0.272,121,20
2026-05-28 09:35:00,0.476,125,20
2026-05-28 09:41:00,0.379,128,20
2026-05-28 09:47:00,0.412,130,20
2026-05-28 09:53:00,0.41,126,20
2026-05-28 09:59:00,0.422,135,20
2026-05-28 10:05:00,0.365,127,20
2026-05-28 10:11:00,0.369,126,20
2026-05-28 10:17:00,0.299,124,20
2026-05-28 10:23:00,0.183,109,20
2026-05-28 10:29:00,0.241,109,20
2026-05-28 10:35:00,0.185,104,20
2026-05-28 10:41:00,0.196,105,20
2026-05-28 10:47:00,0.099,74,20
2026-05-28 10:53:00,0.084,29,20
2026-05-28 10:59:00,0.113,59,20
2026-05-28 11:05:00,0.109,33,20
2026-05-28 11:11:00,0.148,12,20
2026-05-28 11:17:00,0.154,11,20
2026-05-28 11:23:00,0.171,24,20
2026-05-28 11:29:00,0.179,358,20
2026-05-28 11:35:00,0.159,351,20
2026-05-28 11:41:00,0.237,328,20
2026-05-28 11:47:00,0.206,326,20
2026-05-28 11:53:00,0.198,330,20
2026-05-28 11:59:00,0.062,323,20
2026-05-28 12:05:00,0.313,308,20
2026-05-28 12:11:00,0.189,321,20
2026-05-28 12:17:00,0.179,285,20
2026-05-28 12:23:00,0.169,281,20
2026-05-28 12:29:00,0.132,246,20
2026-05-28 12:35:00,0.134,229,20
2026-05-28 12:41:00,0.152,234,20
2026-05-28 12:47:00,0.105,288,20
2026-05-28 12:53:00,0.068,284,20
2026-05-28 12:59:00,0.072,256,20
2026-05-28 13:05:00,0.052,273,20
2026-05-28 13:11:00,0.037,355,20
2026-05-28 13:17:00,0.099,344,20
2026-05-28 13:23:00,0.126,359,20
2026-05-28 13:29:00,0.14,353,20
2026-05-28 13:35:00,0.093,21,20
2026-05-28 13:41:00,0.113,26,20
2026-05-28 13:47:00,0.078,23,20
2026-05-28 13:53:00,0.124,12,20
2026-05-28 13:59:00,0.142,357,20
2026-05-28 14:05:00,0.093,30,20
2026-05-28 14:11:00,0.113,9,20
2026-05-28 14:17:00,0.095,336,20
2026-05-28 14:23:00,0.15,341,20
2026-05-28 14:29:00,0.054,22,20
2026-05-28 14:35:00,0.142,342,20
2026-05-28 14:41:00,0.148,341,20
2026-05-28 14:47:00,0.224,340,20
2026-05-28 14:53:00,0.121,353,20
2026-05-28 14:59:00,0.054,16,20
2026-05-28 15:05:00,0.033,123,20
2026-05-28 15:11:00,0.076,114,20
2026-05-28 15:17:00,0.132,125,20
2026-05-28 15:23:00,0.204,137,20
2026-05-28 15:29:00,0.323,139,20
2026-05-28 15:35:00,0.259,144,20
2026-05-28 15:41:00,0.305,145,20
2026-05-28 15:47:00,0.373,147,20
2026-05-28 15:53:00,0.375,146,20
2026-05-28 16:05:00,0.4,145,20
2026-05-28 16:11:00,0.346,141,20
2026-05-28 16:17:00,0.358,137,20
2026-05-28 16:23:00,0.344,140,20
2026-05-28 16:29:00,0.34,134,20
2026-05-28 16:35:00,0.379,138,20
2026-05-28 16:41:00,0.332,134,20
2026-05-28 16:47:00,0.441,137,20
2026-05-28 16:53:00,0.391,137,20
2026-05-28 16:59:00,0.404,140,20
2026-05-28 17:05:00,0.432,144,20
2026-05-28 17:11:00,0.445,142,20
2026-05-28 17:17:00,0.404,144,20
2026-05-28 17:23:00,0.437,138,20
2026-05-28 17:29:00,0.527,143,20
2026-05-28 17:35:00,0.577,143,20
2026-05-28 17:41:00,0.698,143,20
2026-05-28 17:47:00,0.581,139,20
2026-05-28 17:53:00,0.603,143,20
2026-05-28 17:59:00,0.733,142,20
2026-05-28 18:05:00,0.651,138,20
2026-05-28 18:11:00,0.61,137,20
2026-05-28 18:17:00,0.657,136,20
2026-05-28 18:23:00,0.622,133,20
2026-05-28 18:29:00,0.55,127,20
2026-05-28 18:35:00,0.511,128,20
2026-05-28 18:41:00,0.554,128,20
2026-05-28 18:47:00,0.647,132,20
2026-05-28 18:53:00,0.548,127,20
2026-05-28 18:59:00,0.552,126,20
2026-05-28 19:05:00,0.474,121,20
2026-05-28 19:11:00,0.641,129,20
2026-05-28 19:17:00,0.445,130,20
2026-05-28 19:23:00,0.643,138,20
2026-05-28 19:29:00,0.474,125,20
2026-05-28 19:35:00,0.62,132,20
2026-05-28 19:41:00,0.536,135,20
2026-05-28 19:47:00,0.525,129,20
2026-05-28 19:53:00,0.536,130,20
2026-05-28 19:59:00,0.395,120,20
2026-05-28 20:05:00,0.468,126,20
2026-05-28 20:11:00,0.379,133,20
2026-05-28 20:17:00,0.262,138,20
2026-05-28 20:23:00,0.309,141,20
2026-05-28 20:29:00,0.311,141,20
2026-05-28 20:35:00,0.453,140,20
2026-05-28 20:41:00,0.328,139,20
2026-05-28 20:47:00,0.264,128,20
2026-05-28 20:53:00,0.101,130,20
2026-05-28 20:59:00,0.152,128,20
2026-05-28 21:05:00,0.117,31,20
2026-05-28 21:11:00,0.134,50,20
2026-05-28 21:17:00,0.109,70,20
2026-05-28 21:23:00,0.08,50,20
2026-05-28 21:29:00,0.101,7,20
2026-05-28 21:35:00,0.156,338,20
2026-05-28 21:41:00,0.091,9,20
2026-05-28 21:47:00,0.138,348,20
2026-05-28 21:53:00,0.128,351,20
2026-05-28 21:59:00,0.227,342,20
2026-05-28 22:05:00,0.196,5,20
2026-05-28 22:11:00,0.111,55,20
2026-05-28 22:17:00,0.165,356,20
2026-05-28 22:23:00,0.202,305,20
2026-05-28 22:29:00,0.282,316,20
2026-05-28 22:35:00,0.35,327,20
2026-05-28 22:41:00,0.433,330,20
2026-05-28 22:47:00,0.412,323,20
2026-05-28 22:53:00,0.484,322,20
2026-05-28 22:59:00,0.542,321,20
2026-05-28 23:05:00,0.568,321,20
2026-05-28 23:11:00,0.618,322,20
2026-05-28 23:17:00,0.49,325,20
2026-05-28 23:23:00,0.422,328,20
2026-05-28 23:29:00,0.257,345,20
2026-05-28 23:35:00,0.266,354,20
2026-05-28 23:41:00,0.26,354,20
2026-05-28 23:47:00,0.321,342,20
2026-05-28 23:53:00,0.346,342,20
2026-05-28 23:59:00,0.297,340,20
2026-05-29 00:05:00,0.391,339,20
2026-05-29 00:11:00,0.397,339,20
2026-05-29 00:17:00,0.358,335,20
2026-05-29 00:23:00,0.414,333,20
2026-05-29 00:29:00,0.49,333,20
2026-05-29 00:35:00,0.527,327,20
2026-05-29 00:41:00,0.525,326,20
2026-05-29 00:47:00,0.515,326,20
2026-05-29 00:53:00,0.474,323,20
2026-05-29 00:59:00,0.595,324,20
2026-05-29 01:05:00,0.643,321,20
2026-05-29 01:11:00,0.63,322,20
2026-05-29 01:17:00,0.566,325,20
2026-05-29 01:23:00,0.61,324,20
2026-05-29 01:29:00,0.416,328,20
2026-05-29 01:35:00,0.445,326,20
2026-05-29 01:41:00,0.484,323,20
2026-05-29 01:47:00,0.276,331,20
2026-05-29 01:53:00,0.294,340,20
2026-05-29 01:59:00,0.286,337,20
2026-05-29 02:05:00,0.175,332,20
2026-05-29 02:11:00,0.163,336,20
2026-05-29 02:17:00,0.121,348,20
2026-05-29 02:23:00,0.157,346,20
2026-05-29 02:29:00,0.22,357,20
2026-05-29 02:35:00,0.124,11,20
2026-05-29 02:41:00,0.225,340,20
2026-05-29 02:47:00,0.243,343,20
2026-05-29 02:53:00,0.198,345,20
2026-05-29 02:59:00,0.28,351,20
2026-05-29 03:05:00,0.268,348,20
2026-05-29 03:11:00,0.321,341,20
2026-05-29 03:17:00,0.22,345,20
2026-05-29 03:23:00,0.19,348,20
2026-05-29 03:29:00,0.15,347,20
2026-05-29 03:35:00,0.078,18,20
2026-05-29 03:41:00,0.111,355,20
2026-05-29 03:47:00,0.07,41,20
2026-05-29 03:53:00,0.097,36,20
2026-05-29 03:59:00,0.121,99,20
2026-05-29 04:05:00,0.122,84,20
2026-05-29 04:11:00,0.161,100,20
2026-05-29 04:17:00,0.231,118,20
2026-05-29 04:23:00,0.19,65,20
2026-05-29 04:29:00,0.15,129,20
2026-05-29 04:35:00,0.259,129,20
2026-05-29 04:41:00,0.449,133,20
2026-05-29 04:47:00,0.398,130,20
2026-05-29 04:53:00,0.325,136,20
2026-05-29 04:59:00,0.375,145,20
2026-05-29 05:05:00,0.47,146,20
2026-05-29 05:11:00,0.453,147,20
2026-05-29 05:17:00,0.533,145,20
2026-05-29 05:23:00,0.573,142,20
2026-05-29 05:29:00,0.661,145,20
2026-05-29 05:35:00,0.643,144,20
2026-05-29 05:41:00,0.694,144,20
2026-05-29 05:47:00,0.717,144,20
2026-05-29 05:53:00,0.593,140,20
2026-05-29 05:59:00,0.741,142,20
2026-05-29 06:05:00,0.706,140,20
2026-05-29 06:11:00,0.568,146,20
2026-05-29 06:17:00,0.727,146,20
2026-05-29 06:23:00,0.682,145,20
2026-05-29 06:29:00,0.651,146,20
2026-05-29 06:35:00,0.682,147,20
2026-05-29 06:41:00,0.764,147,20
2026-05-29 06:47:00,0.832,147,20
2026-05-29 06:53:00,0.84,148,20
2026-05-29 06:59:00,0.873,149,20
2026-05-29 07:05:00,0.865,149,20
2026-05-29 07:11:00,0.962,147,20
2026-05-29 07:17:00,1.024,149,20
2026-05-29 07:23:00,1.021,151,20
2026-05-29 07:29:00,1.063,153,20
2026-05-29 07:35:00,1.038,154,20
2026-05-29 07:41:00,0.708,147,20
2026-05-29 07:47:00,0.711,148,20
2026-05-29 07:53:00,0.237,131,20
2026-05-29 07:59:00,0.809,152,20
2026-05-29 08:05:00,0.142,337,20
2026-05-29 08:11:00,0.445,157,20
2026-05-29 08:17:00,0.525,166,20
2026-05-29 08:23:00,0.49,339,20
2026-05-29 08:29:00,0.972,142,20
2026-05-29 08:35:00,0.744,149,20
2026-05-29 08:41:00,0.558,137,20
2026-05-29 08:47:00,0.678,134,20
2026-05-29 08:53:00,0.605,134,20
2026-05-29 08:59:00,0.628,133,20
2026-05-29 09:05:00,0.675,135,20
2026-05-29 09:11:00,0.665,134,20
2026-05-29 09:17:00,0.669,134,20
2026-05-29 09:23:00,0.694,133,20
2026-05-29 09:29:00,0.606,129,20
2026-05-29 09:35:00,0.628,130,20
2026-05-29 09:41:00,0.568,132,20
2026-05-29 09:47:00,0.414,131,20
2026-05-29 09:53:00,0.492,134,20
2026-05-29 09:59:00,0.459,130,20
2026-05-29 10:05:00,0.562,129,20
2026-05-29 10:11:00,0.523,130,20
2026-05-29 10:17:00,0.521,129,20
2026-05-29 10:23:00,0.484,122,20
2026-05-29 10:29:00,0.328,117,20
2026-05-29 10:35:00,0.255,103,20
2026-05-29 10:41:00,0.362,108,20
2026-05-29 10:47:00,0.13,93,20
2026-05-29 10:53:00,0.167,14,20
2026-05-29 10:59:00,0.13,9,20
2026-05-29 11:05:00,0.171,335,20
2026-05-29 11:11:00,0.15,356,20
2026-05-29 11:17:00,0.161,7,20
2026-05-29 11:23:00,0.156,344,20
2026-05-29 11:29:00,0.21,341,20
2026-05-29 11:35:00,0.177,334,20
2026-05-29 11:41:00,0.093,46,20
2026-05-29 11:47:00,0.091,70,20
2026-05-29 11:53:00,0.134,49,20
2026-05-29 11:59:00,0.167,0,20
2026-05-29 12:05:00,0.115,357,20
2026-05-29 12:11:00,0.163,14,20
2026-05-29 12:17:00,0.198,360,20
2026-05-29 12:23:00,0.229,356,20
2026-05-29 12:29:00,0.27,351,20
2026-05-29 12:35:00,0.29,347,20
2026-05-29 12:41:00,0.344,342,20
2026-05-29 12:47:00,0.362,339,20
2026-05-29 12:53:00,0.325,340,20
2026-05-29 12:59:00,0.294,342,20
2026-05-29 13:05:00,0.299,344,20
2026-05-29 13:11:00,0.358,347,20
2026-05-29 13:17:00,0.398,341,20
2026-05-29 13:23:00,0.379,344,20
2026-05-29 13:29:00,0.276,3,20
2026-05-29 13:35:00,0.315,352,20
2026-05-29 13:41:00,0.33,355,20
2026-05-29 13:47:00,0.358,351,20
2026-05-29 13:53:00,0.379,2,20
2026-05-29 13:59:00,0.383,2,20
2026-05-29 14:05:00,0.428,354,20
2026-05-29 14:11:00,0.496,351,20
2026-05-29 14:17:00,0.492,356,20
2026-05-29 14:23:00,0.511,352,20
2026-05-29 14:29:00,0.472,350,20
2026-05-29 14:35:00,0.428,354,20
2026-05-29 14:41:00,0.381,358,20
2026-05-29 14:47:00,0.397,355,20
2026-05-29 14:53:00,0.356,355,20
2026-05-29 14:59:00,0.404,335,20
2026-05-29 15:05:00,0.379,345,20
2026-05-29 15:11:00,0.385,338,20
2026-05-29 15:17:00,0.338,331,20
2026-05-29 15:23:00,0.272,334,20
2026-05-29 15:29:00,0.237,326,20
2026-05-29 15:35:00,0.183,326,20
2026-05-29 15:41:00,0.218,325,20
2026-05-29 15:47:00,0.214,328,20
2026-05-29 15:53:00,0.154,315,20
2026-05-29 15:59:00,0.121,332,20
2026-05-29 16:05:00,0.111,316,20
2026-05-29 16:11:00,0.148,322,20
2026-05-29 16:17:00,0.119,331,20
2026-05-29 16:23:00,0.045,350,20
2026-05-29 16:29:00,0.078,297,20
2026-05-29 16:35:00,0.068,282,20
2026-05-29 16:41:00,0.103,295,20
2026-05-29 16:47:00,0.089,283,20
2026-05-29 16:53:00,0.041,251,20
2026-05-29 16:59:00,0.124,183,20
2026-05-29 17:05:00,0.148,173,20
2026-05-29 17:11:00,0.192,158,20
2026-05-29 17:17:00,0.26,172,20
2026-05-29 17:23:00,0.284,155,20
2026-05-29 17:29:00,0.379,153,20
2026-05-29 17:35:00,0.323,158,20
2026-05-29 17:41:00,0.255,160,20
2026-05-29 17:47:00,0.319,156,20
2026-05-29 17:53:00,0.239,154,20
2026-05-29 17:59:00,0.342,139,20
2026-05-29 18:05:00,0.371,140,20
2026-05-29 18:11:00,0.385,138,20
2026-05-29 18:17:00,0.432,143,20
2026-05-29 18:23:00,0.36,144,20
2026-05-29 18:29:00,0.406,140,20
2026-05-29 18:35:00,0.398,147,20
2026-05-29 18:41:00,0.416,138,20
2026-05-29 18:47:00,0.381,132,20
2026-05-29 18:53:00,0.422,132,20
2026-05-29 18:59:00,0.328,137,20
2026-05-29 19:05:00,0.381,137,20
2026-05-29 19:11:00,0.346,129,20
2026-05-29 19:17:00,0.356,124,20
2026-05-29 19:23:00,0.418,133,20
2026-05-29 19:29:00,0.459,140,20
2026-05-29 19:35:00,0.496,136,20
2026-05-29 19:41:00,0.397,134,0
2026-05-29 19:47:00,0.708,147,20
2026-05-29 19:53:00,0.482,135,20
2026-05-29 19:59:00,0.554,143,20
2026-05-29 20:05:00,0.57,143,20
2026-05-29 20:11:00,0.665,144,20
2026-05-29 20:17:00,0.406,146,20
2026-05-29 20:23:00,0.527,149,20
2026-05-29 20:29:00,0.62,145,20
2026-05-29 20:35:00,0.692,150,20
2026-05-29 20:41:00,0.741,151,20
2026-05-29 20:47:00,0.663,148,20
2026-05-29 20:53:00,0.688,148,20
2026-05-29 20:59:00,0.599,148,20
2026-05-29 21:05:00,0.54,149,20
2026-05-29 21:11:00,0.529,152,20
2026-05-29 21:17:00,0.527,150,20
2026-05-29 21:23:00,0.507,152,20
2026-05-29 21:29:00,0.428,148,20
2026-05-29 21:35:00,0.467,147,20
2026-05-29 21:41:00,0.358,154,20
2026-05-29 21:47:00,0.288,160,20
2026-05-29 21:53:00,0.247,156,20
2026-05-29 21:59:00,0.121,177,20
2026-05-29 22:05:00,0.064,202,20
2026-05-29 22:11:00,0.099,247,20
2026-05-29 22:17:00,0.084,259,20
2026-05-29 22:23:00,0.239,304,20
2026-05-29 22:29:00,0.393,316,20
2026-05-29 22:35:00,0.395,312,20
2026-05-29 22:41:00,0.437,311,20
2026-05-29 22:47:00,0.457,314,20
2026-05-29 22:53:00,0.546,314,20
2026-05-29 22:59:00,0.572,313,20
2026-05-29 23:05:00,0.564,318,20
2026-05-29 23:11:00,0.575,319,20
2026-05-29 23:17:00,0.708,321,20
2026-05-29 23:23:00,0.776,321,20
2026-05-29 23:29:00,0.842,324,20
2026-05-29 23:35:00,0.813,326,20
2026-05-29 23:41:00,0.84,327,20
2026-05-29 23:47:00,0.848,335,20
2026-05-29 23:53:00,0.793,334,20
2026-05-29 23:59:00,0.75,340,20
2026-05-30 00:05:00,0.727,334,20
2026-05-30 00:11:00,0.83,330,20
2026-05-30 00:17:00,0.916,335,20
2026-05-30 00:23:00,1.075,332,20
2026-05-30 00:29:00,1.337,328,20
2026-05-30 00:35:00,1.353,328,20
2026-05-30 00:41:00,1.37,328,20
2026-05-30 00:47:00,1.372,327,20
2026-05-30 00:53:00,1.479,325,20
2026-05-30 00:59:00,1.394,324,20
2026-05-30 01:05:00,1.324,326,20
2026-05-30 01:11:00,1.415,326,20
2026-05-30 01:17:00,1.372,327,20
2026-05-30 01:23:00,1.18,333,20
2026-05-30 01:29:00,1.042,335,20
2026-05-30 01:35:00,1.059,335,20
2026-05-30 01:41:00,0.916,337,20
2026-05-30 01:47:00,0.943,338,20
2026-05-30 01:53:00,0.886,343,20
2026-05-30 01:59:00,0.873,345,20
2026-05-30 02:05:00,0.848,344,20
2026-05-30 02:11:00,0.894,342,20
2026-05-30 02:17:00,0.849,344,20
2026-05-30 02:23:00,0.741,348,20
2026-05-30 02:29:00,0.789,345,20
2026-05-30 02:35:00,0.624,349,20
2026-05-30 02:41:00,0.5,0,20
2026-05-30 02:47:00,0.455,0,20
2026-05-30 02:53:00,0.435,352,20
2026-05-30 02:59:00,0.505,353,20
2026-05-30 03:05:00,0.614,343,20
2026-05-30 03:11:00,0.536,344,20
2026-05-30 03:17:00,0.449,348,20
2026-05-30 03:23:00,0.457,348,20
2026-05-30 03:29:00,0.432,357,20
2026-05-30 03:35:00,0.41,351,20
2026-05-30 03:41:00,0.311,14,20
2026-05-30 03:47:00,0.196,54,20
2026-05-30 03:53:00,0.109,56,20
2026-05-30 03:59:00,0.14,56,20
2026-05-30 04:05:00,0.117,75,20
2026-05-30 04:11:00,0.159,106,20
2026-05-30 04:17:00,0.119,125,20
2026-05-30 04:23:00,0.173,134,20
2026-05-30 04:29:00,0.142,116,20
2026-05-30 04:35:00,0.119,113,20
2026-05-30 04:41:00,0.354,142,20
2026-05-30 04:47:00,0.408,146,20
2026-05-30 04:53:00,0.459,143,20
2026-05-30 04:59:00,0.449,147,20
2026-05-30 05:05:00,0.488,144,20
2026-05-30 05:11:00,0.496,140,20
2026-05-30 05:17:00,0.573,138,20
2026-05-30 05:23:00,0.54,128,20
2026-05-30 05:29:00,0.608,132,20
2026-05-30 05:35:00,0.523,127,20
2026-05-30 05:41:00,0.375,113,20
2026-05-30 05:47:00,0.505,118,20
2026-05-30 05:53:00,0.509,120,20
2026-05-30 05:59:00,0.49,124,20
2026-05-30 06:05:00,0.756,130,20
2026-05-30 06:11:00,0.828,135,20
2026-05-30 06:17:00,0.894,138,20
2026-05-30 06:23:00,0.896,145,20
2026-05-30 06:29:00,0.908,152,20
2026-05-30 06:35:00,0.962,151,20
2026-05-30 06:41:00,1.034,146,20
2026-05-30 06:47:00,0.964,144,20
2026-05-30 06:53:00,0.772,145,20
2026-05-30 06:59:00,0.902,140,20
2026-05-30 07:05:00,0.733,138,20
2026-05-30 07:11:00,0.688,128,20
2026-05-30 07:17:00,0.7,131,20
2026-05-30 07:23:00,0.614,124,20
2026-05-30 07:29:00,0.717,127,20
2026-05-30 07:35:00,0.912,130,20
2026-05-30 07:41:00,0.974,131,20
2026-05-30 07:47:00,0.995,133,20
2026-05-30 07:53:00,1.036,137,20
2026-05-30 07:59:00,0.929,130,20
2026-05-30 08:05:00,0.941,129,20
2026-05-30 08:11:00,1.019,133,20
2026-05-30 08:17:00,1.015,130,20
2026-05-30 08:23:00,1.022,131,20
2026-05-30 08:29:00,1.001,128,20
2026-05-30 08:35:00,1.089,131,20
2026-05-30 08:41:00,1.141,137,20
2026-05-30 08:47:00,1.252,138,20
2026-05-30 08:53:00,1.207,136,20
2026-05-30 08:59:00,1.23,132,20
2026-05-30 09:05:00,1.33,136,20
2026-05-30 09:11:00,1.392,135,20
2026-05-30 09:17:00,1.384,135,20
2026-05-30 09:23:00,1.392,137,20
2026-05-30 09:29:00,1.532,136,20
2026-05-30 09:35:00,1.538,137,20
2026-05-30 09:41:00,1.499,137,20
2026-05-30 09:47:00,1.536,138,20
2026-05-30 09:53:00,1.485,137,20
2026-05-30 09:59:00,1.448,137,20
2026-05-30 10:05:00,1.543,137,20
2026-05-30 10:11:00,1.543,137,20
2026-05-30 10:17:00,1.621,138,20
2026-05-30 10:23:00,1.604,138,20
2026-05-30 10:29:00,1.575,138,20
2026-05-30 10:35:00,1.567,138,20
2026-05-30 10:41:00,1.582,138,20
2026-05-30 10:47:00,1.648,137,20
2026-05-30 10:53:00,1.534,137,20
2026-05-30 10:59:00,1.654,137,20
2026-05-30 11:05:00,1.689,140,20
2026-05-30 11:11:00,1.714,142,20
2026-05-30 11:17:00,1.761,138,20
2026-05-30 11:23:00,1.436,135,20
2026-05-30 11:29:00,1.559,139,20
2026-05-30 11:35:00,1.571,141,20
2026-05-30 11:41:00,1.553,137,20
2026-05-30 11:47:00,1.641,137,20
2026-05-30 11:53:00,1.472,138,20
2026-05-30 11:59:00,1.446,135,20
2026-05-30 12:05:00,1.384,141,20
2026-05-30 12:11:00,1.403,142,20
2026-05-30 12:17:00,1.436,141,20
2026-05-30 12:23:00,1.402,140,20
2026-05-30 12:29:00,1.435,139,20
2026-05-30 12:35:00,1.351,140,20
2026-05-30 12:41:00,1.394,139,20
2026-05-30 12:47:00,1.324,142,20
2026-05-30 12:53:00,1.306,140,20
2026-05-30 12:59:00,1.3,142,20
2026-05-30 13:05:00,1.264,143,20
2026-05-30 13:11:00,1.269,141,20
2026-05-30 13:17:00,1.227,140,20
2026-05-30 13:23:00,1.028,140,20
2026-05-30 13:29:00,0.993,139,20
2026-05-30 13:35:00,0.949,140,20
2026-05-30 13:41:00,0.888,139,20
2026-05-30 13:47:00,0.896,140,20
2026-05-30 13:53:00,0.881,140,20
2026-05-30 13:59:00,0.818,140,20
2026-05-30 14:05:00,0.746,142,20
2026-05-30 14:11:00,0.789,144,20
2026-05-30 14:17:00,0.715,146,20
2026-05-30 14:23:00,0.651,147,20
2026-05-30 14:29:00,0.653,144,20
2026-05-30 14:35:00,0.62,148,20
2026-05-30 14:41:00,0.57,147,20
2026-05-30 14:47:00,0.513,145,20
2026-05-30 14:53:00,0.558,152,20
2026-05-30 14:59:00,0.593,151,20
2026-05-30 15:05:00,0.535,155,20
2026-05-30 15:11:00,0.48,154,20
2026-05-30 15:17:00,0.54,159,20
2026-05-30 15:23:00,0.587,152,20
2026-05-30 15:29:00,0.573,154,20
2026-05-30 15:35:00,0.575,155,20
2026-05-30 15:41:00,0.624,151,20
2026-05-30 15:47:00,0.624,153,20
2026-05-30 15:53:00,0.671,150,20
2026-05-30 15:59:00,0.71,150,20
2026-05-30 16:05:00,0.581,146,20
2026-05-30 16:11:00,0.768,147,20
2026-05-30 16:17:00,0.809,147,20
2026-05-30 16:23:00,0.826,144,20
2026-05-30 16:29:00,0.875,146,20
2026-05-30 16:35:00,0.937,144,20
2026-05-30 16:41:00,0.894,145,20
2026-05-30 16:47:00,0.921,141,20
2026-05-30 16:53:00,0.949,144,20
2026-05-30 16:59:00,1.048,143,20
2026-05-30 17:05:00,1.019,144,20
2026-05-30 17:11:00,0.941,143,20
2026-05-30 17:17:00,1.024,140,20
2026-05-30 17:23:00,0.976,143,20
2026-05-30 17:29:00,0.951,145,20
2026-05-30 17:35:00,0.925,144,20
2026-05-30 17:41:00,0.906,143,20
2026-05-30 17:47:00,0.952,142,20
2026-05-30 17:53:00,1.114,144,20
2026-05-30 17:59:00,1.145,144,20
2026-05-30 18:05:00,1.067,144,20
2026-05-30 18:11:00,1.013,142,20
2026-05-30 18:17:00,0.884,140,20
2026-05-30 18:23:00,1.005,141,20
2026-05-30 18:29:00,1.067,142,20
2026-05-30 18:35:00,1.125,142,20
2026-05-30 18:41:00,1.089,142,20
2026-05-30 18:47:00,1.135,141,20
2026-05-30 18:53:00,1.141,142,20
2026-05-30 18:59:00,1.085,143,20
2026-05-30 19:05:00,1.104,140,20
2026-05-30 19:11:00,1.09,141,20
2026-05-30 19:17:00,1.116,143,20
2026-05-30 19:23:00,1.036,142,20
2026-05-30 19:29:00,1.054,138,20
2026-05-30 19:35:00,1.011,137,20
2026-05-30 19:41:00,0.952,138,20
2026-05-30 19:47:00,0.962,137,20
2026-05-30 19:53:00,0.929,135,20
2026-05-30 19:59:00,0.997,139,20
2026-05-30 20:05:00,0.811,137,20
2026-05-30 20:11:00,0.886,137,20
2026-05-30 20:17:00,0.855,136,20
2026-05-30 20:23:00,0.914,138,20
2026-05-30 20:29:00,0.861,136,20
2026-05-30 20:35:00,1.013,139,20
2026-05-30 20:41:00,0.879,135,20
2026-05-30 20:47:00,0.972,138,20
2026-05-30 20:53:00,0.952,136,20
2026-05-30 20:59:00,1.003,141,20
2026-05-30 21:05:00,0.968,140,20
2026-05-30 21:11:00,0.879,139,20
2026-05-30 21:17:00,0.935,142,20
2026-05-30 21:23:00,0.871,140,20
2026-05-30 21:29:00,0.861,141,20
2026-05-30 21:35:00,0.756,136,20
2026-05-30 21:41:00,0.669,138,20
2026-05-30 21:47:00,0.614,141,20
2026-05-30 21:53:00,0.641,141,20
2026-05-30 21:59:00,0.55,140,20
2026-05-30 22:05:00,0.424,138,20
2026-05-30 22:11:00,0.517,146,20
2026-05-30 22:17:00,0.496,153,20
2026-05-30 22:23:00,0.424,152,20
2026-05-30 22:29:00,0.21,142,20
2026-05-30 22:35:00,0.214,147,20
2026-05-30 22:41:00,0.138,147,20
2026-05-30 22:47:00,0.218,139,20
2026-05-30 22:53:00,0.227,141,20
2026-05-30 22:59:00,0.097,161,20
2026-05-30 23:05:00,0.029,147,20
2026-05-30 23:11:00,0.054,333,20
2026-05-30 23:17:00,0.21,314,20
2026-05-30 23:23:00,0.371,326,20
2026-05-30 23:29:00,0.336,318,20
2026-05-30 23:35:00,0.391,318,20
2026-05-30 23:41:00,0.47,317,20
2026-05-30 23:47:00,0.538,318,20
2026-05-30 23:53:00,0.655,317,20
2026-05-30 23:59:00,0.601,315,20
2026-05-31 00:05:00,0.525,320,20
2026-05-31 00:11:00,0.68,324,20
2026-05-31 00:17:00,0.661,325,20
2026-05-31 00:23:00,0.715,324,20
2026-05-31 00:29:00,0.684,326,20
2026-05-31 00:35:00,0.838,327,20
2026-05-31 00:41:00,0.908,331,20
2026-05-31 00:47:00,1.073,325,20
2026-05-31 00:53:00,0.984,325,20
2026-05-31 00:59:00,1.264,319,20
2026-05-31 01:05:00,1.411,323,20
2026-05-31 01:11:00,1.431,330,20
2026-05-31 01:17:00,1.442,328,20
2026-05-31 01:23:00,1.473,325,20
2026-05-31 01:29:00,1.4,321,20
2026-05-31 01:35:00,1.26,320,20
2026-05-31 01:41:00,1.473,324,20
2026-05-31 01:47:00,1.662,326,20
2026-05-31 01:53:00,1.676,329,20
2026-05-31 01:59:00,1.608,330,20
2026-05-31 02:05:00,1.54,333,20
2026-05-31 02:11:00,1.61,337,20
2026-05-31 02:17:00,1.644,336,20
2026-05-31 02:23:00,1.497,339,20
2026-05-31 02:29:00,1.452,339,20
2026-05-31 02:35:00,1.378,337,20
2026-05-31 02:41:00,1.254,338,20
2026-05-31 02:47:00,1.353,334,20
2026-05-31 02:53:00,1.281,337,20
2026-05-31 02:59:00,1.213,338,20
2026-05-31 03:05:00,1.188,340,20
2026-05-31 03:11:00,1.151,339,20
2026-05-31 03:17:00,1.312,339,20
2026-05-31 03:23:00,1.293,339,20
2026-05-31 03:29:00,1.122,342,20
2026-05-31 03:35:00,1.116,340,20
2026-05-31 03:41:00,1.007,344,20
2026-05-31 03:47:00,1.073,340,20
2026-05-31 03:53:00,1.17,336,20
2026-05-31 03:59:00,0.886,343,20
2026-05-31 04:05:00,0.83,347,20
2026-05-31 04:11:00,0.805,348,20
2026-05-31 04:17:00,0.818,342,20
2026-05-31 04:23:00,0.729,344,20
2026-05-31 04:29:00,0.698,346,20
2026-05-31 04:35:00,0.593,353,20
2026-05-31 04:41:00,0.601,357,20
2026-05-31 04:47:00,0.661,352,20
2026-05-31 04:53:00,0.723,346,20
2026-05-31 04:59:00,0.779,346,20
2026-05-31 05:05:00,0.743,340,20
2026-05-31 05:11:00,0.787,340,20
2026-05-31 05:17:00,0.832,342,20
2026-05-31 05:23:00,0.776,341,20
2026-05-31 05:29:00,0.842,338,20
2026-05-31 05:35:00,0.653,340,20
2026-05-31 05:41:00,0.433,337,20
2026-05-31 05:47:00,0.573,332,20
2026-05-31 05:53:00,0.56,343,20
2026-05-31 05:59:00,0.55,342,20
2026-05-31 06:05:00,0.358,5,20
2026-05-31 06:11:00,0.262,340,20
2026-05-31 06:17:00,0.272,333,20
2026-05-31 06:23:00,0.171,73,20
2026-05-31 06:29:00,0.148,88,20
2026-05-31 06:35:00,0.076,112,20
2026-05-31 06:41:00,0.325,119,20
2026-05-31 06:47:00,0.373,122,20
2026-05-31 06:53:00,0.288,123,20
2026-05-31 06:59:00,0.253,126,20
2026-05-31 07:05:00,0.239,127,20
2026-05-31 07:11:00,0.245,133,20
2026-05-31 07:17:00,0.313,140,20
2026-05-31 07:23:00,0.426,138,20
2026-05-31 07:29:00,0.426,133,20
2026-05-31 07:35:00,0.439,132,20
2026-05-31 07:41:00,0.441,144,20
2026-05-31 07:47:00,0.402,155,20
2026-05-31 07:53:00,0.294,156,20
2026-05-31 07:59:00,0.311,147,20
2026-05-31 08:05:00,0.35,143,20
2026-05-31 08:11:00,0.29,147,20
2026-05-31 08:17:00,0.375,149,20
2026-05-31 08:23:00,0.426,144,20
2026-05-31 08:29:00,0.375,137,20
2026-05-31 08:35:00,0.474,145,20
2026-05-31 08:41:00,0.48,140,20
2026-05-31 08:47:00,0.533,138,20
2026-05-31 08:53:00,0.472,137,20
2026-05-31 08:59:00,0.142,115,20
2026-05-31 09:05:00,0.389,124,20
2026-05-31 09:11:00,0.249,114,20
2026-05-31 09:17:00,0.404,123,20
2026-05-31 09:23:00,0.548,129,20
2026-05-31 09:29:00,0.391,107,20
2026-05-31 09:35:00,0.369,99,20
2026-05-31 09:41:00,0.492,109,20
2026-05-31 09:47:00,0.449,122,20
2026-05-31 09:53:00,0.36,101,20
2026-05-31 09:59:00,0.381,94,20
2026-05-31 10:05:00,0.554,107,20
2026-05-31 10:11:00,0.62,111,20
2026-05-31 10:17:00,0.605,105,20
2026-05-31 10:23:00,0.56,99,20
2026-05-31 10:29:00,0.513,105,20
2026-05-31 10:35:00,0.488,94,20
2026-05-31 10:41:00,0.484,88,20
2026-05-31 10:47:00,0.57,95,20
2026-05-31 10:53:00,0.595,102,20
2026-05-31 10:59:00,0.572,99,20
2026-05-31 11:05:00,0.632,101,20
2026-05-31 11:11:00,0.597,104,20
2026-05-31 11:17:00,0.492,104,20
2026-05-31 11:23:00,0.412,89,20
2026-05-31 11:29:00,0.43,92,20
2026-05-31 11:35:00,0.478,98,20
2026-05-31 11:41:00,0.488,98,20
2026-05-31 11:47:00,0.47,98,20
2026-05-31 11:53:00,0.47,99,20
2026-05-31 11:59:00,0.502,103,20
2026-05-31 12:05:00,0.482,105,20
2026-05-31 12:11:00,0.449,96,20
2026-05-31 12:17:00,0.437,93,20
2026-05-31 12:23:00,0.486,97,20
2026-05-31 12:29:00,0.393,90,20
2026-05-31 12:35:00,0.342,86,20
2026-05-31 12:41:00,0.309,77,20
2026-05-31 12:47:00,0.327,82,20
2026-05-31 12:53:00,0.303,97,20
2026-05-31 12:59:00,0.26,94,20
2026-05-31 13:05:00,0.274,108,20
2026-05-31 13:11:00,0.369,116,20
2026-05-31 13:17:00,0.332,105,20
2026-05-31 13:23:00,0.29,112,20
2026-05-31 13:29:00,0.157,68,20
2026-05-31 13:35:00,0.115,72,20
2026-05-31 13:41:00,0.148,69,20
2026-05-31 13:47:00,0.161,28,20
2026-05-31 13:53:00,0.194,2,20
2026-05-31 13:59:00,0.231,354,20
2026-05-31 14:05:00,0.167,346,20
2026-05-31 14:11:00,0.196,358,20
2026-05-31 14:17:00,0.297,334,20
2026-05-31 14:23:00,0.206,336,20
2026-05-31 14:29:00,0.138,339,20
2026-05-31 14:35:00,0.132,356,20
2026-05-31 14:41:00,0.134,353,20
2026-05-31 14:47:00,0.148,325,20
2026-05-31 14:53:00,0.214,353,20
2026-05-31 14:59:00,0.231,342,20
2026-05-31 15:05:00,0.305,342,20
2026-05-31 15:11:00,0.288,345,20
2026-05-31 15:17:00,0.243,338,20
2026-05-31 15:23:00,0.319,336,20
2026-05-31 15:29:00,0.295,332,20
2026-05-31 15:35:00,0.227,337,20
2026-05-31 15:41:00,0.235,341,20
2026-05-31 15:47:00,0.241,338,20
2026-05-31 15:53:00,0.239,332,20
2026-05-31 15:59:00,0.152,334,20
2026-05-31 16:05:00,0.204,327,20
2026-05-31 16:11:00,0.222,329,20
2026-05-31 16:17:00,0.171,339,20
2026-05-31 16:23:00,0.169,344,20
2026-05-31 16:29:00,0.165,348,20
2026-05-31 16:35:00,0.179,348,20
2026-05-31 16:41:00,0.117,11,20
2026-05-31 16:47:00,0.101,20,20
2026-05-31 16:53:00,0.109,27,20
2026-05-31 16:59:00,0.084,42,20
2026-05-31 17:05:00,0.163,98,20
2026-05-31 17:11:00,0.229,130,20
2026-05-31 17:17:00,0.28,126,20
2026-05-31 17:23:00,0.19,133,20
2026-05-31 17:29:00,0.198,123,20
2026-05-31 17:35:00,0.327,128,20
2026-05-31 17:41:00,0.276,119,20
2026-05-31 17:47:00,0.33,124,20
2026-05-31 17:53:00,0.412,130,20
2026-05-31 17:59:00,0.309,124,20
2026-05-31 18:05:00,0.365,125,20
2026-05-31 18:11:00,0.259,128,20
2026-05-31 18:17:00,0.35,126,20
2026-05-31 18:23:00,0.414,129,20
2026-05-31 18:29:00,0.344,129,20
2026-05-31 18:35:00,0.369,124,20
2026-05-31 18:41:00,0.412,125,20
2026-05-31 18:47:00,0.457,128,20
2026-05-31 18:53:00,0.414,128,20
2026-05-31 18:59:00,0.398,129,20
2026-05-31 19:05:00,0.455,131,20
2026-05-31 19:11:00,0.404,131,20
2026-05-31 19:17:00,0.614,136,20
2026-05-31 19:23:00,0.441,123,20
2026-05-31 19:29:00,0.544,127,20
2026-05-31 19:35:00,0.55,132,20
2026-05-31 19:41:00,0.568,133,20
2026-05-31 19:47:00,0.612,132,20
2026-05-31 19:53:00,0.507,129,20
2026-05-31 19:59:00,0.54,132,20
2026-05-31 20:05:00,0.548,134,20
2026-05-31 20:11:00,0.54,138,20
2026-05-31 20:17:00,0.75,143,20
2026-05-31 20:23:00,0.575,135,20
2026-05-31 20:29:00,0.54,145,20
2026-05-31 20:35:00,0.75,133,20
2026-05-31 20:41:00,0.595,136,20
2026-05-31 20:47:00,0.579,134,20
2026-05-31 20:53:00,0.441,127,20
2026-05-31 20:59:00,0.544,134,20
2026-05-31 21:05:00,0.468,127,20
2026-05-31 21:11:00,0.564,137,20
2026-05-31 21:17:00,0.657,143,20
2026-05-31 21:23:00,0.805,144,20
2026-05-31 21:29:00,0.729,141,20
2026-05-31 21:35:00,0.673,138,20
2026-05-31 21:41:00,0.653,139,20
2026-05-31 21:47:00,0.667,140,20
2026-05-31 21:53:00,0.572,141,20
2026-05-31 21:59:00,0.663,145,20
2026-05-31 22:05:00,0.675,145,20
2026-05-31 22:11:00,0.723,141,20
2026-05-31 22:17:00,0.651,142,20
2026-05-31 22:23:00,0.612,140,20
2026-05-31 22:29:00,0.552,142,20
2026-05-31 22:35:00,0.56,142,20
2026-05-31 22:41:00,0.558,139,20
2026-05-31 22:47:00,0.486,142,20
2026-05-31 22:53:00,0.432,146,20
2026-05-31 22:59:00,0.49,143,20
2026-05-31 23:05:00,0.439,147,20
2026-05-31 23:11:00,0.422,142,20
2026-05-31 23:17:00,0.379,138,20
2026-05-31 23:23:00,0.272,132,20
2026-05-31 23:29:00,0.327,136,20
2026-05-31 23:35:00,0.315,131,20
2026-05-31 23:41:00,0.194,121,20
2026-05-31 23:47:00,0.253,150,20
2026-05-31 23:53:00,0.272,148,20
2026-05-31 23:59:00,0.163,141,20
2026-06-01 00:05:00,0.047,128,20
2026-06-01 00:17:00,0.14,2,20
2026-06-01 00:23:00,0.28,348,20
2026-06-01 00:29:00,0.163,2,20
2026-06-01 00:35:00,0.22,345,20
2026-06-01 00:41:00,0.381,330,20
2026-06-01 00:47:00,0.389,336,20
2026-06-01 00:53:00,0.34,337,20
2026-06-01 00:59:00,0.243,351,20
2026-06-01 01:05:00,0.332,340,20
2026-06-01 01:11:00,0.231,352,20
2026-06-01 01:17:00,0.257,360,20
2026-06-01 01:23:00,0.313,329,20
2026-06-01 01:29:00,0.301,332,20
2026-06-01 01:35:00,0.381,335,20
2026-06-01 01:41:00,0.554,319,20
2026-06-01 01:47:00,0.544,316,20
2026-06-01 01:53:00,0.663,323,20
2026-06-01 01:59:00,0.521,324,20
2026-06-01 02:05:00,0.535,331,20
2026-06-01 02:11:00,0.525,341,20
2026-06-01 02:17:00,0.398,341,20
2026-06-01 02:23:00,0.659,340,20
2026-06-01 02:29:00,0.692,340,20
2026-06-01 02:35:00,0.764,338,20
2026-06-01 02:41:00,0.737,340,20
2026-06-01 02:47:00,0.678,347,20
2026-06-01 02:53:00,0.774,340,20
2026-06-01 02:59:00,0.766,344,20
2026-06-01 03:05:00,0.894,343,20
2026-06-01 03:11:00,0.855,349,20
2026-06-01 03:17:00,0.76,352,20
2026-06-01 03:23:00,0.766,352,20
2026-06-01 03:29:00,0.717,351,20
2026-06-01 03:35:00,0.702,353,20
2026-06-01 03:41:00,0.721,351,20
2026-06-01 03:47:00,0.641,355,20
2026-06-01 03:53:00,0.655,350,20
2026-06-01 03:59:00,0.552,359,20
2026-06-01 04:05:00,0.521,2,20
2026-06-01 04:11:00,0.533,355,20
2026-06-01 04:17:00,0.418,359,20
2026-06-01 04:23:00,0.354,13,20
2026-06-01 04:29:00,0.328,18,20
2026-06-01 04:35:00,0.323,12,20
2026-06-01 04:41:00,0.408,8,20
2026-06-01 04:47:00,0.447,1,20
2026-06-01 04:53:00,0.334,8,20
2026-06-01 04:59:00,0.28,10,20
2026-06-01 05:05:00,0.208,18,20
2026-06-01 05:11:00,0.229,29,20
2026-06-01 05:17:00,0.198,57,20
2026-06-01 05:23:00,0.268,91,20
2026-06-01 05:29:00,0.249,91,20
2026-06-01 05:35:00,0.307,103,20
2026-06-01 05:41:00,0.303,111,20
2026-06-01 05:47:00,0.323,127,20
2026-06-01 05:53:00,0.225,133,20
2026-06-01 05:59:00,0.364,130,20
2026-06-01 06:05:00,0.408,127,20
2026-06-01 06:11:00,0.433,122,20
2026-06-01 06:17:00,0.336,112,20
2026-06-01 06:23:00,0.393,126,20
2026-06-01 06:29:00,0.449,128,20
2026-06-01 06:35:00,0.529,137,20
2026-06-01 06:41:00,0.69,136,20
2026-06-01 06:47:00,0.671,136,20
2026-06-01 06:53:00,0.603,135,20
2026-06-01 06:59:00,0.447,169,20
2026-06-01 07:05:00,0.054,241,20
2026-06-01 07:11:00,0.138,27,20
2026-06-01 07:17:00,0.432,122,20
2026-06-01 07:23:00,0.47,130,20
2026-06-01 07:29:00,0.727,135,20
2026-06-01 07:35:00,0.671,131,20
2026-06-01 07:41:00,0.622,129,20
2026-06-01 07:47:00,0.7,121,20
2026-06-01 07:53:00,0.783,123,20
2026-06-01 07:59:00,0.826,122,20
2026-06-01 08:05:00,0.838,120,20
2026-06-01 08:11:00,0.914,124,20
2026-06-01 08:17:00,0.952,124,20
2026-06-01 08:23:00,1.209,133,20
2026-06-01 08:29:00,1.192,138,20
2026-06-01 08:35:00,1.363,141,20
2026-06-01 08:41:00,1.302,139,20
2026-06-01 08:47:00,1.195,137,20
2026-06-01 08:53:00,1.228,137,20
2026-06-01 08:59:00,1.178,136,20
2026-06-01 09:05:00,1.157,135,20
2026-06-01 09:11:00,0.986,134,20
2026-06-01 09:17:00,0.785,133,20
2026-06-01 09:23:00,0.739,131,20
2026-06-01 09:29:00,0.793,133,20
2026-06-01 09:35:00,0.836,133,20
2026-06-01 09:41:00,0.76,130,20
2026-06-01 09:47:00,0.698,126,20
2026-06-01 09:53:00,0.711,129,20
2026-06-01 09:59:00,0.766,130,20
2026-06-01 10:05:00,0.873,128,20
2026-06-01 10:11:00,0.918,129,20
2026-06-01 10:17:00,0.811,127,20
2026-06-01 10:23:00,0.779,126,20
2026-06-01 10:29:00,0.779,124,20
2026-06-01 10:35:00,0.766,124,20
2026-06-01 10:41:00,0.719,125,20
2026-06-01 10:47:00,0.638,124,20
2026-06-01 10:53:00,0.741,125,20
2026-06-01 10:59:00,0.7,128,20
2026-06-01 11:05:00,0.791,132,20
2026-06-01 11:11:00,0.904,134,20
2026-06-01 11:17:00,0.871,130,20
2026-06-01 11:23:00,0.972,132,20
2026-06-01 11:29:00,0.822,132,20
2026-06-01 11:35:00,0.752,131,20
2026-06-01 11:41:00,0.809,129,20
2026-06-01 11:47:00,0.844,128,20
2026-06-01 11:53:00,0.756,129,20
2026-06-01 11:59:00,0.723,131,20
2026-06-01 12:05:00,0.756,135,20
2026-06-01 12:11:00,0.727,132,20
2026-06-01 12:17:00,0.678,133,20
2026-06-01 12:23:00,0.791,132,20
2026-06-01 12:29:00,0.694,133,20
2026-06-01 12:35:00,0.791,134,20
2026-06-01 12:41:00,0.916,132,20
2026-06-01 12:47:00,0.842,133,20
2026-06-01 12:53:00,0.727,135,20
2026-06-01 12:59:00,0.544,137,20
2026-06-01 13:05:00,0.632,130,20
2026-06-01 13:11:00,0.624,127,20
2026-06-01 13:17:00,0.54,124,20
2026-06-01 13:23:00,0.529,127,20
2026-06-01 13:29:00,0.63,131,20
2026-06-01 13:35:00,0.665,131,20
2026-06-01 13:41:00,0.715,133,20
2026-06-01 13:47:00,0.799,132,20
2026-06-01 13:53:00,0.75,131,20
2026-06-01 13:59:00,0.752,130,20
2026-06-01 14:05:00,0.754,129,20
2026-06-01 14:11:00,0.743,130,20
2026-06-01 14:17:00,0.698,129,20
2026-06-01 14:23:00,0.71,130,20
2026-06-01 14:29:00,0.667,134,20
2026-06-01 14:35:00,0.519,133,20
2026-06-01 14:41:00,0.527,133,20
2026-06-01 14:47:00,0.447,131,20
2026-06-01 14:53:00,0.381,134,20
2026-06-01 14:59:00,0.48,136,20
2026-06-01 15:05:00,0.43,140,20
2026-06-01 15:11:00,0.338,143,20
2026-06-01 15:17:00,0.478,148,20
2026-06-01 15:23:00,0.406,149,20
2026-06-01 15:29:00,0.381,143,20
2026-06-01 15:35:00,0.408,144,20
2026-06-01 15:41:00,0.397,128,20
2026-06-01 15:47:00,0.284,116,20
2026-06-01 15:53:00,0.218,111,20
2026-06-01 15:59:00,0.257,108,20
2026-06-01 16:05:00,0.222,114,20
2026-06-01 16:11:00,0.154,97,20
2026-06-01 16:17:00,0.169,103,20
2026-06-01 16:23:00,0.175,122,20
2026-06-01 16:29:00,0.202,116,20
2026-06-01 16:35:00,0.235,124,20
2026-06-01 16:41:00,0.177,121,20
2026-06-01 16:47:00,0.21,127,20
2026-06-01 16:53:00,0.255,137,20
2026-06-01 16:59:00,0.225,140,20
2026-06-01 17:05:00,0.284,142,20
2026-06-01 17:11:00,0.278,142,20
2026-06-01 17:17:00,0.266,146,20
2026-06-01 17:23:00,0.235,145,20
2026-06-01 17:29:00,0.233,149,20
2026-06-01 17:35:00,0.218,150,20
2026-06-01 17:41:00,0.295,151,20
2026-06-01 17:47:00,0.364,137,20
2026-06-01 17:53:00,0.233,152,20
2026-06-01 17:59:00,0.177,145,20
2026-06-01 18:05:00,0.222,140,20
2026-06-01 18:11:00,0.264,143,20
2026-06-01 18:17:00,0.194,139,20
2026-06-01 18:23:00,0.126,122,20
2026-06-01 18:29:00,0.119,107,20
2026-06-01 18:35:00,0.152,119,20
2026-06-01 18:41:00,0.233,128,20
2026-06-01 18:47:00,0.286,119,20
2026-06-01 18:53:00,0.309,134,20
2026-06-01 18:59:00,0.414,136,20
2026-06-01 19:05:00,0.354,137,20
2026-06-01 19:11:00,0.373,128,20
2026-06-01 19:17:00,0.433,137,20
2026-06-01 19:23:00,0.402,138,20
2026-06-01 19:29:00,0.416,138,20
2026-06-01 19:35:00,0.468,135,20
2026-06-01 19:41:00,0.505,130,20
2026-06-01 19:47:00,0.573,133,20
2026-06-01 19:53:00,0.529,132,20
2026-06-01 19:59:00,0.618,128,20
2026-06-01 20:05:00,0.616,130,20
2026-06-01 20:11:00,0.608,128,20
2026-06-01 20:17:00,0.593,129,20
2026-06-01 20:23:00,0.554,122,20
2026-06-01 20:29:00,0.628,127,20
2026-06-01 20:35:00,0.632,122,20
2026-06-01 20:41:00,0.643,125,20
2026-06-01 20:47:00,0.649,126,20
2026-06-01 20:53:00,0.676,128,20
2026-06-01 20:59:00,0.723,131,20
2026-06-01 21:05:00,0.725,131,20
2026-06-01 21:11:00,0.692,130,20
2026-06-01 21:17:00,0.756,132,20
2026-06-01 21:23:00,0.651,124,20
2026-06-01 21:29:00,0.659,130,20
2026-06-01 21:35:00,0.61,129,20
2026-06-01 21:41:00,0.653,129,20
2026-06-01 21:47:00,0.622,130,20
2026-06-01 21:53:00,0.711,129,20
2026-06-01 21:59:00,0.69,131,20
2026-06-01 22:05:00,0.651,130,20
2026-06-01 22:11:00,0.597,130,20
2026-06-01 22:17:00,0.608,130,20
2026-06-01 22:23:00,0.608,131,20
2026-06-01 22:29:00,0.61,132,20
2026-06-01 22:35:00,0.544,130,20
2026-06-01 22:41:00,0.56,137,20
2026-06-01 22:47:00,0.492,133,20
2026-06-01 22:53:00,0.418,130,20
2026-06-01 22:59:00,0.447,131,20
2026-06-01 23:05:00,0.459,135,20
2026-06-01 23:11:00,0.424,137,20
2026-06-01 23:17:00,0.418,134,20
2026-06-01 23:23:00,0.332,131,20
2026-06-01 23:29:00,0.251,138,20
2026-06-01 23:35:00,0.157,116,20
2026-06-01 23:41:00,0.169,111,20
2026-06-01 23:47:00,0.111,92,20
2026-06-01 23:53:00,0.066,45,20
2026-06-01 23:59:00,0.064,107,20
2026-06-02 00:05:00,0.049,315,20
2026-06-02 00:11:00,0.076,327,20
2026-06-02 00:17:00,0.035,333,20
2026-06-02 00:23:00,0.08,319,20
2026-06-02 00:29:00,0.14,328,20
2026-06-02 00:35:00,0.161,330,20
2026-06-02 00:41:00,0.194,334,20
2026-06-02 00:47:00,0.202,330,20
2026-06-02 00:53:00,0.231,348,20
2026-06-02 00:59:00,0.224,341,20
2026-06-02 01:05:00,0.342,341,20
2026-06-02 01:11:00,0.383,334,20
2026-06-02 01:17:00,0.367,334,20
2026-06-02 01:23:00,0.449,327,20
2026-06-02 01:29:00,0.517,334,20
2026-06-02 01:35:00,0.525,329,20
2026-06-02 01:41:00,0.556,334,20
2026-06-02 01:47:00,0.585,329,20
2026-06-02 01:53:00,0.64,331,20
2026-06-02 01:59:00,0.612,331,20
2026-06-02 02:05:00,0.467,335,20
2026-06-02 02:11:00,0.568,332,20
2026-06-02 02:17:00,0.733,332,20
2026-06-02 02:23:00,0.573,336,20
2026-06-02 02:29:00,0.544,337,20
2026-06-02 02:35:00,0.55,336,20
2026-06-02 02:41:00,0.509,339,20
2026-06-02 02:47:00,0.523,339,20
2026-06-02 02:53:00,0.622,335,20
2026-06-02 02:59:00,0.68,334,20
2026-06-02 03:05:00,0.692,342,20
2026-06-02 03:11:00,0.583,343,20
2026-06-02 03:17:00,0.63,340,20
2026-06-02 03:23:00,0.719,335,20
2026-06-02 03:29:00,0.744,335,20
2026-06-02 03:35:00,0.851,331,20
2026-06-02 03:41:00,0.805,332,20
2026-06-02 03:47:00,0.698,332,20
2026-06-02 03:53:00,0.7,336,20
2026-06-02 03:59:00,0.737,334,20
2026-06-02 04:05:00,0.739,337,20
2026-06-02 04:11:00,0.756,337,20
2026-06-02 04:17:00,0.706,334,20
2026-06-02 04:23:00,0.741,336,20
2026-06-02 04:29:00,0.675,337,20
2026-06-02 04:35:00,0.64,342,20
2026-06-02 04:41:00,0.597,343,20
2026-06-02 04:47:00,0.542,338,20
2026-06-02 04:53:00,0.583,340,20
2026-06-02 04:59:00,0.568,338,20
2026-06-02 05:05:00,0.542,334,20
2026-06-02 05:11:00,0.531,337,20
2026-06-02 05:17:00,0.49,337,20
2026-06-02 05:23:00,0.432,341,20
2026-06-02 05:29:00,0.453,342,20
2026-06-02 05:35:00,0.42,342,20
2026-06-02 05:41:00,0.375,343,20
2026-06-02 05:47:00,0.391,345,20
2026-06-02 05:53:00,0.385,346,20
2026-06-02 05:59:00,0.292,360,20
2026-06-02 06:05:00,0.272,1,20
2026-06-02 06:11:00,0.295,5,20
2026-06-02 06:17:00,0.247,358,20
2026-06-02 06:23:00,0.233,51,20
2026-06-02 06:29:00,0.216,81,20
2026-06-02 06:35:00,0.175,81,20
2026-06-02 06:41:00,0.231,68,20
2026-06-02 06:47:00,0.27,61,20
2026-06-02 06:53:00,0.325,44,20
2026-06-02 06:59:00,0.548,347,20
2026-06-02 07:05:00,0.245,329,20
2026-06-02 07:11:00,0.117,257,20
2026-06-02 07:17:00,0.297,135,20
2026-06-02 07:23:00,0.422,120,20
2026-06-02 07:29:00,0.422,129,20
2026-06-02 07:35:00,0.336,112,20
2026-06-02 07:41:00,0.729,118,20
2026-06-02 07:47:00,1.009,140,20
2026-06-02 07:53:00,0.299,186,20
2026-06-02 07:59:00,0.089,353,20
2026-06-02 08:05:00,0.19,354,20
2026-06-02 08:11:00,0.187,51,20
2026-06-02 08:17:00,0.225,85,20
2026-06-02 08:23:00,0.367,117,20
2026-06-02 08:29:00,0.478,121,20
2026-06-02 08:35:00,0.47,121,20
2026-06-02 08:41:00,0.507,122,20
2026-06-02 08:47:00,0.404,121,20
2026-06-02 08:53:00,0.468,130,20
2026-06-02 08:59:00,0.614,134,20
2026-06-02 09:05:00,0.605,139,20
2026-06-02 09:11:00,0.577,144,20
2026-06-02 09:17:00,0.682,138,20
2026-06-02 09:23:00,0.795,141,20
2026-06-02 09:29:00,0.704,143,20
2026-06-02 09:35:00,0.641,146,20
2026-06-02 09:41:00,0.739,146,20
2026-06-02 09:47:00,0.75,140,20
2026-06-02 09:53:00,0.781,143,20
2026-06-02 09:59:00,0.768,142,20
2026-06-02 10:05:00,0.727,143,20
2026-06-02 10:11:00,0.838,141,20
2026-06-02 10:17:00,0.848,138,20
2026-06-02 10:23:00,0.816,142,20
2026-06-02 10:29:00,0.744,146,20
2026-06-02 10:35:00,0.799,143,20
2026-06-02 10:41:00,0.772,141,20
2026-06-02 10:47:00,0.779,139,20
2026-06-02 10:53:00,0.762,136,20
2026-06-02 10:59:00,0.741,137,20
2026-06-02 11:05:00,0.704,139,20
2026-06-02 11:11:00,0.766,138,20
2026-06-02 11:17:00,0.873,136,20
2026-06-02 11:23:00,0.931,135,20
2026-06-02 11:29:00,0.814,139,20
2026-06-02 11:35:00,0.562,137,20
2026-06-02 11:41:00,0.449,138,20
2026-06-02 11:47:00,0.496,136,20
2026-06-02 11:53:00,0.741,142,20
2026-06-02 11:59:00,0.702,145,20
2026-06-02 12:05:00,0.7,143,20
2026-06-02 12:11:00,0.729,145,20
2026-06-02 12:17:00,0.725,143,20
2026-06-02 12:23:00,0.632,141,20
2026-06-02 12:29:00,0.599,143,20
2026-06-02 12:35:00,0.605,143,20
2026-06-02 12:41:00,0.591,144,20
2026-06-02 12:47:00,0.531,141,20
2026-06-02 12:53:00,0.474,141,20
2026-06-02 12:59:00,0.488,141,20
2026-06-02 13:05:00,0.397,138,20
2026-06-02 13:11:00,0.391,142,20
2026-06-02 13:17:00,0.389,142,20
2026-06-02 13:23:00,0.354,143,20
2026-06-02 13:29:00,0.393,148,20
2026-06-02 13:35:00,0.408,141,20
2026-06-02 13:41:00,0.332,146,20
2026-06-02 13:47:00,0.387,141,20
2026-06-02 13:53:00,0.367,139,20
2026-06-02 13:59:00,0.325,135,20
2026-06-02 14:05:00,0.26,135,20
2026-06-02 14:11:00,0.208,129,20
2026-06-02 14:17:00,0.154,138,20
2026-06-02 14:23:00,0.2,122,20
2026-06-02 14:29:00,0.093,76,20
2026-06-02 14:35:00,0.103,41,20
2026-06-02 14:41:00,0.089,9,20
2026-06-02 14:47:00,0.222,340,20
2026-06-02 14:53:00,0.22,344,20
2026-06-02 14:59:00,0.227,344,20
2026-06-02 15:05:00,0.264,346,20
2026-06-02 15:11:00,0.202,357,20
2026-06-02 15:17:00,0.292,347,20
2026-06-02 15:23:00,0.206,8,20
2026-06-02 15:29:00,0.237,336,20
2026-06-02 15:35:00,0.288,335,20
2026-06-02 15:41:00,0.348,336,20
2026-06-02 15:47:00,0.375,336,20
2026-06-02 15:53:00,0.435,334,20
2026-06-02 15:59:00,0.404,344,20
2026-06-02 16:05:00,0.476,337,20
2026-06-02 16:11:00,0.47,339,20
2026-06-02 16:17:00,0.503,338,20
2026-06-02 16:23:00,0.48,341,20
2026-06-02 16:29:00,0.478,337,20
2026-06-02 16:35:00,0.439,341,20
2026-06-02 16:41:00,0.391,344,20
2026-06-02 16:47:00,0.334,353,20
2026-06-02 16:53:00,0.313,360,20
2026-06-02 16:59:00,0.253,356,20
2026-06-02 17:05:00,0.319,347,20
2026-06-02 17:11:00,0.288,346,20
2026-06-02 17:17:00,0.255,352,20
2026-06-02 17:23:00,0.295,341,20
2026-06-02 17:29:00,0.286,342,20
2026-06-02 17:35:00,0.245,346,20
2026-06-02 17:41:00,0.28,332,20
2026-06-02 17:47:00,0.243,331,20
2026-06-02 17:53:00,0.198,346,20
2026-06-02 17:59:00,0.189,344,20
2026-06-02 18:05:00,0.115,349,20
2026-06-02 18:11:00,0.19,327,20
2026-06-02 18:17:00,0.276,324,20
2026-06-02 18:23:00,0.196,310,20
2026-06-02 18:29:00,0.128,316,20
2026-06-02 18:35:00,0.124,316,20
2026-06-02 18:41:00,0.062,322,20
2026-06-02 18:47:00,0.052,270,20
2026-06-02 18:53:00,0.027,291,20
2026-06-02 18:59:00,0.033,257,20
2026-06-02 19:05:00,0.031,255,20
2026-06-02 19:11:00,0.08,140,20
2026-06-02 19:17:00,0.113,129,20
2026-06-02 19:23:00,0.313,132,20
2026-06-02 19:29:00,0.412,134,20
2026-06-02 19:35:00,0.486,137,20
2026-06-02 19:41:00,0.496,131,20
2026-06-02 19:47:00,0.548,135,20
2026-06-02 19:53:00,0.56,137,20
2026-06-02 19:59:00,0.552,131,20
2026-06-02 20:05:00,0.552,132,20
2026-06-02 20:11:00,0.575,133,20
2026-06-02 20:17:00,0.601,136,20
2026-06-02 20:23:00,0.63,138,20
2026-06-02 20:29:00,0.951,134,20
2026-06-02 20:35:00,0.717,136,20
2026-06-02 20:41:00,0.684,138,20
2026-06-02 20:47:00,0.63,132,20
2026-06-02 20:53:00,0.606,127,20
2026-06-02 20:59:00,0.776,136,20
2026-06-02 21:05:00,0.636,128,20
2026-06-02 21:11:00,0.593,129,20
2026-06-02 21:17:00,0.612,128,20
2026-06-02 21:23:00,0.494,121,20
2026-06-02 21:29:00,0.562,127,20
2026-06-02 21:35:00,0.575,133,20
2026-06-02 21:41:00,0.573,130,20
2026-06-02 21:47:00,0.56,129,20
2026-06-02 21:53:00,0.579,130,20
2026-06-02 21:59:00,0.692,140,20
2026-06-02 22:05:00,0.805,143,20
2026-06-02 22:11:00,0.764,146,20
2026-06-02 22:17:00,0.816,144,20
2026-06-02 22:23:00,0.733,143,20
2026-06-02 22:29:00,0.636,141,20
2026-06-02 22:35:00,0.517,140,20
2026-06-02 22:41:00,0.581,135,20
2026-06-02 22:47:00,0.573,133,20
2026-06-02 22:53:00,0.527,133,20
2026-06-02 22:59:00,0.468,132,20
2026-06-02 23:05:00,0.496,131,20
2026-06-02 23:11:00,0.546,137,20
2026-06-02 23:17:00,0.393,129,20
2026-06-02 23:23:00,0.461,129,20
2026-06-02 23:29:00,0.5,139,20
2026-06-02 23:35:00,0.5,138,20
2026-06-02 23:41:00,0.498,140,20
2026-06-02 23:47:00,0.626,145,20
2026-06-02 23:53:00,0.589,147,20
2026-06-02 23:59:00,0.482,144,20
2026-06-03 00:05:00,0.301,136,20
2026-06-03 00:11:00,0.311,136,20
2026-06-03 00:17:00,0.138,81,20
2026-06-03 00:23:00,0.245,131,20
2026-06-03 00:29:00,0.099,112,20
2026-06-03 00:35:00,0.181,129,20
2026-06-03 00:41:00,0.14,109,20
2026-06-03 00:47:00,0.06,36,20
2026-06-03 00:53:00,0.043,100,20
2026-06-03 00:59:00,0.052,91,20
2026-06-03 01:05:00,0.163,3,20
2026-06-03 01:11:00,0.278,335,20
2026-06-03 01:17:00,0.266,337,20
2026-06-03 01:23:00,0.224,333,20
2026-06-03 01:29:00,0.206,350,20
2026-06-03 01:35:00,0.356,337,20
2026-06-03 01:41:00,0.362,326,20
2026-06-03 01:47:00,0.556,325,20
2026-06-03 01:53:00,0.437,320,20
2026-06-03 01:59:00,0.546,327,20
2026-06-03 02:05:00,0.597,330,20
2026-06-03 02:11:00,0.671,323,20
2026-06-03 02:17:00,0.589,331,20
2026-06-03 02:23:00,0.581,331,20
2026-06-03 02:29:00,0.517,329,20
2026-06-03 02:35:00,0.531,334,20
2026-06-03 02:41:00,0.393,333,20
2026-06-03 02:47:00,0.379,321,20
2026-06-03 02:53:00,0.377,333,20
2026-06-03 02:59:00,0.334,357,20
2026-06-03 03:05:00,0.286,14,20
2026-06-03 03:11:00,0.365,3,20
2026-06-03 03:17:00,0.435,349,20
2026-06-03 03:23:00,0.548,338,20
2026-06-03 03:29:00,0.476,348,20
2026-06-03 03:35:00,0.601,341,20
2026-06-03 03:41:00,0.554,345,20
2026-06-03 03:47:00,0.659,341,20
2026-06-03 03:53:00,0.706,344,20
2026-06-03 03:59:00,0.612,351,20
2026-06-03 04:05:00,0.54,0,20
2026-06-03 04:11:00,0.583,352,20
2026-06-03 04:17:00,0.57,348,20
2026-06-03 04:23:00,0.645,337,20
2026-06-03 04:29:00,0.624,334,20
2026-06-03 04:35:00,0.622,338,20
2026-06-03 04:41:00,0.626,337,20
2026-06-03 04:47:00,0.647,334,20
2026-06-03 04:53:00,0.573,335,20
2026-06-03 04:59:00,0.498,345,20
2026-06-03 05:05:00,0.618,340,20
2026-06-03 05:11:00,0.634,340,20
2026-06-03 05:17:00,0.669,331,20
2026-06-03 05:23:00,0.601,327,20
2026-06-03 05:29:00,0.653,326,20
2026-06-03 05:35:00,0.585,325,20
2026-06-03 05:41:00,0.655,321,20
2026-06-03 05:47:00,0.597,321,20
2026-06-03 05:53:00,0.494,323,20
2026-06-03 05:59:00,0.558,317,20
2026-06-03 06:05:00,0.618,314,20
2026-06-03 06:11:00,0.628,314,20
2026-06-03 06:17:00,0.455,308,20
2026-06-03 06:23:00,0.385,316,20
2026-06-03 06:29:00,0.566,326,20
2026-06-03 06:35:00,0.375,326,20
2026-06-03 06:41:00,0.317,325,20
2026-06-03 06:47:00,0.338,314,20
2026-06-03 06:53:00,0.239,329,20
2026-06-03 06:59:00,0.202,319,20
2026-06-03 07:05:00,0.165,318,20
2026-06-03 07:11:00,0.099,312,20
2026-06-03 07:17:00,0.132,132,20
2026-06-03 07:23:00,0.315,119,20
2026-06-03 07:29:00,0.231,119,20
2026-06-03 07:35:00,0.243,115,20
2026-06-03 07:41:00,0.35,118,20
2026-06-03 07:47:00,0.393,112,20
2026-06-03 07:53:00,0.5,120,20
2026-06-03 07:59:00,0.432,125,20
2026-06-03 08:05:00,0.507,127,20
2026-06-03 08:11:00,0.568,130,20
2026-06-03 08:17:00,0.614,134,20
2026-06-03 08:23:00,0.653,137,20
2026-06-03 08:29:00,0.748,136,20
2026-06-03 08:35:00,0.717,139,20
2026-06-03 08:41:00,0.875,138,20
2026-06-03 08:47:00,0.834,141,20
2026-06-03 08:53:00,0.77,142,20
2026-06-03 08:59:00,0.91,141,20
2026-06-03 09:05:00,0.964,142,20
2026-06-03 09:11:00,0.877,142,20
2026-06-03 09:17:00,0.941,143,20
2026-06-03 09:23:00,0.999,141,20
2026-06-03 09:29:00,1.001,138,20
2026-06-03 09:35:00,1.005,139,20
2026-06-03 09:41:00,0.98,140,20
2026-06-03 09:47:00,1.042,139,20
2026-06-03 09:53:00,1.09,139,20
2026-06-03 09:59:00,1.122,140,20
2026-06-03 10:05:00,1.092,141,20
2026-06-03 10:11:00,1.162,142,20
2026-06-03 10:17:00,1.258,141,20
2026-06-03 10:23:00,1.264,139,20
2026-06-03 10:29:00,1.384,141,20
2026-06-03 10:35:00,1.333,142,20
2026-06-03 10:41:00,1.335,142,20
2026-06-03 10:47:00,1.318,140,20
2026-06-03 10:53:00,1.337,140,20
2026-06-03 10:59:00,1.269,139,20
2026-06-03 11:05:00,1.279,137,20
2026-06-03 11:11:00,1.24,136,20
2026-06-03 11:17:00,1.31,136,20
2026-06-03 11:23:00,1.386,137,20
2026-06-03 11:29:00,1.372,136,20
2026-06-03 11:35:00,1.388,135,20
2026-06-03 11:41:00,1.483,136,20
2026-06-03 11:47:00,1.435,137,20
2026-06-03 11:53:00,1.295,138,20
2026-06-03 11:59:00,1.227,140,20
2026-06-03 12:05:00,1.252,139,20
2026-06-03 12:11:00,1.236,138,20
2026-06-03 12:17:00,1.25,139,20
2026-06-03 12:23:00,1.232,140,20
2026-06-03 12:29:00,1.267,137,20
2026-06-03 12:35:00,1.23,138,20
2026-06-03 12:41:00,1.112,138,20
2026-06-03 12:47:00,1.011,141,20
2026-06-03 12:53:00,0.952,139,20
2026-06-03 12:59:00,1.085,139,20
2026-06-03 13:05:00,0.908,134,20
2026-06-03 13:11:00,0.851,129,20
2026-06-03 13:17:00,0.826,137,20
2026-06-03 13:23:00,0.894,140,20
2026-06-03 13:29:00,0.879,141,20
2026-06-03 13:35:00,0.836,140,20
2026-06-03 13:41:00,0.902,139,20
2026-06-03 13:47:00,0.902,140,20
2026-06-03 13:53:00,0.727,140,20
2026-06-03 13:59:00,0.653,138,20
2026-06-03 14:05:00,0.558,139,20
2026-06-03 14:11:00,0.515,133,20
2026-06-03 14:17:00,0.63,138,20
2026-06-03 14:23:00,0.556,136,20
2026-06-03 14:29:00,0.536,140,20
2026-06-03 14:35:00,0.638,143,20
2026-06-03 14:41:00,0.717,144,20
2026-06-03 14:47:00,0.733,146,20
2026-06-03 14:53:00,0.91,142,20
2026-06-03 14:59:00,0.956,144,20
2026-06-03 15:05:00,0.914,148,20
2026-06-03 15:11:00,0.807,146,20
2026-06-03 15:17:00,0.678,143,20
2026-06-03 15:23:00,0.502,151,20
2026-06-03 15:29:00,0.5,147,20
2026-06-03 15:35:00,0.505,146,20
2026-06-03 15:41:00,0.439,147,20
2026-06-03 15:47:00,0.408,146,20
2026-06-03 15:53:00,0.327,157,20
2026-06-03 15:59:00,0.375,157,20
2026-06-03 16:05:00,0.313,152,20
2026-06-03 16:11:00,0.317,161,20
2026-06-03 16:17:00,0.29,160,20
2026-06-03 16:23:00,0.325,158,20
2026-06-03 16:29:00,0.307,161,20
2026-06-03 16:35:00,0.323,155,20
2026-06-03 16:41:00,0.262,153,20
2026-06-03 16:47:00,0.245,153,20
2026-06-03 16:53:00,0.224,150,20
2026-06-03 16:59:00,0.148,157,20
2026-06-03 17:05:00,0.109,167,20
2026-06-03 17:11:00,0.146,155,20
2026-06-03 17:17:00,0.105,158,20
2026-06-03 17:23:00,0.078,177,20
2026-06-03 17:29:00,0.089,168,20
2026-06-03 17:35:00,0.037,175,20
2026-06-03 17:41:00,0.095,152,20
2026-06-03 17:47:00,0.054,196,20
2026-06-03 17:53:00,0.062,257,20
2026-06-03 17:59:00,0.041,192,20
2026-06-03 18:05:00,0.078,175,20
2026-06-03 18:11:00,0.084,163,20
2026-06-03 18:17:00,0.13,143,20
2026-06-03 18:23:00,0.068,172,20
2026-06-03 18:29:00,0.19,140,20
2026-06-03 18:35:00,0.113,154,20
2026-06-03 18:41:00,0.165,147,20
2026-06-03 18:47:00,0.216,149,20
2026-06-03 18:53:00,0.183,148,20
2026-06-03 18:59:00,0.266,139,20
2026-06-03 19:05:00,0.266,145,20
2026-06-03 19:11:00,0.169,153,20
2026-06-03 19:17:00,0.142,141,20
2026-06-03 19:23:00,0.144,155,20
2026-06-03 19:29:00,0.152,141,20
2026-06-03 19:35:00,0.115,137,20
2026-06-03 19:41:00,0.122,141,20
2026-06-03 19:47:00,0.093,143,20
2026-06-03 19:53:00,0.233,147,20
2026-06-03 19:59:00,0.282,154,20
2026-06-03 20:05:00,0.212,147,20
2026-06-03 20:11:00,0.187,15,20
2026-06-03 20:17:00,0.136,109,20
2026-06-03 20:23:00,0.237,137,20
2026-06-03 20:29:00,0.185,138,20
2026-06-03 20:35:00,0.196,142,20
2026-06-03 20:41:00,0.157,155,20
2026-06-03 20:47:00,0.189,171,20
2026-06-03 20:53:00,0.154,142,20
2026-06-03 20:59:00,0.239,147,20
2026-06-03 21:05:00,0.241,138,20
2026-06-03 21:11:00,0.173,135,20
2026-06-03 21:17:00,0.086,133,20
2026-06-03 21:23:00,0.243,133,20
2026-06-03 21:29:00,0.119,138,20
2026-06-03 21:35:00,0.202,131,20
2026-06-03 21:41:00,0.163,130,20
2026-06-03 21:47:00,0.144,145,20
2026-06-03 21:53:00,0.043,115,20
2026-06-03 21:59:00,0.132,154,20
2026-06-03 22:05:00,0.054,163,20
2026-06-03 22:11:00,0.134,155,20
2026-06-03 22:17:00,0.115,172,20
2026-06-03 22:23:00,0.072,211,20
2026-06-03 22:29:00,0.086,155,20
2026-06-03 22:35:00,0.132,274,20
2026-06-03 22:47:00,0.064,191,20
2026-06-03 22:53:00,0.068,284,20
2026-06-03 22:59:00,0.091,175,20
2026-06-03 23:05:00,0.019,176,20
2026-06-03 23:11:00,0.054,155,20
2026-06-03 23:17:00,0.076,144,20
2026-06-03 23:29:00,0.15,149,20
2026-06-03 23:35:00,0.146,136,20
2026-06-03 23:41:00,0.119,144,20
2026-06-03 23:47:00,0.105,134,20
2026-06-03 23:53:00,0.103,103,20
2026-06-03 23:59:00,0.087,90,20
2026-06-04 00:05:00,0.249,137,20
2026-06-04 00:11:00,0.214,128,20
2026-06-04 00:17:00,0.266,130,20
2026-06-04 00:23:00,0.101,110,20
2026-06-04 00:29:00,0.107,114,20
2026-06-04 00:35:00,0.051,63,20
2026-06-04 00:41:00,0.099,346,20
2026-06-04 00:47:00,0.051,327,20
2026-06-04 00:53:00,0.185,328,20
2026-06-04 00:59:00,0.173,328,20
2026-06-04 01:05:00,0.233,324,20
2026-06-04 01:11:00,0.187,323,20
2026-06-04 01:17:00,0.231,334,20
2026-06-04 01:23:00,0.346,325,20
2026-06-04 01:29:00,0.397,325,20
2026-06-04 01:35:00,0.346,337,20
2026-06-04 01:41:00,0.472,329,20
2026-06-04 01:47:00,0.451,330,20
2026-06-04 01:53:00,0.395,331,20
2026-06-04 01:59:00,0.352,326,20
2026-06-04 02:05:00,0.245,332,20
2026-06-04 02:11:00,0.344,336,20
2026-06-04 02:17:00,0.435,341,20
2026-06-04 02:23:00,0.424,338,20
2026-06-04 02:29:00,0.467,336,20
2026-06-04 02:35:00,0.523,329,20
2026-06-04 02:41:00,0.651,330,20
2026-06-04 02:47:00,0.628,329,20
2026-06-04 02:53:00,0.684,328,20
2026-06-04 02:59:00,0.606,331,20
2026-06-04 03:05:00,0.663,332,20
2026-06-04 03:11:00,0.62,337,20
2026-06-04 03:17:00,0.54,347,20
2026-06-04 03:23:00,0.498,346,20
2026-06-04 03:29:00,0.606,344,20
2026-06-04 03:35:00,0.496,348,20
2026-06-04 03:41:00,0.488,353,20
2026-06-04 03:47:00,0.476,359,20
2026-06-04 03:53:00,0.533,357,20
2026-06-04 03:59:00,0.591,359,20
2026-06-04 04:05:00,0.591,353,20
2026-06-04 04:11:00,0.748,342,20
2026-06-04 04:17:00,0.919,337,20
2026-06-04 04:23:00,0.851,340,20
2026-06-04 04:29:00,0.997,333,20
2026-06-04 04:35:00,0.974,331,20
2026-06-04 04:41:00,0.984,331,20
2026-06-04 04:47:00,0.875,330,20
2026-06-04 04:53:00,0.859,328,20
2026-06-04 04:59:00,0.836,325,20
2026-06-04 05:05:00,0.869,329,20
2026-06-04 05:11:00,0.884,330,20
2026-06-04 05:17:00,0.945,328,20
2026-06-04 05:23:00,0.939,328,20
2026-06-04 05:29:00,1.017,325,20
2026-06-04 05:35:00,0.978,326,20
2026-06-04 05:41:00,0.807,327,20
2026-06-04 05:47:00,0.813,328,20
2026-06-04 05:53:00,0.859,330,20
2026-06-04 05:59:00,0.711,331,20
2026-06-04 06:05:00,0.799,329,20
2026-06-04 06:11:00,0.723,331,20
2026-06-04 06:17:00,0.692,330,20
2026-06-04 06:23:00,0.727,330,20
2026-06-04 06:29:00,0.678,335,20
2026-06-04 06:35:00,0.605,340,20
2026-06-04 06:41:00,0.787,334,20
2026-06-04 06:47:00,0.719,336,20
2026-06-04 06:53:00,0.69,339,20
2026-06-04 06:59:00,0.729,333,20
2026-06-04 07:05:00,0.75,334,20
2026-06-04 07:11:00,0.673,335,20
2026-06-04 07:17:00,0.673,330,20
2026-06-04 07:23:00,0.626,337,20
2026-06-04 07:29:00,0.556,341,20
2026-06-04 07:35:00,0.616,333,20
2026-06-04 07:41:00,0.587,338,20
2026-06-04 07:47:00,0.428,342,20
2026-06-04 07:53:00,0.338,344,20
2026-06-04 07:59:00,0.284,344,20
2026-06-04 08:05:00,0.187,12,20
2026-06-04 08:11:00,0.216,354,20
2026-06-04 08:17:00,0.2,357,20
2026-06-04 08:23:00,0.206,6,20
2026-06-04 08:29:00,0.202,0,20
2026-06-04 08:35:00,0.165,6,20
2026-06-04 08:41:00,0.087,4,20
2026-06-04 08:47:00,0.084,98,20
2026-06-04 08:53:00,0.175,156,20
2026-06-04 08:59:00,0.183,156,20
2026-06-04 09:05:00,0.327,146,20
2026-06-04 09:11:00,0.313,145,20
2026-06-04 09:17:00,0.338,149,20
2026-06-04 09:23:00,0.344,140,20
2026-06-04 09:29:00,0.433,141,20
2026-06-04 09:35:00,0.364,144,20
2026-06-04 09:41:00,0.451,141,20
2026-06-04 09:47:00,0.307,139,20
2026-06-04 09:53:00,0.352,131,20
2026-06-04 09:59:00,0.412,126,20
2026-06-04 10:05:00,0.562,120,20
2026-06-04 10:11:00,0.521,107,20
2026-06-04 10:17:00,0.447,112,20
2026-06-04 10:23:00,0.498,117,20
2026-06-04 10:29:00,0.54,120,20
2026-06-04 13:35:00,0.301,129,20
2026-06-04 13:41:00,0.305,127,20
2026-06-04 13:47:00,0.111,115,20
2026-06-04 13:53:00,0.294,127,20
2026-06-04 13:59:00,0.239,134,20
2026-06-04 14:05:00,0.089,128,20
2026-06-04 14:11:00,0.235,134,20
2026-06-04 14:17:00,0.208,135,20
2026-06-04 14:23:00,0.196,131,20
2026-06-04 14:29:00,0.179,146,20
2026-06-04 14:35:00,0.233,135,20
2026-06-04 14:41:00,0.255,139,20
2026-06-04 14:47:00,0.29,133,20
2026-06-04 14:53:00,0.233,123,20
2026-06-04 14:59:00,0.266,128,20
2026-06-04 15:05:00,0.255,122,20
2026-06-04 15:11:00,0.243,135,20
2026-06-04 15:17:00,0.251,142,20
2026-06-04 15:23:00,0.163,135,20
2026-06-04 15:29:00,0.107,118,20
2026-06-04 15:35:00,0.119,132,20
2026-06-04 15:41:00,0.049,158,20
2026-06-04 15:47:00,0.13,360,20
2026-06-04 15:53:00,0.157,355,20
2026-06-04 15:59:00,0.148,351,20
2026-06-04 16:05:00,0.124,13,20
2026-06-04 16:11:00,0.105,27,20
2026-06-04 16:17:00,0.132,26,20
2026-06-04 16:23:00,0.093,23,20
2026-06-04 16:29:00,0.07,63,20
2026-06-04 16:35:00,0.068,6,20
2026-06-04 16:41:00,0.045,82,20
2026-06-04 16:47:00,0.117,325,20
2026-06-04 16:53:00,0.181,313,20
2026-06-04 16:59:00,0.235,308,20
2026-06-04 17:05:00,0.245,308,20
2026-06-04 17:11:00,0.206,306,20
2026-06-04 17:17:00,0.196,305,20
2026-06-04 17:23:00,0.15,298,20
2026-06-04 17:29:00,0.119,287,20
2026-06-04 17:35:00,0.165,279,20
2026-06-04 17:41:00,0.095,250,20
2026-06-04 17:47:00,0.082,272,20
2026-06-04 17:53:00,0.054,260,20
2026-06-04 17:59:00,0.14,303,20
2026-06-04 18:05:00,0.194,318,20
2026-06-04 18:11:00,0.192,318,20
2026-06-04 18:17:00,0.272,322,20
2026-06-04 18:23:00,0.192,331,20
2026-06-04 18:29:00,0.196,320,20
2026-06-04 18:35:00,0.132,327,20
2026-06-04 18:41:00,0.136,335,20
2026-06-04 18:47:00,0.19,344,20
2026-06-04 18:53:00,0.196,343,20
2026-06-04 18:59:00,0.111,360,20
2026-06-04 19:05:00,0.08,47,20
2026-06-04 19:11:00,0.068,342,20
2026-06-04 19:17:00,0.163,310,20
2026-06-04 19:23:00,0.196,328,20
2026-06-04 19:29:00,0.241,333,20
2026-06-04 19:35:00,0.26,340,20
2026-06-04 19:41:00,0.107,0,20
2026-06-04 19:47:00,0.082,43,20
2026-06-04 19:53:00,0.117,356,20
2026-06-04 19:59:00,0.08,345,20
2026-06-04 20:05:00,0.031,107,20
2026-06-04 20:11:00,0.117,92,20
2026-06-04 20:17:00,0.618,115,20
2026-06-04 20:23:00,0.093,79,20
2026-06-04 20:29:00,0.397,107,20
2026-06-04 20:35:00,0.093,76,20
2026-06-04 20:41:00,1.157,130,20
2026-06-04 20:47:00,0.311,112,20
2026-06-04 20:53:00,0.358,120,20
2026-06-04 20:59:00,0.309,119,20
2026-06-04 21:05:00,0.307,125,20
2026-06-04 21:11:00,0.321,124,20
2026-06-04 21:17:00,0.925,127,20
2026-06-04 21:23:00,0.492,120,20
2026-06-04 21:29:00,0.49,122,20
2026-06-04 21:35:00,0.507,119,20
2026-06-04 21:41:00,0.476,133,20
2026-06-04 21:47:00,0.474,133,20
2026-06-04 21:53:00,0.432,122,20
2026-06-04 21:59:00,0.457,139,20
2026-06-04 22:05:00,0.441,134,20
2026-06-04 22:11:00,0.544,141,20
2026-06-04 22:17:00,0.513,139,20
2026-06-04 22:23:00,0.554,140,20
2026-06-04 22:29:00,0.54,147,20
2026-06-04 22:35:00,0.686,143,20
2026-06-04 22:41:00,0.624,142,20
2026-06-04 22:47:00,0.585,148,20
2026-06-04 22:53:00,0.498,141,20
2026-06-04 22:59:00,0.595,143,20
2026-06-04 23:05:00,0.593,141,20
2026-06-04 23:11:00,0.531,139,20
2026-06-04 23:17:00,0.513,140,20
2026-06-04 23:23:00,0.56,142,20
2026-06-04 23:29:00,0.568,145,20
2026-06-04 23:35:00,0.566,145,20
2026-06-04 23:41:00,0.583,141,20
2026-06-04 23:47:00,0.546,143,20
2026-06-04 23:53:00,0.566,147,20
2026-06-04 23:59:00,0.55,143,20
2026-06-05 00:05:00,0.529,143,20
2026-06-05 00:11:00,0.515,141,20
2026-06-05 00:17:00,0.467,145,20
2026-06-05 00:23:00,0.515,139,20
2026-06-05 00:29:00,0.527,137,20
2026-06-05 00:35:00,0.472,129,20
2026-06-05 00:41:00,0.468,135,20
2026-06-05 00:47:00,0.383,130,20
2026-06-05 00:53:00,0.379,133,20
2026-06-05 00:59:00,0.288,125,20
2026-06-05 01:05:00,0.237,125,20
2026-06-05 01:11:00,0.266,121,20
2026-06-05 01:17:00,0.086,90,20
2026-06-05 01:23:00,0.068,103,20
2026-06-05 01:29:00,0.014,73,20
2026-06-05 01:35:00,0.072,360,20
2026-06-05 01:41:00,0.049,359,20
2026-06-05 01:47:00,0.13,346,20
2026-06-05 01:53:00,0.175,337,20
2026-06-05 01:59:00,0.126,308,20
2026-06-05 02:05:00,0.126,256,20
2026-06-05 02:11:00,0.136,225,20
2026-06-05 02:17:00,0.105,280,20
2026-06-05 02:23:00,0.157,293,20
2026-06-05 02:29:00,0.121,255,20
2026-06-05 02:35:00,0.319,315,20
2026-06-05 02:41:00,0.336,315,20
2026-06-05 02:47:00,0.29,315,20
2026-06-05 02:53:00,0.278,323,20
2026-06-05 02:59:00,0.255,324,20
2026-06-05 03:05:00,0.27,329,20
2026-06-05 03:11:00,0.294,339,20
2026-06-05 03:17:00,0.202,356,20
2026-06-05 03:23:00,0.185,0,20
2026-06-05 03:29:00,0.171,19,20
2026-06-05 03:35:00,0.146,24,20
2026-06-05 03:41:00,0.138,14,20
2026-06-05 03:47:00,0.087,20,20
2026-06-05 03:53:00,0.117,26,20
2026-06-05 03:59:00,0.052,134,20
2026-06-05 04:05:00,0.086,10,20
2026-06-05 04:11:00,0.058,327,20
2026-06-05 04:17:00,0.29,335,20
2026-06-05 04:23:00,0.315,344,20
2026-06-05 04:29:00,0.402,358,20
2026-06-05 04:35:00,0.373,357,20
2026-06-05 04:41:00,0.398,348,20
2026-06-05 04:47:00,0.424,344,20
2026-06-05 04:53:00,0.457,343,20
2026-06-05 04:59:00,0.42,342,20
2026-06-05 05:05:00,0.468,335,20
2026-06-05 05:11:00,0.478,336,20
2026-06-05 05:17:00,0.424,336,20
2026-06-05 05:23:00,0.521,337,20
2026-06-05 05:29:00,0.612,336,20
2026-06-05 05:35:00,0.708,331,20
2026-06-05 05:41:00,0.626,333,20
2026-06-05 05:47:00,0.75,327,20
2026-06-05 05:53:00,0.787,325,20
2026-06-05 05:59:00,0.939,327,20
2026-06-05 06:05:00,0.919,326,20
2026-06-05 06:11:00,0.881,327,20
2026-06-05 06:17:00,0.877,327,20
2026-06-05 06:23:00,0.875,326,20
2026-06-05 06:29:00,0.711,328,20
2026-06-05 06:35:00,0.77,327,20
2026-06-05 06:41:00,0.791,326,20
2026-06-05 06:47:00,0.7,328,20
2026-06-05 06:53:00,0.622,330,20
2026-06-05 06:59:00,0.61,333,20
2026-06-05 07:05:00,0.601,333,20
2026-06-05 07:11:00,0.64,331,20
2026-06-05 07:17:00,0.597,333,20
2026-06-05 07:23:00,0.546,338,20
2026-06-05 07:29:00,0.447,341,20
2026-06-05 07:35:00,0.558,334,20
2026-06-05 07:41:00,0.478,338,20
2026-06-05 07:47:00,0.676,333,20
2026-06-05 07:53:00,0.698,339,20
2026-06-05 07:59:00,0.622,342,20
2026-06-05 08:05:00,0.527,341,20
2026-06-05 08:11:00,0.239,341,20
2026-06-05 08:17:00,0.161,346,20
2026-06-05 08:23:00,0.142,327,20
2026-06-05 08:29:00,0.198,343,20
2026-06-05 08:35:00,0.14,351,20
2026-06-05 08:41:00,0.14,337,20
2026-06-05 08:47:00,0.107,16,20
2026-06-05 08:53:00,0.062,351,20
2026-06-05 08:59:00,0.103,97,20
2026-06-05 09:05:00,0.294,135,20
2026-06-05 09:11:00,0.352,137,20
2026-06-05 09:17:00,0.259,127,20
2026-06-05 09:23:00,0.315,131,20
2026-06-05 09:29:00,0.362,135,20
2026-06-05 09:35:00,0.319,124,20
2026-06-05 09:41:00,0.315,120,20
2026-06-05 09:47:00,0.465,119,20
2026-06-05 09:53:00,0.47,127,20
2026-06-05 09:59:00,0.336,121,20
2026-06-05 10:05:00,0.385,117,20
2026-06-05 10:11:00,0.597,115,20
2026-06-05 10:17:00,0.589,106,20
2026-06-05 10:23:00,0.638,111,20
2026-06-05 10:29:00,0.535,110,20
2026-06-05 10:35:00,0.393,122,20
2026-06-05 10:41:00,0.647,132,20
2026-06-05 10:47:00,0.64,144,20
2026-06-05 10:53:00,0.848,145,20
2026-06-05 10:59:00,0.884,141,20
2026-06-05 11:05:00,0.908,144,20
2026-06-05 11:11:00,0.762,143,20
2026-06-05 11:17:00,0.692,142,20
2026-06-05 11:23:00,0.659,139,20
2026-06-05 11:29:00,0.536,138,20
2026-06-05 11:35:00,0.533,133,20
2026-06-05 11:41:00,0.572,128,20
2026-06-05 11:47:00,0.581,129,20
2026-06-05 11:53:00,0.599,130,20
2026-06-05 11:59:00,0.573,131,20
2026-06-05 12:05:00,0.451,130,20
2026-06-05 12:11:00,0.527,130,20
2026-06-05 12:17:00,0.595,134,20
2026-06-05 12:23:00,0.49,139,20
2026-06-05 12:29:00,0.612,137,20
2026-06-05 12:35:00,0.659,137,20
2026-06-05 12:41:00,0.618,141,20
2026-06-05 12:47:00,0.577,141,20
2026-06-05 12:53:00,0.593,139,20
2026-06-05 12:59:00,0.61,139,20
2026-06-05 13:05:00,0.63,139,20
2026-06-05 13:11:00,0.64,138,20
2026-06-05 13:17:00,0.649,139,20
2026-06-05 13:23:00,0.593,136,20
2026-06-05 13:29:00,0.673,133,20
2026-06-05 13:35:00,0.494,135,20
2026-06-05 13:41:00,0.428,140,20
2026-06-05 13:47:00,0.465,142,20
2026-06-05 13:53:00,0.502,138,20
2026-06-05 13:59:00,0.377,142,20
2026-06-05 14:05:00,0.447,140,20
2026-06-05 14:11:00,0.445,137,20
2026-06-05 14:17:00,0.542,133,20
2026-06-05 14:23:00,0.558,131,20
2026-06-05 14:29:00,0.612,132,20
2026-06-05 14:35:00,0.622,129,20
2026-06-05 14:41:00,0.511,131,20
2026-06-05 14:47:00,0.531,131,20
2026-06-05 14:53:00,0.507,133,20
2026-06-05 14:59:00,0.558,136,20
2026-06-05 15:05:00,0.552,133,20
2026-06-05 15:11:00,0.509,131,20
2026-06-05 15:17:00,0.453,131,20
2026-06-05 15:23:00,0.48,134,20
2026-06-05 15:29:00,0.474,133,20
2026-06-05 15:35:00,0.381,130,20
2026-06-05 15:41:00,0.418,130,20
2026-06-05 15:47:00,0.402,128,20
2026-06-05 15:53:00,0.334,132,20
2026-06-05 15:59:00,0.338,130,20
2026-06-05 16:05:00,0.309,133,20
2026-06-05 16:11:00,0.321,136,20
2026-06-05 16:17:00,0.276,140,20
2026-06-05 16:23:00,0.206,142,20
2026-06-05 16:29:00,0.216,138,20
2026-06-05 16:35:00,0.157,147,20
2026-06-05 16:41:00,0.049,120,20
2026-06-05 16:47:00,0.029,99,20
2026-06-05 16:53:00,0.039,120,20
2026-06-05 16:59:00,0.019,102,20
2026-06-05 17:05:00,0.014,163,20
2026-06-05 17:11:00,0.111,301,20
2026-06-05 17:17:00,0.278,312,20
2026-06-05 17:23:00,0.163,311,20
2026-06-05 17:29:00,0.115,322,20
2026-06-05 17:35:00,0.109,329,20
2026-06-05 17:41:00,0.097,323,20
2026-06-05 17:47:00,0.163,339,20
2026-06-05 17:53:00,0.091,47,20
2026-06-05 17:59:00,0.072,69,20
2026-06-05 18:05:00,0.064,36,20
2026-06-05 18:11:00,0.06,46,20
2026-06-05 18:17:00,0.072,74,20
2026-06-05 18:23:00,0.103,13,20
2026-06-05 18:29:00,0.156,8,20
2026-06-05 18:35:00,0.19,347,20
2026-06-05 18:41:00,0.282,336,20
2026-06-05 18:47:00,0.373,330,20
2026-06-05 18:53:00,0.459,332,20
2026-06-05 18:59:00,0.325,331,20
2026-06-05 19:05:00,0.336,318,20
2026-06-05 19:11:00,0.33,311,20
2026-06-05 19:17:00,0.262,287,20
2026-06-05 19:23:00,0.148,313,20
2026-06-05 19:29:00,0.189,300,20
2026-06-05 19:35:00,0.084,134,20
2026-06-05 19:41:00,0.163,152,20
2026-06-05 19:47:00,0.315,163,20
2026-06-05 19:53:00,0.029,304,20
2026-06-05 19:59:00,0.154,163,20
2026-06-05 20:05:00,0.132,180,20
2026-06-05 20:17:00,0.492,123,20
2026-06-05 20:23:00,0.402,162,20
2026-06-05 20:29:00,0.231,170,20
2026-06-05 20:35:00,0.814,124,20
2026-06-05 20:41:00,0.505,123,20
2026-06-05 20:47:00,0.311,142,20
2026-06-05 20:53:00,0.395,139,20
2026-06-05 20:59:00,0.185,114,20
2026-06-05 21:05:00,0.15,107,20
2026-06-05 21:11:00,0.167,104,20
2026-06-05 21:17:00,0.768,123,20
2026-06-05 21:23:00,0.311,122,20
2026-06-05 21:29:00,0.412,119,20
2026-06-05 21:35:00,0.362,120,20
2026-06-05 21:41:00,0.35,128,20
2026-06-05 21:47:00,0.29,124,20
2026-06-05 21:53:00,0.47,134,20
2026-06-05 21:59:00,0.465,135,20
2026-06-05 22:05:00,0.515,139,20
2026-06-05 22:11:00,0.55,137,20
2026-06-05 22:17:00,0.397,141,20
2026-06-05 22:23:00,0.533,136,20
2026-06-05 22:29:00,0.484,138,20
2026-06-05 22:35:00,0.535,136,20
2026-06-05 22:41:00,0.585,136,20
2026-06-05 22:47:00,0.673,128,20
2026-06-05 22:53:00,0.665,136,20
2026-06-05 22:59:00,0.515,141,20
2026-06-05 23:05:00,0.614,141,20
2026-06-05 23:11:00,0.628,143,20
2026-06-05 23:17:00,0.558,147,20
2026-06-05 23:23:00,0.626,147,20
2026-06-05 23:29:00,0.552,146,20
2026-06-05 23:35:00,0.626,147,20
2026-06-05 23:41:00,0.505,136,20
2026-06-05 23:47:00,0.566,144,20
2026-06-05 23:53:00,0.449,139,20
2026-06-05 23:59:00,0.377,146,20
2026-06-06 00:05:00,0.395,144,20
2026-06-06 00:11:00,0.488,142,20
2026-06-06 00:17:00,0.496,144,20
2026-06-06 00:23:00,0.468,141,20
2026-06-06 00:29:00,0.416,133,20
2026-06-06 00:35:00,0.391,139,20
2026-06-06 00:41:00,0.391,127,20
2026-06-06 00:47:00,0.342,131,20
2026-06-06 00:53:00,0.35,130,20
2026-06-06 00:59:00,0.451,138,20
2026-06-06 01:05:00,0.253,136,20
2026-06-06 01:11:00,0.241,112,20
2026-06-06 01:17:00,0.259,127,20
2026-06-06 01:23:00,0.216,120,20
2026-06-06 01:29:00,0.105,57,20
2026-06-06 01:35:00,0.198,113,20
2026-06-06 01:41:00,0.218,133,20
2026-06-06 01:47:00,0.121,109,20
2026-06-06 01:53:00,0.15,115,20
2026-06-06 01:59:00,0.084,83,20
2026-06-06 02:05:00,0.039,68,20
2026-06-06 02:11:00,0.082,104,20
2026-06-06 02:17:00,0.084,38,20
2026-06-06 02:23:00,0.078,30,20
2026-06-06 02:29:00,0.054,29,20
2026-06-06 02:35:00,0.117,2,20
2026-06-06 02:41:00,0.086,19,20
2026-06-06 02:47:00,0.171,353,20
2026-06-06 02:53:00,0.122,346,20
2026-06-06 02:59:00,0.187,340,20
2026-06-06 03:05:00,0.295,342,20
2026-06-06 03:11:00,0.245,334,20
2026-06-06 03:17:00,0.292,333,20
2026-06-06 03:23:00,0.391,337,20
2026-06-06 03:29:00,0.321,336,20
2026-06-06 03:35:00,0.364,336,20
2026-06-06 03:41:00,0.367,329,20
2026-06-06 03:47:00,0.231,328,20
2026-06-06 03:53:00,0.301,329,20
2026-06-06 03:59:00,0.367,325,20
2026-06-06 04:05:00,0.408,327,20
2026-06-06 04:11:00,0.476,327,20
2026-06-06 04:17:00,0.47,334,20
2026-06-06 04:23:00,0.474,332,20
2026-06-06 04:29:00,0.484,332,20
2026-06-06 04:35:00,0.455,338,20
2026-06-06 04:41:00,0.389,347,20
2026-06-06 04:47:00,0.404,346,20
2026-06-06 04:53:00,0.472,339,20
2026-06-06 04:59:00,0.513,334,20
2026-06-06 05:05:00,0.636,332,20
2026-06-06 05:11:00,0.772,331,20
2026-06-06 05:17:00,0.793,326,20
2026-06-06 05:23:00,0.875,324,20
2026-06-06 05:29:00,0.848,325,20
2026-06-06 05:35:00,0.836,328,20
2026-06-06 05:41:00,0.865,328,20
2026-06-06 05:47:00,0.735,333,20
2026-06-06 05:53:00,0.57,338,20
2026-06-06 05:59:00,0.439,350,20
2026-06-06 06:05:00,0.459,340,20
2026-06-06 06:11:00,0.484,350,20
2026-06-06 06:17:00,0.439,355,20
2026-06-06 06:23:00,0.467,347,20
2026-06-06 06:29:00,0.554,346,20
2026-06-06 06:35:00,0.566,338,20
2026-06-06 06:41:00,0.676,330,20
2026-06-06 06:47:00,0.566,330,20
2026-06-06 06:53:00,0.525,335,20
2026-06-06 06:59:00,0.653,328,20
2026-06-06 07:05:00,0.676,328,20
2026-06-06 07:11:00,0.595,333,20
2026-06-06 07:17:00,0.542,337,20
2026-06-06 07:23:00,0.492,334,20
2026-06-06 07:29:00,0.595,331,20
2026-06-06 07:35:00,0.486,337,20
2026-06-06 07:41:00,0.435,335,20
2026-06-06 07:47:00,0.498,334,20
2026-06-06 07:53:00,0.496,332,20
2026-06-06 07:59:00,0.445,337,20
2026-06-06 08:05:00,0.33,343,20
2026-06-06 08:11:00,0.311,345,20
2026-06-06 08:17:00,0.245,348,20
2026-06-06 08:23:00,0.192,357,20
2026-06-06 08:29:00,0.233,12,20
2026-06-06 08:35:00,0.278,23,20
2026-06-06 08:41:00,0.299,30,20
2026-06-06 08:47:00,0.317,22,20
2026-06-06 08:53:00,0.328,28,20
2026-06-06 08:59:00,0.299,47,20
2026-06-06 09:05:00,0.264,60,20
2026-06-06 09:11:00,0.338,96,20
2026-06-06 09:17:00,0.336,99,20
2026-06-06 09:23:00,0.342,106,20
2026-06-06 09:29:00,0.367,106,20
2026-06-06 09:35:00,0.387,116,20
2026-06-06 09:41:00,0.373,128,20
2026-06-06 09:47:00,0.474,132,20
2026-06-06 09:53:00,0.554,135,20
2026-06-06 09:59:00,0.568,131,20
2026-06-06 10:05:00,0.577,130,20
2026-06-06 10:11:00,0.599,131,20
2026-06-06 10:17:00,0.542,130,20
2026-06-06 10:23:00,0.416,123,20
2026-06-06 10:29:00,0.467,125,20
2026-06-06 10:35:00,0.503,125,20
2026-06-06 10:41:00,0.439,123,20
2026-06-06 10:47:00,0.328,124,20
2026-06-06 10:53:00,0.414,119,20
2026-06-06 10:59:00,0.381,118,20
2026-06-06 11:05:00,0.486,123,20
2026-06-06 11:11:00,0.585,136,20
2026-06-06 11:17:00,0.573,136,20
2026-06-06 11:23:00,0.682,142,20
2026-06-06 11:29:00,0.688,142,20
2026-06-06 11:35:00,0.667,142,20
2026-06-06 11:41:00,0.675,142,20
2026-06-06 11:47:00,0.758,140,20
2026-06-06 11:53:00,0.723,137,20
2026-06-06 11:59:00,0.68,136,20
2026-06-06 12:05:00,0.706,136,20
2026-06-06 12:11:00,0.605,132,20
2026-06-06 12:17:00,0.552,128,20
2026-06-06 12:23:00,0.515,127,20
2026-06-06 12:29:00,0.517,133,20
2026-06-06 12:35:00,0.603,132,20
2026-06-06 12:41:00,0.64,130,20
2026-06-06 12:47:00,0.647,133,20
2026-06-06 12:53:00,0.62,134,20
2026-06-06 12:59:00,0.603,137,20
2026-06-06 13:05:00,0.61,135,20
2026-06-06 13:11:00,0.601,139,20
2026-06-06 13:17:00,0.583,135,20
2026-06-06 13:23:00,0.645,138,20
2026-06-06 13:29:00,0.632,139,20
2026-06-06 13:35:00,0.64,138,20
2026-06-06 13:41:00,0.649,135,20
2026-06-06 13:47:00,0.651,133,20
2026-06-06 13:53:00,0.671,132,20
2026-06-06 13:59:00,0.416,133,20
2026-06-06 14:05:00,0.47,134,20
2026-06-06 14:11:00,0.509,133,20
2026-06-06 14:17:00,0.457,136,20
2026-06-06 14:23:00,0.505,137,20
2026-06-06 14:29:00,0.544,138,20
2026-06-06 14:35:00,0.492,139,20
2026-06-06 14:41:00,0.593,136,20
2026-06-06 14:47:00,0.655,131,20
2026-06-06 14:53:00,0.692,131,20
2026-06-06 14:59:00,0.657,125,20
2026-06-06 15:05:00,0.638,126,20
2026-06-06 15:11:00,0.61,121,20
2026-06-06 15:17:00,0.62,125,20
2026-06-06 15:23:00,0.573,129,20
2026-06-06 15:29:00,0.525,126,20
2026-06-06 15:35:00,0.513,127,20
2026-06-06 15:41:00,0.511,129,20
2026-06-06 15:47:00,0.521,139,20
2026-06-06 15:53:00,0.443,144,20
2026-06-06 15:59:00,0.513,140,20
2026-06-06 16:05:00,0.443,146,20
2026-06-06 16:11:00,0.414,153,20
2026-06-06 16:17:00,0.385,153,20
2026-06-06 16:23:00,0.332,153,20
2026-06-06 16:29:00,0.338,150,20
2026-06-06 16:35:00,0.278,147,20
2026-06-06 16:41:00,0.28,155,20
2026-06-06 16:47:00,0.224,154,20
2026-06-06 16:53:00,0.212,147,20
2026-06-06 16:59:00,0.175,146,20
2026-06-06 17:05:00,0.099,171,20
2026-06-06 17:11:00,0.051,207,20
2026-06-06 17:17:00,0.019,282,20
2026-06-06 17:23:00,0.033,244,20
2026-06-06 17:29:00,0.056,165,20
2026-06-06 17:35:00,0.008,271,20
2026-06-06 17:41:00,0.014,57,20
2026-06-06 17:47:00,0.066,185,20
2026-06-06 17:53:00,0.099,237,20
2026-06-06 17:59:00,0.144,313,20
2026-06-06 18:05:00,0.052,279,20
2026-06-06 18:11:00,0.049,266,20
2026-06-06 18:17:00,0.08,296,20
2026-06-06 18:23:00,0.175,288,20
2026-06-06 18:29:00,0.189,293,20
2026-06-06 18:35:00,0.259,308,20
2026-06-06 18:41:00,0.352,308,20
2026-06-06 18:47:00,0.369,306,20
2026-06-06 18:53:00,0.362,312,20
2026-06-06 18:59:00,0.406,315,20
2026-06-06 19:05:00,0.344,318,20
2026-06-06 19:11:00,0.379,326,20
2026-06-06 19:17:00,0.383,328,20
2026-06-06 19:23:00,0.422,332,20
2026-06-06 19:29:00,0.424,332,20
2026-06-06 19:35:00,0.393,339,20
2026-06-06 19:41:00,0.33,343,20
2026-06-06 19:47:00,0.295,1,20
2026-06-06 19:53:00,0.323,356,20
2026-06-06 19:59:00,0.321,352,20
2026-06-06 20:05:00,0.367,347,20
2026-06-06 20:11:00,0.286,2,20
2026-06-06 20:17:00,0.313,356,20
2026-06-06 20:23:00,0.295,1,20
2026-06-06 20:29:00,0.196,34,20
2026-06-06 20:35:00,0.259,81,20
2026-06-06 20:41:00,0.494,108,20
2026-06-06 20:47:00,0.253,353,20
2026-06-06 20:53:00,0.115,349,20
2026-06-06 20:59:00,0.163,24,20
2026-06-06 21:05:00,0.189,44,20
2026-06-06 21:11:00,0.2,2,20
2026-06-06 21:17:00,0.268,78,20
2026-06-06 21:23:00,0.346,96,20
2026-06-06 21:29:00,0.231,72,20
2026-06-06 21:35:00,0.284,89,20
2026-06-06 21:41:00,0.305,110,20
2026-06-06 21:47:00,0.214,105,20
2026-06-06 21:53:00,0.19,80,20
2026-06-06 21:59:00,0.177,80,20
2026-06-06 22:05:00,0.111,74,20
2026-06-06 22:11:00,0.255,96,20
2026-06-06 22:17:00,0.33,103,20
2026-06-06 22:23:00,0.295,110,20
2026-06-06 22:29:00,0.338,105,20
2026-06-06 22:35:00,0.237,102,20
2026-06-06 22:41:00,0.369,103,20
2026-06-06 22:47:00,0.332,99,20
2026-06-06 22:53:00,0.381,105,20
2026-06-06 22:59:00,0.468,123,20
2026-06-06 23:05:00,0.441,116,20
2026-06-06 23:11:00,0.503,113,20
2026-06-06 23:17:00,0.447,107,20
2026-06-06 23:23:00,0.494,112,20
2026-06-06 23:29:00,0.441,113,20
2026-06-06 23:35:00,0.447,120,20
2026-06-06 23:41:00,0.43,115,20
2026-06-06 23:47:00,0.266,106,20
2026-06-06 23:53:00,0.395,115,20
2026-06-06 23:59:00,0.389,117,20
2026-06-07 00:05:00,0.418,122,20
2026-06-07 00:11:00,0.408,115,20
2026-06-07 00:17:00,0.412,122,20
2026-06-07 00:23:00,0.367,122,20
2026-06-07 00:29:00,0.422,131,20
2026-06-07 00:35:00,0.482,126,20
2026-06-07 00:41:00,0.482,121,20
2026-06-07 00:47:00,0.492,122,20
2026-06-07 00:53:00,0.527,125,20
2026-06-07 00:59:00,0.47,124,20
2026-06-07 01:05:00,0.42,118,20
2026-06-07 01:11:00,0.439,124,20
2026-06-07 01:17:00,0.383,119,20
2026-06-07 01:23:00,0.4,118,20
2026-06-07 01:29:00,0.358,112,20
2026-06-07 01:35:00,0.36,107,20
2026-06-07 01:41:00,0.383,114,20
2026-06-07 01:47:00,0.375,107,20
2026-06-07 01:53:00,0.315,95,20
2026-06-07 01:59:00,0.36,103,20
2026-06-07 02:05:00,0.34,101,20
2026-06-07 02:11:00,0.356,100,20
2026-06-07 02:17:00,0.406,111,20
2026-06-07 02:23:00,0.336,110,20
2026-06-07 02:29:00,0.383,113,20
2026-06-07 02:35:00,0.336,108,20
2026-06-07 02:41:00,0.389,118,20
2026-06-07 02:47:00,0.33,109,20
2026-06-07 02:53:00,0.301,99,20
2026-06-07 02:59:00,0.301,96,20
2026-06-07 03:05:00,0.286,104,20
2026-06-07 03:11:00,0.237,90,20
2026-06-07 03:17:00,0.227,96,20
2026-06-07 03:23:00,0.21,86,20
2026-06-07 03:29:00,0.208,92,20
2026-06-07 03:35:00,0.21,105,20
2026-06-07 03:41:00,0.19,95,20
2026-06-07 03:47:00,0.154,92,20
2026-06-07 03:53:00,0.119,58,20
2026-06-07 03:59:00,0.157,40,20
2026-06-07 04:05:00,0.132,58,20
2026-06-07 04:11:00,0.142,34,20
2026-06-07 04:17:00,0.179,87,20
2026-06-07 04:23:00,0.146,51,20
2026-06-07 04:29:00,0.177,64,20
2026-06-07 04:35:00,0.15,26,20
2026-06-07 04:41:00,0.095,33,20
2026-06-07 04:47:00,0.148,16,20
2026-06-07 04:53:00,0.105,346,20
2026-06-07 04:59:00,0.107,5,20
2026-06-07 05:05:00,0.165,350,20
2026-06-07 05:11:00,0.163,354,20
2026-06-07 05:17:00,0.187,349,20
2026-06-07 05:23:00,0.224,349,20
2026-06-07 05:29:00,0.198,351,20
2026-06-07 05:35:00,0.311,343,20
2026-06-07 05:41:00,0.395,341,20
2026-06-07 05:47:00,0.379,338,20
2026-06-07 05:53:00,0.323,334,20
2026-06-07 05:59:00,0.321,337,20
2026-06-07 06:05:00,0.371,342,20
2026-06-07 06:11:00,0.367,338,20
2026-06-07 06:17:00,0.307,339,20
2026-06-07 06:23:00,0.328,332,20
2026-06-07 06:29:00,0.325,340,20
2026-06-07 06:35:00,0.249,338,20
2026-06-07 06:41:00,0.292,333,20
2026-06-07 06:47:00,0.218,314,20
2026-06-07 06:53:00,0.323,315,20
2026-06-07 06:59:00,0.393,314,20
2026-06-07 07:05:00,0.4,314,20
2026-06-07 07:11:00,0.505,317,20
2026-06-07 07:17:00,0.519,322,20
2026-06-07 07:23:00,0.597,324,20
2026-06-07 07:29:00,0.577,327,20
2026-06-07 07:35:00,0.538,334,20
2026-06-07 07:41:00,0.558,334,20
2026-06-07 07:47:00,0.515,330,20
2026-06-07 07:53:00,0.5,336,20
2026-06-07 07:59:00,0.422,337,20
2026-06-07 08:05:00,0.432,342,20
2026-06-07 08:11:00,0.441,338,20
2026-06-07 08:17:00,0.439,335,20
2026-06-07 08:23:00,0.391,335,20
2026-06-07 08:29:00,0.437,333,20
2026-06-07 08:35:00,0.362,334,20
2026-06-07 08:41:00,0.373,335,20
2026-06-07 08:47:00,0.373,330,20
2026-06-07 08:53:00,0.344,339,20
2026-06-07 08:59:00,0.348,338,20
2026-06-07 09:05:00,0.352,337,20
2026-06-07 09:11:00,0.325,339,20
2026-06-07 09:17:00,0.268,340,20
2026-06-07 09:23:00,0.216,338,20
2026-06-07 09:29:00,0.152,5,20
2026-06-07 09:35:00,0.225,349,20
2026-06-07 09:41:00,0.163,351,20
2026-06-07 09:47:00,0.163,3,20
2026-06-07 09:53:00,0.152,16,20
2026-06-07 09:59:00,0.159,84,20
2026-06-07 10:05:00,0.26,103,20
2026-06-07 10:11:00,0.309,109,20
2026-06-07 10:17:00,0.288,106,20
2026-06-07 10:23:00,0.348,108,20
2026-06-07 10:29:00,0.435,122,20
2026-06-07 10:35:00,0.461,121,20
2026-06-07 10:41:00,0.492,119,20
2026-06-07 10:47:00,0.482,120,20
2026-06-07 10:53:00,0.556,123,20
2026-06-07 10:59:00,0.49,125,20
2026-06-07 11:05:00,0.575,125,20
2026-06-07 11:11:00,0.535,122,20
2026-06-07 11:17:00,0.554,121,20
2026-06-07 11:23:00,0.507,117,20
2026-06-07 11:29:00,0.461,118,20
2026-06-07 11:35:00,0.56,121,20
2026-06-07 11:41:00,0.564,124,20
2026-06-07 11:47:00,0.538,120,20
2026-06-07 11:53:00,0.556,124,20
2026-06-07 11:59:00,0.554,127,20
2026-06-07 12:05:00,0.533,127,20
2026-06-07 12:11:00,0.587,134,20
2026-06-07 12:17:00,0.626,135,20
2026-06-07 12:23:00,0.572,138,20
2026-06-07 12:29:00,0.599,143,20
2026-06-07 12:35:00,0.572,140,20
2026-06-07 12:41:00,0.706,145,20
2026-06-07 12:47:00,0.797,142,20
2026-06-07 12:53:00,0.659,134,20
2026-06-07 12:59:00,0.616,130,20
2026-06-07 13:05:00,0.591,126,20
2026-06-07 13:11:00,0.641,130,20
2026-06-07 13:17:00,0.746,137,20
2026-06-07 13:23:00,0.816,143,20
2026-06-07 13:29:00,0.77,139,20
2026-06-07 13:35:00,0.752,140,20
2026-06-07 13:41:00,0.746,137,20
2026-06-07 13:47:00,0.834,141,20
2026-06-07 13:53:00,0.855,141,20
2026-06-07 13:59:00,0.861,143,20
2026-06-07 14:05:00,0.807,142,20
2026-06-07 14:11:00,0.787,144,20
2026-06-07 14:17:00,0.748,143,20
2026-06-07 14:23:00,0.659,145,20
2026-06-07 14:29:00,0.735,143,20
2026-06-07 14:35:00,0.713,142,20
2026-06-07 14:41:00,0.694,141,20
2026-06-07 14:47:00,0.71,142,20
2026-06-07 14:53:00,0.665,143,20
2026-06-07 14:59:00,0.649,143,20
2026-06-07 15:05:00,0.624,144,20
2026-06-07 15:11:00,0.564,141,20
2026-06-07 15:17:00,0.463,140,20
2026-06-07 15:23:00,0.412,140,20
2026-06-07 15:29:00,0.447,140,20
2026-06-07 15:35:00,0.484,139,20
2026-06-07 15:41:00,0.459,143,20
2026-06-07 15:47:00,0.527,144,20
2026-06-07 15:53:00,0.564,139,20
2026-06-07 15:59:00,0.572,138,20
2026-06-07 16:05:00,0.572,135,20
2026-06-07 16:11:00,0.474,133,20
2026-06-07 16:17:00,0.346,138,20
2026-06-07 16:23:00,0.459,133,20
2026-06-07 16:29:00,0.379,130,20
2026-06-07 16:41:00,0.338,129,20
2026-06-07 16:47:00,0.235,129,20
2026-06-07 16:53:00,0.163,127,20
2026-06-07 16:59:00,0.229,155,20
2026-06-07 17:05:00,0.054,96,20
2026-06-07 17:11:00,0.058,31,20
2026-06-07 17:17:00,0.087,12,20
2026-06-07 17:23:00,0.15,348,20
2026-06-07 17:29:00,0.22,334,20
2026-06-07 17:35:00,0.227,328,20
2026-06-07 17:41:00,0.28,328,20
2026-06-07 17:47:00,0.301,326,20
2026-06-07 17:53:00,0.21,327,20
2026-06-07 17:59:00,0.187,319,20
2026-06-07 18:05:00,0.239,332,20
2026-06-07 18:11:00,0.251,341,20
2026-06-07 18:17:00,0.241,349,20
2026-06-07 18:23:00,0.297,351,20
2026-06-07 18:29:00,0.323,345,20
2026-06-07 18:35:00,0.303,350,20
2026-06-07 18:41:00,0.301,341,20
2026-06-07 18:47:00,0.325,347,20
2026-06-07 18:53:00,0.311,354,20
2026-06-07 18:59:00,0.311,355,20
2026-06-07 19:05:00,0.397,341,20
2026-06-07 19:11:00,0.502,334,20
2026-06-07 19:17:00,0.575,333,20
2026-06-07 19:23:00,0.601,328,20
2026-06-07 19:29:00,0.636,329,20
2026-06-07 19:35:00,0.673,325,20
2026-06-07 19:41:00,0.593,328,20
2026-06-07 19:47:00,0.552,332,20
2026-06-07 19:53:00,0.573,338,20
2026-06-07 19:59:00,0.402,351,20
2026-06-07 20:05:00,0.352,336,20
2026-06-07 20:11:00,0.453,86,20
2026-06-07 20:17:00,0.259,336,20
2026-06-07 20:23:00,0.41,333,20
2026-06-07 20:29:00,0.505,330,20
2026-06-07 20:35:00,0.478,315,20
2026-06-07 20:41:00,0.564,326,20
2026-06-07 20:47:00,0.597,334,20
2026-06-07 20:53:00,0.575,341,20
2026-06-07 20:59:00,0.461,343,20
2026-06-07 21:05:00,0.449,346,20
2026-06-07 21:11:00,0.42,339,20
2026-06-07 21:17:00,0.527,343,20
2026-06-07 21:23:00,0.216,2,20
2026-06-07 21:29:00,0.393,7,20
2026-06-07 21:35:00,0.27,3,20
2026-06-07 21:41:00,0.224,9,20
2026-06-07 21:47:00,0.222,54,20
2026-06-07 21:53:00,0.163,56,20
2026-06-07 21:59:00,0.22,357,20
2026-06-07 22:05:00,0.171,13,20
2026-06-07 22:11:00,0.21,16,20
2026-06-07 22:17:00,0.185,56,20
2026-06-07 22:23:00,0.239,8,20
2026-06-07 22:29:00,0.185,26,20
2026-06-07 22:35:00,0.171,55,20
2026-06-07 22:41:00,0.334,104,20
2026-06-07 22:47:00,0.305,103,20
2026-06-07 22:53:00,0.241,115,20
2026-06-07 22:59:00,0.383,112,20
2026-06-07 23:05:00,0.346,119,20
2026-06-07 23:11:00,0.387,125,20
2026-06-07 23:17:00,0.288,105,20
2026-06-07 23:23:00,0.305,107,20
2026-06-07 23:29:00,0.284,81,20
2026-06-07 23:35:00,0.317,104,20
2026-06-07 23:41:00,0.297,97,20
2026-06-07 23:47:00,0.336,104,20
2026-06-07 23:53:00,0.367,106,20
2026-06-07 23:59:00,0.422,110,20
2026-06-08 00:05:00,0.356,109,20
2026-06-08 00:11:00,0.406,109,20
2026-06-08 00:17:00,0.315,103,20
2026-06-08 00:23:00,0.346,107,20
2026-06-08 00:29:00,0.311,108,20
2026-06-08 00:35:00,0.375,125,20
2026-06-08 00:41:00,0.352,114,20
2026-06-08 00:47:00,0.406,118,20
2026-06-08 00:53:00,0.367,110,20
2026-06-08 00:59:00,0.391,113,20
2026-06-08 01:05:00,0.428,120,20
2026-06-08 01:11:00,0.445,121,20
2026-06-08 01:17:00,0.535,126,20
2026-06-08 01:23:00,0.496,128,20
2026-06-08 01:29:00,0.467,127,20
2026-06-08 01:35:00,0.424,130,20
2026-06-08 01:41:00,0.433,130,20
2026-06-08 01:47:00,0.367,122,20
2026-06-08 01:53:00,0.408,132,20
2026-06-08 01:59:00,0.402,130,20
2026-06-08 02:05:00,0.433,127,20
2026-06-08 02:11:00,0.276,121,20
2026-06-08 02:17:00,0.202,116,20
2026-06-08 02:23:00,0.286,124,20
2026-06-08 02:29:00,0.311,127,20
2026-06-08 02:35:00,0.467,133,20
2026-06-08 02:41:00,0.424,122,20
2026-06-08 02:47:00,0.377,117,20
2026-06-08 02:53:00,0.253,105,20
2026-06-08 02:59:00,0.266,107,20
2026-06-08 03:05:00,0.249,119,20
2026-06-08 03:11:00,0.299,112,20
2026-06-08 03:17:00,0.328,128,20
2026-06-08 03:23:00,0.36,144,20
2026-06-08 03:29:00,0.398,145,20
2026-06-08 03:35:00,0.35,138,20
2026-06-08 03:41:00,0.367,141,20
2026-06-08 03:47:00,0.319,146,20
2026-06-08 03:53:00,0.365,145,20
2026-06-08 03:59:00,0.428,147,20
2026-06-08 04:05:00,0.369,141,20
2026-06-08 04:11:00,0.367,136,20
2026-06-08 04:17:00,0.328,142,20
2026-06-08 04:23:00,0.367,137,20
2026-06-08 04:29:00,0.319,128,20
2026-06-08 04:35:00,0.398,134,20
2026-06-08 04:41:00,0.373,130,20
2026-06-08 04:47:00,0.274,125,20
2026-06-08 04:53:00,0.208,126,20
2026-06-08 04:59:00,0.08,134,20
2026-06-08 05:05:00,0.06,111,20
2026-06-08 05:11:00,0.214,109,20
2026-06-08 05:17:00,0.235,110,20
2026-06-08 05:23:00,0.154,108,20
2026-06-08 05:29:00,0.089,126,20
2026-06-08 05:35:00,0.103,78,20
2026-06-08 05:41:00,0.076,80,20
2026-06-08 05:47:00,0.101,138,20
2026-06-08 05:53:00,0.058,130,20
2026-06-08 05:59:00,0.019,40,20
2026-06-08 06:05:00,0.041,94,20
2026-06-08 06:11:00,0.062,91,20
2026-06-08 06:17:00,0.179,340,20
2026-06-08 06:23:00,0.173,341,20
2026-06-08 06:29:00,0.214,357,20
2026-06-08 06:35:00,0.476,343,20
2026-06-08 06:41:00,0.486,344,20
2026-06-08 06:47:00,0.546,341,20
2026-06-08 06:53:00,0.187,325,20
2026-06-08 06:59:00,0.109,299,20
2026-06-08 07:05:00,0.787,330,20
2026-06-08 07:11:00,0.503,311,20
2026-06-08 07:17:00,0.247,236,20
2026-06-08 07:23:00,0.328,234,20
2026-06-08 07:29:00,0.531,191,20
2026-06-08 07:35:00,0.214,283,20
2026-06-08 07:41:00,0.616,327,20
2026-06-08 07:47:00,0.651,330,20
2026-06-08 07:53:00,0.474,328,20
2026-06-08 07:59:00,0.468,333,20
2026-06-08 08:05:00,0.482,333,20
2026-06-08 08:11:00,0.367,327,20
2026-06-08 08:17:00,0.307,320,20
2026-06-08 08:23:00,0.255,319,20
2026-06-08 08:29:00,0.29,332,20
2026-06-08 08:35:00,0.364,325,20
2026-06-08 08:41:00,0.309,325,20
2026-06-08 08:47:00,0.278,333,20
2026-06-08 08:53:00,0.231,338,20
2026-06-08 08:59:00,0.208,344,20
2026-06-08 09:05:00,0.224,334,20
2026-06-08 09:11:00,0.194,353,20
2026-06-08 09:17:00,0.202,358,20
2026-06-08 09:23:00,0.177,358,20
2026-06-08 09:29:00,0.255,357,20
2026-06-08 09:35:00,0.249,0,20
2026-06-08 09:41:00,0.295,1,20
2026-06-08 09:47:00,0.227,2,20
2026-06-08 09:53:00,0.29,355,20
2026-06-08 09:59:00,0.327,352,20
2026-06-08 10:05:00,0.299,347,20
2026-06-08 10:11:00,0.241,356,20
2026-06-08 10:17:00,0.181,15,20
2026-06-08 10:23:00,0.167,6,20
2026-06-08 10:29:00,0.121,11,20
2026-06-08 10:35:00,0.148,13,20
2026-06-08 10:41:00,0.117,38,20
2026-06-08 10:47:00,0.111,52,20
2026-06-08 10:53:00,0.115,89,20
2026-06-08 10:59:00,0.175,117,20
2026-06-08 11:05:00,0.218,122,20
2026-06-08 11:11:00,0.198,130,20
2026-06-08 11:17:00,0.241,127,20
2026-06-08 11:23:00,0.364,131,20
2026-06-08 11:29:00,0.303,121,20
2026-06-08 11:35:00,0.362,131,20
2026-06-08 11:41:00,0.297,115,20
2026-06-08 11:47:00,0.218,111,20
2026-06-08 11:53:00,0.286,106,20
2026-06-08 11:59:00,0.243,107,20
2026-06-08 12:05:00,0.189,96,20
2026-06-08 12:11:00,0.241,118,20
2026-06-08 12:17:00,0.225,123,20
2026-06-08 12:23:00,0.33,125,20
2026-06-08 12:29:00,0.231,119,20
2026-06-08 12:35:00,0.344,128,20
2026-06-08 12:41:00,0.375,134,20
2026-06-08 12:47:00,0.424,133,20
2026-06-08 12:53:00,0.393,128,20
2026-06-08 12:59:00,0.467,131,20
2026-06-08 13:05:00,0.476,135,20
2026-06-08 13:11:00,0.379,130,20
2026-06-08 13:23:00,0.334,130,20
2026-06-08 13:29:00,0.385,134,20
2026-06-08 13:35:00,0.402,138,20
2026-06-08 13:41:00,0.358,135,20
2026-06-08 13:53:00,0.408,137,20
2026-06-08 13:59:00,0.391,132,20
2026-06-08 14:05:00,0.379,133,20
2026-06-08 14:11:00,0.371,133,20
2026-06-08 14:17:00,0.474,140,20
2026-06-08 14:23:00,0.369,137,20
2026-06-08 14:29:00,0.395,140,20
2026-06-08 14:41:00,0.398,138,20
2026-06-08 14:47:00,0.367,142,20
2026-06-08 14:53:00,0.42,142,20
2026-06-08 14:59:00,0.379,142,20
2026-06-08 15:05:00,0.468,147,20
2026-06-08 15:11:00,0.395,145,20
2026-06-08 15:17:00,0.515,148,20
2026-06-08 15:23:00,0.468,152,20
2026-06-08 15:29:00,0.365,136,20
2026-06-08 15:35:00,0.426,133,20
2026-06-08 15:41:00,0.414,142,20
2026-06-08 15:47:00,0.367,133,20
2026-06-08 15:53:00,0.383,135,20
2026-06-08 15:59:00,0.332,133,20
2026-06-08 16:05:00,0.352,139,20
2026-06-08 16:11:00,0.356,148,20
2026-06-08 16:17:00,0.385,142,20
2026-06-08 16:23:00,0.35,146,20
2026-06-08 16:29:00,0.369,142,20
2026-06-08 16:41:00,0.196,150,20
2026-06-08 16:47:00,0.187,131,20
2026-06-08 16:53:00,0.115,141,20
2026-06-08 16:59:00,0.087,147,20
2026-06-08 17:05:00,0.056,137,20
2026-06-08 17:11:00,0.039,144,20
2026-06-08 17:17:00,0.08,5,20
2026-06-08 17:23:00,0.016,277,20
2026-06-08 17:29:00,0.115,318,20
2026-06-08 17:35:00,0.243,330,20
2026-06-08 17:41:00,0.295,331,20
2026-06-08 17:47:00,0.245,329,20
2026-06-08 17:53:00,0.342,333,20
2026-06-08 17:59:00,0.42,332,20
2026-06-08 18:05:00,0.437,328,20
2026-06-08 18:11:00,0.303,331,20
2026-06-08 18:17:00,0.365,329,20
2026-06-08 18:23:00,0.393,331,20
2026-06-08 18:29:00,0.435,332,20
2026-06-08 18:35:00,0.451,337,20
2026-06-08 18:41:00,0.336,346,20
2026-06-08 18:47:00,0.369,342,20
2026-06-08 18:53:00,0.406,340,20
2026-06-08 18:59:00,0.408,336,20
2026-06-08 19:05:00,0.373,333,20
2026-06-08 19:11:00,0.35,336,20
2026-06-08 19:17:00,0.325,347,20
2026-06-08 19:23:00,0.224,8,20
2026-06-08 19:29:00,0.373,340,20
2026-06-08 19:35:00,0.34,342,20
2026-06-08 19:41:00,0.371,347,20
2026-06-08 19:47:00,0.303,359,20
2026-06-08 19:53:00,0.435,354,20
2026-06-08 19:59:00,0.572,342,20
2026-06-08 20:05:00,0.626,345,20
2026-06-08 20:11:00,0.787,336,20
2026-06-08 20:17:00,0.692,349,20
2026-06-08 20:23:00,0.601,348,20
2026-06-08 20:29:00,0.48,9,20
2026-06-08 20:35:00,0.76,343,20
2026-06-08 20:41:00,0.595,338,20
2026-06-08 20:47:00,0.655,338,20
2026-06-08 20:53:00,0.564,338,20
2026-06-08 20:59:00,0.591,338,20
2026-06-08 21:05:00,0.634,343,20
2026-06-08 21:11:00,0.579,338,20
2026-06-08 21:17:00,0.626,343,20
2026-06-08 21:23:00,0.536,346,20
2026-06-08 21:29:00,0.533,351,20
2026-06-08 21:35:00,0.494,2,20
2026-06-08 21:41:00,0.599,351,20
2026-06-08 21:47:00,0.486,352,20
2026-06-08 21:53:00,0.389,355,20
2026-06-08 21:59:00,0.346,355,20
2026-06-08 22:05:00,0.474,350,20
2026-06-08 22:11:00,0.486,350,20
2026-06-08 22:17:00,0.531,336,20
2026-06-08 22:23:00,0.233,349,20
2026-06-08 22:29:00,0.422,332,20
2026-06-08 22:35:00,0.49,337,20
2026-06-08 22:41:00,0.317,327,20
2026-06-08 22:47:00,0.321,317,20
2026-06-08 22:53:00,0.377,327,20
2026-06-08 22:59:00,0.189,295,20
2026-06-08 23:05:00,0.251,330,20
2026-06-08 23:11:00,0.364,328,20
2026-06-08 23:17:00,0.134,290,20
2026-06-08 23:23:00,0.113,310,20
2026-06-08 23:29:00,0.159,328,20
2026-06-08 23:35:00,0.156,298,20
2026-06-08 23:41:00,0.066,310,20
2026-06-08 23:47:00,0.128,333,20
2026-06-08 23:53:00,0.303,338,20
2026-06-08 23:59:00,0.194,1,20
2026-06-09 00:05:00,0.138,18,20
2026-06-09 00:11:00,0.119,97,20
2026-06-09 00:17:00,0.266,128,20
2026-06-09 00:23:00,0.443,139,20
2026-06-09 00:29:00,0.383,140,20
2026-06-09 00:35:00,0.206,128,20
2026-06-09 00:41:00,0.334,125,20
2026-06-09 00:47:00,0.381,124,20
2026-06-09 00:53:00,0.346,120,20
2026-06-09 00:59:00,0.418,122,20
2026-06-09 01:05:00,0.579,133,20
2026-06-09 01:11:00,0.544,131,20
2026-06-09 01:17:00,0.453,121,20
2026-06-09 01:23:00,0.433,123,20
2026-06-09 01:29:00,0.414,123,20
2026-06-09 01:35:00,0.369,113,20
2026-06-09 01:41:00,0.383,115,20
2026-06-09 01:47:00,0.472,119,20
2026-06-09 01:53:00,0.338,114,20
2026-06-09 01:59:00,0.317,115,20
2026-06-09 02:05:00,0.319,108,20
2026-06-09 02:11:00,0.297,112,20
2026-06-09 02:17:00,0.259,109,20
2026-06-09 02:23:00,0.356,125,20
2026-06-09 02:29:00,0.406,129,20
2026-06-09 02:35:00,0.457,133,20
2026-06-09 02:41:00,0.428,129,20
2026-06-09 02:47:00,0.511,135,20
2026-06-09 02:53:00,0.548,139,20
2026-06-09 02:59:00,0.527,138,20
2026-06-09 03:05:00,0.463,136,20
2026-06-09 03:11:00,0.486,138,20
2026-06-09 03:17:00,0.4,135,20
2026-06-09 03:23:00,0.47,138,20
2026-06-09 03:29:00,0.492,135,20
2026-06-09 03:35:00,0.515,134,20
2026-06-09 03:41:00,0.416,122,20
2026-06-09 03:47:00,0.42,123,20
2026-06-09 03:53:00,0.517,133,20
2026-06-09 03:59:00,0.418,123,20
2026-06-09 04:05:00,0.451,134,20
2026-06-09 04:11:00,0.445,131,20
2026-06-09 04:17:00,0.416,134,20
2026-06-09 04:23:00,0.412,130,20
2026-06-09 04:29:00,0.509,136,20
2026-06-09 04:35:00,0.496,139,20
2026-06-09 04:41:00,0.451,138,20
2026-06-09 04:47:00,0.461,137,20
2026-06-09 04:53:00,0.441,143,20
2026-06-09 04:59:00,0.476,145,20
2026-06-09 05:05:00,0.572,140,20
2026-06-09 05:11:00,0.577,140,20
2026-06-09 05:17:00,0.552,142,20
2026-06-09 05:23:00,0.465,141,20
2026-06-09 05:29:00,0.478,138,20
2026-06-09 05:35:00,0.455,136,20
2026-06-09 05:41:00,0.391,137,20
2026-06-09 05:47:00,0.385,128,20
2026-06-09 05:53:00,0.428,139,20
2026-06-09 05:59:00,0.397,137,20
2026-06-09 06:05:00,0.358,132,20
2026-06-09 06:11:00,0.428,132,20
2026-06-09 06:17:00,0.437,131,20
2026-06-09 06:23:00,0.463,128,20
2026-06-09 06:29:00,0.443,128,20
2026-06-09 06:35:00,0.439,125,20
2026-06-09 06:41:00,0.467,132,20
2026-06-09 06:47:00,0.297,107,20
2026-06-09 06:53:00,0.301,157,20
2026-06-09 06:59:00,0.807,139,20
2026-06-09 07:05:00,0.783,138,20
2026-06-09 07:11:00,0.327,153,20
2026-06-09 07:17:00,0.393,161,20
2026-06-09 07:23:00,0.078,28,20
2026-06-09 07:29:00,0.183,3,20
2026-06-09 07:35:00,0.327,348,20
2026-06-09 07:41:00,0.414,346,20
2026-06-09 07:47:00,0.105,75,20
2026-06-09 07:53:00,0.089,114,20
2026-06-09 07:59:00,0.08,155,20
2026-06-09 08:05:00,0.299,163,20
2026-06-09 08:11:00,0.309,154,20
2026-06-09 08:17:00,0.202,152,20
2026-06-09 08:23:00,0.058,170,20
2026-06-09 08:29:00,0.064,36,20
2026-06-09 08:35:00,0.089,27,20
2026-06-09 08:41:00,0.122,122,20
2026-06-09 08:47:00,0.068,63,20
2026-06-09 08:53:00,0.144,40,20
2026-06-09 08:59:00,0.119,26,20
2026-06-09 09:05:00,0.074,60,20
2026-06-09 09:11:00,0.078,39,20
2026-06-09 09:17:00,0.078,53,20
2026-06-09 09:23:00,0.119,3,20
2026-06-09 09:29:00,0.072,31,20
2026-06-09 09:35:00,0.068,90,20
2026-06-09 09:41:00,0.07,119,20
2026-06-09 09:47:00,0.204,156,20
2026-06-09 09:53:00,0.187,143,20
2026-06-09 09:59:00,0.121,136,20
2026-06-09 10:05:00,0.142,147,20
2026-06-09 10:11:00,0.101,148,20
2026-06-09 10:17:00,0.099,160,20
2026-06-09 10:23:00,0.13,137,20
2026-06-09 10:29:00,0.031,109,20
2026-06-09 10:35:00,0.07,107,20
2026-06-09 10:41:00,0.105,127,20
2026-06-09 10:47:00,0.19,151,20
2026-06-09 10:53:00,0.117,128,20
2026-06-09 10:59:00,0.156,148,20
2026-06-09 11:05:00,0.13,129,20
2026-06-09 11:11:00,0.08,148,20
2026-06-09 11:17:00,0.101,136,20
2026-06-09 11:23:00,0.152,146,20
2026-06-09 11:29:00,0.155,129,20
2026-06-09 11:35:00,0.185,130,20
2026-06-09 11:41:00,0.224,133,20
2026-06-09 11:47:00,0.244,140,20
2026-06-09 11:53:00,0.338,147,20
2026-06-09 11:59:00,0.322,136,20
2026-06-09 12:05:00,0.343,143,20
2026-06-09 12:11:00,0.34,136,20
2026-06-09 12:17:00,0.479,138,20
2026-06-09 12:23:00,0.418,148,20
2026-06-09 12:29:00,0.469,144,20
2026-06-09 12:35:00,0.483,141,20
2026-06-09 12:41:00,0.512,141,20
2026-06-09 12:47:00,0.49,139,20
2026-06-09 12:53:00,0.434,133,20
2026-06-09 12:59:00,0.379,140,20
2026-06-09 13:05:00,0.479,140,20
2026-06-09 13:11:00,0.653,140,20
2026-06-09 13:17:00,0.673,138,20
2026-06-09 13:23:00,0.613,145,20
2026-06-09 13:29:00,0.622,142,20
2026-06-09 13:35:00,0.618,145,20
2026-06-09 13:41:00,0.718,140,20
2026-06-09 13:47:00,0.654,141,20
2026-06-09 13:53:00,0.728,138,20
2026-06-09 13:59:00,0.693,139,20
2026-06-09 14:05:00,0.679,141,20
2026-06-09 14:11:00,0.688,140,20
2026-06-09 14:17:00,0.661,142,20
2026-06-09 14:23:00,0.688,143,20
2026-06-09 14:29:00,0.629,144,20
2026-06-09 14:35:00,0.676,143,20
2026-06-09 14:41:00,0.661,145,20
2026-06-09 14:47:00,0.638,146,20
2026-06-09 14:53:00,0.595,144,20
2026-06-09 14:59:00,0.592,144,20
2026-06-09 15:05:00,0.597,145,20
2026-06-09 15:11:00,0.562,145,20
2026-06-09 15:17:00,0.528,142,20
2026-06-09 15:23:00,0.507,142,20
2026-06-09 15:29:00,0.548,142,20
2026-06-09 15:35:00,0.577,142,20
2026-06-09 15:41:00,0.534,143,20
2026-06-09 15:47:00,0.591,142,20
2026-06-09 15:53:00,0.525,136,20
2026-06-09 15:59:00,0.555,141,20
2026-06-09 16:05:00,0.534,137,20
2026-06-09 16:11:00,0.531,138,20
2026-06-09 16:17:00,0.567,136,20
2026-06-09 16:23:00,0.575,140,20
2026-06-09 16:29:00,0.64,143,20
2026-06-09 16:35:00,0.639,143,20
2026-06-09 16:41:00,0.594,143,20
2026-06-09 16:47:00,0.636,147,20
2026-06-09 16:53:00,0.651,148,20
2026-06-09 16:59:00,0.585,146,20
2026-06-09 17:05:00,0.574,145,20
2026-06-09 17:11:00,0.527,141,20
2026-06-09 17:17:00,0.592,143,20
2026-06-09 17:23:00,0.332,138,20
2026-06-09 17:29:00,0.379,146,20
2026-06-09 17:35:00,0.459,148,20
2026-06-09 17:41:00,0.217,139,20
2026-06-09 17:47:00,0.268,148,20
2026-06-09 17:53:00,0.281,135,20
2026-06-09 18:05:00,0.076,102,20
2026-06-09 18:11:00,0.297,135,20
2026-06-09 18:17:00,0.166,121,20
2026-06-09 18:23:00,0.124,118,20
2026-06-09 18:29:00,0.037,38,20
2026-06-09 18:35:00,0.055,38,20
2026-06-09 18:41:00,0.149,352,20
2026-06-09 18:47:00,0.111,1,20
2026-06-09 18:53:00,0.2,340,20
2026-06-09 18:59:00,0.128,346,20
2026-06-09 19:05:00,0.113,337,20
2026-06-09 19:11:00,0.252,333,20
2026-06-09 19:17:00,0.259,330,20
2026-06-09 19:23:00,0.311,336,20
2026-06-09 19:29:00,0.318,334,20
2026-06-09 19:35:00,0.33,332,20
2026-06-09 19:41:00,0.327,336,20
2026-06-09 19:47:00,0.339,333,20
2026-06-09 19:53:00,0.328,326,20
2026-06-09 19:59:00,0.211,331,20
2026-06-09 20:05:00,0.383,327,20
2026-06-09 20:11:00,0.336,327,20
2026-06-09 20:17:00,0.387,319,20
2026-06-09 20:23:00,0.464,323,20
2026-06-09 20:29:00,0.367,326,20
2026-06-09 20:35:00,0.544,326,20
2026-06-09 20:41:00,0.703,330,20
2026-06-09 20:47:00,0.52,324,20
2026-06-09 20:53:00,0.469,324,20
2026-06-09 20:59:00,0.473,330,20
2026-06-09 21:05:00,0.391,338,20
2026-06-09 21:11:00,0.492,336,20
2026-06-09 21:17:00,0.394,331,20
2026-06-09 21:23:00,0.493,338,20
2026-06-09 21:29:00,0.577,350,20
2026-06-09 21:35:00,0.725,349,20
2026-06-09 21:41:00,0.524,7,20
2026-06-09 21:47:00,0.488,356,20
2026-06-09 21:53:00,0.392,354,20
2026-06-09 21:59:00,0.38,350,20
2026-06-09 22:05:00,0.388,356,20
2026-06-09 22:11:00,0.391,355,20
2026-06-09 22:17:00,0.452,357,20
2026-06-09 22:23:00,0.446,356,20
2026-06-09 22:29:00,0.363,0,20
2026-06-09 22:35:00,0.376,359,20
2026-06-09 22:41:00,0.372,354,20
2026-06-09 22:47:00,0.434,355,20
2026-06-09 22:53:00,0.453,355,20
2026-06-09 22:59:00,0.446,348,20
2026-06-09 23:05:00,0.369,352,20
2026-06-09 23:11:00,0.357,358,20
2026-06-09 23:17:00,0.289,11,20
2026-06-09 23:23:00,0.274,9,20
2026-06-09 23:29:00,0.308,0,20
2026-06-09 23:35:00,0.208,16,20
2026-06-09 23:41:00,0.195,32,20
2026-06-09 23:47:00,0.186,41,20
2026-06-09 23:53:00,0.254,34,20
2026-06-09 23:59:00,0.222,33,20
2026-06-10 00:05:00,0.174,49,20
2026-06-10 00:11:00,0.238,76,20
2026-06-10 00:17:00,0.214,83,20
2026-06-10 00:23:00,0.31,95,20
2026-06-10 00:29:00,0.222,74,20
2026-06-10 00:35:00,0.316,108,20
2026-06-10 00:41:00,0.364,109,20
2026-06-10 00:47:00,0.519,123,20
2026-06-10 00:53:00,0.479,114,20
2026-06-10 00:59:00,0.484,115,20
2026-06-10 01:05:00,0.501,115,20
2026-06-10 01:11:00,0.46,116,20
2026-06-10 01:17:00,0.483,120,20
2026-06-10 01:23:00,0.478,122,20
2026-06-10 01:29:00,0.519,124,20
2026-06-10 01:35:00,0.524,124,20
2026-06-10 01:41:00,0.523,122,20
2026-06-10 01:47:00,0.507,126,20
2026-06-10 01:53:00,0.461,128,20
2026-06-10 01:59:00,0.45,127,20
2026-06-10 02:05:00,0.493,134,20
2026-06-10 02:11:00,0.477,131,20
2026-06-10 02:17:00,0.541,131,20
2026-06-10 02:23:00,0.527,131,20
2026-06-10 02:29:00,0.623,136,20
2026-06-10 02:35:00,0.616,137,20
2026-06-10 02:41:00,0.631,139,20
2026-06-10 02:47:00,0.617,137,20
2026-06-10 02:53:00,0.608,135,20
2026-06-10 02:59:00,0.603,137,20
2026-06-10 03:05:00,0.643,136,20
2026-06-10 03:11:00,0.701,138,20
2026-06-10 03:17:00,0.72,136,20
2026-06-10 03:23:00,0.697,137,20
2026-06-10 03:29:00,0.7,138,20
2026-06-10 03:35:00,0.676,137,20
2026-06-10 03:41:00,0.713,140,20
2026-06-10 03:47:00,0.718,142,20
2026-06-10 03:53:00,0.742,143,20
2026-06-10 03:59:00,0.722,141,20
2026-06-10 04:05:00,0.685,143,20
2026-06-10 04:11:00,0.7,144,20
2026-06-10 04:17:00,0.681,144,20
2026-06-10 04:23:00,0.675,145,20
2026-06-10 04:29:00,0.587,145,20
2026-06-10 04:35:00,0.63,146,20
2026-06-10 04:41:00,0.618,147,20
2026-06-10 04:47:00,0.651,147,20
2026-06-10 04:53:00,0.605,146,20
2026-06-10 04:59:00,0.696,146,20
2026-06-10 05:05:00,0.68,150,20
2026-06-10 05:11:00,0.624,148,20
2026-06-10 05:17:00,0.585,146,20
2026-06-10 05:23:00,0.583,146,20
2026-06-10 05:29:00,0.649,145,20
2026-06-10 05:35:00,0.714,145,20
2026-06-10 05:41:00,0.659,144,20
2026-06-10 05:47:00,0.63,138,20
2026-06-10 05:53:00,0.658,141,20
2026-06-10 05:59:00,0.671,145,20
2026-06-10 06:05:00,0.639,142,20
2026-06-10 06:11:00,0.655,145,20
2026-06-10 06:17:00,0.748,146,20
2026-06-10 06:23:00,0.623,143,20
2026-06-10 06:29:00,0.657,145,20
2026-06-10 06:35:00,0.663,148,20
2026-06-10 06:41:00,0.708,147,20
2026-06-10 06:47:00,0.735,149,20
2026-06-10 06:53:00,0.638,148,20
2026-06-10 06:59:00,0.746,147,20
2026-06-10 07:05:00,0.649,161,20
2026-06-10 07:11:00,0.647,158,20
2026-06-10 07:17:00,0.644,164,20
2026-06-10 07:23:00,0.396,172,20
2026-06-10 07:29:00,0.666,163,20
2026-06-10 07:35:00,0.671,153,20
2026-06-10 07:41:00,0.646,161,20
2026-06-10 07:47:00,0.555,158,20
2026-06-10 07:53:00,0.417,156,20
2026-06-10 07:59:00,0.506,157,20
2026-06-10 08:05:00,0.445,154,20
2026-06-10 08:11:00,0.346,162,20
2026-06-10 08:17:00,0.202,176,20
2026-06-10 08:23:00,0.162,165,20
2026-06-10 08:29:00,0.162,172,20
2026-06-10 08:35:00,0.146,177,20
2026-06-10 08:41:00,0.207,166,20
2026-06-10 08:47:00,0.104,177,20
2026-06-10 08:53:00,0.1,182,20
2026-06-10 08:59:00,0.017,77,20
2026-06-10 09:05:00,0.051,326,20
2026-06-10 09:11:00,0.14,350,20
2026-06-10 09:17:00,0.061,6,20
2026-06-10 09:23:00,0.07,333,20
2026-06-10 09:29:00,0.029,28,20
2026-06-10 09:35:00,0.042,354,20
2026-06-10 09:41:00,0.069,104,20
2026-06-10 09:47:00,0.183,145,20
2026-06-10 09:53:00,0.041,127,20
2026-06-10 09:59:00,0.029,233,20
2026-06-10 10:05:00,0.021,326,20
2026-06-10 10:11:00,0.03,213,20
2026-06-10 10:17:00,0.021,348,20
2026-06-10 10:29:00,0.021,56,20
2026-06-10 10:35:00,0.025,95,20
2026-06-10 10:41:00,0.021,141,20
2026-06-10 10:47:00,0.01,146,20
2026-06-10 10:53:00,0.06,150,20
2026-06-10 10:59:00,0.024,70,20
2026-06-10 11:05:00,0.021,152,20
2026-06-10 11:17:00,0.116,139,20
2026-06-10 11:23:00,0.117,148,20
2026-06-10 11:29:00,0.103,157,20
2026-06-10 11:35:00,0.209,151,20
2026-06-10 11:41:00,0.133,162,20
2026-06-10 11:47:00,0.162,151,20
2026-06-10 11:53:00,0.282,149,20
2026-06-10 11:59:00,0.272,148,20
2026-06-10 12:05:00,0.233,145,20
2026-06-10 12:11:00,0.265,149,20
2026-06-10 12:17:00,0.393,147,20
2026-06-10 12:23:00,0.375,148,20
2026-06-10 12:29:00,0.306,137,20
2026-06-10 12:35:00,0.443,141,20
2026-06-10 12:41:00,0.432,141,20
2026-06-10 12:47:00,0.505,140,20
2026-06-10 12:53:00,0.518,141,20
2026-06-10 12:59:00,0.566,144,20
2026-06-10 13:05:00,0.569,143,20
2026-06-10 13:11:00,0.426,146,20
2026-06-10 13:17:00,0.402,132,20
2026-06-10 13:23:00,0.395,131,20
2026-06-10 13:29:00,0.358,122,20
2026-06-10 13:35:00,0.348,125,20
2026-06-10 13:41:00,0.247,124,20
2026-06-10 13:47:00,0.344,129,20
2026-06-10 13:53:00,0.322,126,20
2026-06-10 13:59:00,0.421,128,20
2026-06-10 14:05:00,0.449,130,20
2026-06-10 14:11:00,0.455,139,20
2026-06-10 14:17:00,0.51,137,20
2026-06-10 14:23:00,0.452,136,20
2026-06-10 14:29:00,0.428,135,20
2026-06-10 14:35:00,0.588,137,20
2026-06-10 14:41:00,0.582,139,20
2026-06-10 14:47:00,0.567,136,20
2026-06-10 14:53:00,0.587,137,20
2026-06-10 14:59:00,0.612,137,20
2026-06-10 15:05:00,0.613,139,20
2026-06-10 15:11:00,0.564,139,20
2026-06-10 15:17:00,0.559,139,20
2026-06-10 15:23:00,0.633,141,20
2026-06-10 15:29:00,0.663,140,20
2026-06-10 15:35:00,0.643,142,20
2026-06-10 15:41:00,0.559,140,20
2026-06-10 15:47:00,0.527,139,20
2026-06-10 15:53:00,0.645,140,20
2026-06-10 15:59:00,0.678,142,20
2026-06-10 16:05:00,0.629,138,20
2026-06-10 16:11:00,0.679,140,20
2026-06-10 16:17:00,0.677,141,20
2026-06-10 16:23:00,0.592,137,20
2026-06-10 16:29:00,0.643,138,20
2026-06-10 16:35:00,0.624,140,20
2026-06-10 16:41:00,0.582,139,20
2026-06-10 16:47:00,0.533,139,20
2026-06-10 16:53:00,0.524,137,20
2026-06-10 16:59:00,0.47,142,20
2026-06-10 17:05:00,0.514,141,20
2026-06-10 17:11:00,0.7,140,20
2026-06-10 17:17:00,0.703,143,20
2026-06-10 17:23:00,0.708,144,20
2026-06-10 17:29:00,0.678,143,20
2026-06-10 17:35:00,0.77,145,20
2026-06-10 17:41:00,0.56,142,20
2026-06-10 17:47:00,0.586,141,20
2026-06-10 17:53:00,0.41,141,20
2026-06-10 17:59:00,0.331,145,20
2026-06-10 18:05:00,0.316,141,20
2026-06-10 18:11:00,0.338,146,20
2026-06-10 18:17:00,0.276,139,20
2026-06-10 18:23:00,0.368,148,20
2026-06-10 18:29:00,0.172,133,20
2026-06-10 18:35:00,0.312,141,20
2026-06-10 18:41:00,0.302,150,20
2026-06-10 18:47:00,0.303,145,20
2026-06-10 18:53:00,0.205,143,20
2026-06-10 18:59:00,0.137,118,20
2026-06-10 19:05:00,0.063,84,20
2026-06-10 19:11:00,0.094,106,20
2026-06-10 19:17:00,0.105,76,20
2026-06-10 19:23:00,0.084,348,20
2026-06-10 19:29:00,0.122,353,20
2026-06-10 19:35:00,0.29,343,20
2026-06-10 19:41:00,0.316,349,20
2026-06-10 19:47:00,0.287,346,20
2026-06-10 19:53:00,0.229,347,20
2026-06-10 19:59:00,0.253,353,20
2026-06-10 20:05:00,0.236,338,20
2026-06-10 20:11:00,0.076,8,20
2026-06-10 20:17:00,0.166,337,20
2026-06-10 20:23:00,0.29,344,20
2026-06-10 20:29:00,0.324,342,20
2026-06-10 20:35:00,0.206,349,20
2026-06-10 20:41:00,0.251,359,20
2026-06-10 20:47:00,0.287,331,20
2026-06-10 20:53:00,0.406,332,20
2026-06-10 20:59:00,0.521,332,20
2026-06-10 21:05:00,0.491,332,20
2026-06-10 21:11:00,0.464,330,20
2026-06-10 21:17:00,0.505,326,20
2026-06-10 21:23:00,0.558,335,20
2026-06-10 21:29:00,0.382,313,20
2026-06-10 21:35:00,0.347,299,20
2026-06-10 21:41:00,0.463,328,20
2026-06-10 21:47:00,0.515,324,20
2026-06-10 21:53:00,0.511,321,20
2026-06-10 21:59:00,0.539,321,20
2026-06-10 22:05:00,0.705,321,20
2026-06-10 22:11:00,0.713,322,20
2026-06-10 22:17:00,0.781,326,20
2026-06-10 22:23:00,0.62,327,20
2026-06-10 22:29:00,0.803,328,20
2026-06-10 22:35:00,0.801,327,20
2026-06-10 22:41:00,0.896,326,20
2026-06-10 22:47:00,0.889,328,20
2026-06-10 22:53:00,0.848,328,20
2026-06-10 22:59:00,0.921,326,20
2026-06-10 23:05:00,1.042,323,20
2026-06-10 23:11:00,1.064,324,20
2026-06-10 23:17:00,1.04,320,20
2026-06-10 23:23:00,0.963,319,20
2026-06-10 23:29:00,0.874,321,20
2026-06-10 23:35:00,0.789,319,20
2026-06-10 23:41:00,0.84,319,20
2026-06-10 23:47:00,0.741,322,20
2026-06-10 23:53:00,0.674,321,20
2026-06-10 23:59:00,0.613,317,20
2026-06-11 00:05:00,0.561,320,20
2026-06-11 00:11:00,0.631,316,20
2026-06-11 00:17:00,0.51,322,20
2026-06-11 00:23:00,0.547,324,20
2026-06-11 00:29:00,0.5,324,20
2026-06-11 00:35:00,0.428,332,20
2026-06-11 00:41:00,0.391,336,20
2026-06-11 00:47:00,0.318,334,20
2026-06-11 00:53:00,0.302,342,20
2026-06-11 00:59:00,0.282,338,20
2026-06-11 01:05:00,0.206,340,20
2026-06-11 01:11:00,0.174,341,20
2026-06-11 01:17:00,0.111,338,20
2026-06-11 01:23:00,0.074,0,20
2026-06-11 01:29:00,0.046,312,20
2026-06-11 01:35:00,0.066,307,20
2026-06-11 01:41:00,0.037,301,20
2026-06-11 01:47:00,0.043,186,20
2026-06-11 01:53:00,0.017,182,20
2026-06-11 01:59:00,0.137,151,20
2026-06-11 02:05:00,0.086,118,20
2026-06-11 02:11:00,0.103,101,20
2026-06-11 02:17:00,0.168,94,20
2026-06-11 02:23:00,0.218,112,20
2026-06-11 02:29:00,0.347,120,20
2026-06-11 02:35:00,0.422,127,20
2026-06-11 02:41:00,0.433,128,20
2026-06-11 02:47:00,0.523,134,20
2026-06-11 02:53:00,0.55,131,20
2026-06-11 02:59:00,0.572,135,20
2026-06-11 03:05:00,0.53,130,20
2026-06-11 03:11:00,0.518,129,20
2026-06-11 03:17:00,0.42,129,20
2026-06-11 03:23:00,0.487,132,20
2026-06-11 03:29:00,0.522,135,20
2026-06-11 03:35:00,0.451,133,20
2026-06-11 03:41:00,0.38,135,20
2026-06-11 03:47:00,0.414,140,20
2026-06-11 03:53:00,0.459,150,20
2026-06-11 03:59:00,0.418,139,20
2026-06-11 04:05:00,0.385,149,20
2026-06-11 04:11:00,0.729,142,20
2026-06-11 04:17:00,0.595,142,20
2026-06-11 04:23:00,0.545,144,20
2026-06-11 04:29:00,0.518,158,20
2026-06-11 04:35:00,0.381,155,20
2026-06-11 04:41:00,0.562,134,20
2026-06-11 04:47:00,0.59,137,20
2026-06-11 04:53:00,0.639,143,20
2026-06-11 04:59:00,0.535,143,20
2026-06-11 05:05:00,0.537,143,20
2026-06-11 05:11:00,0.507,139,20
2026-06-11 05:17:00,0.511,138,20
2026-06-11 05:23:00,0.627,143,20
2026-06-11 05:29:00,0.538,143,20
2026-06-11 05:35:00,0.569,140,20
2026-06-11 05:41:00,0.602,139,20
2026-06-11 05:47:00,0.564,133,20
2026-06-11 05:53:00,0.516,134,20
2026-06-11 05:59:00,0.532,130,20
2026-06-11 06:05:00,0.516,140,20
2026-06-11 06:11:00,0.518,140,20
2026-06-11 06:17:00,0.512,143,20
2026-06-11 06:23:00,0.575,142,20
2026-06-11 06:29:00,0.624,142,20
2026-06-11 06:35:00,0.562,144,20
2026-06-11 06:41:00,0.466,140,20
2026-06-11 06:47:00,0.456,140,20
2026-06-11 06:53:00,0.384,137,20
2026-06-11 06:59:00,0.416,141,20
2026-06-11 07:05:00,0.385,141,20
2026-06-11 07:11:00,0.351,142,20
2026-06-11 07:17:00,0.358,147,20
2026-06-11 07:23:00,0.301,146,20
2026-06-11 07:29:00,0.251,146,20
2026-06-11 07:41:00,0.199,136,20
2026-06-11 07:47:00,0.194,135,20
2026-06-11 07:53:00,0.064,81,20
2026-06-11 07:59:00,0.094,125,20
2026-06-11 08:05:00,0.079,113,20
2026-06-11 08:11:00,0.145,110,20
2026-06-11 08:17:00,0.196,124,20
2026-06-11 08:23:00,0.274,137,20
2026-06-11 08:29:00,0.252,156,20
2026-06-11 08:35:00,0.223,156,20
2026-06-11 08:41:00,0.175,167,20
2026-06-11 08:47:00,0.163,159,20
2026-06-11 08:53:00,0.101,162,20
2026-06-11 08:59:00,0.084,165,20
2026-06-11 09:05:00,0.083,186,20
2026-06-11 09:11:00,0.033,233,20
2026-06-11 09:17:00,0.042,247,20
2026-06-11 09:23:00,0.137,306,20
2026-06-11 09:29:00,0.044,204,20
2026-06-11 09:35:00,0.038,68,20
2026-06-11 09:41:00,0.08,340,20
2026-06-11 09:47:00,0.043,6,20
2026-06-11 09:53:00,0.148,347,20
2026-06-11 09:59:00,0.149,334,20
2026-06-11 10:05:00,0.27,329,20
2026-06-11 10:11:00,0.285,335,20
2026-06-11 10:17:00,0.327,330,20
2026-06-11 10:23:00,0.361,332,20
2026-06-11 10:29:00,0.348,328,20
2026-06-11 10:35:00,0.375,326,20
2026-06-11 10:41:00,0.364,328,20
2026-06-11 10:47:00,0.336,333,20
2026-06-11 10:53:00,0.318,340,20
2026-06-11 10:59:00,0.304,331,20
2026-06-11 11:05:00,0.478,332,20
2026-06-11 11:11:00,0.418,332,20
2026-06-11 11:17:00,0.437,334,20
2026-06-11 11:23:00,0.498,337,20
2026-06-11 11:29:00,0.43,332,20
2026-06-11 11:35:00,0.498,326,20
2026-06-11 11:41:00,0.436,329,20
2026-06-11 11:47:00,0.413,333,20
2026-06-11 11:53:00,0.43,327,20
2026-06-11 11:59:00,0.378,331,20
2026-06-11 12:05:00,0.321,330,20
2026-06-11 12:11:00,0.37,329,20
2026-06-11 12:17:00,0.356,329,20
2026-06-11 12:23:00,0.31,319,20
2026-06-11 12:29:00,0.251,316,20
2026-06-11 12:35:00,0.369,325,20
2026-06-11 12:41:00,0.363,321,20
2026-06-11 12:47:00,0.294,320,20
2026-06-11 12:53:00,0.183,312,20
2026-06-11 12:59:00,0.198,325,20
2026-06-11 13:05:00,0.364,324,20
2026-06-11 13:11:00,0.136,309,20
2026-06-11 13:17:00,0.062,249,20
2026-06-11 13:23:00,0.049,175,20
2026-06-11 13:29:00,0.059,152,20
2026-06-11 13:35:00,0.041,146,20
2026-06-11 13:47:00,0.042,90,20
2026-06-11 13:53:00,0.046,96,20
2026-06-11 13:59:00,0.127,129,20
2026-06-11 14:05:00,0.104,139,20
2026-06-11 14:11:00,0.138,127,20
2026-06-11 14:17:00,0.141,115,20
2026-06-11 14:23:00,0.199,129,20
2026-06-11 14:29:00,0.206,138,20
2026-06-11 14:35:00,0.203,134,20
2026-06-11 14:41:00,0.157,105,20
2026-06-11 14:47:00,0.131,89,20
2026-06-11 14:53:00,0.117,105,20
2026-06-11 14:59:00,0.218,121,20
2026-06-11 15:05:00,0.18,109,20
2026-06-11 15:11:00,0.215,127,20
2026-06-11 15:17:00,0.252,123,20
2026-06-11 15:23:00,0.276,125,20
2026-06-11 15:29:00,0.262,125,20
2026-06-11 15:35:00,0.308,130,20
2026-06-11 15:41:00,0.348,135,20
2026-06-11 15:47:00,0.292,139,20
2026-06-11 15:53:00,0.32,137,20
2026-06-11 15:59:00,0.291,141,20
2026-06-11 16:05:00,0.334,141,20
2026-06-11 16:11:00,0.357,141,20
2026-06-11 16:17:00,0.303,135,20
2026-06-11 16:23:00,0.322,138,20
2026-06-11 16:29:00,0.424,146,20
2026-06-11 16:35:00,0.422,141,20
2026-06-11 16:41:00,0.425,143,20
2026-06-11 16:47:00,0.364,147,20
2026-06-11 16:53:00,0.424,146,20
2026-06-11 16:59:00,0.514,150,20
2026-06-11 17:05:00,0.459,150,20
2026-06-11 17:11:00,0.41,148,20
2026-06-11 17:17:00,0.424,148,20
2026-06-11 17:29:00,0.465,146,20
2026-06-11 17:35:00,0.395,148,20
2026-06-11 17:47:00,0.448,143,20
2026-06-11 17:53:00,0.383,140,20
2026-06-11 17:59:00,0.421,139,20
2026-06-11 18:05:00,0.416,138,20
2026-06-11 18:11:00,0.459,143,20
2026-06-11 18:17:00,0.443,146,20
2026-06-11 18:23:00,0.459,145,20
2026-06-11 18:29:00,0.434,150,20
2026-06-11 18:35:00,0.43,147,20
2026-06-11 18:41:00,0.438,149,20
2026-06-11 18:47:00,0.35,147,20
2026-06-11 18:53:00,0.247,143,20
2026-06-11 18:59:00,0.327,154,20
2026-06-11 19:05:00,0.259,147,20
2026-06-11 19:11:00,0.068,112,20
2026-06-11 19:17:00,0.111,157,20
2026-06-11 19:23:00,0.046,174,20
2026-06-11 19:29:00,0.037,242,20
2026-06-11 19:35:00,0.054,159,20
2026-06-11 19:47:00,0.269,309,20
2026-06-11 19:53:00,0.245,305,20
2026-06-11 19:59:00,0.232,307,20
2026-06-11 20:05:00,0.27,313,20
2026-06-11 20:11:00,0.386,320,20
2026-06-11 20:17:00,0.377,318,20
2026-06-11 20:23:00,0.33,314,20
2026-06-11 20:29:00,0.401,323,20
2026-06-11 20:35:00,0.363,319,20
2026-06-11 20:41:00,0.522,320,20
2026-06-11 20:47:00,0.447,321,20
2026-06-11 20:53:00,0.458,316,20
2026-06-11 20:59:00,0.615,321,20
2026-06-11 21:05:00,0.78,324,20
2026-06-11 21:11:00,0.836,326,20
2026-06-11 21:17:00,0.958,330,20
2026-06-11 21:23:00,0.894,330,20
2026-06-11 21:29:00,0.946,331,20
2026-06-11 21:35:00,0.957,332,20
2026-06-11 21:41:00,0.872,330,20
2026-06-11 21:47:00,0.836,327,20
2026-06-11 21:53:00,0.951,327,20
2026-06-11 21:59:00,1.204,324,20
2026-06-11 22:05:00,1.106,325,20
2026-06-11 22:11:00,1.314,326,20
2026-06-11 22:17:00,1.339,327,20
2026-06-11 22:23:00,1.25,322,20
2026-06-11 22:29:00,1.079,326,20
2026-06-11 22:35:00,1.23,327,20
2026-06-11 22:41:00,1.193,331,20
2026-06-11 22:47:00,1.099,334,20
2026-06-11 22:53:00,1.124,334,20
2026-06-11 22:59:00,0.948,334,20
2026-06-11 23:05:00,1.091,335,20
2026-06-11 23:11:00,1.13,333,20
2026-06-11 23:17:00,1.082,333,20
2026-06-11 23:23:00,1.037,332,20
2026-06-11 23:29:00,1.019,334,20
2026-06-11 23:35:00,0.996,336,20
2026-06-11 23:41:00,0.971,339,20
2026-06-11 23:47:00,1.005,335,20
2026-06-11 23:53:00,0.939,337,20
2026-06-11 23:59:00,0.989,338,20
2026-06-12 00:05:00,0.84,344,20
2026-06-12 00:11:00,0.75,344,20
2026-06-12 00:17:00,0.719,342,20
2026-06-12 00:23:00,0.718,338,20
2026-06-12 00:29:00,0.574,338,20
2026-06-12 00:35:00,0.398,341,20
2026-06-12 00:41:00,0.475,336,20
2026-06-12 00:47:00,0.44,346,20
2026-06-12 00:53:00,0.418,343,20
2026-06-12 00:59:00,0.354,346,20
2026-06-12 01:05:00,0.316,331,20
2026-06-12 01:11:00,0.228,306,20
2026-06-12 01:17:00,0.247,312,20
2026-06-12 01:23:00,0.146,316,20
2026-06-12 01:29:00,0.144,325,20
2026-06-12 01:35:00,0.167,341,20
2026-06-12 01:41:00,0.121,338,20
2026-06-12 01:47:00,0.072,132,20
2026-06-12 01:53:00,0.048,315,20
2026-06-12 01:59:00,0.041,101,20
2026-06-12 02:05:00,0.067,113,20
2026-06-12 02:11:00,0.088,60,20
2026-06-12 02:17:00,0.168,112,20
2026-06-12 02:23:00,0.268,114,20
2026-06-12 02:29:00,0.27,95,20
2026-06-12 02:35:00,0.319,87,20
2026-06-12 02:41:00,0.392,103,20
2026-06-12 02:47:00,0.419,106,20
2026-06-12 02:53:00,0.425,107,20
2026-06-12 02:59:00,0.5,118,20
2026-06-12 03:05:00,0.485,118,20
2026-06-12 03:11:00,0.412,115,20
2026-06-12 03:17:00,0.357,113,20
2026-06-12 03:23:00,0.471,122,20
2026-06-12 03:29:00,0.4,118,20
2026-06-12 03:35:00,0.309,113,20
2026-06-12 03:41:00,0.383,122,20
2026-06-12 03:47:00,0.533,127,20
2026-06-12 03:53:00,0.5,132,20
2026-06-12 03:59:00,0.486,128,20
2026-06-12 04:05:00,0.476,129,20
2026-06-12 04:11:00,0.55,131,20
2026-06-12 04:17:00,0.63,134,20
2026-06-12 04:23:00,0.705,136,20
2026-06-12 04:29:00,0.782,138,20
2026-06-12 04:35:00,0.79,139,20
2026-06-12 04:41:00,0.729,137,20
2026-06-12 04:47:00,0.708,138,20
2026-06-12 04:53:00,0.69,139,20
2026-06-12 04:59:00,0.709,141,20
2026-06-12 05:05:00,0.674,139,20
2026-06-12 05:11:00,0.651,135,20
2026-06-12 05:17:00,0.652,136,20
2026-06-12 05:23:00,0.714,133,20
2026-06-12 05:29:00,0.888,137,20
2026-06-12 05:35:00,0.898,139,20
2026-06-12 05:41:00,0.766,136,20
2026-06-12 05:47:00,0.736,134,20
2026-06-12 05:53:00,0.771,134,20
2026-06-12 05:59:00,0.72,133,20
2026-06-12 06:05:00,0.702,132,20
2026-06-12 06:11:00,0.753,134,20
2026-06-12 06:17:00,0.777,137,20
2026-06-12 06:23:00,0.713,138,20
2026-06-12 06:29:00,0.728,138,20
2026-06-12 06:35:00,0.752,138,20
2026-06-12 06:41:00,0.638,136,20
2026-06-12 06:47:00,0.531,137,20
2026-06-12 06:53:00,0.508,139,20
2026-06-12 06:59:00,0.436,127,20
2026-06-12 07:05:00,0.509,140,20
2026-06-12 07:11:00,0.471,141,20
2026-06-12 07:17:00,0.413,135,20
2026-06-12 07:23:00,0.831,136,20
2026-06-12 07:29:00,0.458,131,20
2026-06-12 07:35:00,0.457,135,20
2026-06-12 07:41:00,0.326,135,20
2026-06-12 07:47:00,0.358,145,20
2026-06-12 07:53:00,0.229,145,20
2026-06-12 07:59:00,0.356,146,20
2026-06-12 08:05:00,0.392,142,20
2026-06-12 08:11:00,0.288,145,20
2026-06-12 08:17:00,0.246,151,20
2026-06-12 08:23:00,0.209,151,20
2026-06-12 08:29:00,0.38,149,20
2026-06-12 08:35:00,0.318,150,20
2026-06-12 08:41:00,0.22,150,20
2026-06-12 08:47:00,0.3,153,20
2026-06-12 08:53:00,0.069,155,20
2026-06-12 08:59:00,0.11,119,20
2026-06-12 09:05:00,0.106,137,20
2026-06-12 09:11:00,0.105,145,20
2026-06-12 09:17:00,0.152,151,20
2026-06-12 09:23:00,0.257,153,20
2026-06-12 09:29:00,0.192,157,20
2026-06-12 09:41:00,0.48,160,20
2026-06-12 09:47:00,0.458,162,20
2026-06-12 09:53:00,0.403,164,20
2026-06-12 09:59:00,0.404,157,20
2026-06-12 10:05:00,0.297,155,20
2026-06-12 10:11:00,0.28,163,20
2026-06-12 10:17:00,0.37,166,20
2026-06-12 10:23:00,0.322,175,20
2026-06-12 10:29:00,0.306,170,20
2026-06-12 10:35:00,0.34,166,20
2026-06-12 10:41:00,0.263,164,20
2026-06-12 10:47:00,0.143,164,20
2026-06-12 10:53:00,0.177,158,20
2026-06-12 10:59:00,0.013,120,20
2026-06-12 11:05:00,0.006,128,20
2026-06-12 11:11:00,0.018,333,20
2026-06-12 11:17:00,0.086,6,20
2026-06-12 11:23:00,0.118,15,20
2026-06-12 11:29:00,0.09,27,20
2026-06-12 11:35:00,0.151,13,20
2026-06-12 11:41:00,0.194,26,20
2026-06-12 11:47:00,0.138,53,20
2026-06-12 11:53:00,0.119,53,20
2026-06-12 11:59:00,0.203,335,20
2026-06-12 12:05:00,0.232,329,20
2026-06-12 12:11:00,0.214,330,20
2026-06-12 12:17:00,0.16,322,20
2026-06-12 12:29:00,0.137,338,20
2026-06-12 12:35:00,0.134,328,20
2026-06-12 12:41:00,0.123,324,20
2026-06-12 12:47:00,0.103,298,20
2026-06-12 12:53:00,0.076,278,20
2026-06-12 12:59:00,0.092,264,20
2026-06-12 13:05:00,0.081,256,20
2026-06-12 13:11:00,0.079,258,20
2026-06-12 13:17:00,0.066,261,20
2026-06-12 13:23:00,0.063,266,20
2026-06-12 13:29:00,0.05,172,20
2026-06-12 13:35:00,0.057,309,20
2026-06-12 13:41:00,0.029,326,20
2026-06-12 13:47:00,0.02,253,20
2026-06-12 13:53:00,0.006,146,20
2026-06-12 13:59:00,0.045,292,20
2026-06-12 14:05:00,0.027,215,20
2026-06-12 14:11:00,0.01,305,20
2026-06-12 14:17:00,0.016,146,20
2026-06-12 14:23:00,0.075,125,20
2026-06-12 14:29:00,0.048,88,20
2026-06-12 14:35:00,0.083,103,20
2026-06-12 14:41:00,0.076,120,20
2026-06-12 14:47:00,0.08,90,20
2026-06-12 14:53:00,0.166,103,20
2026-06-12 14:59:00,0.209,113,20
2026-06-12 15:05:00,0.213,103,20
2026-06-12 15:11:00,0.188,93,20
2026-06-12 15:17:00,0.234,103,20
2026-06-12 15:23:00,0.187,100,20
2026-06-12 15:29:00,0.256,95,20
2026-06-12 15:35:00,0.225,105,20
2026-06-12 15:41:00,0.283,94,20
2026-06-12 15:47:00,0.311,97,20
2026-06-12 15:53:00,0.421,123,20
2026-06-12 15:59:00,0.441,133,20
2026-06-12 16:05:00,0.368,127,20
2026-06-12 16:11:00,0.245,102,20
2026-06-12 16:17:00,0.264,116,20
2026-06-12 16:23:00,0.296,119,20
2026-06-12 16:29:00,0.368,131,20
2026-06-12 16:35:00,0.319,132,20
2026-06-12 16:41:00,0.323,124,20
2026-06-12 16:47:00,0.346,136,20
2026-06-12 16:53:00,0.393,138,20
2026-06-12 16:59:00,0.446,140,20
2026-06-12 17:05:00,0.387,136,20
2026-06-12 17:11:00,0.432,133,20
2026-06-12 17:17:00,0.532,143,20
2026-06-12 17:23:00,0.591,146,20
2026-06-12 17:29:00,0.577,140,20
2026-06-12 17:35:00,0.504,144,20
2026-06-12 17:41:00,0.574,148,20
2026-06-12 17:47:00,0.418,140,20
2026-06-12 17:53:00,0.494,146,20
2026-06-12 17:59:00,0.43,148,20
2026-06-12 18:05:00,0.519,147,20
2026-06-12 18:11:00,0.397,133,20
2026-06-12 18:17:00,0.238,110,20
2026-06-12 18:23:00,0.277,121,20
2026-06-12 18:29:00,0.36,115,20
2026-06-12 18:35:00,0.335,121,20
2026-06-12 18:41:00,0.235,112,20
2026-06-12 18:47:00,0.405,132,20
2026-06-12 18:53:00,0.296,130,20
2026-06-12 18:59:00,0.107,93,20
2026-06-12 19:05:00,0.158,53,20
2026-06-12 19:11:00,0.263,126,20
2026-06-12 19:17:00,0.155,108,20
2026-06-12 19:23:00,0.123,112,20
2026-06-12 19:29:00,0.087,97,20
2026-06-12 19:35:00,0.088,84,20
2026-06-12 19:41:00,0.1,27,20
2026-06-12 19:53:00,0.167,7,20
2026-06-12 19:59:00,0.177,356,20
2026-06-12 20:05:00,0.248,345,20
2026-06-12 20:11:00,0.256,338,20
2026-06-12 20:17:00,0.23,329,20
2026-06-12 20:23:00,0.299,332,20
2026-06-12 20:29:00,0.337,338,20
2026-06-12 20:35:00,0.335,336,20
2026-06-12 20:41:00,0.372,336,20
2026-06-12 20:47:00,0.359,336,20
2026-06-12 20:53:00,0.389,327,20
2026-06-12 20:59:00,0.475,330,20
2026-06-12 21:05:00,0.444,330,20
2026-06-12 21:11:00,0.447,322,20
2026-06-12 21:17:00,0.42,332,20
2026-06-12 21:23:00,0.367,328,20
2026-06-12 21:29:00,0.336,337,20
2026-06-12 21:35:00,0.331,319,20
2026-06-12 21:41:00,0.329,325,20
2026-06-12 21:53:00,0.28,326,20
2026-06-12 21:59:00,0.312,330,20
2026-06-12 22:05:00,0.265,329,20
2026-06-12 22:11:00,0.292,310,20
2026-06-12 22:17:00,0.358,326,20
2026-06-12 22:23:00,0.35,324,20
2026-06-12 22:29:00,0.532,319,20
2026-06-12 22:35:00,0.502,326,20
2026-06-12 22:41:00,0.717,321,20
2026-06-12 22:47:00,0.781,319,20
2026-06-12 22:53:00,0.798,322,20
2026-06-12 22:59:00,0.853,325,20
2026-06-12 23:05:00,0.967,333,20
2026-06-12 23:11:00,0.957,335,20
2026-06-12 23:17:00,0.99,333,20
2026-06-12 23:23:00,0.892,336,20
2026-06-12 23:29:00,0.82,338,20
2026-06-12 23:35:00,0.826,332,20
2026-06-12 23:41:00,0.784,332,20
2026-06-12 23:47:00,0.74,332,20
2026-06-12 23:53:00,0.739,335,20
2026-06-12 23:59:00,0.749,333,20
2026-06-13 00:05:00,0.829,332,20
2026-06-13 00:11:00,0.784,329,20
2026-06-13 00:17:00,0.664,332,20
2026-06-13 00:23:00,0.683,335,20
2026-06-13 00:29:00,0.643,337,20
2026-06-13 00:35:00,0.728,339,20
2026-06-13 00:41:00,0.697,333,20
2026-06-13 00:47:00,0.663,330,20
2026-06-13 00:53:00,0.726,330,20
2026-06-13 00:59:00,0.67,337,20
2026-06-13 01:05:00,0.642,338,20
2026-06-13 01:11:00,0.628,338,20
2026-06-13 01:17:00,0.629,339,20
2026-06-13 01:23:00,0.624,333,20
2026-06-13 01:29:00,0.521,339,20
2026-06-13 01:35:00,0.426,334,20
2026-06-13 01:41:00,0.562,333,20
2026-06-13 01:47:00,0.652,329,20
2026-06-13 01:53:00,0.556,327,20
2026-06-13 01:59:00,0.536,326,20
2026-06-13 02:05:00,0.504,324,20
2026-06-13 02:11:00,0.334,321,20
2026-06-13 02:17:00,0.362,325,20
2026-06-13 02:23:00,0.218,330,20
2026-06-13 02:29:00,0.164,323,20
2026-06-13 02:35:00,0.119,308,20
2026-06-13 02:41:00,0.212,326,20
2026-06-13 02:47:00,0.154,326,20
2026-06-13 02:53:00,0.073,317,20
2026-06-13 02:59:00,0.163,326,20
2026-06-13 03:05:00,0.111,323,20
2026-06-13 03:11:00,0.07,118,20
2026-06-13 03:17:00,0.102,111,20
2026-06-13 03:23:00,0.23,122,20
2026-06-13 03:29:00,0.154,115,20
2026-06-13 03:35:00,0.22,122,20
2026-06-13 03:41:00,0.392,130,20
2026-06-13 03:47:00,0.451,124,20
2026-06-13 03:53:00,0.494,127,20
2026-06-13 03:59:00,0.596,132,20
2026-06-13 04:05:00,0.502,131,20
2026-06-13 04:11:00,0.604,133,20
2026-06-13 04:17:00,0.559,139,20
2026-06-13 04:23:00,0.481,131,20
2026-06-13 04:29:00,0.391,137,20
2026-06-13 04:35:00,0.414,145,20
2026-06-13 04:41:00,0.415,133,20
2026-06-13 04:47:00,0.538,142,20
2026-06-13 04:53:00,0.407,144,20
2026-06-13 04:59:00,0.461,155,20
2026-06-13 05:05:00,0.443,157,20
2026-06-13 05:11:00,0.421,151,20
2026-06-13 05:17:00,0.486,144,20
2026-06-13 05:23:00,0.443,139,20
2026-06-13 05:29:00,0.398,133,20
2026-06-13 05:35:00,0.41,121,20
2026-06-13 05:41:00,0.394,111,20
2026-06-13 05:47:00,0.468,110,20
2026-06-13 05:59:00,0.649,120,20
2026-06-13 06:05:00,0.604,108,20
2026-06-13 06:11:00,0.739,119,20
2026-06-13 06:17:00,0.96,136,20
2026-06-13 06:23:00,0.882,134,20
2026-06-13 06:29:00,0.952,139,20
2026-06-13 06:35:00,0.766,138,20
2026-06-13 06:41:00,0.899,135,20
2026-06-13 06:47:00,0.844,131,20
2026-06-13 06:53:00,0.699,132,20
2026-06-13 06:59:00,0.591,124,20
2026-06-13 07:05:00,0.947,123,20
2026-06-13 07:11:00,1.019,122,20
2026-06-13 07:17:00,1.068,125,20
2026-06-13 07:23:00,1.089,129,20
2026-06-13 07:29:00,0.991,130,20
2026-06-13 07:35:00,1.138,136,20
2026-06-13 07:41:00,0.668,138,20
2026-06-13 07:47:00,0.976,132,20
2026-06-13 07:53:00,0.811,130,20
2026-06-13 07:59:00,0.74,130,20
2026-06-13 08:05:00,0.76,132,20
2026-06-13 08:11:00,1.06,135,20
2026-06-13 08:17:00,0.978,141,20
2026-06-13 08:23:00,0.878,141,20
2026-06-13 08:29:00,0.867,136,20
2026-06-13 08:35:00,0.894,134,20
2026-06-13 08:41:00,0.955,120,20
2026-06-13 08:47:00,1.132,127,20
2026-06-13 08:53:00,0.867,137,20
2026-06-13 08:59:00,0.869,136,20
2026-06-13 09:05:00,0.781,136,20
2026-06-13 09:11:00,0.666,131,20
2026-06-13 09:17:00,0.72,134,20
2026-06-13 09:23:00,0.677,137,20
2026-06-13 09:29:00,0.605,137,20
2026-06-13 09:35:00,0.631,134,20
2026-06-13 09:41:00,0.577,134,20
2026-06-13 09:47:00,0.478,135,20
2026-06-13 09:53:00,0.422,137,20
2026-06-13 09:59:00,0.398,137,20
2026-06-13 10:05:00,0.464,130,20
2026-06-13 10:11:00,0.32,133,20
2026-06-13 10:23:00,0.107,141,20
2026-06-13 10:29:00,0.174,124,20
2026-06-13 10:35:00,0.195,141,20
2026-06-13 10:41:00,0.144,115,20
2026-06-13 10:47:00,0.078,328,20
2026-06-13 10:53:00,0.124,89,20
2026-06-13 10:59:00,0.111,44,20
2026-06-13 11:05:00,0.118,13,20
2026-06-13 11:11:00,0.133,31,20
2026-06-13 11:17:00,0.15,8,20
2026-06-13 11:23:00,0.143,19,20
2026-06-13 11:29:00,0.208,350,20
2026-06-13 11:35:00,0.215,346,20
2026-06-13 11:41:00,0.216,352,20
2026-06-13 11:47:00,0.279,347,20
2026-06-13 11:53:00,0.261,339,20
2026-06-13 11:59:00,0.231,339,20
2026-06-13 12:05:00,0.267,337,20
2026-06-13 12:11:00,0.177,341,20
2026-06-13 12:17:00,0.286,342,20
2026-06-13 12:23:00,0.213,343,20
2026-06-13 12:29:00,0.283,335,20
2026-06-13 12:35:00,0.299,333,20
2026-06-13 12:41:00,0.337,330,20
2026-06-13 12:47:00,0.44,328,20
2026-06-13 12:53:00,0.383,326,20
2026-06-13 12:59:00,0.372,322,20
2026-06-13 13:05:00,0.368,328,20
2026-06-13 13:11:00,0.422,327,20
2026-06-13 13:17:00,0.363,322,20
2026-06-13 13:23:00,0.385,330,20
2026-06-13 13:29:00,0.408,326,20
2026-06-13 13:35:00,0.42,327,20
2026-06-13 13:41:00,0.568,324,20
2026-06-13 13:47:00,0.423,314,20
2026-06-13 13:53:00,0.524,323,20
2026-06-13 14:05:00,0.455,324,20
2026-06-13 14:11:00,0.341,315,20
2026-06-13 14:17:00,0.429,322,20
2026-06-13 14:23:00,0.484,321,20
2026-06-13 14:29:00,0.408,314,20
2026-06-13 14:35:00,0.45,317,20
2026-06-13 14:41:00,0.368,323,20
2026-06-13 14:47:00,0.329,323,20
2026-06-13 14:53:00,0.3,331,20
2026-06-13 14:59:00,0.294,336,20
2026-06-13 15:05:00,0.329,340,20
2026-06-13 15:11:00,0.26,343,20
2026-06-13 15:17:00,0.154,346,20
2026-06-13 15:23:00,0.182,341,20
2026-06-13 15:29:00,0.133,342,20
2026-06-13 15:35:00,0.118,344,20
2026-06-13 15:41:00,0.076,359,20
2026-06-13 15:47:00,0.054,31,20
2026-06-13 15:53:00,0.043,32,20
2026-06-13 15:59:00,0.1,115,20
2026-06-13 16:05:00,0.154,144,20
2026-06-13 16:11:00,0.117,114,20
2026-06-13 16:17:00,0.167,143,20
2026-06-13 16:23:00,0.133,134,20
2026-06-13 16:29:00,0.096,139,20
2026-06-13 16:35:00,0.249,148,20
2026-06-13 16:41:00,0.208,149,20
2026-06-13 16:47:00,0.229,153,20
2026-06-13 16:53:00,0.188,133,20
2026-06-13 16:59:00,0.286,146,20
2026-06-13 17:05:00,0.357,142,20
2026-06-13 17:11:00,0.339,139,20
2026-06-13 17:17:00,0.319,139,20
2026-06-13 17:23:00,0.368,140,20
2026-06-13 17:29:00,0.334,136,20
2026-06-13 17:35:00,0.345,143,20
2026-06-13 17:41:00,0.288,144,20
2026-06-13 17:47:00,0.239,139,20
2026-06-13 17:53:00,0.294,150,20
2026-06-13 18:05:00,0.322,151,20
2026-06-13 18:11:00,0.235,153,20
2026-06-13 18:17:00,0.261,144,20
2026-06-13 18:23:00,0.219,153,20
2026-06-13 18:29:00,0.225,154,20
2026-06-13 18:35:00,0.332,146,20
2026-06-13 18:47:00,0.311,147,20
2026-06-13 18:53:00,0.275,151,20
2026-06-13 18:59:00,0.254,141,20
2026-06-13 19:05:00,0.238,143,20
2026-06-13 19:11:00,0.212,146,20
2026-06-13 19:17:00,0.358,144,20
2026-06-13 19:23:00,0.418,152,20
2026-06-13 19:29:00,0.424,144,20
2026-06-13 19:35:00,0.311,148,20
2026-06-13 19:41:00,0.439,146,20
2026-06-13 19:53:00,0.415,150,20
2026-06-13 19:59:00,0.416,151,20
2026-06-13 20:05:00,0.492,149,20
2026-06-13 20:11:00,0.305,146,20
2026-06-13 20:17:00,0.339,149,20
2026-06-13 20:23:00,0.232,151,20
2026-06-13 20:29:00,0.253,147,20
2026-06-13 20:35:00,0.195,144,20
2026-06-13 20:41:00,0.057,115,20
2026-06-13 20:47:00,0.071,4,20
2026-06-13 20:53:00,0.097,3,20
2026-06-13 20:59:00,0.161,356,20
2026-06-13 21:05:00,0.141,347,20
2026-06-13 21:17:00,0.268,343,20
2026-06-13 21:23:00,0.432,341,20
2026-06-13 21:29:00,0.296,344,20
2026-06-13 21:35:00,0.416,346,20
2026-06-13 21:41:00,0.339,341,20
2026-06-13 21:47:00,0.368,346,20
2026-06-13 21:53:00,0.388,344,20
2026-06-13 21:59:00,0.435,342,20
2026-06-13 22:05:00,0.41,335,20
2026-06-13 22:11:00,0.414,337,20
2026-06-13 22:17:00,0.437,340,20
2026-06-13 22:23:00,0.66,335,20
2026-06-13 22:29:00,0.691,334,20
2026-06-13 22:35:00,0.691,332,20
2026-06-13 22:41:00,0.574,330,20
2026-06-13 22:47:00,0.726,324,20
2026-06-13 22:53:00,0.781,322,20
2026-06-13 22:59:00,0.802,317,20
2026-06-13 23:05:00,0.792,321,20
2026-06-13 23:11:00,0.653,325,20
2026-06-13 23:17:00,0.737,325,20
2026-06-13 23:23:00,0.764,327,20
2026-06-13 23:29:00,0.867,330,20
2026-06-13 23:35:00,0.821,332,20
2026-06-13 23:41:00,0.843,332,20
2026-06-13 23:47:00,0.932,329,20
2026-06-13 23:53:00,0.989,326,20
2026-06-13 23:59:00,1.046,328,20
2026-06-14 00:05:00,1.109,338,20
2026-06-14 00:11:00,1.157,336,20
2026-06-14 00:17:00,1.093,335,20
2026-06-14 00:23:00,1.138,334,20
2026-06-14 00:29:00,1.135,333,20
2026-06-14 00:35:00,1.168,329,20
2026-06-14 00:41:00,1.146,324,20
2026-06-14 00:47:00,1.14,328,20
2026-06-14 00:53:00,1.147,330,20
2026-06-14 00:59:00,1.129,331,20
2026-06-14 01:05:00,1.171,334,20
2026-06-14 01:11:00,1.16,331,20
2026-06-14 01:17:00,1.216,332,20
2026-06-14 01:23:00,1.239,331,20
2026-06-14 01:29:00,1.158,333,20
2026-06-14 01:35:00,1.127,332,20
2026-06-14 01:41:00,1.087,331,20
2026-06-14 01:47:00,1.05,330,20
2026-06-14 01:53:00,0.884,330,20
2026-06-14 01:59:00,0.685,324,20
2026-06-14 02:05:00,0.646,323,20
2026-06-14 02:11:00,0.397,322,20
2026-06-14 02:17:00,0.48,318,20
2026-06-14 02:23:00,0.284,330,20
2026-06-14 02:35:00,0.463,327,20
2026-06-14 02:41:00,0.286,337,20
2026-06-14 02:47:00,0.298,331,20
2026-06-14 02:53:00,0.331,325,20
2026-06-14 02:59:00,0.236,330,20
2026-06-14 03:05:00,0.263,322,20
2026-06-14 03:11:00,0.212,315,20
2026-06-14 03:17:00,0.199,313,20
2026-06-14 03:23:00,0.19,298,20
2026-06-14 03:29:00,0.084,259,20
2026-06-14 03:35:00,0.072,277,20
2026-06-14 03:41:00,0.079,254,20
2026-06-14 03:47:00,0.075,247,20
2026-06-14 03:53:00,0.035,236,20
2026-06-14 03:59:00,0.014,236,20
2026-06-14 04:05:00,0.056,193,20
2026-06-14 04:11:00,0.119,165,20
2026-06-14 04:17:00,0.143,158,20
2026-06-14 04:23:00,0.14,165,20
2026-06-14 04:29:00,0.099,145,20
2026-06-14 04:35:00,0.103,124,20
2026-06-14 04:41:00,0.087,67,20
2026-06-14 04:47:00,0.112,94,20
2026-06-14 04:53:00,0.178,110,20
2026-06-14 04:59:00,0.13,95,20
2026-06-14 05:05:00,0.22,101,20
2026-06-14 05:11:00,0.219,112,20
2026-06-14 05:17:00,0.294,111,20
2026-06-14 05:23:00,0.344,124,20
2026-06-14 05:29:00,0.426,126,20
2026-06-14 05:35:00,0.414,124,20
2026-06-14 05:41:00,0.295,135,20
2026-06-14 05:47:00,0.283,138,20
2026-06-14 05:53:00,0.384,143,20
2026-06-14 05:59:00,0.375,139,20
2026-06-14 06:05:00,0.206,150,20
2026-06-14 06:11:00,0.417,138,20
2026-06-14 06:17:00,0.478,136,20
2026-06-14 06:23:00,0.551,131,20
2026-06-14 06:29:00,0.605,132,20
2026-06-14 06:35:00,0.559,128,20
2026-06-14 06:41:00,0.628,134,20
2026-06-14 06:47:00,0.642,132,20
2026-06-14 06:53:00,0.656,132,20
2026-06-14 06:59:00,0.649,134,20
2026-06-14 07:05:00,0.654,136,20
2026-06-14 07:11:00,0.732,139,20
2026-06-14 07:17:00,0.695,138,20
2026-06-14 07:23:00,0.662,133,20
2026-06-14 07:29:00,0.613,132,20
2026-06-14 07:35:00,0.702,133,20
2026-06-14 07:41:00,0.658,130,20
2026-06-14 07:47:00,0.658,125,20
2026-06-14 07:53:00,0.77,135,20
2026-06-14 07:59:00,0.908,139,20
2026-06-14 08:05:00,1.034,136,20
2026-06-14 08:11:00,0.977,139,20
2026-06-14 08:17:00,1.133,139,20
2026-06-14 08:23:00,1.081,139,20
2026-06-14 08:29:00,0.966,143,20
2026-06-14 08:35:00,0.872,144,20
2026-06-14 08:41:00,0.815,144,20
2026-06-14 08:47:00,0.696,145,20
2026-06-14 08:53:00,0.706,144,20
2026-06-14 08:59:00,0.647,143,20
2026-06-14 09:05:00,0.601,141,20
2026-06-14 09:11:00,0.574,140,20
2026-06-14 09:17:00,0.57,137,20
2026-06-14 09:23:00,0.576,139,20
2026-06-14 09:29:00,0.639,140,20
2026-06-14 09:35:00,0.569,138,20
2026-06-14 09:41:00,0.506,140,20
2026-06-14 09:47:00,0.496,139,20
2026-06-14 09:53:00,0.46,140,20
2026-06-14 09:59:00,0.403,143,20
2026-06-14 10:05:00,0.254,127,20
2026-06-14 10:11:00,0.251,91,20
2026-06-14 10:17:00,0.156,84,20
2026-06-14 10:23:00,0.286,118,20
2026-06-14 10:29:00,0.16,38,20
2026-06-14 10:35:00,0.117,56,20
2026-06-14 10:41:00,0.183,120,20
2026-06-14 10:47:00,0.321,137,20
2026-06-14 10:53:00,0.123,123,20
2026-06-14 10:59:00,0.076,146,20
2026-06-14 11:05:00,0.024,1,20
2026-06-14 11:11:00,0.144,328,20
2026-06-14 11:17:00,0.088,0,20
2026-06-14 11:23:00,0.145,315,20
2026-06-14 11:29:00,0.039,7,20
2026-06-14 11:35:00,0.233,336,20
2026-06-14 11:41:00,0.15,330,20
2026-06-14 11:47:00,0.087,326,20
2026-06-14 11:53:00,0.089,350,20
2026-06-14 11:59:00,0.111,345,20
2026-06-14 12:05:00,0.169,341,20
2026-06-14 12:11:00,0.214,327,20
2026-06-14 12:17:00,0.171,328,20
2026-06-14 12:23:00,0.24,335,20
2026-06-14 12:29:00,0.182,342,20
2026-06-14 12:35:00,0.245,336,20
2026-06-14 12:41:00,0.275,344,20
2026-06-14 12:47:00,0.325,350,20
2026-06-14 12:53:00,0.365,339,20
2026-06-14 12:59:00,0.236,356,20
2026-06-14 13:05:00,0.337,339,20
2026-06-14 13:11:00,0.374,338,20
2026-06-14 13:17:00,0.397,336,20
2026-06-14 13:35:00,0.626,326,20
2026-06-14 13:41:00,0.605,327,20
2026-06-14 13:47:00,0.555,330,20
2026-06-14 13:53:00,0.5,328,20
2026-06-14 13:59:00,0.647,328,20
2026-06-14 14:05:00,0.6,321,20
2026-06-14 14:11:00,0.545,318,20
2026-06-14 14:17:00,0.556,319,20
2026-06-14 14:23:00,0.546,322,20
2026-06-14 14:29:00,0.544,328,20
2026-06-14 14:35:00,0.455,327,20
2026-06-14 14:41:00,0.393,325,20
2026-06-14 14:47:00,0.368,323,20
2026-06-14 14:53:00,0.375,324,20
2026-06-14 14:59:00,0.39,322,20
2026-06-14 15:05:00,0.437,327,20
2026-06-14 15:11:00,0.35,329,20
2026-06-14 15:17:00,0.346,329,20
2026-06-14 15:23:00,0.311,325,20
2026-06-14 15:29:00,0.123,331,20
2026-06-14 15:35:00,0.14,326,20
2026-06-14 15:41:00,0.177,330,20
2026-06-14 15:47:00,0.178,320,20
2026-06-14 15:53:00,0.156,331,20
2026-06-14 15:59:00,0.147,335,20
2026-06-14 16:05:00,0.199,339,20
2026-06-14 16:11:00,0.154,357,20
2026-06-14 16:17:00,0.18,353,20
2026-06-14 16:23:00,0.137,41,20
2026-06-14 16:29:00,0.136,87,20
2026-06-14 16:35:00,0.144,53,20
2026-06-14 16:41:00,0.187,84,20
2026-06-14 16:47:00,0.22,92,20
2026-06-14 16:53:00,0.277,108,20
2026-06-14 16:59:00,0.346,108,20
2026-06-14 17:05:00,0.305,106,20
2026-06-14 17:11:00,0.384,119,20
2026-06-14 17:17:00,0.433,116,20
2026-06-14 17:23:00,0.406,120,20
2026-06-14 17:29:00,0.434,122,20
2026-06-14 17:35:00,0.336,119,20
2026-06-14 17:41:00,0.413,125,20
2026-06-14 17:47:00,0.588,124,20
2026-06-14 17:53:00,0.519,134,20
2026-06-14 17:59:00,0.523,130,20
2026-06-14 18:05:00,0.547,132,20
2026-06-14 18:11:00,0.589,132,20
2026-06-14 18:17:00,0.56,130,20
2026-06-14 18:23:00,0.513,134,20
2026-06-14 18:29:00,0.598,133,20
2026-06-14 18:41:00,0.502,131,20
2026-06-14 18:47:00,0.476,135,20
2026-06-14 18:53:00,0.486,136,20
2026-06-14 18:59:00,0.552,144,20
2026-06-14 19:05:00,0.565,136,20
2026-06-14 19:17:00,0.516,142,20
2026-06-14 19:23:00,0.437,135,20
2026-06-14 19:29:00,0.451,136,20
2026-06-14 19:35:00,0.414,137,20
2026-06-14 19:41:00,0.454,140,20
2026-06-14 19:47:00,0.494,145,20
2026-06-14 19:53:00,0.43,140,20
2026-06-14 19:59:00,0.456,143,20
2026-06-14 20:05:00,0.411,142,20
2026-06-14 20:11:00,0.415,143,20
2026-06-14 20:17:00,0.356,145,20
2026-06-14 20:23:00,0.325,142,20
2026-06-14 20:29:00,0.426,145,20
2026-06-14 20:35:00,0.457,141,20
2026-06-14 20:41:00,0.371,141,20
2026-06-14 20:47:00,0.349,139,20
2026-06-14 20:53:00,0.348,141,20
2026-06-14 20:59:00,0.388,142,20
2026-06-14 21:05:00,0.389,140,20
2026-06-14 21:11:00,0.412,138,20
2026-06-14 21:17:00,0.515,148,20
2026-06-14 21:23:00,0.427,142,20
2026-06-14 21:29:00,0.247,146,20
2026-06-14 21:35:00,0.328,127,20
2026-06-14 21:41:00,0.176,168,20
2026-06-14 21:47:00,0.284,160,20
2026-06-14 21:53:00,0.22,154,20
2026-06-14 21:59:00,0.186,169,20
2026-06-14 22:05:00,0.183,168,20
2026-06-14 22:11:00,0.101,206,20
2026-06-14 22:17:00,0.057,220,20
2026-06-14 22:23:00,0.091,285,20
2026-06-14 22:29:00,0.102,303,20
2026-06-14 22:35:00,0.148,308,20
2026-06-14 22:41:00,0.333,313,20
2026-06-14 22:47:00,0.442,311,20
2026-06-14 22:53:00,0.384,313,20
2026-06-14 22:59:00,0.298,302,20
2026-06-14 23:05:00,0.321,300,20
2026-06-14 23:11:00,0.52,296,20
2026-06-14 23:17:00,0.406,285,20
2026-06-14 23:23:00,0.379,285,20
2026-06-14 23:29:00,0.308,289,20
2026-06-14 23:35:00,0.343,307,20
2026-06-14 23:41:00,0.34,302,20
2026-06-14 23:47:00,0.35,304,20
2026-06-14 23:53:00,0.329,298,20
2026-06-14 23:59:00,0.325,304,20
2026-06-15 00:05:00,0.316,310,20
2026-06-15 00:11:00,0.411,314,20
2026-06-15 00:17:00,0.44,316,20
2026-06-15 00:23:00,0.53,312,20
2026-06-15 00:29:00,0.572,325,20
2026-06-15 00:35:00,0.601,328,20
2026-06-15 00:41:00,0.763,335,20
2026-06-15 00:47:00,0.75,327,20
2026-06-15 00:53:00,0.761,324,20
2026-06-15 00:59:00,0.943,327,20
2026-06-15 01:05:00,0.992,331,20
2026-06-15 01:11:00,0.946,335,20
2026-06-15 01:17:00,0.992,335,20
2026-06-15 01:23:00,1.035,334,20
2026-06-15 01:29:00,1.054,335,20
2026-06-15 01:35:00,0.998,335,20
2026-06-15 01:41:00,0.931,334,20
2026-06-15 01:47:00,0.924,336,20
2026-06-15 01:53:00,0.88,337,20
2026-06-15 01:59:00,0.879,336,20
2026-06-15 02:05:00,0.807,334,20
2026-06-15 02:11:00,0.753,335,20
2026-06-15 02:17:00,0.766,336,20
2026-06-15 02:23:00,0.638,334,20
2026-06-15 02:29:00,0.698,328,20
2026-06-15 02:35:00,0.66,332,20
2026-06-15 02:41:00,0.712,331,20
2026-06-15 02:47:00,0.63,336,20
2026-06-15 02:53:00,0.657,334,20
2026-06-15 02:59:00,0.515,331,20
2026-06-15 03:05:00,0.612,333,20
2026-06-15 03:11:00,0.492,325,20
2026-06-15 03:17:00,0.362,316,20
2026-06-15 03:23:00,0.276,310,20
2026-06-15 03:29:00,0.311,310,20
2026-06-15 03:35:00,0.19,298,20
2026-06-15 03:41:00,0.17,319,20
2026-06-15 03:47:00,0.092,211,20
2026-06-15 03:53:00,0.091,180,20
2026-06-15 03:59:00,0.066,187,20
2026-06-15 04:05:00,0.021,35,20
2026-06-15 04:11:00,0.022,157,20
2026-06-15 04:17:00,0.029,60,20
2026-06-15 04:23:00,0.082,85,20
2026-06-15 04:29:00,0.198,102,20
2026-06-15 04:35:00,0.216,109,20
2026-06-15 04:41:00,0.204,110,20
2026-06-15 04:47:00,0.288,108,20
2026-06-15 04:53:00,0.356,124,20
2026-06-15 04:59:00,0.384,129,20
2026-06-15 05:05:00,0.466,142,20
2026-06-15 05:11:00,0.56,148,20
2026-06-15 05:17:00,0.387,130,20
2026-06-15 05:23:00,0.335,114,20
2026-06-15 05:29:00,0.319,119,20
2026-06-15 05:35:00,0.278,119,20
2026-06-15 05:41:00,0.339,126,20
2026-06-15 05:47:00,0.458,127,20
2026-06-15 05:53:00,0.365,133,20
2026-06-15 05:59:00,0.459,128,20
2026-06-15 06:05:00,0.539,135,20
2026-06-15 06:11:00,0.579,135,20
2026-06-15 06:17:00,0.572,133,20
2026-06-15 06:23:00,0.631,129,20
2026-06-15 06:29:00,0.59,123,20
2026-06-15 06:35:00,0.668,121,20
2026-06-15 06:41:00,0.604,120,20
2026-06-15 06:47:00,0.696,122,20
2026-06-15 06:53:00,0.667,123,20
2026-06-15 06:59:00,0.723,117,20
2026-06-15 07:05:00,0.675,124,20
2026-06-15 07:11:00,0.828,131,20
2026-06-15 07:17:00,0.897,131,20
2026-06-15 07:23:00,0.799,129,20
2026-06-15 07:29:00,0.772,129,20
2026-06-15 07:35:00,0.832,131,20
2026-06-15 07:41:00,0.794,126,20
2026-06-15 07:47:00,0.88,129,20
2026-06-15 07:53:00,0.959,130,20
2026-06-15 07:59:00,1.026,131,20
2026-06-15 08:05:00,1.091,133,20
2026-06-15 08:11:00,1.293,135,20
2026-06-15 08:17:00,1.446,137,20
2026-06-15 08:23:00,1.485,138,20
2026-06-15 08:29:00,1.484,139,20
2026-06-15 08:35:00,1.529,140,20
2026-06-15 08:41:00,1.417,140,20
2026-06-15 08:47:00,1.377,136,20
2026-06-15 08:53:00,1.516,139,20
2026-06-15 08:59:00,1.548,141,20
2026-06-15 09:05:00,1.527,142,20
2026-06-15 09:11:00,1.517,140,20
2026-06-15 09:17:00,1.659,139,20
2026-06-15 09:23:00,1.708,139,20
2026-06-15 09:29:00,1.772,137,20
2026-06-15 09:35:00,1.653,137,20
2026-06-15 09:41:00,1.676,136,20
2026-06-15 09:47:00,1.754,137,20
2026-06-15 09:53:00,1.721,137,20
2026-06-15 09:59:00,1.813,138,20
2026-06-15 10:05:00,1.707,138,20
2026-06-15 10:11:00,1.711,137,20
2026-06-15 10:17:00,1.714,138,20
2026-06-15 10:23:00,1.632,136,20
2026-06-15 10:29:00,1.605,136,20
2026-06-15 10:35:00,1.651,136,20
2026-06-15 10:41:00,1.648,134,20
2026-06-15 10:47:00,1.623,134,20
2026-06-15 10:53:00,1.539,136,20
2026-06-15 10:59:00,1.494,135,20
2026-06-15 11:05:00,1.473,135,20
2026-06-15 11:11:00,1.549,135,20
2026-06-15 11:17:00,1.522,134,20
2026-06-15 11:23:00,1.371,135,20
2026-06-15 11:29:00,1.466,137,20
2026-06-15 11:35:00,1.418,134,20
2026-06-15 11:41:00,1.269,134,20
2026-06-15 11:47:00,1.238,134,20
2026-06-15 11:53:00,1.231,135,20
2026-06-15 11:59:00,1.16,135,20
2026-06-15 12:05:00,1.228,134,20
2026-06-15 12:11:00,0.941,124,20
2026-06-15 12:17:00,0.887,123,20
2026-06-15 12:23:00,0.936,138,20
2026-06-15 12:29:00,0.864,136,20
2026-06-15 12:35:00,0.867,137,20
2026-06-15 12:41:00,0.844,136,20
2026-06-15 12:53:00,0.798,134,20
2026-06-15 12:59:00,0.689,138,20
2026-06-15 13:05:00,0.729,139,20
2026-06-15 13:11:00,0.7,139,20
2026-06-15 13:17:00,0.712,140,20
2026-06-15 13:23:00,0.638,136,20
2026-06-15 13:29:00,0.614,136,20
2026-06-15 13:35:00,0.564,138,20
2026-06-15 13:41:00,0.486,141,20
2026-06-15 13:47:00,0.414,144,20
2026-06-15 13:53:00,0.311,149,20
2026-06-15 13:59:00,0.259,136,20
2026-06-15 14:05:00,0.164,128,20
2026-06-15 14:11:00,0.021,146,20
2026-06-15 14:17:00,0.026,219,20
2026-06-15 14:23:00,0.014,335,20
2026-06-15 14:29:00,0.096,32,20
2026-06-15 14:35:00,0.055,255,20
2026-06-15 14:41:00,0.108,357,20
2026-06-15 14:47:00,0.115,150,20
2026-06-15 14:53:00,0.019,260,20
2026-06-15 14:59:00,0.111,331,20
2026-06-15 15:05:00,0.056,328,20
2026-06-15 15:11:00,0.187,317,20
2026-06-15 15:17:00,0.16,330,20
2026-06-15 15:23:00,0.085,344,20
2026-06-15 15:29:00,0.161,335,20
2026-06-15 15:35:00,0.189,336,20
2026-06-15 15:41:00,0.135,11,20
2026-06-15 15:47:00,0.089,4,20
2026-06-15 15:53:00,0.068,107,20
2026-06-15 15:59:00,0.125,80,20
2026-06-15 16:05:00,0.12,89,20
2026-06-15 16:11:00,0.125,103,20
2026-06-15 16:17:00,0.149,96,20
2026-06-15 16:23:00,0.118,39,20
2026-06-15 16:29:00,0.104,351,20
2026-06-15 16:35:00,0.066,14,20
2026-06-15 16:41:00,0.126,325,20
2026-06-15 16:47:00,0.228,324,20
2026-06-15 16:53:00,0.212,319,20
2026-06-15 16:59:00,0.188,311,20
2026-06-15 17:05:00,0.164,308,20
2026-06-15 17:11:00,0.089,310,20
2026-06-15 17:17:00,0.066,306,20
2026-06-15 17:23:00,0.087,185,20
2026-06-15 17:29:00,0.162,165,20
2026-06-15 17:35:00,0.025,359,20
2026-06-15 17:41:00,0.076,166,20
2026-06-15 17:47:00,0.143,194,20
2026-06-15 17:53:00,0.053,243,20
2026-06-15 17:59:00,0.056,148,20
2026-06-15 18:05:00,0.121,149,20
2026-06-15 18:11:00,0.15,149,20
2026-06-15 18:17:00,0.173,147,20
2026-06-15 18:23:00,0.16,157,20
2026-06-15 18:29:00,0.172,156,20
2026-06-15 18:35:00,0.15,151,20
2026-06-15 18:41:00,0.204,145,20
2026-06-15 18:47:00,0.185,155,20
2026-06-15 18:53:00,0.291,152,20
2026-06-15 18:59:00,0.324,157,20
2026-06-15 19:05:00,0.4,151,20
2026-06-15 19:11:00,0.255,149,20
2026-06-15 19:17:00,0.36,147,20
2026-06-15 19:23:00,0.41,152,20
2026-06-15 19:29:00,0.388,151,20
2026-06-15 19:35:00,0.358,152,20
2026-06-15 19:41:00,0.36,143,20
2026-06-15 19:47:00,0.453,141,20
2026-06-15 19:53:00,0.456,138,20
2026-06-15 19:59:00,0.446,140,20
2026-06-15 20:05:00,0.492,137,20
2026-06-15 20:11:00,0.52,137,20
2026-06-15 20:17:00,0.611,136,20
2026-06-15 20:23:00,0.527,130,20
2026-06-15 20:29:00,0.475,133,20
2026-06-15 20:35:00,0.485,133,20
2026-06-15 20:41:00,0.599,138,20
2026-06-15 20:47:00,0.624,137,20
2026-06-15 20:53:00,0.72,135,20
2026-06-15 20:59:00,0.754,138,20
2026-06-15 21:05:00,0.71,139,20
2026-06-15 21:11:00,0.827,140,20
2026-06-15 21:17:00,0.779,141,20
2026-06-15 21:23:00,0.812,139,20
2026-06-15 21:29:00,0.718,141,20
2026-06-15 21:35:00,0.807,141,20
2026-06-15 21:41:00,0.755,141,20
2026-06-15 21:47:00,0.746,142,20
2026-06-15 21:53:00,0.742,138,20
2026-06-15 21:59:00,0.783,138,20
2026-06-15 22:05:00,0.67,137,20
2026-06-15 22:11:00,0.697,140,20
2026-06-15 22:17:00,0.631,136,20
2026-06-15 22:23:00,0.636,140,20
2026-06-15 22:29:00,0.625,141,20
2026-06-15 22:35:00,0.499,142,20
2026-06-15 22:41:00,0.455,141,20
2026-06-15 22:47:00,0.376,137,20
2026-06-15 22:53:00,0.308,136,20
2026-06-15 22:59:00,0.296,139,20
2026-06-15 23:05:00,0.142,147,20
2026-06-15 23:11:00,0.075,158,20
2026-06-15 23:17:00,0.028,197,20
2026-06-15 23:23:00,0.09,35,20
2026-06-15 23:29:00,0.163,353,20
2026-06-15 23:35:00,0.236,330,20
2026-06-15 23:41:00,0.303,333,20
2026-06-15 23:47:00,0.346,324,20
2026-06-15 23:53:00,0.323,323,20
2026-06-15 23:59:00,0.705,331,20
2026-06-16 00:05:00,1.252,328,20
2026-06-16 00:11:00,0.974,325,20
2026-06-16 00:17:00,0.879,327,20
2026-06-16 00:23:00,0.839,329,20
2026-06-16 00:29:00,0.857,327,20
2026-06-16 00:35:00,0.937,323,20
2026-06-16 00:41:00,0.971,322,20
2026-06-16 00:47:00,0.828,323,20
2026-06-16 00:53:00,0.976,327,20
2026-06-16 00:59:00,0.906,326,20
2026-06-16 01:05:00,0.95,323,20
2026-06-16 01:11:00,1.053,322,20
2026-06-16 01:17:00,0.897,324,20
2026-06-16 01:23:00,1.068,324,20
2026-06-16 01:29:00,1.077,327,20
2026-06-16 01:35:00,0.965,342,20
2026-06-16 01:41:00,1.151,335,20
2026-06-16 01:47:00,1.357,327,20
2026-06-16 01:53:00,1.252,323,20
2026-06-16 01:59:00,1.309,323,20
2026-06-16 02:05:00,1.398,326,20
2026-06-16 02:11:00,1.538,326,20
2026-06-16 02:17:00,1.551,327,20
2026-06-16 02:23:00,1.464,331,20
2026-06-16 02:29:00,1.427,333,20
2026-06-16 02:35:00,1.255,335,20
2026-06-16 02:41:00,1.277,335,20
2026-06-16 02:47:00,1.301,335,20
2026-06-16 02:53:00,1.2,335,20
2026-06-16 02:59:00,1.12,333,20
2026-06-16 03:05:00,1.046,334,20
2026-06-16 03:11:00,0.946,333,20
2026-06-16 03:17:00,0.919,334,20
2026-06-16 03:23:00,0.867,336,20
2026-06-16 03:29:00,0.841,338,20
2026-06-16 03:35:00,0.767,341,20
2026-06-16 03:41:00,0.754,338,20
2026-06-16 03:47:00,0.729,341,20
2026-06-16 03:53:00,0.615,342,20
2026-06-16 03:59:00,0.701,337,20
2026-06-16 04:05:00,0.691,335,20
2026-06-16 04:11:00,0.593,335,20
2026-06-16 04:17:00,0.737,327,20
2026-06-16 04:23:00,0.719,327,20
2026-06-16 04:29:00,0.657,326,20
2026-06-16 04:35:00,0.468,326,20
2026-06-16 04:41:00,0.539,316,20
2026-06-16 04:47:00,0.521,327,20
2026-06-16 04:53:00,0.393,328,20
2026-06-16 04:59:00,0.342,332,20
2026-06-16 05:05:00,0.283,337,20
2026-06-16 05:11:00,0.28,348,20
2026-06-16 05:17:00,0.244,345,20
2026-06-16 05:23:00,0.238,342,20
2026-06-16 05:29:00,0.128,344,20
2026-06-16 05:35:00,0.178,356,20
2026-06-16 05:41:00,0.029,37,20
2026-06-16 05:47:00,0.05,26,20
2026-06-16 05:53:00,0.036,27,20
2026-06-16 05:59:00,0.077,95,20
2026-06-16 06:05:00,0.077,126,20
2026-06-16 06:11:00,0.142,130,20
2026-06-16 06:17:00,0.183,135,20
2026-06-16 06:23:00,0.116,117,20
2026-06-16 06:29:00,0.192,135,20
2026-06-16 06:35:00,0.098,64,20
2026-06-16 06:41:00,0.29,119,20
2026-06-16 06:47:00,0.161,95,20
2026-06-16 06:53:00,0.16,95,20
2026-06-16 06:59:00,0.159,96,20
2026-06-16 07:11:00,0.208,115,20
2026-06-16 07:17:00,0.188,113,20
2026-06-16 07:23:00,0.194,91,20
2026-06-16 07:29:00,0.157,88,20
2026-06-16 07:35:00,0.249,115,20
2026-06-16 07:41:00,0.297,129,20
2026-06-16 07:47:00,0.463,141,20
2026-06-16 07:53:00,0.301,141,20
2026-06-16 07:59:00,0.486,148,20
2026-06-16 08:05:00,0.545,144,20
2026-06-16 08:11:00,0.61,147,20
2026-06-16 08:17:00,0.622,146,20
2026-06-16 08:23:00,0.425,142,20
2026-06-16 08:29:00,0.528,153,20
2026-06-16 08:35:00,0.339,142,20
2026-06-16 08:41:00,0.391,147,20
2026-06-16 08:47:00,0.348,148,20
2026-06-16 08:53:00,0.381,147,20
2026-06-16 08:59:00,0.467,146,20
2026-06-16 09:05:00,0.424,146,20
2026-06-16 09:11:00,0.564,147,20
2026-06-16 09:17:00,0.386,150,20
2026-06-16 09:23:00,0.581,146,20
2026-06-16 09:29:00,0.586,139,20
2026-06-16 09:35:00,0.584,141,20
2026-06-16 09:41:00,0.579,142,20
2026-06-16 09:47:00,0.764,141,20
2026-06-16 09:53:00,0.777,141,20
2026-06-16 09:59:00,0.807,142,20
2026-06-16 10:05:00,0.894,143,20
2026-06-16 10:11:00,0.974,143,20
2026-06-16 10:17:00,1.096,142,20
2026-06-16 10:23:00,1.045,144,20
2026-06-16 10:29:00,1.091,137,20
2026-06-16 10:35:00,0.993,135,20
2026-06-16 10:41:00,1.014,137,20
2026-06-16 10:47:00,1.129,138,20
2026-06-16 10:53:00,1.142,139,20
2026-06-16 10:59:00,1.092,141,20
2026-06-16 11:05:00,0.926,142,20
2026-06-16 11:11:00,0.95,137,20
2026-06-16 11:17:00,0.955,138,20
2026-06-16 11:23:00,0.911,135,20
2026-06-16 11:29:00,0.919,138,20
2026-06-16 11:35:00,0.913,135,20
2026-06-16 11:41:00,0.922,135,20
2026-06-16 11:47:00,0.858,134,20
2026-06-16 11:53:00,0.828,134,20
2026-06-16 11:59:00,0.89,136,20
2026-06-16 12:05:00,0.757,129,20
2026-06-16 12:11:00,0.525,125,20
2026-06-16 12:17:00,0.447,128,20
2026-06-16 12:23:00,0.353,135,20
2026-06-16 12:29:00,0.356,136,20
2026-06-16 12:35:00,0.28,130,20
2026-06-16 12:41:00,0.269,127,20
2026-06-16 12:47:00,0.16,75,20
2026-06-16 12:53:00,0.174,131,20
2026-06-16 12:59:00,0.224,144,20
2026-06-16 13:05:00,0.159,147,20
2026-06-16 13:11:00,0.28,140,20
2026-06-16 13:17:00,0.055,155,20
2026-06-16 13:23:00,0.02,141,20
2026-06-16 13:29:00,0.039,15,20
2026-06-16 13:35:00,0.048,268,20
2026-06-16 13:41:00,0.098,299,20
2026-06-16 13:47:00,0.244,331,20
2026-06-16 13:53:00,0.23,330,20
2026-06-16 13:59:00,0.258,318,20
2026-06-16 14:05:00,0.121,303,20
2026-06-16 14:11:00,0.233,324,20
2026-06-16 14:17:00,0.218,322,20
2026-06-16 14:23:00,0.294,327,20
2026-06-16 14:29:00,0.322,344,20
2026-06-16 14:35:00,0.39,331,20
2026-06-16 14:41:00,0.247,325,20
2026-06-16 14:47:00,0.413,330,20
2026-06-16 14:53:00,0.404,340,20
2026-06-16 14:59:00,0.373,340,20
2026-06-16 15:05:00,0.409,348,20
2026-06-16 15:11:00,0.325,355,20
2026-06-16 15:17:00,0.289,353,20
2026-06-16 15:23:00,0.26,359,20
2026-06-16 15:29:00,0.383,338,20
2026-06-16 15:35:00,0.462,343,20
2026-06-16 15:41:00,0.492,340,20
2026-06-16 15:47:00,0.391,350,20
2026-06-16 15:53:00,0.568,333,20
2026-06-16 15:59:00,0.593,326,20
2026-06-16 16:05:00,0.603,326,20
2026-06-16 16:11:00,0.718,328,20
2026-06-16 16:17:00,0.813,326,20
2026-06-16 16:23:00,0.85,325,20
2026-06-16 16:29:00,0.773,323,20
2026-06-16 16:35:00,0.624,331,20
2026-06-16 16:41:00,0.693,330,20
2026-06-16 16:47:00,0.554,328,20
2026-06-16 16:53:00,0.585,328,20
2026-06-16 16:59:00,0.585,325,20
2026-06-16 17:05:00,0.601,329,20
2026-06-16 17:11:00,0.628,326,20
2026-06-16 17:17:00,0.384,309,20
2026-06-16 17:23:00,0.441,306,20
2026-06-16 17:29:00,0.437,325,20
2026-06-16 17:35:00,0.46,319,20
2026-06-16 17:41:00,0.415,320,20
2026-06-16 17:47:00,0.441,322,20
2026-06-16 17:53:00,0.398,319,20
2026-06-16 17:59:00,0.377,320,20
2026-06-16 18:05:00,0.196,319,20
2026-06-16 18:11:00,0.177,328,20
2026-06-16 18:17:00,0.25,340,20
2026-06-16 18:23:00,0.33,340,20
2026-06-16 18:29:00,0.102,21,20
2026-06-16 18:35:00,0.078,3,20
2026-06-16 18:41:00,0.208,352,20
2026-06-16 18:47:00,0.091,107,20
2026-06-16 18:53:00,0.076,70,20
2026-06-16 18:59:00,0.187,11,20
2026-06-16 19:05:00,0.102,71,20
2026-06-16 19:11:00,0.201,103,20
2026-06-16 19:17:00,0.201,114,20
2026-06-16 19:23:00,0.318,108,20
2026-06-16 19:35:00,0.278,113,20
2026-06-16 19:41:00,0.388,117,20
2026-06-16 19:47:00,0.316,119,20
2026-06-16 19:53:00,0.411,119,20
2026-06-16 19:59:00,0.378,124,20
2026-06-16 20:05:00,0.338,114,20
2026-06-16 20:11:00,0.324,115,20
2026-06-16 20:17:00,0.35,120,20
2026-06-16 20:23:00,0.348,116,20
2026-06-16 20:29:00,0.331,121,20
2026-06-16 20:35:00,0.355,127,20
2026-06-16 20:41:00,0.338,127,20
2026-06-16 20:47:00,0.427,137,20
2026-06-16 20:53:00,0.646,141,20
2026-06-16 20:59:00,0.713,143,20
2026-06-16 21:05:00,0.657,146,20
2026-06-16 21:11:00,0.693,143,20
2026-06-16 21:17:00,0.642,139,20
2026-06-16 21:23:00,0.507,132,20
2026-06-16 21:29:00,0.425,125,20
2026-06-16 21:35:00,0.42,129,20
2026-06-16 21:41:00,0.423,129,20
2026-06-16 21:47:00,0.461,129,20
2026-06-16 21:53:00,0.421,123,20
2026-06-16 21:59:00,0.352,113,20
2026-06-16 22:05:00,0.28,101,20
2026-06-16 22:11:00,0.306,108,20
2026-06-16 22:17:00,0.476,135,20
2026-06-16 22:23:00,0.573,134,20
2026-06-16 22:29:00,0.822,146,20
2026-06-16 22:35:00,0.892,153,20
2026-06-16 22:41:00,0.883,153,20
2026-06-16 22:47:00,0.654,153,20
2026-06-16 22:53:00,0.404,148,20
2026-06-16 22:59:00,0.356,138,20
2026-06-16 23:05:00,0.359,134,20
2026-06-16 23:11:00,0.299,129,20
2026-06-16 23:17:00,0.27,128,20
2026-06-16 23:23:00,0.274,130,20
2026-06-16 23:29:00,0.246,123,20
2026-06-16 23:35:00,0.127,108,20
2026-06-16 23:41:00,0.086,85,20
2026-06-16 23:47:00,0.062,71,20
2026-06-16 23:53:00,0.122,120,20
2026-06-16 23:59:00,0.098,97,20
2026-06-17 00:05:00,0.078,88,20
2026-06-17 00:17:00,0.043,116,20
2026-06-17 00:23:00,0.164,330,20
2026-06-17 00:29:00,0.081,335,20
2026-06-17 00:35:00,0.219,341,20
2026-06-17 00:41:00,0.281,334,20
2026-06-17 00:47:00,0.332,335,20
2026-06-17 00:53:00,0.511,335,20
2026-06-17 00:59:00,0.526,330,20
2026-06-17 01:05:00,0.702,327,20
2026-06-17 01:11:00,0.78,328,20
2026-06-17 01:17:00,0.811,331,20
2026-06-17 01:23:00,0.864,323,20
2026-06-17 01:29:00,0.755,315,20
2026-06-17 01:35:00,0.779,318,20
2026-06-17 01:41:00,0.916,324,20
2026-06-17 01:47:00,0.968,325,20
2026-06-17 01:53:00,1.083,325,20
2026-06-17 01:59:00,1.009,327,20
2026-06-17 02:05:00,0.904,333,20
2026-06-17 02:11:00,0.729,337,20
2026-06-17 02:17:00,0.724,336,20
2026-06-17 02:23:00,0.789,336,20
2026-06-17 02:29:00,1.02,333,20
2026-06-17 02:35:00,0.912,332,20
2026-06-17 02:41:00,0.877,336,20
2026-06-17 02:47:00,0.936,337,20
2026-06-17 02:53:00,1.044,336,20
2026-06-17 02:59:00,1.168,332,20
2026-06-17 03:05:00,1.173,330,20
2026-06-17 03:11:00,0.905,338,20
2026-06-17 03:17:00,1.013,339,20
2026-06-17 03:23:00,1.001,338,20
2026-06-17 03:29:00,1.066,337,20
2026-06-17 03:35:00,1.065,337,20
2026-06-17 03:41:00,1.083,339,20
2026-06-17 03:47:00,1.108,336,20
2026-06-17 03:53:00,1.167,333,20
2026-06-17 03:59:00,1.095,335,20
2026-06-17 04:05:00,1.114,335,20
2026-06-17 04:11:00,1.083,332,20
2026-06-17 04:17:00,1.083,333,20
2026-06-17 04:23:00,1.142,335,20
2026-06-17 04:29:00,1.042,332,20
2026-06-17 04:35:00,0.914,331,20
2026-06-17 04:41:00,0.904,332,20
2026-06-17 04:47:00,0.772,333,20
2026-06-17 04:53:00,0.721,332,20
2026-06-17 04:59:00,0.686,333,20
2026-06-17 05:05:00,0.649,337,20
2026-06-17 05:11:00,0.644,329,20
2026-06-17 05:17:00,0.648,328,20
2026-06-17 05:23:00,0.659,326,20
2026-06-17 05:29:00,0.568,327,20
2026-06-17 05:35:00,0.478,327,20
2026-06-17 05:41:00,0.48,328,20
2026-06-17 05:47:00,0.504,334,20
2026-06-17 05:53:00,0.423,333,20
2026-06-17 05:59:00,0.372,333,20
2026-06-17 06:05:00,0.395,335,20
2026-06-17 06:11:00,0.296,328,20
2026-06-17 06:17:00,0.228,324,20
2026-06-17 06:23:00,0.161,311,20
2026-06-17 06:29:00,0.132,302,20
2026-06-17 06:35:00,0.076,278,20
2026-06-17 06:41:00,0.041,324,20
2026-06-17 06:47:00,0.051,335,20
2026-06-17 06:53:00,0.1,344,20
2026-06-17 06:59:00,0.078,43,20
2026-06-17 07:05:00,0.119,55,20
2026-06-17 07:11:00,0.179,77,20
2026-06-17 07:17:00,0.27,106,20
2026-06-17 07:23:00,0.331,111,20
2026-06-17 07:29:00,0.329,115,20
2026-06-17 07:35:00,0.366,109,20
2026-06-17 07:41:00,0.483,128,20
2026-06-17 07:47:00,0.429,128,20
2026-06-17 07:53:00,0.43,130,20
2026-06-17 07:59:00,0.443,126,20
2026-06-17 08:05:00,0.44,125,20
2026-06-17 08:11:00,0.484,132,20
2026-06-17 08:17:00,0.489,134,20
2026-06-17 08:23:00,0.472,132,20
2026-06-17 08:29:00,0.482,133,20
2026-06-17 08:35:00,0.509,128,20
2026-06-17 08:41:00,0.532,133,20
2026-06-17 08:47:00,0.523,134,20
2026-06-17 08:53:00,0.606,133,20
2026-06-17 08:59:00,0.656,134,20
2026-06-17 09:05:00,0.686,133,20
2026-06-17 09:11:00,0.66,131,20
2026-06-17 09:17:00,0.642,131,20
2026-06-17 09:23:00,0.665,130,20
2026-06-17 09:29:00,0.596,131,20
2026-06-17 09:35:00,0.608,131,20
2026-06-17 09:41:00,0.521,129,20
2026-06-17 09:47:00,0.597,132,20
2026-06-17 09:53:00,0.642,134,20
2026-06-17 09:59:00,0.701,136,20
2026-06-17 10:05:00,0.812,136,20
2026-06-17 10:11:00,0.796,137,20
2026-06-17 10:17:00,0.83,138,20
2026-06-17 10:23:00,0.912,138,20
2026-06-17 10:29:00,0.917,135,20
2026-06-17 10:35:00,0.82,134,20
2026-06-17 10:41:00,0.892,132,20
2026-06-17 10:47:00,0.917,135,20
2026-06-17 10:53:00,1.001,132,20
2026-06-17 10:59:00,0.8,131,20
2026-06-17 11:05:00,0.798,133,20
2026-06-17 11:11:00,0.69,131,20
2026-06-17 11:17:00,0.577,126,20
2026-06-17 11:23:00,0.636,136,20
2026-06-17 11:29:00,0.793,138,20
2026-06-17 11:35:00,0.895,131,20
2026-06-17 11:41:00,1.016,136,20
2026-06-17 11:47:00,1.021,137,20
2026-06-17 11:53:00,0.965,137,20
2026-06-17 11:59:00,0.976,136,20
2026-06-17 12:05:00,0.953,138,20
2026-06-17 12:11:00,0.916,138,20
2026-06-17 12:17:00,0.609,128,20
2026-06-17 12:23:00,0.512,127,20
2026-06-17 12:29:00,0.299,141,20
2026-06-17 12:35:00,0.551,134,20
2026-06-17 12:41:00,0.526,131,20
2026-06-17 12:47:00,0.531,128,20
2026-06-17 12:53:00,0.542,138,20
2026-06-17 12:59:00,0.488,135,20
2026-06-17 13:05:00,0.457,132,20
2026-06-17 13:11:00,0.475,141,20
2026-06-17 13:17:00,0.395,136,20
2026-06-17 13:23:00,0.387,127,20
2026-06-17 13:29:00,0.193,78,20
2026-06-17 13:35:00,0.185,132,20
2026-06-17 13:41:00,0.07,92,20
2026-06-17 13:47:00,0.101,130,20
2026-06-17 13:53:00,0.048,88,20
2026-06-17 13:59:00,0.093,326,20
2026-06-17 14:05:00,0.161,359,20
2026-06-17 14:11:00,0.198,318,20
2026-06-17 14:17:00,0.132,316,20
2026-06-17 14:23:00,0.144,329,20
2026-06-17 14:29:00,0.151,351,20
2026-06-17 14:35:00,0.166,330,20
2026-06-17 14:41:00,0.063,20,20
2026-06-17 14:47:00,0.032,316,20
2026-06-17 14:53:00,0.329,345,20
2026-06-17 14:59:00,0.151,315,20
2026-06-17 15:05:00,0.109,302,20
2026-06-17 15:11:00,0.031,215,20
2026-06-17 15:17:00,0.116,307,20
2026-06-17 15:23:00,0.148,287,20
2026-06-17 15:29:00,0.072,260,20
2026-06-17 15:35:00,0.189,306,20
2026-06-17 15:41:00,0.263,307,20
2026-06-17 15:47:00,0.154,288,20
2026-06-17 15:53:00,0.24,301,20
2026-06-17 15:59:00,0.158,272,20
2026-06-17 16:05:00,0.164,282,20
2026-06-17 16:11:00,0.133,270,20
2026-06-17 16:17:00,0.22,324,20
2026-06-17 16:23:00,0.107,338,20
2026-06-17 16:29:00,0.284,320,20
2026-06-17 16:41:00,0.282,323,20
2026-06-17 16:47:00,0.255,343,20
2026-06-17 16:53:00,0.296,348,20
2026-06-17 16:59:00,0.263,343,20
2026-06-17 17:05:00,0.289,335,20
2026-06-17 17:11:00,0.29,340,20
2026-06-17 17:17:00,0.329,341,20
2026-06-17 17:23:00,0.185,352,20
2026-06-17 17:29:00,0.136,20,20
2026-06-17 17:35:00,0.256,345,20
2026-06-17 17:41:00,0.33,350,20
2026-06-17 17:47:00,0.296,346,20
2026-06-17 17:53:00,0.145,351,20
2026-06-17 17:59:00,0.206,344,20
2026-06-17 18:05:00,0.214,335,20
2026-06-17 18:11:00,0.292,329,20
2026-06-17 18:17:00,0.204,320,20
2026-06-17 18:23:00,0.154,295,20
2026-06-17 18:29:00,0.167,343,20
2026-06-17 18:35:00,0.039,335,20
2026-06-17 18:41:00,0.058,287,20
2026-06-17 18:47:00,0.106,306,20
2026-06-17 18:53:00,0.168,320,20
2026-06-17 18:59:00,0.171,327,20
2026-06-17 19:05:00,0.169,330,20
2026-06-17 19:11:00,0.157,318,20
2026-06-17 19:17:00,0.058,45,20
2026-06-17 19:23:00,0.079,89,20
2026-06-17 19:29:00,0.103,81,20
2026-06-17 19:35:00,0.159,91,20
2026-06-17 19:41:00,0.226,77,20
2026-06-17 19:47:00,0.248,111,20
2026-06-17 19:53:00,0.281,109,20
2026-06-17 19:59:00,0.29,106,20
2026-06-17 20:05:00,0.268,109,20
2026-06-17 20:11:00,0.313,105,20
2026-06-17 20:17:00,0.363,119,20
2026-06-17 20:23:00,0.441,122,20
2026-06-17 20:29:00,0.473,123,20
2026-06-17 20:35:00,0.549,125,20
2026-06-17 20:41:00,0.68,131,20
2026-06-17 20:47:00,0.702,134,20
2026-06-17 20:53:00,0.639,137,20
2026-06-17 20:59:00,0.587,137,20
2026-06-17 21:05:00,0.594,138,20
2026-06-17 21:11:00,0.552,137,20
2026-06-17 21:17:00,0.567,139,20
2026-06-17 21:23:00,0.659,139,20
2026-06-17 21:29:00,0.659,140,20
2026-06-17 21:35:00,0.619,139,20
2026-06-17 21:41:00,0.692,136,20
2026-06-17 21:47:00,0.669,138,20
2026-06-17 21:53:00,0.638,136,20
2026-06-17 21:59:00,0.598,139,20
2026-06-17 22:05:00,0.66,144,20
2026-06-17 22:11:00,0.647,145,20
2026-06-17 22:17:00,0.636,145,20
2026-06-17 22:23:00,0.667,142,20
2026-06-17 22:29:00,0.699,141,20
2026-06-17 22:35:00,0.736,143,20
2026-06-17 22:41:00,0.625,138,20
2026-06-17 22:47:00,0.607,141,20
2026-06-17 22:53:00,0.594,141,20
2026-06-17 22:59:00,0.637,143,20
2026-06-17 23:05:00,0.567,143,20
2026-06-17 23:11:00,0.64,145,20
2026-06-17 23:17:00,0.548,146,20
2026-06-17 23:23:00,0.723,145,20
2026-06-17 23:29:00,0.605,147,20
2026-06-17 23:35:00,0.527,147,20
2026-06-17 23:41:00,0.552,146,20
2026-06-17 23:47:00,0.587,147,20
2026-06-17 23:53:00,0.57,152,20
2026-06-17 23:59:00,0.455,146,20
2026-06-18 00:05:00,0.43,147,20
2026-06-18 00:11:00,0.354,145,20
2026-06-18 00:17:00,0.377,147,20
2026-06-18 00:23:00,0.418,148,20
2026-06-18 00:29:00,0.365,146,20
2026-06-18 00:35:00,0.179,155,20
2026-06-18 00:41:00,0.113,145,20
2026-06-18 00:47:00,0.2,148,20
2026-06-18 00:53:00,0.163,144,20
2026-06-18 00:59:00,0.122,138,20
2026-06-18 01:05:00,0.046,76,20
2026-06-18 01:11:00,0.031,60,20
2026-06-18 01:17:00,0.098,4,20
2026-06-18 01:23:00,0.222,352,20
2026-06-18 01:29:00,0.186,359,20
2026-06-18 01:35:00,0.257,347,20
2026-06-18 01:41:00,0.346,340,20
2026-06-18 01:47:00,0.381,341,20
2026-06-18 01:53:00,0.444,338,20
2026-06-18 01:59:00,0.555,332,20
2026-06-18 02:05:00,0.576,335,20
2026-06-18 02:11:00,0.538,336,20
2026-06-18 02:17:00,0.609,338,20
2026-06-18 02:23:00,0.653,336,20
2026-06-18 02:29:00,0.781,333,20
2026-06-18 02:35:00,0.787,339,20
2026-06-18 02:41:00,0.804,337,20
2026-06-18 02:47:00,0.727,336,20
2026-06-18 02:53:00,0.712,331,20
2026-06-18 02:59:00,0.684,332,20
2026-06-18 03:05:00,0.736,330,20
2026-06-18 03:11:00,0.732,332,20
2026-06-18 03:17:00,0.736,332,20
2026-06-18 03:23:00,0.769,335,20
2026-06-18 03:29:00,0.835,336,20
2026-06-18 03:35:00,0.871,332,20
2026-06-18 03:41:00,1.011,330,20
2026-06-18 03:47:00,1.042,327,20
2026-06-18 03:53:00,1.052,325,20
2026-06-18 03:59:00,1.097,325,20
2026-06-18 04:05:00,1.101,325,20
2026-06-18 04:11:00,1.082,324,20
2026-06-18 04:17:00,1.071,323,20
2026-06-18 04:23:00,1.053,320,20
2026-06-18 04:29:00,1.039,322,20
2026-06-18 04:35:00,1.038,319,20
2026-06-18 04:41:00,1.095,320,20
2026-06-18 04:47:00,1.051,320,20
2026-06-18 04:53:00,0.978,323,20
2026-06-18 04:59:00,0.828,326,20
2026-06-18 05:05:00,0.851,330,20
2026-06-18 05:11:00,0.81,335,20
2026-06-18 05:17:00,0.818,336,20
2026-06-18 05:23:00,0.915,334,20
2026-06-18 05:29:00,0.782,339,20
2026-06-18 05:35:00,0.739,339,20
2026-06-18 05:41:00,0.72,338,20
2026-06-18 05:47:00,0.661,338,20
2026-06-18 05:53:00,0.567,338,20
2026-06-18 05:59:00,0.457,341,20
2026-06-18 06:05:00,0.299,332,20
2026-06-18 06:11:00,0.41,352,20
2026-06-18 06:17:00,0.442,340,20
2026-06-18 06:23:00,0.364,343,20
2026-06-18 06:29:00,0.459,345,20
2026-06-18 06:35:00,0.454,346,20
2026-06-18 06:41:00,0.464,351,20
2026-06-18 06:47:00,0.4,352,20
2026-06-18 06:53:00,0.297,354,20
2026-06-18 06:59:00,0.334,349,20
2026-06-18 07:05:00,0.305,339,20
2026-06-18 07:11:00,0.262,342,20
2026-06-18 07:17:00,0.208,340,20
2026-06-18 07:23:00,0.147,335,20
2026-06-18 07:29:00,0.073,10,20
2026-06-18 07:35:00,0.071,48,20
2026-06-18 07:41:00,0.058,76,20
2026-06-18 07:47:00,0.063,74,20
2026-06-18 07:53:00,0.063,49,20
2026-06-18 07:59:00,0.158,103,20
2026-06-18 08:05:00,0.211,110,20
2026-06-18 08:11:00,0.33,128,20
2026-06-18 08:17:00,0.464,134,20
2026-06-18 08:23:00,0.45,131,20
2026-06-18 08:29:00,0.493,136,20
2026-06-18 08:35:00,0.472,135,20
2026-06-18 08:41:00,0.467,135,20
2026-06-18 08:47:00,0.475,136,20
2026-06-18 08:53:00,0.581,140,20
2026-06-18 08:59:00,0.624,139,20
2026-06-18 09:05:00,0.607,138,20
2026-06-18 09:11:00,0.577,139,20
2026-06-18 09:17:00,0.68,140,20
2026-06-18 09:23:00,0.653,142,20
2026-06-18 09:29:00,0.673,145,20
2026-06-18 09:35:00,0.686,145,20
2026-06-18 09:41:00,0.711,143,20
2026-06-18 09:47:00,0.777,141,20
2026-06-18 09:53:00,0.782,142,20
2026-06-18 09:59:00,0.651,139,20
2026-06-18 10:05:00,0.75,139,20
2026-06-18 10:11:00,0.74,139,20
2026-06-18 10:17:00,0.724,137,20
2026-06-18 10:23:00,0.773,137,20
2026-06-18 10:29:00,0.824,139,20
2026-06-18 10:35:00,0.883,138,20
2026-06-18 10:41:00,0.88,136,20
2026-06-18 10:47:00,0.77,133,20
2026-06-18 10:53:00,0.701,131,20
2026-06-18 10:59:00,0.743,134,20
2026-06-18 11:05:00,0.829,131,20
2026-06-18 11:11:00,0.814,128,20
2026-06-18 11:17:00,0.904,124,20
2026-06-18 11:23:00,0.896,126,20
2026-06-18 11:29:00,0.854,124,20
2026-06-18 11:35:00,0.881,126,20
2026-06-18 11:41:00,0.974,129,20
2026-06-18 11:47:00,0.946,130,20
2026-06-18 11:53:00,1.0,133,20
2026-06-18 11:59:00,1.0,133,20
2026-06-18 12:05:00,1.004,135,20
2026-06-18 12:11:00,1.029,136,20
2026-06-18 12:17:00,1.027,135,20
2026-06-18 12:23:00,0.976,140,20
2026-06-18 12:29:00,1.047,139,20
2026-06-18 12:35:00,1.044,138,20
2026-06-18 12:41:00,1.037,138,20
2026-06-18 12:47:00,1.004,139,20
2026-06-18 12:53:00,0.976,138,20
2026-06-18 12:59:00,1.122,142,20
2026-06-18 13:05:00,0.955,141,20
2026-06-18 13:11:00,0.913,142,20
2026-06-18 13:17:00,0.963,137,20
2026-06-18 13:23:00,0.977,143,20
2026-06-18 13:29:00,0.882,140,20
2026-06-18 13:35:00,0.89,142,20
2026-06-18 13:41:00,0.711,138,20
2026-06-18 13:47:00,0.716,141,20
2026-06-18 13:53:00,0.6,143,20
2026-06-18 13:59:00,0.432,134,20
2026-06-18 14:05:00,0.329,126,20
2026-06-18 14:11:00,0.367,126,20
2026-06-18 14:17:00,0.314,129,20
2026-06-18 14:23:00,0.233,105,20
2026-06-18 14:29:00,0.316,119,20
2026-06-18 14:35:00,0.289,117,20
2026-06-18 14:41:00,0.349,121,20
2026-06-18 14:47:00,0.285,120,20
2026-06-18 14:53:00,0.199,107,20
2026-06-18 14:59:00,0.192,88,20
2026-06-18 15:05:00,0.166,87,20
2026-06-18 15:11:00,0.148,77,20
2026-06-18 15:17:00,0.231,96,20
2026-06-18 15:23:00,0.2,91,20
2026-06-18 15:29:00,0.203,78,20
2026-06-18 15:35:00,0.217,75,20
2026-06-18 15:41:00,0.137,72,20
2026-06-18 15:47:00,0.162,10,20
2026-06-18 15:53:00,0.14,26,20
2026-06-18 15:59:00,0.21,37,20
2026-06-18 16:05:00,0.171,23,20
2026-06-18 16:11:00,0.241,7,20
2026-06-18 16:17:00,0.213,31,20
2026-06-18 16:23:00,0.214,26,20
2026-06-18 16:29:00,0.199,38,20
2026-06-18 16:35:00,0.167,29,20
2026-06-18 16:41:00,0.145,42,20
2026-06-18 16:47:00,0.147,42,20
2026-06-18 16:53:00,0.197,32,20
2026-06-18 16:59:00,0.195,27,20
2026-06-18 17:05:00,0.264,15,20
2026-06-18 17:11:00,0.202,36,20
2026-06-18 17:17:00,0.291,7,20
2026-06-18 17:23:00,0.312,355,20
2026-06-18 17:29:00,0.347,349,20
2026-06-18 17:35:00,0.33,354,20
2026-06-18 17:41:00,0.215,21,20
2026-06-18 17:47:00,0.278,7,20
2026-06-18 17:53:00,0.206,8,20
2026-06-18 17:59:00,0.215,358,20
2026-06-18 18:05:00,0.21,354,20
2026-06-18 18:11:00,0.381,359,20
2026-06-18 18:17:00,0.375,339,20
2026-06-18 18:23:00,0.422,338,20
2026-06-18 18:29:00,0.38,336,20
2026-06-18 18:35:00,0.473,332,20
2026-06-18 18:41:00,0.416,334,20
2026-06-18 18:47:00,0.332,338,20
2026-06-18 18:53:00,0.201,347,20
2026-06-18 18:59:00,0.299,347,20
2026-06-18 19:05:00,0.278,338,20
2026-06-18 19:11:00,0.385,328,20
2026-06-18 19:17:00,0.315,336,20
2026-06-18 19:23:00,0.125,323,20
2026-06-18 19:29:00,0.153,334,20
2026-06-18 19:35:00,0.124,341,20
2026-06-18 19:41:00,0.209,333,20
2026-06-18 19:47:00,0.224,338,20
2026-06-18 19:53:00,0.185,331,20
2026-06-18 19:59:00,0.275,341,20
2026-06-18 20:05:00,0.076,326,20
2026-06-18 20:11:00,0.078,321,20
2026-06-18 20:17:00,0.091,176,20
2026-06-18 20:23:00,0.067,163,20
2026-06-18 20:29:00,0.158,163,20
2026-06-18 20:35:00,0.177,145,20
2026-06-18 20:41:00,0.166,150,20
2026-06-18 20:47:00,0.217,137,20
2026-06-18 20:53:00,0.191,137,20
2026-06-18 20:59:00,0.197,128,20
2026-06-18 21:05:00,0.185,125,20
2026-06-18 21:11:00,0.288,130,20
2026-06-18 21:17:00,0.422,126,20
2026-06-18 21:23:00,0.411,127,20
2026-06-18 21:29:00,0.415,128,20
2026-06-18 21:35:00,0.369,124,20
2026-06-18 21:41:00,0.441,128,20
2026-06-18 21:47:00,0.469,129,20
2026-06-18 21:53:00,0.546,137,20
2026-06-18 21:59:00,0.59,139,20
2026-06-18 22:05:00,0.552,134,20
2026-06-18 22:11:00,0.799,142,20
2026-06-18 22:17:00,0.741,142,20
2026-06-18 22:23:00,0.756,140,20
2026-06-18 22:29:00,0.71,137,20
2026-06-18 22:35:00,0.778,137,20
2026-06-18 22:41:00,0.772,135,20
2026-06-18 22:47:00,0.891,135,20
2026-06-18 22:53:00,0.875,138,20
2026-06-18 22:59:00,0.798,138,20
2026-06-18 23:05:00,0.821,137,20
2026-06-18 23:11:00,0.768,138,20
2026-06-18 23:17:00,0.851,139,20
2026-06-18 23:23:00,0.872,141,20
2026-06-18 23:29:00,0.895,141,20
2026-06-18 23:35:00,0.877,141,20
2026-06-18 23:41:00,0.948,142,20
2026-06-18 23:47:00,1.018,142,20
2026-06-18 23:53:00,0.981,142,20
2026-06-18 23:59:00,0.911,141,20
2026-06-19 00:05:00,0.901,143,20
2026-06-19 00:11:00,0.814,144,20
2026-06-19 00:17:00,0.722,144,20
2026-06-19 00:23:00,0.72,140,20
2026-06-19 00:29:00,0.786,140,20
2026-06-19 00:35:00,0.737,142,20
2026-06-19 00:41:00,0.791,142,20
2026-06-19 00:47:00,0.814,143,20
2026-06-19 00:53:00,0.854,142,20
2026-06-19 00:59:00,0.765,141,20
2026-06-19 01:05:00,0.787,139,20
2026-06-19 01:11:00,0.734,137,20
2026-06-19 01:17:00,0.724,140,20
2026-06-19 01:23:00,0.758,140,20
2026-06-19 01:29:00,0.724,142,20
2026-06-19 01:35:00,0.683,144,20
2026-06-19 01:41:00,0.662,143,20
2026-06-19 01:47:00,0.718,141,20
2026-06-19 01:53:00,0.727,140,20
2026-06-19 01:59:00,0.628,140,20
2026-06-19 02:05:00,0.608,138,20
2026-06-19 02:11:00,0.578,139,20
2026-06-19 02:17:00,0.528,134,20
2026-06-19 02:23:00,0.44,134,20
2026-06-19 02:29:00,0.38,132,20
2026-06-19 02:35:00,0.314,132,20
2026-06-19 02:41:00,0.247,132,20
2026-06-19 02:47:00,0.242,134,20
2026-06-19 02:53:00,0.1,139,20
2026-06-19 02:59:00,0.158,141,20
2026-06-19 03:05:00,0.086,143,20
2026-06-19 03:11:00,0.077,163,20
2026-06-19 03:17:00,0.085,178,20
2026-06-19 03:23:00,0.049,163,20
2026-06-19 03:29:00,0.015,170,20
2026-06-19 03:35:00,0.097,326,20
2026-06-19 03:41:00,0.052,339,20
2026-06-19 03:47:00,0.22,326,20
2026-06-19 03:53:00,0.25,321,20
2026-06-19 03:59:00,0.27,320,20
2026-06-19 04:05:00,0.341,319,20
2026-06-19 04:11:00,0.332,313,20
2026-06-19 04:17:00,0.397,316,20
2026-06-19 04:23:00,0.397,315,20
2026-06-19 04:29:00,0.512,317,20
2026-06-19 04:35:00,0.486,314,20
2026-06-19 04:41:00,0.436,305,20
2026-06-19 04:47:00,0.443,309,20
2026-06-19 04:53:00,0.505,315,20
2026-06-19 04:59:00,0.542,323,20
2026-06-19 05:05:00,0.556,321,20
2026-06-19 05:11:00,0.594,320,20
2026-06-19 05:17:00,0.517,318,20
2026-06-19 05:23:00,0.544,317,20
2026-06-19 05:29:00,0.563,317,20
2026-06-19 05:35:00,0.559,321,20
2026-06-19 05:41:00,0.674,319,20
2026-06-19 05:47:00,0.715,318,20
2026-06-19 05:53:00,0.661,320,20
2026-06-19 05:59:00,0.681,318,20
2026-06-19 06:05:00,0.651,316,20
2026-06-19 06:11:00,0.757,322,20
2026-06-19 06:17:00,0.667,326,20
2026-06-19 06:23:00,0.666,321,20
2026-06-19 06:29:00,0.815,342,20
2026-06-19 06:35:00,0.576,335,20
2026-06-19 06:41:00,0.601,328,20
2026-06-19 06:47:00,0.703,317,20
2026-06-19 06:53:00,0.809,315,20
2026-06-19 06:59:00,0.706,322,20
2026-06-19 07:05:00,0.505,331,20
2026-06-19 07:11:00,0.714,342,20
2026-06-19 07:17:00,0.514,329,20
2026-06-19 07:23:00,0.287,308,20
2026-06-19 07:29:00,0.174,306,20
2026-06-19 07:35:00,0.084,305,20
2026-06-19 07:41:00,0.288,317,20
2026-06-19 07:47:00,0.118,296,20
2026-06-19 07:53:00,0.14,294,20
2026-06-19 07:59:00,0.207,302,20
2026-06-19 08:05:00,0.251,305,20
2026-06-19 08:11:00,0.282,319,20
2026-06-19 08:17:00,0.19,332,20
2026-06-19 08:23:00,0.174,332,20
2026-06-19 08:29:00,0.097,325,20
2026-06-19 08:35:00,0.076,308,20
2026-06-19 08:41:00,0.07,32,20
2026-06-19 08:47:00,0.103,99,20
2026-06-19 08:53:00,0.113,112,20
2026-06-19 08:59:00,0.125,121,20
2026-06-19 09:05:00,0.121,99,20
2026-06-19 09:11:00,0.268,130,20
2026-06-19 09:17:00,0.286,121,20
2026-06-19 09:23:00,0.254,122,20
2026-06-19 09:29:00,0.212,108,20
2026-06-19 09:35:00,0.243,102,20
2026-06-19 09:41:00,0.24,108,20
2026-06-19 09:47:00,0.378,133,20
2026-06-19 09:53:00,0.309,131,20
2026-06-19 09:59:00,0.302,123,20
2026-06-19 10:05:00,0.317,127,20
2026-06-19 10:11:00,0.248,132,20
2026-06-19 10:17:00,0.374,143,20
2026-06-19 10:23:00,0.323,135,20
2026-06-19 10:29:00,0.322,136,20
2026-06-19 10:35:00,0.258,135,20
2026-06-19 10:41:00,0.249,133,20
2026-06-19 10:53:00,0.213,123,20
2026-06-19 10:59:00,0.188,121,20
2026-06-19 11:05:00,0.19,110,20
2026-06-19 11:11:00,0.292,119,20
2026-06-19 11:17:00,0.283,107,20
2026-06-19 11:23:00,0.406,123,20
2026-06-19 11:41:00,0.522,139,20
2026-06-19 11:47:00,0.524,136,20
2026-06-19 11:59:00,0.609,131,20
2026-06-19 12:05:00,0.502,125,20
2026-06-19 12:11:00,0.53,123,20
2026-06-19 12:17:00,0.708,128,20
2026-06-19 12:23:00,0.661,136,20
2026-06-19 12:29:00,0.734,139,20
2026-06-19 12:35:00,0.757,137,20
2026-06-19 12:41:00,0.783,139,20
2026-06-19 12:47:00,0.75,139,20
2026-06-19 12:53:00,0.746,136,20
2026-06-19 12:59:00,0.758,136,20
2026-06-19 13:05:00,0.656,132,20
2026-06-19 13:11:00,0.618,129,20
2026-06-19 13:17:00,0.746,133,20
2026-06-19 13:23:00,0.738,134,20
2026-06-19 13:29:00,0.723,135,20
2026-06-19 13:35:00,0.849,140,20
2026-06-19 13:41:00,0.735,139,20
2026-06-19 13:47:00,0.672,137,20
2026-06-19 13:53:00,0.676,140,20
2026-06-19 13:59:00,0.804,140,20
2026-06-19 14:05:00,0.813,140,20
2026-06-19 14:11:00,0.778,137,20
2026-06-19 14:17:00,0.529,125,20
2026-06-19 14:23:00,0.721,136,20
2026-06-19 14:29:00,0.649,133,20
2026-06-19 14:35:00,0.56,130,20
2026-06-19 14:41:00,0.471,131,20
2026-06-19 14:47:00,0.422,127,20
2026-06-19 14:53:00,0.476,132,20
2026-06-19 14:59:00,0.403,131,20
2026-06-19 15:05:00,0.368,129,20
2026-06-19 15:11:00,0.328,134,20
2026-06-19 15:17:00,0.303,132,20
2026-06-19 15:23:00,0.313,133,20
2026-06-19 15:29:00,0.28,137,20
2026-06-19 15:35:00,0.247,132,20
2026-06-19 15:41:00,0.26,137,20
2026-06-19 15:47:00,0.22,136,20
2026-06-19 15:53:00,0.227,137,20
2026-06-19 15:59:00,0.103,122,20
2026-06-19 16:05:00,0.12,129,20
2026-06-19 16:11:00,0.066,115,20
2026-06-19 16:17:00,0.047,127,20
2026-06-19 16:23:00,0.06,11,20
2026-06-19 16:29:00,0.077,36,20
2026-06-19 16:35:00,0.076,354,20
2026-06-19 16:41:00,0.136,348,20
2026-06-19 16:47:00,0.134,336,20
2026-06-19 16:53:00,0.221,339,20
2026-06-19 16:59:00,0.155,10,20
2026-06-19 17:05:00,0.221,343,20
2026-06-19 17:11:00,0.216,349,20
2026-06-19 17:17:00,0.194,342,20
2026-06-19 17:23:00,0.16,333,20
2026-06-19 17:29:00,0.123,332,20
2026-06-19 17:35:00,0.189,326,20
2026-06-19 17:41:00,0.223,337,20
2026-06-19 17:47:00,0.192,335,20
2026-06-19 17:53:00,0.259,337,20
2026-06-19 17:59:00,0.246,335,20
2026-06-19 18:05:00,0.191,345,20
2026-06-19 18:11:00,0.169,338,20
2026-06-19 18:17:00,0.214,344,20
2026-06-19 18:23:00,0.175,335,20
2026-06-19 18:29:00,0.256,340,20
2026-06-19 18:35:00,0.252,335,20
2026-06-19 18:41:00,0.299,328,20
2026-06-19 18:47:00,0.369,327,20
2026-06-19 18:53:00,0.402,325,20
2026-06-19 18:59:00,0.41,321,20
2026-06-19 19:05:00,0.393,327,20
2026-06-19 19:11:00,0.327,325,20
2026-06-19 19:17:00,0.318,334,20
2026-06-19 19:23:00,0.283,345,20
2026-06-19 19:29:00,0.341,345,20
2026-06-19 19:35:00,0.295,347,20
2026-06-19 19:41:00,0.21,5,20
2026-06-19 19:47:00,0.239,10,20
2026-06-19 19:53:00,0.21,5,20
2026-06-19 19:59:00,0.183,350,20
2026-06-19 20:05:00,0.18,358,20
2026-06-19 20:11:00,0.189,4,20
2026-06-19 20:17:00,0.218,356,20
2026-06-19 20:23:00,0.251,348,20
2026-06-19 20:29:00,0.299,347,20
2026-06-19 20:35:00,0.251,354,20
2026-06-19 20:41:00,0.244,336,20
2026-06-19 20:47:00,0.229,333,20
2026-06-19 20:53:00,0.174,322,20
2026-06-19 20:59:00,0.26,332,20
2026-06-19 21:05:00,0.157,334,20
2026-06-19 21:11:00,0.16,333,20
2026-06-19 21:17:00,0.113,329,20
2026-06-19 21:23:00,0.059,336,20
2026-06-19 21:29:00,0.027,142,20
2026-06-19 21:35:00,0.053,140,20
2026-06-19 21:41:00,0.08,139,20
2026-06-19 21:47:00,0.14,144,20
2026-06-19 21:53:00,0.122,156,20
2026-06-19 21:59:00,0.206,148,20
2026-06-19 22:05:00,0.216,146,20
2026-06-19 22:11:00,0.303,145,20
2026-06-19 22:17:00,0.226,141,20
2026-06-19 22:23:00,0.244,135,20
2026-06-19 22:29:00,0.29,132,20
2026-06-19 22:35:00,0.294,138,20
2026-06-19 22:41:00,0.281,136,20
2026-06-19 22:47:00,0.281,134,20
2026-06-19 22:53:00,0.329,137,20
2026-06-19 22:59:00,0.338,138,20
2026-06-19 23:05:00,0.355,137,20
2026-06-19 23:11:00,0.311,126,20
2026-06-19 23:17:00,0.287,125,20
2026-06-19 23:29:00,0.414,121,20
2026-06-19 23:35:00,0.495,121,20
2026-06-19 23:41:00,0.437,121,20
2026-06-19 23:47:00,0.401,119,20
2026-06-19 23:53:00,0.434,126,20
2026-06-19 23:59:00,0.376,119,20
2026-06-20 00:05:00,0.386,121,20
2026-06-20 00:11:00,0.505,131,20
2026-06-20 00:17:00,0.387,130,20
2026-06-20 00:23:00,0.459,131,20
2026-06-20 00:29:00,0.476,142,20
2026-06-20 00:35:00,0.46,140,20
2026-06-20 00:41:00,0.561,141,20
2026-06-20 00:47:00,0.557,133,20
2026-06-20 00:53:00,0.554,138,20
2026-06-20 00:59:00,0.594,137,20
2026-06-20 01:05:00,0.609,141,20
2026-06-20 01:11:00,0.537,139,20
2026-06-20 01:17:00,0.618,140,20
2026-06-20 01:23:00,0.583,138,20
2026-06-20 01:29:00,0.63,140,20
2026-06-20 01:35:00,0.567,139,20
2026-06-20 01:41:00,0.61,139,20
2026-06-20 01:47:00,0.548,138,20
2026-06-20 01:53:00,0.565,133,20
2026-06-20 01:59:00,0.454,135,20
2026-06-20 02:05:00,0.535,135,20
2026-06-20 02:11:00,0.434,132,20
2026-06-20 02:17:00,0.427,132,20
2026-06-20 02:23:00,0.466,136,20
2026-06-20 02:29:00,0.435,135,20
2026-06-20 02:35:00,0.385,133,20
2026-06-20 02:41:00,0.453,134,20
2026-06-20 02:47:00,0.386,134,20
2026-06-20 02:53:00,0.393,140,20
2026-06-20 02:59:00,0.226,144,20
2026-06-20 03:05:00,0.301,132,20
2026-06-20 03:11:00,0.229,137,20
2026-06-20 03:17:00,0.197,128,20
2026-06-20 03:23:00,0.159,137,20
2026-06-20 03:29:00,0.171,122,20
2026-06-20 03:35:00,0.087,68,20
2026-06-20 03:41:00,0.063,82,20
2026-06-20 03:47:00,0.124,336,20
2026-06-20 03:59:00,0.251,326,20
2026-06-20 04:05:00,0.272,324,20
2026-06-20 04:11:00,0.327,324,20
2026-06-20 04:17:00,0.372,322,20
2026-06-20 04:23:00,0.373,325,20
2026-06-20 04:29:00,0.478,325,20
2026-06-20 04:35:00,0.478,322,20
2026-06-20 04:41:00,0.453,316,20
2026-06-20 04:47:00,0.469,321,20
2026-06-20 04:53:00,0.398,317,20
2026-06-20 04:59:00,0.448,314,20
2026-06-20 05:05:00,0.562,311,20
2026-06-20 05:11:00,0.602,314,20
2026-06-20 05:17:00,0.726,317,20
2026-06-20 05:23:00,0.723,321,20
2026-06-20 05:29:00,0.563,322,20
2026-06-20 05:35:00,0.609,324,20
2026-06-20 05:41:00,0.523,316,20
2026-06-20 05:47:00,0.571,322,20
2026-06-20 05:53:00,0.428,325,20
2026-06-20 05:59:00,0.45,330,20
2026-06-20 06:05:00,0.36,342,20
2026-06-20 06:11:00,0.449,337,20
2026-06-20 06:17:00,0.362,335,20
2026-06-20 06:23:00,0.519,334,20
2026-06-20 06:29:00,0.605,335,20
2026-06-20 06:35:00,0.341,346,20
2026-06-20 06:41:00,0.523,343,20
2026-06-20 06:47:00,0.329,333,20
2026-06-20 06:53:00,0.492,319,20
2026-06-20 06:59:00,0.802,331,20
2026-06-20 07:05:00,0.783,323,20
2026-06-20 07:11:00,0.674,322,20
2026-06-20 07:17:00,0.854,319,20
2026-06-20 07:23:00,0.326,2,20
2026-06-20 07:29:00,0.585,351,20
2026-06-20 07:35:00,1.062,322,20
2026-06-20 07:41:00,0.601,313,20
2026-06-20 07:47:00,0.681,324,20
2026-06-20 07:53:00,0.745,328,20
2026-06-20 07:59:00,0.598,329,20
2026-06-20 08:05:00,0.579,327,20
2026-06-20 08:11:00,0.531,334,20
2026-06-20 08:17:00,0.584,324,20
2026-06-20 08:23:00,0.47,332,20
2026-06-20 08:29:00,0.371,335,20
2026-06-20 08:35:00,0.411,329,20
2026-06-20 08:41:00,0.436,328,20
2026-06-20 08:47:00,0.362,328,20
2026-06-20 08:53:00,0.225,337,20
2026-06-20 09:05:00,0.196,340,20
2026-06-20 09:11:00,0.15,348,20
2026-06-20 09:17:00,0.157,10,20
2026-06-20 09:23:00,0.157,16,20
2026-06-20 09:29:00,0.119,37,20
2026-06-20 09:35:00,0.119,28,20
2026-06-20 09:41:00,0.111,73,20
2026-06-20 09:47:00,0.09,64,20
2026-06-20 09:53:00,0.173,102,20
2026-06-20 09:59:00,0.092,69,20
2026-06-20 10:05:00,0.101,72,20
2026-06-20 10:11:00,0.072,52,20
2026-06-20 10:17:00,0.127,119,20
2026-06-20 10:23:00,0.174,111,20
2026-06-20 10:29:00,0.134,98,20
2026-06-20 10:35:00,0.189,111,20
2026-06-20 10:41:00,0.224,115,20
2026-06-20 10:47:00,0.291,116,20
2026-06-20 10:53:00,0.379,128,20
2026-06-20 10:59:00,0.232,104,20
2026-06-20 11:05:00,0.23,107,20
2026-06-20 11:17:00,0.146,112,20
2026-06-20 11:23:00,0.274,131,20
2026-06-20 11:29:00,0.204,121,20
2026-06-20 11:35:00,0.187,124,20
2026-06-20 11:41:00,0.237,121,20
2026-06-20 11:47:00,0.222,131,20
2026-06-20 11:53:00,0.266,137,20
2026-06-20 11:59:00,0.306,151,20
2026-06-20 12:05:00,0.395,144,20
2026-06-20 12:11:00,0.357,150,20
2026-06-20 12:17:00,0.354,150,20
2026-06-20 12:23:00,0.508,145,20
2026-06-20 12:29:00,0.424,146,20
2026-06-20 12:35:00,0.483,144,20
2026-06-20 12:41:00,0.463,145,20
2026-06-20 12:47:00,0.473,140,20
2026-06-20 12:53:00,0.44,134,20
2026-06-20 12:59:00,0.372,133,20
2026-06-20 13:05:00,0.546,134,20
2026-06-20 13:11:00,0.603,131,20
2026-06-20 13:17:00,0.656,136,20
2026-06-20 13:23:00,0.67,139,20
2026-06-20 13:29:00,0.782,141,20
2026-06-20 13:35:00,0.798,141,20
2026-06-20 13:41:00,0.794,141,20
2026-06-20 13:47:00,0.795,138,20
2026-06-20 13:53:00,0.812,141,20
2026-06-20 13:59:00,0.858,140,20
2026-06-20 14:05:00,0.856,138,20
2026-06-20 14:11:00,0.79,137,20
2026-06-20 14:17:00,0.819,138,20
2026-06-20 14:23:00,0.826,141,20
2026-06-20 14:29:00,0.924,145,20
2026-06-20 14:35:00,0.889,141,20
2026-06-20 14:41:00,0.933,141,20
2026-06-20 14:47:00,0.939,145,20
2026-06-20 14:53:00,0.957,144,20
2026-06-20 14:59:00,0.934,143,20
2026-06-20 15:05:00,0.848,144,20
2026-06-20 15:11:00,0.878,143,20
2026-06-20 15:17:00,0.846,142,20
2026-06-20 15:23:00,0.758,143,20
2026-06-20 15:29:00,0.757,144,20
2026-06-20 15:35:00,0.72,141,20
2026-06-20 15:41:00,0.645,146,20
2026-06-20 15:47:00,0.603,145,20
2026-06-20 15:53:00,0.576,144,20
2026-06-20 15:59:00,0.552,145,20
2026-06-20 16:05:00,0.58,144,20
2026-06-20 16:11:00,0.56,136,20
2026-06-20 16:17:00,0.354,141,20
2026-06-20 16:23:00,0.322,128,20
2026-06-20 16:29:00,0.29,146,20
2026-06-20 16:35:00,0.267,143,20
2026-06-20 16:41:00,0.314,138,20
2026-06-20 16:47:00,0.099,132,20
2026-06-20 16:53:00,0.124,138,20
2026-06-20 16:59:00,0.377,144,20
2026-06-20 17:05:00,0.268,133,20
2026-06-20 17:11:00,0.333,139,20
2026-06-20 17:17:00,0.343,124,20
2026-06-20 17:23:00,0.215,124,20
2026-06-20 17:29:00,0.125,142,20
2026-06-20 17:35:00,0.125,154,20
2026-06-20 17:41:00,0.072,323,20
2026-06-20 17:47:00,0.164,317,20
2026-06-20 17:53:00,0.215,314,20
2026-06-20 17:59:00,0.204,326,20
2026-06-20 18:05:00,0.295,339,20
2026-06-20 18:11:00,0.224,325,20
2026-06-20 18:17:00,0.138,336,20
2026-06-20 18:23:00,0.339,342,20
2026-06-20 18:29:00,0.326,340,20
2026-06-20 18:35:00,0.341,339,20
2026-06-20 18:41:00,0.43,338,20
2026-06-20 18:47:00,0.493,338,20
2026-06-20 18:53:00,0.46,341,20
2026-06-20 18:59:00,0.645,355,20
2026-06-20 19:05:00,0.286,338,20
2026-06-20 19:11:00,0.244,4,20
2026-06-20 19:17:00,0.452,335,20
2026-06-20 19:23:00,0.517,327,20
2026-06-20 19:29:00,0.559,332,20
2026-06-20 19:35:00,0.748,326,20
2026-06-20 19:41:00,0.84,328,20
2026-06-20 19:47:00,0.84,326,20
2026-06-20 19:53:00,0.95,323,20
2026-06-20 19:59:00,0.95,323,20
2026-06-20 20:05:00,0.88,330,20
2026-06-20 20:11:00,0.85,331,20
2026-06-20 20:17:00,1.01,332,20
2026-06-20 20:23:00,0.848,329,20
2026-06-20 20:29:00,0.878,339,20
2026-06-20 20:35:00,0.63,333,20
2026-06-20 20:41:00,0.819,335,20
2026-06-20 20:47:00,0.729,331,20
2026-06-20 20:53:00,0.787,332,20
2026-06-20 20:59:00,0.707,332,20
2026-06-20 21:05:00,0.616,331,20
2026-06-20 21:11:00,0.536,337,20
2026-06-20 21:17:00,0.426,336,20
2026-06-20 21:23:00,0.334,358,20
2026-06-20 21:29:00,0.306,352,20
2026-06-20 21:35:00,0.222,16,20
2026-06-20 21:41:00,0.186,10,20
2026-06-20 21:47:00,0.16,21,20
2026-06-20 21:53:00,0.217,356,20
2026-06-20 21:59:00,0.272,355,20
2026-06-20 22:05:00,0.259,0,20
2026-06-20 22:11:00,0.175,17,20
2026-06-20 22:17:00,0.196,1,20
2026-06-20 22:23:00,0.132,20,20
2026-06-20 22:29:00,0.164,3,20
2026-06-20 22:35:00,0.093,41,20
2026-06-20 22:41:00,0.119,108,20
2026-06-20 22:47:00,0.068,93,20
2026-06-20 22:53:00,0.091,105,20
2026-06-20 22:59:00,0.095,59,20
2026-06-20 23:05:00,0.065,78,20
2026-06-20 23:11:00,0.126,113,20
2026-06-20 23:17:00,0.156,128,20
2026-06-20 23:23:00,0.195,117,20
2026-06-20 23:29:00,0.268,116,20
2026-06-20 23:35:00,0.26,122,20
2026-06-20 23:41:00,0.285,129,20
2026-06-20 23:47:00,0.209,116,20
2026-06-20 23:53:00,0.316,121,20
2026-06-20 23:59:00,0.284,126,20
2026-06-21 00:05:00,0.306,127,20
2026-06-21 00:11:00,0.212,117,20
2026-06-21 00:17:00,0.305,131,20
2026-06-21 00:23:00,0.351,132,20
2026-06-21 00:29:00,0.357,120,20
2026-06-21 00:35:00,0.336,114,20
2026-06-21 00:41:00,0.332,111,20
2026-06-21 00:47:00,0.274,112,20
2026-06-21 00:53:00,0.236,96,20
2026-06-21 00:59:00,0.316,116,20
2026-06-21 01:05:00,0.459,128,20
2026-06-21 01:11:00,0.484,136,20
2026-06-21 01:17:00,0.534,138,20
2026-06-21 01:23:00,0.506,137,20
2026-06-21 01:29:00,0.54,133,20
2026-06-21 01:35:00,0.499,130,20
2026-06-21 01:41:00,0.477,130,20
2026-06-21 01:47:00,0.514,135,20
2026-06-21 01:53:00,0.558,138,20
2026-06-21 01:59:00,0.543,138,20
2026-06-21 02:05:00,0.56,138,20
2026-06-21 02:11:00,0.598,138,20
2026-06-21 02:17:00,0.589,135,20
2026-06-21 02:23:00,0.548,134,20
2026-06-21 02:29:00,0.461,130,20
2026-06-21 02:35:00,0.551,135,20
2026-06-21 02:41:00,0.685,140,20
2026-06-21 02:47:00,0.834,139,20
2026-06-21 02:53:00,0.579,132,20
2026-06-21 02:59:00,0.472,117,20
2026-06-21 03:05:00,0.419,110,20
2026-06-21 03:11:00,0.473,121,20
2026-06-21 03:17:00,0.887,139,20
2026-06-21 03:23:00,0.761,141,20
2026-06-21 03:29:00,0.737,145,20
2026-06-21 03:35:00,0.661,146,20
2026-06-21 03:41:00,0.638,146,20
2026-06-21 03:47:00,0.646,144,20
2026-06-21 03:53:00,0.503,139,20
2026-06-21 03:59:00,0.494,136,20
2026-06-21 04:05:00,0.445,137,20
2026-06-21 04:11:00,0.442,135,20
2026-06-21 04:17:00,0.5,138,20
2026-06-21 04:23:00,0.426,138,20
2026-06-21 04:29:00,0.411,136,20
2026-06-21 04:35:00,0.4,134,20
2026-06-21 04:41:00,0.355,139,20
2026-06-21 04:47:00,0.31,136,20
2026-06-21 04:53:00,0.234,138,20
2026-06-21 04:59:00,0.15,145,20
2026-06-21 05:05:00,0.119,148,20
2026-06-21 05:11:00,0.069,135,20
2026-06-21 05:17:00,0.021,152,20
2026-06-21 05:23:00,0.038,177,20
2026-06-21 05:29:00,0.064,184,20
2026-06-21 05:35:00,0.082,198,20
2026-06-21 05:41:00,0.047,261,20
2026-06-21 05:47:00,0.096,218,20
2026-06-21 05:53:00,0.15,250,20
2026-06-21 05:59:00,0.337,329,20
2026-06-21 06:05:00,0.378,336,20
2026-06-21 06:11:00,0.531,335,20
2026-06-21 06:17:00,0.433,337,20
2026-06-21 06:23:00,0.408,326,20
2026-06-21 06:29:00,0.435,322,20
2026-06-21 06:35:00,0.537,321,20
2026-06-21 06:41:00,0.502,317,20
2026-06-21 06:47:00,0.598,322,20
2026-06-21 06:53:00,0.617,324,20
2026-06-21 06:59:00,0.527,332,20
2026-06-21 07:05:00,0.55,348,20
2026-06-21 07:11:00,0.34,347,20
2026-06-21 07:17:00,0.155,342,20
2026-06-21 07:23:00,0.122,359,20
2026-06-21 07:29:00,0.39,347,20
2026-06-21 07:35:00,0.214,326,20
2026-06-21 07:41:00,0.367,350,20
2026-06-21 07:47:00,0.477,349,20
2026-06-21 07:53:00,0.263,356,20
2026-06-21 07:59:00,0.379,343,20
2026-06-21 08:05:00,0.391,8,20
2026-06-21 08:11:00,0.504,351,20
2026-06-21 08:17:00,0.178,347,20
2026-06-21 08:23:00,0.591,331,20
2026-06-21 08:29:00,0.346,343,20
2026-06-21 08:35:00,0.364,347,20
2026-06-21 08:41:00,0.327,347,20
2026-06-21 08:47:00,0.389,343,20
2026-06-21 08:53:00,0.343,341,20
2026-06-21 08:59:00,0.326,347,20
2026-06-21 09:05:00,0.399,340,20
2026-06-21 09:11:00,0.386,345,20
2026-06-21 09:17:00,0.296,351,20
2026-06-21 09:23:00,0.299,354,20
2026-06-21 09:29:00,0.295,344,20
2026-06-21 09:35:00,0.254,343,20
2026-06-21 09:41:00,0.25,352,20
2026-06-21 09:47:00,0.234,0,20
2026-06-21 09:53:00,0.191,23,20
2026-06-21 09:59:00,0.2,353,20
2026-06-21 10:05:00,0.244,340,20
2026-06-21 10:11:00,0.14,22,20
2026-06-21 10:17:00,0.119,57,20
2026-06-21 10:23:00,0.133,85,20
2026-06-21 10:29:00,0.137,91,20
2026-06-21 10:35:00,0.181,101,20
2026-06-21 10:41:00,0.173,101,20
2026-06-21 10:47:00,0.171,107,20
2026-06-21 10:53:00,0.172,106,20
2026-06-21 10:59:00,0.175,115,20
2026-06-21 11:05:00,0.242,115,20
2026-06-21 11:11:00,0.271,120,20
2026-06-21 11:17:00,0.304,115,20
2026-06-21 11:23:00,0.261,111,20
2026-06-21 11:29:00,0.348,117,20
2026-06-21 11:35:00,0.241,101,20
2026-06-21 11:41:00,0.253,103,20
2026-06-21 11:47:00,0.259,106,20
2026-06-21 11:53:00,0.233,104,20
2026-06-21 11:59:00,0.253,103,20
2026-06-21 12:05:00,0.253,108,20
2026-06-21 12:11:00,0.333,114,20
2026-06-21 12:17:00,0.248,117,20
2026-06-21 12:23:00,0.242,124,20
2026-06-21 12:29:00,0.339,135,20
2026-06-21 12:35:00,0.24,111,20
2026-06-21 12:41:00,0.287,135,20
2026-06-21 12:47:00,0.344,124,20
2026-06-21 12:53:00,0.384,137,20
2026-06-21 12:59:00,0.353,135,20
2026-06-21 13:05:00,0.467,137,20
2026-06-21 13:11:00,0.292,145,20
2026-06-21 13:17:00,0.337,159,20
2026-06-21 13:23:00,0.549,137,20
2026-06-21 13:29:00,0.535,141,20
2026-06-21 13:35:00,0.534,137,20
2026-06-21 13:41:00,0.445,144,20
2026-06-21 13:47:00,0.617,143,20
2026-06-21 13:53:00,0.578,144,20
2026-06-21 13:59:00,0.593,138,20
2026-06-21 14:05:00,0.795,136,20
2026-06-21 14:11:00,0.657,139,20
2026-06-21 14:17:00,0.689,136,20
2026-06-21 14:23:00,0.77,138,20
2026-06-21 14:29:00,0.68,140,20
2026-06-21 14:35:00,0.707,138,20
2026-06-21 14:41:00,0.708,138,20
2026-06-21 14:47:00,0.704,137,20
2026-06-21 14:53:00,0.718,142,20
2026-06-21 14:59:00,0.698,139,20
2026-06-21 15:05:00,0.724,139,20
2026-06-21 15:11:00,0.796,137,20
2026-06-21 15:17:00,0.812,137,20
2026-06-21 15:23:00,0.771,139,20
2026-06-21 15:29:00,0.798,135,20
2026-06-21 15:35:00,0.673,137,20
2026-06-21 15:41:00,0.783,136,20
2026-06-21 15:47:00,0.826,143,20
2026-06-21 15:53:00,0.757,144,20
2026-06-21 15:59:00,0.659,138,20
2026-06-21 16:05:00,0.63,140,20
2026-06-21 16:11:00,0.533,134,20
2026-06-21 16:17:00,0.68,139,20
2026-06-21 16:23:00,0.649,139,20
2026-06-21 16:29:00,0.63,139,20
2026-06-21 16:35:00,0.666,143,20
2026-06-21 16:41:00,0.512,140,20
2026-06-21 16:47:00,0.451,133,20
2026-06-21 16:53:00,0.427,138,20
2026-06-21 16:59:00,0.347,133,20
2026-06-21 17:05:00,0.221,134,20
2026-06-21 17:11:00,0.018,56,20
2026-06-21 17:17:00,0.112,109,20
2026-06-21 17:23:00,0.089,33,20
2026-06-21 17:29:00,0.177,118,20
2026-06-21 17:35:00,0.15,151,20
2026-06-21 17:41:00,0.075,81,20
2026-06-21 17:47:00,0.056,126,20
2026-06-21 17:53:00,0.065,30,20
2026-06-21 17:59:00,0.15,328,20
2026-06-21 18:05:00,0.166,298,20
2026-06-21 18:11:00,0.219,314,20
2026-06-21 18:17:00,0.304,324,20
2026-06-21 18:23:00,0.198,311,20
2026-06-21 18:29:00,0.383,333,20
2026-06-21 18:35:00,0.316,311,20
2026-06-21 18:41:00,0.226,288,20
2026-06-21 18:47:00,0.345,331,20
2026-06-21 18:53:00,0.389,328,20
2026-06-21 18:59:00,0.475,332,20
2026-06-21 19:05:00,0.639,336,20
2026-06-21 19:11:00,0.52,335,20
2026-06-21 19:17:00,0.6,341,20
2026-06-21 19:23:00,0.627,347,20
2026-06-21 19:29:00,0.569,344,20
2026-06-21 19:35:00,0.38,345,20
2026-06-21 19:41:00,0.563,332,20
2026-06-21 19:47:00,0.427,322,20
2026-06-21 19:53:00,0.518,329,20
2026-06-21 19:59:00,0.538,331,20
2026-06-21 20:05:00,0.534,331,20
2026-06-21 20:11:00,0.607,336,20
2026-06-21 20:17:00,0.706,328,20
2026-06-21 20:23:00,0.715,323,20
2026-06-21 20:29:00,0.721,327,20
2026-06-21 20:35:00,0.856,333,20
2026-06-21 20:41:00,0.996,331,20
2026-06-21 20:47:00,0.908,333,20
2026-06-21 20:53:00,0.766,328,20
2026-06-21 20:59:00,0.685,331,20
2026-06-21 21:05:00,0.636,334,20
2026-06-21 21:11:00,0.739,335,20
2026-06-21 21:17:00,0.717,338,20
2026-06-21 21:23:00,0.726,338,20
2026-06-21 21:29:00,0.711,340,20
2026-06-21 21:35:00,0.713,337,20
2026-06-21 21:41:00,0.739,340,20
2026-06-21 21:47:00,0.758,344,20
2026-06-21 21:53:00,0.717,343,20
2026-06-21 21:59:00,0.693,344,20
2026-06-21 22:05:00,0.652,344,20
2026-06-21 22:11:00,0.715,343,20
2026-06-21 22:17:00,0.615,345,20
2026-06-21 22:23:00,0.62,345,20
2026-06-21 22:29:00,0.523,349,20
2026-06-21 22:35:00,0.428,351,20
2026-06-21 22:41:00,0.447,352,20
2026-06-21 22:47:00,0.461,349,20
2026-06-21 22:53:00,0.43,348,20
2026-06-21 22:59:00,0.331,350,20
2026-06-21 23:05:00,0.271,337,20
2026-06-21 23:11:00,0.241,342,20
2026-06-21 23:23:00,0.232,352,20
2026-06-21 23:29:00,0.196,357,20
2026-06-21 23:35:00,0.216,8,20
2026-06-21 23:41:00,0.201,1,20
2026-06-21 23:47:00,0.256,358,20
2026-06-21 23:53:00,0.165,26,20
2026-06-21 23:59:00,0.185,31,20
2026-06-22 00:05:00,0.2,65,20
2026-06-22 00:11:00,0.179,79,20
2026-06-22 00:17:00,0.254,96,20
2026-06-22 00:23:00,0.304,107,20
2026-06-22 00:29:00,0.32,112,20
2026-06-22 00:35:00,0.335,106,20
2026-06-22 00:41:00,0.371,110,20
2026-06-22 00:47:00,0.362,112,20
2026-06-22 00:53:00,0.372,112,20
2026-06-22 00:59:00,0.458,119,20
2026-06-22 01:05:00,0.422,120,20
2026-06-22 01:11:00,0.478,129,20
2026-06-22 01:17:00,0.473,126,20
2026-06-22 01:23:00,0.374,116,20
2026-06-22 01:29:00,0.409,117,20
2026-06-22 01:35:00,0.501,118,20
2026-06-22 01:41:00,0.379,115,20
2026-06-22 01:47:00,0.342,114,20
2026-06-22 01:53:00,0.478,126,20
2026-06-22 01:59:00,0.417,120,20
2026-06-22 02:05:00,0.444,126,20
2026-06-22 02:11:00,0.385,123,20
2026-06-22 02:17:00,0.3,117,20
2026-06-22 02:23:00,0.298,110,20
2026-06-22 02:29:00,0.296,108,20
2026-06-22 02:35:00,0.244,91,20
2026-06-22 02:41:00,0.232,81,20
2026-06-22 02:47:00,0.327,109,20
2026-06-22 02:53:00,0.337,122,20
2026-06-22 02:59:00,0.434,135,20
2026-06-22 03:05:00,0.423,139,20
2026-06-22 03:11:00,0.491,143,20
2026-06-22 03:17:00,0.402,139,20
2026-06-22 03:23:00,0.535,135,20
2026-06-22 03:29:00,0.448,129,20
2026-06-22 03:35:00,0.381,121,20
2026-06-22 03:41:00,0.305,110,20
2026-06-22 03:47:00,0.291,112,20
2026-06-22 03:53:00,0.267,117,20
2026-06-22 03:59:00,0.273,126,20
2026-06-22 04:05:00,0.251,128,20
2026-06-22 04:11:00,0.394,137,20
2026-06-22 04:17:00,0.362,136,20
2026-06-22 04:23:00,0.424,141,20
2026-06-22 04:29:00,0.469,144,20
2026-06-22 04:35:00,0.522,142,20
2026-06-22 04:41:00,0.371,146,20
2026-06-22 04:47:00,0.325,140,20
2026-06-22 04:53:00,0.316,139,20
2026-06-22 04:59:00,0.285,142,20
2026-06-22 05:05:00,0.245,143,20
2026-06-22 05:11:00,0.158,144,20
2026-06-22 05:17:00,0.119,146,20
2026-06-22 05:23:00,0.112,154,20
2026-06-22 05:29:00,0.063,164,20
2026-06-22 05:35:00,0.122,182,20
2026-06-22 05:41:00,0.164,172,20
2026-06-22 05:47:00,0.409,173,20
2026-06-22 05:53:00,0.278,187,20
2026-06-22 05:59:00,0.283,203,20
2026-06-22 06:05:00,0.19,279,20
2026-06-22 06:11:00,0.137,306,20
2026-06-22 06:17:00,0.211,298,20
2026-06-22 06:23:00,0.445,316,20
2026-06-22 06:29:00,0.43,324,20
2026-06-22 06:35:00,0.692,315,20
2026-06-22 06:41:00,0.779,312,20
2026-06-22 06:47:00,0.789,306,20
2026-06-22 06:53:00,0.483,308,20
2026-06-22 06:59:00,0.458,312,20
2026-06-22 07:05:00,0.355,317,20
2026-06-22 07:11:00,0.437,322,20
2026-06-22 07:17:00,0.159,1,20
2026-06-22 07:23:00,0.298,336,20
2026-06-22 07:29:00,0.415,331,20
2026-06-22 07:35:00,0.351,338,20
2026-06-22 07:41:00,0.323,356,20
2026-06-22 07:47:00,0.411,339,20
2026-06-22 07:53:00,0.364,345,20
2026-06-22 07:59:00,0.219,353,20
2026-06-22 08:05:00,0.199,69,20
2026-06-22 08:11:00,0.399,357,20
2026-06-22 08:17:00,0.351,347,20
2026-06-22 08:23:00,0.314,344,20
2026-06-22 08:29:00,0.403,344,20
2026-06-22 08:35:00,0.182,1,20
2026-06-22 08:41:00,0.105,330,20
2026-06-22 08:47:00,0.123,35,20
2026-06-22 08:53:00,0.258,21,20
2026-06-22 08:59:00,0.235,312,20
2026-06-22 09:05:00,0.257,326,20
2026-06-22 09:11:00,0.186,349,20
2026-06-22 09:17:00,0.615,316,20
2026-06-22 09:23:00,0.51,319,20
2026-06-22 09:29:00,0.136,335,20
2026-06-22 09:35:00,0.343,334,20
2026-06-22 09:41:00,0.257,328,20
2026-06-22 09:47:00,0.408,332,20
2026-06-22 09:53:00,0.42,340,20
2026-06-22 09:59:00,0.36,327,20
2026-06-22 10:05:00,0.255,323,20
2026-06-22 10:11:00,0.199,322,20
2026-06-22 10:17:00,0.236,329,20
2026-06-22 10:23:00,0.228,324,20
2026-06-22 10:29:00,0.207,333,20
2026-06-22 10:35:00,0.205,331,20
2026-06-22 10:41:00,0.195,336,20
2026-06-22 10:47:00,0.233,343,20
2026-06-22 10:53:00,0.186,338,20
2026-06-22 10:59:00,0.219,341,20
2026-06-22 11:05:00,0.194,343,20
2026-06-22 11:11:00,0.087,342,20
2026-06-22 11:17:00,0.029,20,20
2026-06-22 11:23:00,0.054,71,20
2026-06-22 11:29:00,0.099,136,20
2026-06-22 11:35:00,0.067,113,20
2026-06-22 11:41:00,0.177,129,20
2026-06-22 11:47:00,0.247,126,20
2026-06-22 11:53:00,0.21,121,20
2026-06-22 11:59:00,0.264,126,20
2026-06-22 12:05:00,0.232,123,20
2026-06-22 12:11:00,0.355,132,20
2026-06-22 12:17:00,0.2,107,20
2026-06-22 12:23:00,0.129,92,20
2026-06-22 12:29:00,0.254,128,20
2026-06-22 12:35:00,0.299,128,20
2026-06-22 12:41:00,0.283,126,20
2026-06-22 12:47:00,0.283,125,20
2026-06-22 12:53:00,0.354,127,20
2026-06-22 12:59:00,0.39,121,20
2026-06-22 13:05:00,0.35,128,20
2026-06-22 13:11:00,0.281,118,20
2026-06-22 13:17:00,0.315,126,20
2026-06-22 13:23:00,0.339,125,20
2026-06-22 13:29:00,0.36,118,20
2026-06-22 13:35:00,0.356,140,20
2026-06-22 13:41:00,0.286,148,20
2026-06-22 13:47:00,0.516,135,20
2026-06-22 13:53:00,0.407,140,20
2026-06-22 13:59:00,0.434,144,20
2026-06-22 14:05:00,0.379,147,20
2026-06-22 14:11:00,0.484,139,20
2026-06-22 14:17:00,0.476,139,20
2026-06-22 14:23:00,0.444,144,20
2026-06-22 14:29:00,0.498,141,20
2026-06-22 14:35:00,0.571,140,20
2026-06-22 14:41:00,0.595,144,20
2026-06-22 14:47:00,0.644,148,20
2026-06-22 14:53:00,0.636,144,20
2026-06-22 14:59:00,0.768,142,20
2026-06-22 15:05:00,0.475,142,20
2026-06-22 15:11:00,0.601,147,20
2026-06-22 15:17:00,0.574,144,20
2026-06-22 15:23:00,0.497,143,20
2026-06-22 15:29:00,0.513,146,20
2026-06-22 15:35:00,0.518,143,20
2026-06-22 15:41:00,0.505,142,20
2026-06-22 15:47:00,0.535,145,20
2026-06-22 15:53:00,0.514,144,20
2026-06-22 15:59:00,0.478,142,20
2026-06-22 16:05:00,0.451,144,20
2026-06-22 16:11:00,0.407,142,20
2026-06-22 16:17:00,0.316,139,20
2026-06-22 16:23:00,0.467,144,20
2026-06-22 16:29:00,0.328,152,20
2026-06-22 16:35:00,0.425,142,20
2026-06-22 16:41:00,0.421,138,20
2026-06-22 16:47:00,0.256,137,20
2026-06-22 16:53:00,0.333,143,20
2026-06-22 16:59:00,0.372,144,20
2026-06-22 17:05:00,0.269,139,20
2026-06-22 17:11:00,0.254,138,20
2026-06-22 17:17:00,0.252,135,20
2026-06-22 17:23:00,0.153,132,20
2026-06-22 17:29:00,0.176,141,20
2026-06-22 17:35:00,0.241,129,20
2026-06-22 17:41:00,0.176,128,20
2026-06-22 17:47:00,0.205,119,20
2026-06-22 17:53:00,0.27,115,20
2026-06-22 17:59:00,0.148,120,20
2026-06-22 18:05:00,0.114,63,20
2026-06-22 18:11:00,0.131,104,20
2026-06-22 18:17:00,0.173,111,20
2026-06-22 18:23:00,0.144,52,20
2026-06-22 18:29:00,0.084,117,20
2026-06-22 18:35:00,0.055,84,20
2026-06-22 18:41:00,0.092,1,20
2026-06-22 18:47:00,0.142,335,20
2026-06-22 18:53:00,0.08,0,20
2026-06-22 18:59:00,0.1,332,20
2026-06-22 19:05:00,0.132,344,20
2026-06-22 19:11:00,0.121,331,20
2026-06-22 19:17:00,0.303,338,20
2026-06-22 19:23:00,0.292,330,20
2026-06-22 19:29:00,0.234,308,20
2026-06-22 19:35:00,0.163,303,20
2026-06-22 19:41:00,0.247,309,20
2026-06-22 19:47:00,0.301,306,20
2026-06-22 19:53:00,0.333,324,20
2026-06-22 19:59:00,0.348,325,20
2026-06-22 20:05:00,0.421,320,20
2026-06-22 20:11:00,0.377,326,20
2026-06-22 20:17:00,0.41,322,20
2026-06-22 20:23:00,0.397,327,20
2026-06-22 20:29:00,0.452,330,20
2026-06-22 20:35:00,0.531,325,20
2026-06-22 20:41:00,0.487,320,20
2026-06-22 20:47:00,0.506,328,20
2026-06-22 20:53:00,0.544,326,20
2026-06-22 20:59:00,0.597,325,20
2026-06-22 21:05:00,0.507,331,20
2026-06-22 21:11:00,0.568,332,20
2026-06-22 21:17:00,0.325,351,20
2026-06-22 21:23:00,0.25,0,20
2026-06-22 21:29:00,0.298,17,20
2026-06-22 21:35:00,0.234,9,20
2026-06-22 21:41:00,0.343,1,20
2026-06-22 21:47:00,0.354,3,20
2026-06-22 21:53:00,0.272,22,20
2026-06-22 21:59:00,0.305,358,20
2026-06-22 22:05:00,0.273,20,20
2026-06-22 22:11:00,0.347,10,20
2026-06-22 22:17:00,0.244,22,20
2026-06-22 22:23:00,0.348,14,20
2026-06-22 22:29:00,0.347,4,20
2026-06-22 22:35:00,0.355,11,20
2026-06-22 22:41:00,0.402,0,20
2026-06-22 22:47:00,0.471,355,20
2026-06-22 22:53:00,0.315,17,20
2026-06-22 22:59:00,0.284,25,20
2026-06-22 23:05:00,0.339,16,20
2026-06-22 23:11:00,0.313,20,20
2026-06-22 23:17:00,0.315,23,20
2026-06-22 23:23:00,0.37,9,20
2026-06-22 23:29:00,0.304,4,20
2026-06-22 23:35:00,0.312,1,20
2026-06-22 23:41:00,0.256,13,20
2026-06-22 23:47:00,0.198,30,20
2026-06-22 23:53:00,0.216,23,20
2026-06-22 23:59:00,0.201,20,20
2026-06-23 00:05:00,0.148,55,20
2026-06-23 00:11:00,0.222,8,20
2026-06-23 00:17:00,0.165,48,20
2026-06-23 00:23:00,0.105,53,20
2026-06-23 00:29:00,0.201,108,20
2026-06-23 00:35:00,0.242,101,20
2026-06-23 00:41:00,0.238,107,20
2026-06-23 00:47:00,0.349,120,20
2026-06-23 00:53:00,0.355,130,20
2026-06-23 00:59:00,0.363,138,20
2026-06-23 01:05:00,0.369,139,20
2026-06-23 01:11:00,0.415,143,20
2026-06-23 01:17:00,0.482,138,20
2026-06-23 01:23:00,0.429,142,20
2026-06-23 01:29:00,0.487,142,20
2026-06-23 01:35:00,0.441,139,20
2026-06-23 01:41:00,0.429,137,20
2026-06-23 01:47:00,0.408,137,20
2026-06-23 01:53:00,0.399,132,20
2026-06-23 01:59:00,0.416,132,20
2026-06-23 02:05:00,0.436,133,20
2026-06-23 02:11:00,0.569,134,20
2026-06-23 02:17:00,0.517,131,20
2026-06-23 02:23:00,0.558,139,20
2026-06-23 02:29:00,0.593,136,20
2026-06-23 02:35:00,0.649,136,20
2026-06-23 02:41:00,0.71,134,20
2026-06-23 02:47:00,0.591,137,20
2026-06-23 02:53:00,0.656,135,20
2026-06-23 02:59:00,0.748,138,20
2026-06-23 03:05:00,0.715,139,20
2026-06-23 03:11:00,0.781,138,20
2026-06-23 03:17:00,0.778,138,20
2026-06-23 03:23:00,0.801,136,20
2026-06-23 03:29:00,0.808,135,20
2026-06-23 03:35:00,0.809,136,20
2026-06-23 03:41:00,0.797,133,20
2026-06-23 03:47:00,0.771,134,20
2026-06-23 03:53:00,0.73,133,20
2026-06-23 03:59:00,0.726,136,20
2026-06-23 04:05:00,0.752,136,20
2026-06-23 04:11:00,0.748,136,20
2026-06-23 04:17:00,0.761,134,20
2026-06-23 04:23:00,0.779,133,20
2026-06-23 04:29:00,0.761,129,20
2026-06-23 04:35:00,0.787,129,20
2026-06-23 04:41:00,0.78,130,20
2026-06-23 04:47:00,0.741,131,20
2026-06-23 04:53:00,0.663,130,20
2026-06-23 04:59:00,0.81,128,20
2026-06-23 05:05:00,0.878,129,20
2026-06-23 05:11:00,0.878,130,20
2026-06-23 05:17:00,0.929,131,20
2026-06-23 05:23:00,0.927,131,20
2026-06-23 05:29:00,0.852,131,20
2026-06-23 05:35:00,0.835,133,20
2026-06-23 05:41:00,0.764,135,20
2026-06-23 05:47:00,0.773,140,20
2026-06-23 05:53:00,0.78,142,20
2026-06-23 05:59:00,0.953,146,20
2026-06-23 06:05:00,0.978,145,20
2026-06-23 06:11:00,0.854,145,20
2026-06-23 06:17:00,0.802,144,20
2026-06-23 06:23:00,0.766,145,20
2026-06-23 06:29:00,0.801,146,20
2026-06-23 06:35:00,0.859,148,20
2026-06-23 06:41:00,0.865,147,20
2026-06-23 06:47:00,0.799,147,20
2026-06-23 06:53:00,0.722,144,20
2026-06-23 06:59:00,0.651,142,20
2026-06-23 07:05:00,0.656,144,20
2026-06-23 07:11:00,0.533,148,20
2026-06-23 07:17:00,0.594,139,20
2026-06-23 07:23:00,0.589,140,20
2026-06-23 07:29:00,0.442,150,20
2026-06-23 07:35:00,0.144,202,20
2026-06-23 07:41:00,0.535,128,20
2026-06-23 07:47:00,0.369,318,20
2026-06-23 07:53:00,0.435,135,20
2026-06-23 07:59:00,0.482,141,20
2026-06-23 08:05:00,0.445,157,20
2026-06-23 08:11:00,0.574,154,20
2026-06-23 08:17:00,0.456,153,20
2026-06-23 08:23:00,0.586,141,20
2026-06-23 08:29:00,0.558,144,20
2026-06-23 08:35:00,0.48,141,20
2026-06-23 08:41:00,0.49,135,20
2026-06-23 08:47:00,0.461,137,20
2026-06-23 08:53:00,0.353,135,20
2026-06-23 08:59:00,0.456,142,20
2026-06-23 09:05:00,0.355,139,20
2026-06-23 09:11:00,0.327,139,20
2026-06-23 09:17:00,0.383,131,20
2026-06-23 09:23:00,0.319,145,20
2026-06-23 09:29:00,0.238,141,20
2026-06-23 09:35:00,0.35,134,20
2026-06-23 09:41:00,0.368,139,20
2026-06-23 09:47:00,0.218,145,20
2026-06-23 09:53:00,0.221,130,20
2026-06-23 09:59:00,0.183,137,20
2026-06-23 10:05:00,0.224,147,20
2026-06-23 10:11:00,0.181,143,20
2026-06-23 10:17:00,0.102,133,20
2026-06-23 10:23:00,0.095,77,20
2026-06-23 10:29:00,0.076,94,20
2026-06-23 10:35:00,0.07,87,20
2026-06-23 10:41:00,0.008,101,20
2026-06-23 10:47:00,0.078,78,20
2026-06-23 10:53:00,0.096,112,20
2026-06-23 10:59:00,0.103,115,20
2026-06-23 11:05:00,0.139,123,20
2026-06-23 11:11:00,0.109,112,20
2026-06-23 11:17:00,0.137,126,20
2026-06-23 11:23:00,0.148,125,20
2026-06-23 11:29:00,0.143,114,20
2026-06-23 11:35:00,0.138,116,20
2026-06-23 11:41:00,0.254,129,20
2026-06-23 11:47:00,0.21,119,20
2026-06-23 11:53:00,0.254,138,20
2026-06-23 11:59:00,0.292,138,20
2026-06-23 12:05:00,0.299,134,20
2026-06-23 12:11:00,0.338,134,20
2026-06-23 12:17:00,0.336,131,20
2026-06-23 12:23:00,0.334,134,20
2026-06-23 12:29:00,0.267,132,20
2026-06-23 12:35:00,0.269,129,20
2026-06-23 12:41:00,0.263,131,20
2026-06-23 12:47:00,0.369,142,20
2026-06-23 12:53:00,0.324,131,20
2026-06-23 12:59:00,0.382,131,20
2026-06-23 13:05:00,0.392,137,20
2026-06-23 13:11:00,0.45,136,20
2026-06-23 13:17:00,0.48,134,20
2026-06-23 13:23:00,0.483,144,20
2026-06-23 13:29:00,0.592,143,20
2026-06-23 13:35:00,0.629,143,20
2026-06-23 13:41:00,0.701,143,20
2026-06-23 13:47:00,0.79,141,20
2026-06-23 13:53:00,0.846,142,20
2026-06-23 13:59:00,0.75,141,20
2026-06-23 14:05:00,0.911,144,20
2026-06-23 14:11:00,0.81,141,20
2026-06-23 14:17:00,0.908,140,20
2026-06-23 14:23:00,0.882,138,20
2026-06-23 14:29:00,0.858,137,20
2026-06-23 14:35:00,0.884,138,20
2026-06-23 14:41:00,0.955,136,20
2026-06-23 14:47:00,0.898,134,20
2026-06-23 14:53:00,0.852,133,20
2026-06-23 14:59:00,0.982,132,20
2026-06-23 15:05:00,0.88,125,20
2026-06-23 15:11:00,0.938,127,20
2026-06-23 15:17:00,1.036,132,20
2026-06-23 15:23:00,1.102,137,20
2026-06-23 15:29:00,1.134,137,20
2026-06-23 15:35:00,1.227,137,20
2026-06-23 15:41:00,1.258,136,20
2026-06-23 15:47:00,1.316,136,20
2026-06-23 15:53:00,1.383,134,20
2026-06-23 15:59:00,1.464,135,20
2026-06-23 16:05:00,1.471,141,20
2026-06-23 16:11:00,1.471,141,20
2026-06-23 16:17:00,1.171,140,20
2026-06-23 16:23:00,1.093,135,20
2026-06-23 16:29:00,1.177,134,20
2026-06-23 16:35:00,0.983,130,20
2026-06-23 16:41:00,1.101,135,20
2026-06-23 16:47:00,1.147,138,20
2026-06-23 16:53:00,1.054,138,20
2026-06-23 16:59:00,1.123,137,20
2026-06-23 17:05:00,1.23,137,20
2026-06-23 17:11:00,1.131,138,20
2026-06-23 17:17:00,1.148,137,20
2026-06-23 17:23:00,1.127,138,20
2026-06-23 17:29:00,1.015,136,20
2026-06-23 17:35:00,1.093,136,20
2026-06-23 17:41:00,1.109,136,20
2026-06-23 17:47:00,1.054,134,20
2026-06-23 17:53:00,1.17,140,20
2026-06-23 17:59:00,0.909,137,20
2026-06-23 18:05:00,0.989,136,20
2026-06-23 18:11:00,0.98,139,20
2026-06-23 18:17:00,0.919,138,20
2026-06-23 18:23:00,0.853,139,20
2026-06-23 18:29:00,0.826,137,20
2026-06-23 18:35:00,0.849,136,20
2026-06-23 18:41:00,0.801,141,20
2026-06-23 18:47:00,0.745,138,20
2026-06-23 18:53:00,0.73,136,20
2026-06-23 18:59:00,0.631,138,20
2026-06-23 19:05:00,0.539,133,20
2026-06-23 19:11:00,0.614,135,20
2026-06-23 19:17:00,0.495,140,20
2026-06-23 19:23:00,0.521,142,20
2026-06-23 19:29:00,0.394,142,20
2026-06-23 19:35:00,0.342,140,20
2026-06-23 19:41:00,0.269,136,20
2026-06-23 19:47:00,0.328,130,20
2026-06-23 19:53:00,0.306,133,20
2026-06-23 19:59:00,0.31,142,20
2026-06-23 20:05:00,0.442,143,20
2026-06-23 20:11:00,0.36,146,20
2026-06-23 20:17:00,0.301,146,20
2026-06-23 20:23:00,0.247,150,20
2026-06-23 20:29:00,0.225,159,20
2026-06-23 20:35:00,0.135,158,20
2026-06-23 20:41:00,0.048,173,20
2026-06-23 20:47:00,0.083,136,20
2026-06-23 20:53:00,0.086,150,20
2026-06-23 20:59:00,0.037,165,20
2026-06-23 21:11:00,0.07,20,20
2026-06-23 21:17:00,0.199,339,20
2026-06-23 21:23:00,0.27,324,20
2026-06-23 21:29:00,0.342,324,20
2026-06-23 21:35:00,0.332,320,20
2026-06-23 21:41:00,0.312,322,20
2026-06-23 21:47:00,0.419,322,20
2026-06-23 21:53:00,0.373,319,20
2026-06-23 21:59:00,0.476,322,20
2026-06-23 22:05:00,0.569,322,20
2026-06-23 22:11:00,0.567,323,20
2026-06-23 22:17:00,0.577,325,20
2026-06-23 22:23:00,0.539,328,20
2026-06-23 22:29:00,0.601,331,20
2026-06-23 22:35:00,0.636,329,20
2026-06-23 22:41:00,0.554,335,20
2026-06-23 22:47:00,0.474,340,20
2026-06-23 22:53:00,0.419,334,20
2026-06-23 22:59:00,0.414,334,20
2026-06-23 23:05:00,0.423,333,20
2026-06-23 23:11:00,0.473,334,20
2026-06-23 23:17:00,0.395,335,20
2026-06-23 23:23:00,0.552,331,20
2026-06-23 23:29:00,0.435,332,20
2026-06-23 23:35:00,0.452,335,20
2026-06-23 23:41:00,0.403,330,20
2026-06-23 23:47:00,0.458,330,20
2026-06-23 23:53:00,0.422,334,20
2026-06-23 23:59:00,0.397,328,20
2026-06-24 00:05:00,0.285,339,20
2026-06-24 00:11:00,0.432,330,20
2026-06-24 00:17:00,0.286,329,20
2026-06-24 00:23:00,0.326,335,20
2026-06-24 00:29:00,0.367,334,20
2026-06-24 00:35:00,0.367,331,20
2026-06-24 00:41:00,0.34,335,20
2026-06-24 00:47:00,0.409,339,20
2026-06-24 00:53:00,0.268,328,20
2026-06-24 00:59:00,0.362,329,20
2026-06-24 01:05:00,0.281,340,20
2026-06-24 01:11:00,0.258,340,20
2026-06-24 01:17:00,0.286,342,20
2026-06-24 01:23:00,0.222,326,20
2026-06-24 01:29:00,0.218,330,20
2026-06-24 01:35:00,0.095,329,20
2026-06-24 01:41:00,0.073,355,20
2026-06-24 01:47:00,0.083,336,20
2026-06-24 01:53:00,0.031,38,20
2026-06-24 01:59:00,0.08,326,20
2026-06-24 02:05:00,0.115,323,20
2026-06-24 02:11:00,0.103,311,20
2026-06-24 02:17:00,0.043,107,20
2026-06-24 02:23:00,0.026,30,20
2026-06-24 02:29:00,0.056,56,20
2026-06-24 02:35:00,0.1,129,20
2026-06-24 02:41:00,0.069,121,20
2026-06-24 02:47:00,0.113,135,20
2026-06-24 02:53:00,0.109,140,20
2026-06-24 02:59:00,0.119,150,20
2026-06-24 03:05:00,0.245,150,20
2026-06-24 03:11:00,0.159,158,20
2026-06-24 03:17:00,0.19,169,20
2026-06-24 03:23:00,0.1,175,20
2026-06-24 03:35:00,0.113,151,20
2026-06-24 03:41:00,0.108,154,20
2026-06-24 03:47:00,0.154,146,20
2026-06-24 03:53:00,0.182,137,20
2026-06-24 03:59:00,0.178,140,20
2026-06-24 04:05:00,0.199,128,20
2026-06-24 04:11:00,0.231,134,20
2026-06-24 04:17:00,0.176,133,20
2026-06-24 04:23:00,0.247,127,20
2026-06-24 04:29:00,0.263,125,20
2026-06-24 04:35:00,0.314,117,20
2026-06-24 04:41:00,0.352,125,20
2026-06-24 04:47:00,0.366,129,20
2026-06-24 04:53:00,0.4,129,20
2026-06-24 04:59:00,0.437,130,20
2026-06-24 05:05:00,0.482,134,20
2026-06-24 05:11:00,0.537,135,20
2026-06-24 05:17:00,0.473,135,20
2026-06-24 05:23:00,0.546,133,20
2026-06-24 05:29:00,0.485,131,20
2026-06-24 05:35:00,0.565,134,20
2026-06-24 05:41:00,0.52,135,20
2026-06-24 05:47:00,0.656,141,20
2026-06-24 05:53:00,0.565,140,20
2026-06-24 05:59:00,0.694,146,20
2026-06-24 06:05:00,0.653,147,20
2026-06-24 06:11:00,0.792,153,20
2026-06-24 06:17:00,0.546,145,20
2026-06-24 06:23:00,0.59,149,20
2026-06-24 06:29:00,0.455,147,20
2026-06-24 06:35:00,0.476,146,20
2026-06-24 06:41:00,0.4,141,20
2026-06-24 06:47:00,0.309,130,20
2026-06-24 06:53:00,0.43,138,20
2026-06-24 06:59:00,0.492,142,20
2026-06-24 07:05:00,0.42,135,20
2026-06-24 07:11:00,0.141,75,20
2026-06-24 07:17:00,0.183,56,20
2026-06-24 07:23:00,0.11,86,20
2026-06-24 07:29:00,0.304,127,20
2026-06-24 07:35:00,0.345,131,20
2026-06-24 07:41:00,0.408,137,20
2026-06-24 07:47:00,0.298,148,20
2026-06-24 07:53:00,0.303,140,20
2026-06-24 07:59:00,0.144,313,20
2026-06-24 08:05:00,0.226,38,20
2026-06-24 08:11:00,0.139,49,20
2026-06-24 08:17:00,0.19,265,20
2026-06-24 08:23:00,0.19,309,20
2026-06-24 08:29:00,0.242,317,20
2026-06-24 08:35:00,0.376,296,20
2026-06-24 08:41:00,0.197,286,20
2026-06-24 08:47:00,0.064,182,20
2026-06-24 08:53:00,0.363,321,20
2026-06-24 08:59:00,0.354,304,20
2026-06-24 09:05:00,0.353,299,20
2026-06-24 09:11:00,0.379,300,20
2026-06-24 09:17:00,0.292,290,20
2026-06-24 09:23:00,0.243,293,20
2026-06-24 09:29:00,0.172,301,20
2026-06-24 09:35:00,0.02,163,20
2026-06-24 09:41:00,0.163,301,20
2026-06-24 09:47:00,0.395,335,20
2026-06-24 09:53:00,0.417,338,20
2026-06-24 09:59:00,0.342,339,20
2026-06-24 10:05:00,0.321,338,20
2026-06-24 10:11:00,0.304,333,20
2026-06-24 10:17:00,0.28,336,20
2026-06-24 10:23:00,0.266,335,20
2026-06-24 10:29:00,0.271,334,20
2026-06-24 10:35:00,0.349,338,20
2026-06-24 10:41:00,0.322,335,20
2026-06-24 10:47:00,0.277,335,20
2026-06-24 10:53:00,0.368,335,20
2026-06-24 10:59:00,0.359,336,20
2026-06-24 11:05:00,0.408,332,20
2026-06-24 11:11:00,0.313,338,20
2026-06-24 11:17:00,0.382,335,20
2026-06-24 11:23:00,0.417,344,20
2026-06-24 11:29:00,0.338,338,20
2026-06-24 11:35:00,0.401,345,20
2026-06-24 11:41:00,0.408,336,20
2026-06-24 11:47:00,0.419,340,20
2026-06-24 11:53:00,0.333,341,20
2026-06-24 11:59:00,0.385,337,20
2026-06-24 12:05:00,0.296,338,20
2026-06-24 12:11:00,0.346,337,20
2026-06-24 12:17:00,0.303,351,20
2026-06-24 12:23:00,0.304,341,20
2026-06-24 12:29:00,0.173,4,20
2026-06-24 12:35:00,0.335,336,20
2026-06-24 12:41:00,0.24,352,20
2026-06-24 12:47:00,0.317,345,20
2026-06-24 12:53:00,0.192,352,20
2026-06-24 12:59:00,0.22,358,20
2026-06-24 13:05:00,0.204,10,20
2026-06-24 13:11:00,0.141,24,20
2026-06-24 13:17:00,0.122,13,20
2026-06-24 13:23:00,0.093,342,20
2026-06-24 13:29:00,0.201,86,20
2026-06-24 13:35:00,0.125,27,20
2026-06-24 13:41:00,0.165,9,20
2026-06-24 13:53:00,0.112,357,20
2026-06-24 13:59:00,0.135,46,20
2026-06-24 14:05:00,0.128,54,20
2026-06-24 14:11:00,0.165,105,20
2026-06-24 14:17:00,0.076,62,20
2026-06-24 14:23:00,0.132,133,20
2026-06-24 14:29:00,0.062,85,20
2026-06-24 14:35:00,0.105,62,20
2026-06-24 14:41:00,0.029,85,20
2026-06-24 14:47:00,0.136,108,20
2026-06-24 14:53:00,0.21,106,20
2026-06-24 14:59:00,0.179,103,20
2026-06-24 15:05:00,0.111,56,20
2026-06-24 15:11:00,0.131,104,20
2026-06-24 15:17:00,0.127,136,20
2026-06-24 15:23:00,0.066,131,20
2026-06-24 15:29:00,0.108,121,20
2026-06-24 15:35:00,0.068,93,20
2026-06-24 15:41:00,0.094,126,20
2026-06-24 15:47:00,0.122,129,20
2026-06-24 15:53:00,0.176,124,20
2026-06-24 15:59:00,0.236,129,20
2026-06-24 16:05:00,0.134,125,20
2026-06-24 16:11:00,0.145,120,20
2026-06-24 16:17:00,0.207,137,20
2026-06-24 16:23:00,0.098,115,20
2026-06-24 16:29:00,0.266,145,20
2026-06-24 16:35:00,0.312,151,20
2026-06-24 16:41:00,0.424,141,20
2026-06-24 16:47:00,0.512,137,20
2026-06-24 16:53:00,0.374,129,20
2026-06-24 16:59:00,0.343,137,20
2026-06-24 17:05:00,0.429,140,20
2026-06-24 17:11:00,0.491,138,20
2026-06-24 17:17:00,0.46,135,20
2026-06-24 17:23:00,0.374,143,20
2026-06-24 17:29:00,0.356,133,20
2026-06-24 17:35:00,0.315,138,20
2026-06-24 17:41:00,0.308,141,20
2026-06-24 17:47:00,0.248,131,20
2026-06-24 17:53:00,0.285,141,20
2026-06-24 17:59:00,0.285,128,20
2026-06-24 18:05:00,0.308,130,20
2026-06-24 18:11:00,0.267,127,20
2026-06-24 18:17:00,0.279,127,20
2026-06-24 18:23:00,0.327,125,20
2026-06-24 18:29:00,0.389,141,20
2026-06-24 18:35:00,0.317,135,20
2026-06-24 18:41:00,0.265,125,20
2026-06-24 18:47:00,0.331,137,20
2026-06-24 18:53:00,0.345,136,20
2026-06-24 18:59:00,0.295,132,20
2026-06-24 19:05:00,0.209,130,20
2026-06-24 19:11:00,0.18,140,20
2026-06-24 19:17:00,0.204,145,20
2026-06-24 19:23:00,0.105,131,20
2026-06-24 19:29:00,0.147,139,20
2026-06-24 19:35:00,0.126,145,20
2026-06-24 19:41:00,0.102,16,20
2026-06-24 19:47:00,0.063,106,20
2026-06-24 19:53:00,0.048,13,20
2026-06-24 19:59:00,0.089,350,20
2026-06-24 20:05:00,0.169,330,20
2026-06-24 20:11:00,0.214,331,20
2026-06-24 20:17:00,0.218,327,20
2026-06-24 20:23:00,0.207,322,20
2026-06-24 20:29:00,0.414,336,20
2026-06-24 20:35:00,0.334,333,20
2026-06-24 20:41:00,0.344,324,20
2026-06-24 20:47:00,0.414,324,20
2026-06-24 20:53:00,0.331,334,20
2026-06-24 20:59:00,0.399,329,20
2026-06-24 21:05:00,0.523,324,20
2026-06-24 21:11:00,0.629,319,20
2026-06-24 21:17:00,0.509,318,20
2026-06-24 21:23:00,0.535,325,20
2026-06-24 21:29:00,0.429,331,20
2026-06-24 21:35:00,0.408,326,20
2026-06-24 21:41:00,0.467,328,20
2026-06-24 21:47:00,0.462,320,20
2026-06-24 21:53:00,0.436,313,20
2026-06-24 21:59:00,0.759,323,20
2026-06-24 22:05:00,0.65,328,20
2026-06-24 22:11:00,0.682,332,20
2026-06-24 22:17:00,0.821,332,20
2026-06-24 22:23:00,0.789,335,20
2026-06-24 22:29:00,0.876,333,20
2026-06-24 22:35:00,0.969,329,20
2026-06-24 22:41:00,0.933,326,20
2026-06-24 22:47:00,0.84,327,20
2026-06-24 22:53:00,1.021,325,20
2026-06-24 22:59:00,0.993,323,20
2026-06-24 23:05:00,0.879,324,20
2026-06-24 23:11:00,0.941,322,20
2026-06-24 23:17:00,0.899,322,20
2026-06-24 23:23:00,0.946,320,20
2026-06-24 23:29:00,0.972,330,20
2026-06-24 23:35:00,1.054,328,20
2026-06-24 23:41:00,0.901,329,20
2026-06-24 23:47:00,0.856,333,20
2026-06-24 23:53:00,0.771,331,20
2026-06-24 23:59:00,0.679,337,20
2026-06-25 00:05:00,0.613,341,20
2026-06-25 00:11:00,0.6,343,20
2026-06-25 00:17:00,0.636,340,20
2026-06-25 00:23:00,0.622,338,20
2026-06-25 00:29:00,0.653,343,20
2026-06-25 00:35:00,0.537,339,20
2026-06-25 00:41:00,0.536,338,20
2026-06-25 00:47:00,0.481,340,20
2026-06-25 00:53:00,0.339,346,20
2026-06-25 00:59:00,0.351,348,20
2026-06-25 01:05:00,0.352,347,20
2026-06-25 01:11:00,0.286,349,20
2026-06-25 01:17:00,0.351,355,20
2026-06-25 01:23:00,0.293,358,20
2026-06-25 01:29:00,0.267,3,20
2026-06-25 01:35:00,0.302,4,20
2026-06-25 01:41:00,0.252,10,20
2026-06-25 01:47:00,0.279,12,20
2026-06-25 01:53:00,0.296,15,20
2026-06-25 01:59:00,0.235,33,20
2026-06-25 02:05:00,0.184,22,20
2026-06-25 02:11:00,0.233,25,20
2026-06-25 02:17:00,0.171,39,20
2026-06-25 02:23:00,0.193,62,20
2026-06-25 02:29:00,0.193,48,20
2026-06-25 02:35:00,0.208,49,20
2026-06-25 02:41:00,0.228,74,20
2026-06-25 02:47:00,0.228,79,20
2026-06-25 02:53:00,0.239,81,20
2026-06-25 02:59:00,0.284,92,20
2026-06-25 03:05:00,0.205,87,20
2026-06-25 03:11:00,0.296,103,20
2026-06-25 03:17:00,0.339,120,20
2026-06-25 03:23:00,0.345,120,20
2026-06-25 03:29:00,0.386,123,20
2026-06-25 03:35:00,0.327,115,20
2026-06-25 03:41:00,0.354,124,20
2026-06-25 03:47:00,0.396,133,20
2026-06-25 03:53:00,0.468,136,20
2026-06-25 03:59:00,0.36,129,20
2026-06-25 04:05:00,0.313,117,20
2026-06-25 04:11:00,0.369,117,20
2026-06-25 04:17:00,0.398,122,20
2026-06-25 04:23:00,0.418,123,20
2026-06-25 04:29:00,0.408,129,20
2026-06-25 04:35:00,0.456,129,20
2026-06-25 04:41:00,0.679,144,20
2026-06-25 04:47:00,0.688,141,20
2026-06-25 04:53:00,0.704,145,20
2026-06-25 04:59:00,0.646,149,20
2026-06-25 05:05:00,0.617,148,20
2026-06-25 05:11:00,0.667,147,20
2026-06-25 05:17:00,0.599,145,20
2026-06-25 05:23:00,0.528,137,20
2026-06-25 05:29:00,0.563,130,20
2026-06-25 05:35:00,0.49,131,20
2026-06-25 05:41:00,0.642,132,20
2026-06-25 05:47:00,0.543,124,20
2026-06-25 05:53:00,0.436,119,20
2026-06-25 05:59:00,0.431,118,20
2026-06-25 06:05:00,0.537,125,20
2026-06-25 06:11:00,0.821,142,20
2026-06-25 06:17:00,0.805,142,20
2026-06-25 06:23:00,0.728,141,20
2026-06-25 06:29:00,0.712,148,20
2026-06-25 06:35:00,0.783,146,20
2026-06-25 06:41:00,0.668,152,20
2026-06-25 06:47:00,0.486,165,20
2026-06-25 06:53:00,0.484,160,20
2026-06-25 06:59:00,0.415,172,20
2026-06-25 07:05:00,0.399,165,20
2026-06-25 07:11:00,0.539,141,20
2026-06-25 07:17:00,0.49,152,20
2026-06-25 07:23:00,0.327,173,20
2026-06-25 07:29:00,0.352,166,20
2026-06-25 07:35:00,0.371,156,20
2026-06-25 07:41:00,0.428,146,20
2026-06-25 07:47:00,0.507,142,20
2026-06-25 07:53:00,0.45,143,20
2026-06-25 07:59:00,0.428,144,20
2026-06-25 08:05:00,0.397,148,20
2026-06-25 08:11:00,0.35,145,20
2026-06-25 08:17:00,0.34,146,20
2026-06-25 08:23:00,0.352,144,20
2026-06-25 08:29:00,0.398,147,20
2026-06-25 08:35:00,0.294,145,20
2026-06-25 08:41:00,0.196,148,20
2026-06-25 08:47:00,0.206,139,20
2026-06-25 08:53:00,0.206,138,20
2026-06-25 08:59:00,0.189,132,20
2026-06-25 09:05:00,0.158,136,20
2026-06-25 09:11:00,0.212,130,20
2026-06-25 09:17:00,0.033,208,20
2026-06-25 09:23:00,0.073,114,20
2026-06-25 09:29:00,0.109,124,20
2026-06-25 09:35:00,0.122,146,20
2026-06-25 09:41:00,0.014,23,20
2026-06-25 09:47:00,0.033,344,20
2026-06-25 09:53:00,0.091,325,20
2026-06-25 09:59:00,0.127,348,20
2026-06-25 10:05:00,0.152,351,20
2026-06-25 10:11:00,0.141,347,20
2026-06-25 10:17:00,0.152,353,20
2026-06-25 10:23:00,0.17,5,20
2026-06-25 10:29:00,0.216,357,20
2026-06-25 10:35:00,0.195,355,20
2026-06-25 10:41:00,0.272,348,20
2026-06-25 10:47:00,0.252,342,20
2026-06-25 10:53:00,0.299,336,20
2026-06-25 10:59:00,0.173,291,20
2026-06-25 11:05:00,0.199,337,20
2026-06-25 11:11:00,0.184,351,20
2026-06-25 11:17:00,0.417,329,20
2026-06-25 11:23:00,0.23,337,20
2026-06-25 11:29:00,0.263,328,20
2026-06-25 11:35:00,0.29,333,20
2026-06-25 11:41:00,0.206,329,20
2026-06-25 11:47:00,0.222,342,20
2026-06-25 11:53:00,0.248,331,20
2026-06-25 11:59:00,0.233,324,20
2026-06-25 12:05:00,0.148,342,20
2026-06-25 12:11:00,0.303,332,20
2026-06-25 12:17:00,0.074,326,20
2026-06-25 12:23:00,0.183,339,20
2026-06-25 12:29:00,0.201,339,20
2026-06-25 12:35:00,0.12,359,20
2026-06-25 12:41:00,0.196,333,20
2026-06-25 12:47:00,0.149,350,20
2026-06-25 12:53:00,0.098,0,20
2026-06-25 12:59:00,0.204,347,20
2026-06-25 13:05:00,0.093,346,20
2026-06-25 13:11:00,0.099,7,20
2026-06-25 13:17:00,0.095,82,20
2026-06-25 13:23:00,0.099,357,20
2026-06-25 13:29:00,0.152,337,20
2026-06-25 13:35:00,0.121,352,20
2026-06-25 13:41:00,0.05,26,20
2026-06-25 13:47:00,0.077,36,20
2026-06-25 13:53:00,0.127,342,20
2026-06-25 13:59:00,0.113,311,20
2026-06-25 14:11:00,0.014,23,20
2026-06-25 14:17:00,0.127,99,20
2026-06-25 14:23:00,0.091,107,20
2026-06-25 14:29:00,0.089,110,20
2026-06-25 14:35:00,0.121,141,20
2026-06-25 14:41:00,0.141,134,20
2026-06-25 14:47:00,0.067,136,20
2026-06-25 14:53:00,0.105,131,20
2026-06-25 14:59:00,0.317,171,20
2026-06-25 15:05:00,0.14,145,20
2026-06-25 15:11:00,0.231,126,20
2026-06-25 15:23:00,0.204,139,20
2026-06-25 15:29:00,0.44,134,20
2026-06-25 15:35:00,0.154,133,20
2026-06-25 15:41:00,0.455,131,20
2026-06-25 15:47:00,0.456,127,20
2026-06-25 15:53:00,0.166,137,20
2026-06-25 15:59:00,0.327,148,20
2026-06-25 16:05:00,0.353,142,20
2026-06-25 16:11:00,0.452,142,20
2026-06-25 16:17:00,0.404,146,20
2026-06-25 16:23:00,0.389,152,20
2026-06-25 16:29:00,0.395,144,20
2026-06-25 16:35:00,0.442,131,20
2026-06-25 16:41:00,0.438,141,20
2026-06-25 16:47:00,0.525,142,20
2026-06-25 16:53:00,0.592,141,20
2026-06-25 16:59:00,0.507,141,20
2026-06-25 17:05:00,0.476,147,20
2026-06-25 17:11:00,0.545,140,20
2026-06-25 17:17:00,0.701,141,20
2026-06-25 17:23:00,0.575,150,20
2026-06-25 17:29:00,0.516,143,20
2026-06-25 17:35:00,0.55,145,20
2026-06-25 17:41:00,0.484,149,20
2026-06-25 17:47:00,0.56,145,20
2026-06-25 17:53:00,0.599,145,20
2026-06-25 17:59:00,0.496,150,20
2026-06-25 18:05:00,0.57,145,20
2026-06-25 18:11:00,0.562,145,20
2026-06-25 18:17:00,0.562,144,20
2026-06-25 18:23:00,0.534,143,20
2026-06-25 18:29:00,0.449,152,20
2026-06-25 18:35:00,0.476,151,20
2026-06-25 18:41:00,0.537,147,20
2026-06-25 18:47:00,0.447,149,20
2026-06-25 18:53:00,0.445,141,20
2026-06-25 18:59:00,0.493,142,20
2026-06-25 19:05:00,0.46,142,20
2026-06-25 19:11:00,0.484,139,20
2026-06-25 19:17:00,0.47,141,20
2026-06-25 19:23:00,0.487,143,20
2026-06-25 19:29:00,0.389,138,20
2026-06-25 19:35:00,0.329,140,20
2026-06-25 19:41:00,0.211,131,20
2026-06-25 19:47:00,0.364,122,20
2026-06-25 19:53:00,0.313,126,20
2026-06-25 19:59:00,0.241,129,20
2026-06-25 20:05:00,0.122,74,20
2026-06-25 20:11:00,0.107,92,20
2026-06-25 20:17:00,0.096,94,20
2026-06-25 20:23:00,0.045,51,20
2026-06-25 20:29:00,0.049,0,20
2026-06-25 20:35:00,0.045,326,20
2026-06-25 20:41:00,0.148,331,20
2026-06-25 20:47:00,0.292,328,20
2026-06-25 20:53:00,0.282,329,20
2026-06-25 20:59:00,0.111,308,20
2026-06-25 21:05:00,0.208,324,20
2026-06-25 21:11:00,0.247,326,20
2026-06-25 21:17:00,0.393,328,20
2026-06-25 21:23:00,0.306,322,20
2026-06-25 21:29:00,0.391,328,20
2026-06-25 21:35:00,0.349,339,20
2026-06-25 21:41:00,0.438,330,20
2026-06-25 21:47:00,0.347,322,20
2026-06-25 21:53:00,0.327,315,20
2026-06-25 21:59:00,0.373,325,20
2026-06-25 22:05:00,0.474,331,20
2026-06-25 22:11:00,0.534,334,20
2026-06-25 22:17:00,0.706,329,20
2026-06-25 22:23:00,0.758,328,20
2026-06-25 22:29:00,0.754,325,20
2026-06-25 22:35:00,0.717,320,20
2026-06-25 22:41:00,0.807,321,20
2026-06-25 22:47:00,0.802,321,20
2026-06-25 22:53:00,0.834,327,20
2026-06-25 22:59:00,0.741,329,20
2026-06-25 23:05:00,0.781,330,20
2026-06-25 23:11:00,0.856,334,20
2026-06-25 23:17:00,0.875,337,20
2026-06-25 23:23:00,1.01,336,20
2026-06-25 23:29:00,1.036,335,20
2026-06-25 23:35:00,0.939,336,20
2026-06-25 23:41:00,1.036,337,20
2026-06-25 23:47:00,1.053,337,20
2026-06-25 23:53:00,1.054,336,20
2026-06-25 23:59:00,1.024,339,20
2026-06-26 00:05:00,1.019,337,20
2026-06-26 00:11:00,1.009,335,20
2026-06-26 00:17:00,0.942,341,20
2026-06-26 00:23:00,0.886,341,20
2026-06-26 00:29:00,0.811,344,20
2026-06-26 00:35:00,0.781,340,20
2026-06-26 00:41:00,0.688,345,20
2026-06-26 00:47:00,0.61,346,20
2026-06-26 00:53:00,0.529,346,20
2026-06-26 00:59:00,0.454,345,20
2026-06-26 01:05:00,0.372,349,20
2026-06-26 01:11:00,0.401,346,20
2026-06-26 01:17:00,0.42,348,20
2026-06-26 01:23:00,0.379,347,20
2026-06-26 01:29:00,0.252,345,20
2026-06-26 01:35:00,0.252,352,20
2026-06-26 01:41:00,0.248,353,20
2026-06-26 01:47:00,0.242,357,20
2026-06-26 01:53:00,0.323,356,20
2026-06-26 01:59:00,0.249,356,20
2026-06-26 02:05:00,0.273,352,20
2026-06-26 02:11:00,0.238,349,20
2026-06-26 02:17:00,0.12,353,20
2026-06-26 02:23:00,0.031,326,20
2026-06-26 02:29:00,0.02,62,20
2026-06-26 02:35:00,0.024,28,20
2026-06-26 02:41:00,0.018,44,20
2026-06-26 02:47:00,0.048,30,20
2026-06-26 02:53:00,0.065,34,20
2026-06-26 02:59:00,0.049,73,20
2026-06-26 03:05:00,0.047,59,20
2026-06-26 03:11:00,0.082,54,20
2026-06-26 03:17:00,0.099,72,20
2026-06-26 03:23:00,0.112,75,20
2026-06-26 03:29:00,0.23,118,20
2026-06-26 03:35:00,0.29,128,20
2026-06-26 03:41:00,0.338,129,20
2026-06-26 03:47:00,0.323,129,20
2026-06-26 03:53:00,0.328,134,20
2026-06-26 03:59:00,0.38,131,20
2026-06-26 04:05:00,0.277,131,20
2026-06-26 04:11:00,0.316,126,20
2026-06-26 04:17:00,0.349,131,20
2026-06-26 04:23:00,0.334,133,20
2026-06-26 04:29:00,0.308,131,20
2026-06-26 04:35:00,0.24,133,20
2026-06-26 04:41:00,0.284,144,20
2026-06-26 04:47:00,0.339,143,20
2026-06-26 04:53:00,0.384,143,20
2026-06-26 04:59:00,0.488,144,20
2026-06-26 05:05:00,0.492,148,20
2026-06-26 05:11:00,0.525,146,20
2026-06-26 05:17:00,0.415,139,20
2026-06-26 05:23:00,0.44,139,20
2026-06-26 05:29:00,0.39,142,20
2026-06-26 05:35:00,0.393,136,20
2026-06-26 05:41:00,0.47,141,20
2026-06-26 05:47:00,0.562,146,20
2026-06-26 05:53:00,0.566,145,20
2026-06-26 05:59:00,0.892,146,20
2026-06-26 06:05:00,0.756,145,20
2026-06-26 06:11:00,0.768,145,20
2026-06-26 06:17:00,0.665,139,20
2026-06-26 06:23:00,0.77,132,20
2026-06-26 06:29:00,0.581,118,20
2026-06-26 06:35:00,0.503,128,20
2026-06-26 06:41:00,0.63,139,20
2026-06-26 06:47:00,0.642,134,20
2026-06-26 06:53:00,0.591,137,20
2026-06-26 06:59:00,0.785,138,20
2026-06-26 07:05:00,0.855,139,20
2026-06-26 07:11:00,0.775,140,20
2026-06-26 07:17:00,0.708,144,20
2026-06-26 07:23:00,0.854,138,20
2026-06-26 07:29:00,0.778,133,20
2026-06-26 07:35:00,0.663,140,20
2026-06-26 07:41:00,0.769,137,20
2026-06-26 07:47:00,0.516,127,20
2026-06-26 07:53:00,0.518,119,20
2026-06-26 07:59:00,0.509,120,20
2026-06-26 08:05:00,0.508,121,20
2026-06-26 08:11:00,0.566,130,20
2026-06-26 08:17:00,0.559,122,20
2026-06-26 08:23:00,0.588,129,20
2026-06-26 08:29:00,0.629,136,20
2026-06-26 08:35:00,0.724,132,20
2026-06-26 08:41:00,0.831,130,20
2026-06-26 08:47:00,0.817,129,20
2026-06-26 08:53:00,0.795,127,20
2026-06-26 08:59:00,0.795,131,20
2026-06-26 09:05:00,0.854,136,20
2026-06-26 09:11:00,0.854,137,20
2026-06-26 09:17:00,0.805,138,20
2026-06-26 09:23:00,0.863,140,20
2026-06-26 09:29:00,0.874,140,20
2026-06-26 09:35:00,0.8,143,20
2026-06-26 09:41:00,0.826,141,20
2026-06-26 09:47:00,0.818,143,20
2026-06-26 09:53:00,0.702,145,20
2026-06-26 09:59:00,0.624,145,20
2026-06-26 10:05:00,0.656,144,20
2026-06-26 10:11:00,0.605,147,20
2026-06-26 10:17:00,0.597,144,20
2026-06-26 10:23:00,0.583,147,20
2026-06-26 10:29:00,0.486,147,20
2026-06-26 10:35:00,0.469,145,20
2026-06-26 10:41:00,0.38,143,20
2026-06-26 10:47:00,0.393,144,20
2026-06-26 10:53:00,0.326,142,20
2026-06-26 10:59:00,0.286,143,20
2026-06-26 11:05:00,0.276,140,20
2026-06-26 11:11:00,0.25,137,20
2026-06-26 11:17:00,0.196,136,20
2026-06-26 11:23:00,0.22,137,20
2026-06-26 11:29:00,0.181,146,20
2026-06-26 11:35:00,0.162,137,20
2026-06-26 11:41:00,0.208,144,20
2026-06-26 11:47:00,0.534,128,20
2026-06-26 11:53:00,0.21,135,20
2026-06-26 11:59:00,0.164,128,20
2026-06-26 12:05:00,0.181,126,20
2026-06-26 12:11:00,0.179,127,20
2026-06-26 12:17:00,0.155,120,20
2026-06-26 12:23:00,0.184,129,20
2026-06-26 12:29:00,0.12,124,20
2026-06-26 12:35:00,0.159,120,20
2026-06-26 12:41:00,0.176,132,20
2026-06-26 12:47:00,0.191,130,20
2026-06-26 12:53:00,0.173,135,20
2026-06-26 12:59:00,0.189,132,20
2026-06-26 13:05:00,0.236,135,20
2026-06-26 13:11:00,0.28,130,20
2026-06-26 13:17:00,0.247,136,20
2026-06-26 13:23:00,0.198,133,20
2026-06-26 13:29:00,0.161,121,20
2026-06-26 13:35:00,0.144,127,20
2026-06-26 13:41:00,0.155,134,20
2026-06-26 13:47:00,0.185,137,20
2026-06-26 13:53:00,0.224,131,20
2026-06-26 13:59:00,0.205,140,20
2026-06-26 14:05:00,0.228,124,20
2026-06-26 14:11:00,0.217,121,20
2026-06-26 14:17:00,0.164,118,20
2026-06-26 14:23:00,0.245,119,20
2026-06-26 14:29:00,0.321,128,20
2026-06-26 14:35:00,0.122,108,20
2026-06-26 14:41:00,0.186,82,20
2026-06-26 14:47:00,0.156,82,20
2026-06-26 14:53:00,0.207,128,20
2026-06-26 14:59:00,0.103,130,20
2026-06-26 15:05:00,0.129,101,20
2026-06-26 15:11:00,0.191,117,20
2026-06-26 15:17:00,0.338,124,20
2026-06-26 15:23:00,0.178,123,20
2026-06-26 15:29:00,0.185,143,20
2026-06-26 15:35:00,0.267,135,20
2026-06-26 15:41:00,0.308,137,20
2026-06-26 15:47:00,0.305,145,20
2026-06-26 15:53:00,0.254,135,20
2026-06-26 15:59:00,0.32,136,20
2026-06-26 16:05:00,0.432,137,20
2026-06-26 16:11:00,0.278,131,20
2026-06-26 16:17:00,0.34,136,20
2026-06-26 16:23:00,0.37,139,20
2026-06-26 16:29:00,0.286,146,20
2026-06-26 16:35:00,0.527,147,20
2026-06-26 16:41:00,0.482,139,20
2026-06-26 16:47:00,0.466,139,20
2026-06-26 16:53:00,0.488,135,20
2026-06-26 16:59:00,0.399,136,20
2026-06-26 17:05:00,0.422,141,20
2026-06-26 17:11:00,0.478,138,20
2026-06-26 17:17:00,0.457,137,20
2026-06-26 17:23:00,0.503,139,20
2026-06-26 17:29:00,0.522,136,20
2026-06-26 17:35:00,0.652,135,20
2026-06-26 17:41:00,0.568,138,20
2026-06-26 17:47:00,0.526,140,20
2026-06-26 17:53:00,0.579,138,20
2026-06-26 17:59:00,0.63,137,20
2026-06-26 18:05:00,0.595,135,20
2026-06-26 18:11:00,0.662,141,20
2026-06-26 18:17:00,0.639,139,20
2026-06-26 18:23:00,0.715,142,20
2026-06-26 18:29:00,0.611,138,20
2026-06-26 18:35:00,0.661,140,20
2026-06-26 18:41:00,0.66,140,20
2026-06-26 18:47:00,0.546,136,20
2026-06-26 18:53:00,0.599,136,20
2026-06-26 18:59:00,0.728,137,20
2026-06-26 19:05:00,0.75,136,20
2026-06-26 19:11:00,0.665,136,20
2026-06-26 19:17:00,0.615,138,20
2026-06-26 19:23:00,0.609,141,20
2026-06-26 19:29:00,0.444,142,20
2026-06-26 19:35:00,0.601,138,20
2026-06-26 19:41:00,0.582,136,20
2026-06-26 19:47:00,0.547,138,20
2026-06-26 19:53:00,0.572,135,20
2026-06-26 19:59:00,0.53,139,20
2026-06-26 20:05:00,0.533,141,20
2026-06-26 20:11:00,0.375,130,20
2026-06-26 20:17:00,0.473,135,20
2026-06-26 20:23:00,0.302,134,20
2026-06-26 20:29:00,0.241,147,20
2026-06-26 20:35:00,0.287,151,20
2026-06-26 20:41:00,0.268,144,20
2026-06-26 20:47:00,0.266,147,20
2026-06-26 20:53:00,0.187,147,20
2026-06-26 20:59:00,0.146,144,20
2026-06-26 21:05:00,0.1,159,20
2026-06-26 21:11:00,0.132,149,20
2026-06-26 21:17:00,0.043,141,20
2026-06-26 21:23:00,0.021,8,20
2026-06-26 21:29:00,0.048,13,20
2026-06-26 21:35:00,0.028,293,20
2026-06-26 21:41:00,0.126,324,20
2026-06-26 21:47:00,0.222,325,20
2026-06-26 21:53:00,0.323,334,20
2026-06-26 21:59:00,0.266,325,20
2026-06-26 22:05:00,0.345,319,20
2026-06-26 22:11:00,0.261,316,20
2026-06-26 22:17:00,0.336,327,20
2026-06-26 22:23:00,0.49,324,20
2026-06-26 22:29:00,0.451,327,20
2026-06-26 22:35:00,0.671,329,20
2026-06-26 22:41:00,0.744,330,20
2026-06-26 22:47:00,0.657,327,20
2026-06-26 22:53:00,0.708,326,20
2026-06-26 22:59:00,0.667,322,20
2026-06-26 23:05:00,0.69,326,20
2026-06-26 23:11:00,0.735,326,20
2026-06-26 23:17:00,0.762,330,20
2026-06-26 23:23:00,0.929,328,20
2026-06-26 23:29:00,0.872,322,20
2026-06-26 23:35:00,0.702,320,20
2026-06-26 23:41:00,0.791,321,20
2026-06-26 23:47:00,0.869,325,20
2026-06-26 23:53:00,0.818,327,20
2026-06-26 23:59:00,0.783,327,20
2026-06-27 00:05:00,0.813,336,20
2026-06-27 00:11:00,0.743,335,20
2026-06-27 00:17:00,0.68,338,20
2026-06-27 00:23:00,0.721,339,20
2026-06-27 00:29:00,0.876,336,20
2026-06-27 00:35:00,0.877,337,20
2026-06-27 00:41:00,1.022,337,20
2026-06-27 00:47:00,1.032,330,20
2026-06-27 00:53:00,0.987,330,20
2026-06-27 00:59:00,1.049,329,20
2026-06-27 01:05:00,0.956,330,20
2026-06-27 01:11:00,0.983,329,20
2026-06-27 01:17:00,0.938,328,20
2026-06-27 01:23:00,0.941,325,20
2026-06-27 01:29:00,0.912,325,20
2026-06-27 01:35:00,0.896,325,20
2026-06-27 01:41:00,0.922,322,20
2026-06-27 01:47:00,0.947,325,20
2026-06-27 01:53:00,0.976,326,20
2026-06-27 01:59:00,0.937,330,20
2026-06-27 02:05:00,0.988,332,20
2026-06-27 02:11:00,0.911,334,20
2026-06-27 02:17:00,0.914,333,20
2026-06-27 02:23:00,0.816,333,20
2026-06-27 02:29:00,0.83,333,20
2026-06-27 02:35:00,0.634,334,20
2026-06-27 02:41:00,0.513,341,20
2026-06-27 02:47:00,0.527,334,20
2026-06-27 02:53:00,0.454,343,20
2026-06-27 02:59:00,0.29,355,20
2026-06-27 03:05:00,0.224,13,20
2026-06-27 03:11:00,0.135,21,20
2026-06-27 03:17:00,0.207,15,20
2026-06-27 03:23:00,0.171,35,20
2026-06-27 03:29:00,0.167,64,20
2026-06-27 03:35:00,0.134,89,20
2026-06-27 03:41:00,0.126,91,20
2026-06-27 03:47:00,0.123,72,20
2026-06-27 03:53:00,0.165,99,20
2026-06-27 03:59:00,0.192,101,20
2026-06-27 04:05:00,0.174,105,20
2026-06-27 04:11:00,0.234,116,20
2026-06-27 04:17:00,0.245,105,20
2026-06-27 04:23:00,0.326,121,20
2026-06-27 04:29:00,0.271,118,20
2026-06-27 04:35:00,0.349,122,20
2026-06-27 04:41:00,0.38,123,20
2026-06-27 04:47:00,0.378,113,20
2026-06-27 04:53:00,0.398,113,20
2026-06-27 04:59:00,0.375,115,20
2026-06-27 05:05:00,0.294,117,20
2026-06-27 05:11:00,0.35,128,20
2026-06-27 05:17:00,0.223,115,20
2026-06-27 05:23:00,0.224,133,20
2026-06-27 05:29:00,0.219,137,20
2026-06-27 05:35:00,0.356,137,20
2026-06-27 05:41:00,0.378,150,20
2026-06-27 05:47:00,0.423,150,20
2026-06-27 05:53:00,0.581,151,20
2026-06-27 05:59:00,0.673,152,20
2026-06-27 06:05:00,0.584,150,20
2026-06-27 06:11:00,0.61,147,20
2026-06-27 06:17:00,0.508,148,20
2026-06-27 06:23:00,0.548,148,20
2026-06-27 06:29:00,0.595,145,20
2026-06-27 06:35:00,0.547,143,20
2026-06-27 06:41:00,0.487,138,20
2026-06-27 06:47:00,0.462,128,20
2026-06-27 06:53:00,0.489,131,20
2026-06-27 06:59:00,0.611,135,20
2026-06-27 07:05:00,0.706,140,20
2026-06-27 07:11:00,0.608,143,20
2026-06-27 07:17:00,0.611,145,20
2026-06-27 07:23:00,0.533,146,20
2026-06-27 07:29:00,0.576,143,20
2026-06-27 07:35:00,0.544,140,20
2026-06-27 07:41:00,0.571,141,20
2026-06-27 07:47:00,0.62,136,20
2026-06-27 07:53:00,0.721,139,20
2026-06-27 07:59:00,0.832,138,20
2026-06-27 08:05:00,0.778,137,20
2026-06-27 08:11:00,0.695,131,20
2026-06-27 08:17:00,0.612,128,20
2026-06-27 08:23:00,0.742,134,20
2026-06-27 08:29:00,0.785,138,20
2026-06-27 08:35:00,0.672,143,20
2026-06-27 08:41:00,0.743,141,20
2026-06-27 08:47:00,0.57,152,20
2026-06-27 08:53:00,0.617,150,20
2026-06-27 08:59:00,0.682,145,20
2026-06-27 09:05:00,0.641,142,20
2026-06-27 09:11:00,0.505,138,20
2026-06-27 09:17:00,0.532,140,20
2026-06-27 09:23:00,0.482,141,20
2026-06-27 09:29:00,0.501,139,20
2026-06-27 09:35:00,0.608,143,20
2026-06-27 09:41:00,0.408,136,20
2026-06-27 09:47:00,0.364,140,20
2026-06-27 09:53:00,0.471,145,20
2026-06-27 09:59:00,0.356,143,20
2026-06-27 10:05:00,0.28,139,20
2026-06-27 10:11:00,0.292,144,20
2026-06-27 10:17:00,0.305,132,20
2026-06-27 10:23:00,0.167,144,20
2026-06-27 10:29:00,0.169,147,20
2026-06-27 10:35:00,0.201,137,20
2026-06-27 10:41:00,0.123,128,20
2026-06-27 10:47:00,0.133,131,20
2026-06-27 10:53:00,0.074,127,20
2026-06-27 10:59:00,0.039,113,20
2026-06-27 11:05:00,0.111,140,20
2026-06-27 11:11:00,0.061,62,20
2026-06-27 11:17:00,0.088,103,20
2026-06-27 11:23:00,0.044,33,20
2026-06-27 11:29:00,0.056,42,20
2026-06-27 11:35:00,0.067,356,20
2026-06-27 11:41:00,0.109,358,20
2026-06-27 11:47:00,0.151,318,20
2026-06-27 11:53:00,0.161,328,20
2026-06-27 11:59:00,0.168,316,20
2026-06-27 12:05:00,0.197,323,20
2026-06-27 12:11:00,0.216,309,20
2026-06-27 12:17:00,0.226,318,20
2026-06-27 12:23:00,0.265,316,20
2026-06-27 12:29:00,0.286,319,20
2026-06-27 12:35:00,0.302,323,20
2026-06-27 12:41:00,0.371,320,20
2026-06-27 12:47:00,0.412,321,20
2026-06-27 12:53:00,0.342,324,20
2026-06-27 12:59:00,0.286,316,20
2026-06-27 13:05:00,0.341,323,20
2026-06-27 13:11:00,0.35,324,20
2026-06-27 13:17:00,0.378,324,20
2026-06-27 13:23:00,0.343,322,20
2026-06-27 13:29:00,0.426,327,20
2026-06-27 13:35:00,0.426,327,20
2026-06-27 13:41:00,0.387,326,20
2026-06-27 13:47:00,0.4,325,20
2026-06-27 13:53:00,0.371,326,20
2026-06-27 13:59:00,0.399,330,20
2026-06-27 14:05:00,0.385,325,20
2026-06-27 14:11:00,0.402,326,20
2026-06-27 14:17:00,0.321,328,20
2026-06-27 14:23:00,0.306,330,20
2026-06-27 14:29:00,0.23,347,20
2026-06-27 14:35:00,0.252,345,20
2026-06-27 14:41:00,0.211,349,20
2026-06-27 14:47:00,0.19,342,20
2026-06-27 14:53:00,0.176,350,20
2026-06-27 14:59:00,0.099,1,20
2026-06-27 15:05:00,0.156,356,20
2026-06-27 15:11:00,0.141,354,20
2026-06-27 15:17:00,0.167,0,20
2026-06-27 15:23:00,0.128,356,20
2026-06-27 15:29:00,0.06,341,20
2026-06-27 15:35:00,0.098,35,20
2026-06-27 15:41:00,0.163,350,20
2026-06-27 15:47:00,0.144,348,20
2026-06-27 15:53:00,0.15,7,20
2026-06-27 15:59:00,0.089,11,20
2026-06-27 16:05:00,0.084,18,20
2026-06-27 16:11:00,0.077,13,20
2026-06-27 16:17:00,0.044,85,20
2026-06-27 16:23:00,0.073,342,20
2026-06-27 16:29:00,0.106,138,20
2026-06-27 16:35:00,0.035,5,20
2026-06-27 16:41:00,0.096,332,20
2026-06-27 16:47:00,0.077,335,20
2026-06-27 16:53:00,0.114,154,20
2026-06-27 16:59:00,0.019,236,20
2026-06-27 17:05:00,0.095,163,20
2026-06-27 17:11:00,0.086,208,20
2026-06-27 17:17:00,0.114,192,20
2026-06-27 17:23:00,0.107,200,20
2026-06-27 17:29:00,0.165,189,20
2026-06-27 17:35:00,0.148,204,20
2026-06-27 17:41:00,0.158,194,20
2026-06-27 17:47:00,0.176,165,20
2026-06-27 17:53:00,0.239,165,20
2026-06-27 17:59:00,0.156,149,20
2026-06-27 18:05:00,0.194,146,20
2026-06-27 18:11:00,0.137,135,20
2026-06-27 18:17:00,0.164,152,20
2026-06-27 18:23:00,0.191,143,20
2026-06-27 18:29:00,0.204,146,20
2026-06-27 18:35:00,0.187,148,20
2026-06-27 18:41:00,0.259,150,20
2026-06-27 18:47:00,0.255,155,20
2026-06-27 18:53:00,0.346,145,20
2026-06-27 18:59:00,0.3,151,20
2026-06-27 19:05:00,0.222,162,20
2026-06-27 19:11:00,0.274,149,20
2026-06-27 19:17:00,0.344,152,20
2026-06-27 19:23:00,0.302,151,20
2026-06-27 19:29:00,0.311,145,20
2026-06-27 19:35:00,0.307,149,20
2026-06-27 19:41:00,0.261,151,20
2026-06-27 19:47:00,0.327,145,20
2026-06-27 19:53:00,0.253,146,20
2026-06-27 19:59:00,0.247,150,20
2026-06-27 20:05:00,0.259,139,20
2026-06-27 20:11:00,0.218,148,20
2026-06-27 20:17:00,0.279,159,20
2026-06-27 20:23:00,0.234,152,20
2026-06-27 20:29:00,0.161,154,20
2026-06-27 20:35:00,0.175,155,20
2026-06-27 20:41:00,0.138,147,20
2026-06-27 20:47:00,0.208,138,20
2026-06-27 20:53:00,0.083,156,20
2026-06-27 20:59:00,0.136,136,20
2026-06-27 21:05:00,0.04,45,20
2026-06-27 21:11:00,0.062,325,20
2026-06-27 21:17:00,0.072,325,20
2026-06-27 21:23:00,0.063,319,20
2026-06-27 21:29:00,0.171,341,20
2026-06-27 21:35:00,0.1,344,20
2026-06-27 21:41:00,0.229,337,20
2026-06-27 21:47:00,0.272,340,20
2026-06-27 21:53:00,0.317,342,20
2026-06-27 21:59:00,0.344,335,20
2026-06-27 22:05:00,0.381,333,20
2026-06-27 22:11:00,0.398,337,20
2026-06-27 22:17:00,0.429,330,20
2026-06-27 22:23:00,0.409,335,20
2026-06-27 22:29:00,0.474,333,20
2026-06-27 22:35:00,0.495,336,20
2026-06-27 22:41:00,0.482,336,20
2026-06-27 22:47:00,0.51,332,20
2026-06-27 22:53:00,0.541,329,20
2026-06-27 22:59:00,0.591,329,20
2026-06-27 23:05:00,0.593,325,20
2026-06-27 23:11:00,0.684,327,20
2026-06-27 23:17:00,0.8,330,20
2026-06-27 23:23:00,0.793,328,20
2026-06-27 23:29:00,0.835,333,20
2026-06-27 23:35:00,0.913,332,20
2026-06-27 23:41:00,0.891,333,20
2026-06-27 23:47:00,0.904,333,20
2026-06-27 23:53:00,1.036,332,20
2026-06-27 23:59:00,0.994,329,20
2026-06-28 00:05:00,0.932,329,20
2026-06-28 00:11:00,0.948,331,20
2026-06-28 00:17:00,1.019,333,20
2026-06-28 00:23:00,1.132,330,20
2026-06-28 00:29:00,1.181,328,20
2026-06-28 00:35:00,1.135,330,20
2026-06-28 00:41:00,1.017,326,20
2026-06-28 00:47:00,1.034,330,20
2026-06-28 00:53:00,1.029,332,20
2026-06-28 00:59:00,1.024,331,20
2026-06-28 01:05:00,1.052,330,20
2026-06-28 01:11:00,1.054,327,20
2026-06-28 01:17:00,1.041,331,20
2026-06-28 01:23:00,1.119,329,20
2026-06-28 01:29:00,1.094,329,20
2026-06-28 01:35:00,1.13,329,20
2026-06-28 01:41:00,1.038,333,20
2026-06-28 01:47:00,0.862,339,20
2026-06-28 01:53:00,0.76,342,20
2026-06-28 01:59:00,0.72,343,20
2026-06-28 02:05:00,0.629,345,20
2026-06-28 02:11:00,0.742,343,20
2026-06-28 02:17:00,0.668,344,20
2026-06-28 02:23:00,0.609,342,20
2026-06-28 02:29:00,0.579,347,20
2026-06-28 02:35:00,0.529,345,20
2026-06-28 02:41:00,0.403,345,20
2026-06-28 02:47:00,0.49,338,20
2026-06-28 02:53:00,0.401,333,20
2026-06-28 02:59:00,0.324,344,20
2026-06-28 03:05:00,0.376,340,20
2026-06-28 03:11:00,0.359,341,20
2026-06-28 03:17:00,0.326,340,20
2026-06-28 03:23:00,0.244,352,20
2026-06-28 03:29:00,0.33,340,20
2026-06-28 03:35:00,0.285,345,20
2026-06-28 03:41:00,0.209,343,20
2026-06-28 03:47:00,0.081,0,20
2026-06-28 03:53:00,0.072,357,20
2026-06-28 03:59:00,0.124,6,20
2026-06-28 04:05:00,0.101,20,20
2026-06-28 04:11:00,0.073,39,20
2026-06-28 04:17:00,0.146,99,20
2026-06-28 04:23:00,0.076,56,20
2026-06-28 04:29:00,0.054,121,20
2026-06-28 04:35:00,0.063,11,20
2026-06-28 04:41:00,0.2,119,20
2026-06-28 04:47:00,0.217,132,20
2026-06-28 04:53:00,0.157,81,20
2026-06-28 04:59:00,0.097,79,20
2026-06-28 05:05:00,0.125,100,20
2026-06-28 05:11:00,0.126,73,20
2026-06-28 05:17:00,0.211,113,20
2026-06-28 05:23:00,0.142,113,20
2026-06-28 05:29:00,0.109,101,20
2026-06-28 05:35:00,0.116,108,20
2026-06-28 05:41:00,0.132,116,20
2026-06-28 05:47:00,0.101,108,20
2026-06-28 05:53:00,0.143,112,20
2026-06-28 05:59:00,0.225,134,20
2026-06-28 06:05:00,0.238,137,20
2026-06-28 06:11:00,0.329,147,20
2026-06-28 06:17:00,0.218,135,20
2026-06-28 06:23:00,0.387,147,20
2026-06-28 06:29:00,0.311,149,20
2026-06-28 06:35:00,0.371,145,20
2026-06-28 06:41:00,0.482,160,20
2026-06-28 06:47:00,0.539,152,20
2026-06-28 06:53:00,0.551,144,20
2026-06-28 06:59:00,0.542,146,20
2026-06-28 07:05:00,0.524,144,20
2026-06-28 07:11:00,0.549,137,20
2026-06-28 07:17:00,0.628,147,20
2026-06-28 07:23:00,0.517,141,20
2026-06-28 07:29:00,0.52,140,20
2026-06-28 07:35:00,0.524,129,20
2026-06-28 07:41:00,0.528,133,20
2026-06-28 07:47:00,0.525,133,20
2026-06-28 07:53:00,0.664,136,20
2026-06-28 07:59:00,0.822,138,20
2026-06-28 08:05:00,0.953,136,20
2026-06-28 08:11:00,1.031,142,20
2026-06-28 08:17:00,0.998,141,20
2026-06-28 08:23:00,0.985,140,20
2026-06-28 08:29:00,0.801,138,20
2026-06-28 08:35:00,0.863,143,20
2026-06-28 08:41:00,0.839,136,20
2026-06-28 08:47:00,0.68,134,20
2026-06-28 08:53:00,0.65,132,20
2026-06-28 08:59:00,0.646,133,20
2026-06-28 09:05:00,0.73,138,20
2026-06-28 09:11:00,0.779,140,20
2026-06-28 09:17:00,0.81,139,20
2026-06-28 09:23:00,0.741,140,20
2026-06-28 09:29:00,0.761,140,20
2026-06-28 09:35:00,0.773,140,20
2026-06-28 09:41:00,0.69,142,20
2026-06-28 09:47:00,0.551,138,20
2026-06-28 09:53:00,0.721,139,20
2026-06-28 09:59:00,0.552,130,20
2026-06-28 10:05:00,0.628,133,20
2026-06-28 10:11:00,0.559,137,20
2026-06-28 10:17:00,0.437,127,20
2026-06-28 10:23:00,0.509,133,20
2026-06-28 10:29:00,0.536,139,20
2026-06-28 10:35:00,0.401,136,20
2026-06-28 10:41:00,0.316,133,20
2026-06-28 10:47:00,0.312,137,20
2026-06-28 10:53:00,0.456,139,20
2026-06-28 10:59:00,0.34,130,20
2026-06-28 11:05:00,0.414,133,20
2026-06-28 11:11:00,0.331,132,20
2026-06-28 11:17:00,0.399,137,20
2026-06-28 11:23:00,0.153,135,20
2026-06-28 11:29:00,0.26,134,20
2026-06-28 11:35:00,0.105,130,20
2026-06-28 11:41:00,0.11,120,20
2026-06-28 11:47:00,0.078,43,20
2026-06-28 11:53:00,0.234,138,20
2026-06-28 11:59:00,0.226,124,20
2026-06-28 12:05:00,0.116,91,20
2026-06-28 12:11:00,0.299,131,20
2026-06-28 12:17:00,0.053,85,20
2026-06-28 12:23:00,0.056,126,20
2026-06-28 12:29:00,0.049,308,20
2026-06-28 12:35:00,0.053,185,20
2026-06-28 12:41:00,0.131,308,20
2026-06-28 12:47:00,0.121,322,20
2026-06-28 12:53:00,0.171,335,20
2026-06-28 12:59:00,0.183,326,20
2026-06-28 13:05:00,0.227,326,20
2026-06-28 13:11:00,0.243,328,20
2026-06-28 13:17:00,0.339,331,20
2026-06-28 13:23:00,0.316,330,20
2026-06-28 13:29:00,0.346,327,20
2026-06-28 13:35:00,0.278,328,20
2026-06-28 13:41:00,0.343,323,20
2026-06-28 13:47:00,0.323,325,20
2026-06-28 13:53:00,0.267,321,20
2026-06-28 13:59:00,0.338,328,20
2026-06-28 14:05:00,0.323,325,20
2026-06-28 14:11:00,0.299,326,20
2026-06-28 14:17:00,0.387,329,20
2026-06-28 14:23:00,0.311,328,20
2026-06-28 14:29:00,0.406,327,20
2026-06-28 14:35:00,0.363,332,20
2026-06-28 14:41:00,0.358,327,20
2026-06-28 14:47:00,0.23,317,20
2026-06-28 14:53:00,0.268,325,20
2026-06-28 14:59:00,0.323,330,20
2026-06-28 15:05:00,0.218,326,20
2026-06-28 15:11:00,0.306,341,20
2026-06-28 15:17:00,0.272,333,20
2026-06-28 15:23:00,0.208,334,20
2026-06-28 15:29:00,0.204,337,20
2026-06-28 15:35:00,0.187,329,20
2026-06-28 15:41:00,0.242,338,20
2026-06-28 15:47:00,0.238,332,20
2026-06-28 15:53:00,0.26,336,20
2026-06-28 15:59:00,0.142,346,20
2026-06-28 16:05:00,0.198,350,20
2026-06-28 16:11:00,0.167,330,20
2026-06-28 16:17:00,0.217,333,20
2026-06-28 16:23:00,0.222,340,20
2026-06-28 16:29:00,0.244,342,20
2026-06-28 16:35:00,0.171,326,20
2026-06-28 16:41:00,0.193,330,20
2026-06-28 16:47:00,0.15,337,20
2026-06-28 16:53:00,0.256,333,20
2026-06-28 16:59:00,0.011,101,20
2026-06-28 17:05:00,0.049,142,20
2026-06-28 17:11:00,0.016,49,20
2026-06-28 17:17:00,0.018,38,20
2026-06-28 17:23:00,0.122,138,20
2026-06-28 17:29:00,0.03,96,20
2026-06-28 17:35:00,0.084,102,20
2026-06-28 17:41:00,0.2,146,20
2026-06-28 17:47:00,0.092,140,20
2026-06-28 17:53:00,0.259,134,20
2026-06-28 17:59:00,0.172,130,20
2026-06-28 18:05:00,0.123,152,20
2026-06-28 18:11:00,0.179,131,20
2026-06-28 18:17:00,0.217,134,20
2026-06-28 18:23:00,0.228,135,20
2026-06-28 18:29:00,0.23,137,20
2026-06-28 18:35:00,0.143,134,20
2026-06-28 18:41:00,0.191,142,20
2026-06-28 18:47:00,0.369,141,20
2026-06-28 18:53:00,0.247,132,20
2026-06-28 18:59:00,0.311,137,20
2026-06-28 19:05:00,0.318,141,20
2026-06-28 19:11:00,0.386,143,20
2026-06-28 19:17:00,0.381,145,20
2026-06-28 19:23:00,0.273,138,20
2026-06-28 19:29:00,0.264,139,20
2026-06-28 19:35:00,0.187,113,20
2026-06-28 19:41:00,0.259,133,20
2026-06-28 19:47:00,0.367,131,20
2026-06-28 19:53:00,0.357,137,20
2026-06-28 19:59:00,0.357,139,20
2026-06-28 20:05:00,0.458,140,20
2026-06-28 20:11:00,0.486,141,20
2026-06-28 20:17:00,0.479,137,20
2026-06-28 20:23:00,0.462,133,20
2026-06-28 20:29:00,0.479,133,20
2026-06-28 20:35:00,0.429,130,20
2026-06-28 20:41:00,0.446,130,20
2026-06-28 20:47:00,0.459,135,20
2026-06-28 20:53:00,0.436,137,20
2026-06-28 20:59:00,0.467,138,20
2026-06-28 21:05:00,0.444,136,20
2026-06-28 21:11:00,0.457,131,20
2026-06-28 21:17:00,0.315,116,20
2026-06-28 21:23:00,0.335,120,20
2026-06-28 21:29:00,0.349,122,20
2026-06-28 21:35:00,0.352,121,20
2026-06-28 21:41:00,0.331,123,20
2026-06-28 21:47:00,0.283,124,20
2026-06-28 21:53:00,0.197,124,20
2026-06-28 21:59:00,0.108,74,20
2026-06-28 22:05:00,0.136,84,20
2026-06-28 22:11:00,0.111,93,20
2026-06-28 22:17:00,0.097,67,20
2026-06-28 22:23:00,0.181,349,20
2026-06-28 22:29:00,0.231,337,20
2026-06-28 22:35:00,0.203,332,20
2026-06-28 22:41:00,0.219,339,20
2026-06-28 22:47:00,0.285,334,20
2026-06-28 22:53:00,0.222,317,20
2026-06-28 22:59:00,0.34,325,20
2026-06-28 23:05:00,0.28,323,20
2026-06-28 23:11:00,0.377,328,20
2026-06-28 23:17:00,0.373,327,20
2026-06-28 23:23:00,0.367,325,20
2026-06-28 23:29:00,0.362,325,20
2026-06-28 23:35:00,0.484,328,20
2026-06-28 23:41:00,0.371,332,20
2026-06-28 23:47:00,0.444,336,20
2026-06-28 23:53:00,0.369,334,20
2026-06-28 23:59:00,0.393,338,20
2026-06-29 00:05:00,0.447,340,20
2026-06-29 00:11:00,0.413,336,20
2026-06-29 00:17:00,0.501,333,20
2026-06-29 00:23:00,0.559,334,20
2026-06-29 00:29:00,0.484,334,20
2026-06-29 00:35:00,0.696,335,20
2026-06-29 00:41:00,0.673,333,20
2026-06-29 00:47:00,0.605,339,20
2026-06-29 00:53:00,0.662,339,20
2026-06-29 00:59:00,0.549,339,20
2026-06-29 01:05:00,0.587,343,20
2026-06-29 01:11:00,0.589,347,20
2026-06-29 01:17:00,0.724,341,20
2026-06-29 01:23:00,0.665,342,20
2026-06-29 01:29:00,0.738,332,20
2026-06-29 01:35:00,0.838,336,20
2026-06-29 01:41:00,0.73,335,20
2026-06-29 01:47:00,0.754,335,20
2026-06-29 01:53:00,0.703,337,20
2026-06-29 01:59:00,0.762,332,20
2026-06-29 02:05:00,0.721,332,20
2026-06-29 02:11:00,0.777,332,20
2026-06-29 02:17:00,0.888,330,20
2026-06-29 02:23:00,0.879,332,20
2026-06-29 02:29:00,0.892,330,20
2026-06-29 02:35:00,0.946,331,20
2026-06-29 02:41:00,0.835,335,20
2026-06-29 02:47:00,0.676,333,20
2026-06-29 02:53:00,0.655,334,20
2026-06-29 02:59:00,0.849,337,20
2026-06-29 03:05:00,0.654,341,20
2026-06-29 03:11:00,0.626,339,20
2026-06-29 03:17:00,0.627,340,20
2026-06-29 03:23:00,0.522,342,20
2026-06-29 03:29:00,0.527,349,20
2026-06-29 03:35:00,0.441,349,20
2026-06-29 03:41:00,0.435,354,20
2026-06-29 03:47:00,0.476,348,20
2026-06-29 03:53:00,0.369,352,20
2026-06-29 03:59:00,0.337,2,20
2026-06-29 04:05:00,0.389,354,20
2026-06-29 04:11:00,0.293,4,20
2026-06-29 04:17:00,0.265,5,20
2026-06-29 04:23:00,0.239,9,20
2026-06-29 04:29:00,0.211,31,20
2026-06-29 04:35:00,0.126,56,20
2026-06-29 04:41:00,0.216,24,20
2026-06-29 04:47:00,0.213,8,20
2026-06-29 04:53:00,0.164,21,20
2026-06-29 04:59:00,0.158,58,20
2026-06-29 05:05:00,0.143,69,20
2026-06-29 05:11:00,0.158,66,20
2026-06-29 05:17:00,0.136,73,20
2026-06-29 05:23:00,0.148,69,20
2026-06-29 05:29:00,0.152,51,20
2026-06-29 05:35:00,0.185,58,20
2026-06-29 05:41:00,0.146,38,20
2026-06-29 05:47:00,0.226,106,20
2026-06-29 05:53:00,0.115,72,20
2026-06-29 05:59:00,0.225,112,20
2026-06-29 06:05:00,0.275,111,20
2026-06-29 06:11:00,0.341,123,20
2026-06-29 06:17:00,0.365,125,20
2026-06-29 06:23:00,0.482,153,20
2026-06-29 06:29:00,0.555,149,20
2026-06-29 06:35:00,0.403,143,20
2026-06-29 06:41:00,0.515,141,20
2026-06-29 06:47:00,0.336,136,20
2026-06-29 06:53:00,0.345,127,20
2026-06-29 06:59:00,0.241,130,20
2026-06-29 07:05:00,0.264,125,20
2026-06-29 07:11:00,0.286,135,20
2026-06-29 07:17:00,0.305,147,20
2026-06-29 07:23:00,0.408,141,20
2026-06-29 07:29:00,0.544,124,20
2026-06-29 07:35:00,0.358,123,20
2026-06-29 07:41:00,0.331,143,20
2026-06-29 07:47:00,0.302,115,20
2026-06-29 07:53:00,0.366,131,20
2026-06-29 07:59:00,0.431,139,20
2026-06-29 08:05:00,0.43,131,20
2026-06-29 08:11:00,0.34,130,20
2026-06-29 08:17:00,0.47,142,20
2026-06-29 08:23:00,0.453,141,20
2026-06-29 08:29:00,0.495,139,20
2026-06-29 08:35:00,0.437,147,20
2026-06-29 08:41:00,0.417,142,20
2026-06-29 08:47:00,0.414,149,20
2026-06-29 08:53:00,0.5,147,20
2026-06-29 08:59:00,0.57,141,20
2026-06-29 09:05:00,0.498,147,20
2026-06-29 09:11:00,0.424,147,20
2026-06-29 09:17:00,0.506,143,20
2026-06-29 09:23:00,0.641,143,20
2026-06-29 09:29:00,0.557,138,20
2026-06-29 09:35:00,0.69,140,20
2026-06-29 09:41:00,0.537,129,20
2026-06-29 09:47:00,0.538,130,20
2026-06-29 09:53:00,0.426,133,20
2026-06-29 09:59:00,0.438,133,20
2026-06-29 10:05:00,0.459,139,20
2026-06-29 10:11:00,0.538,135,20
2026-06-29 10:17:00,0.449,133,20
2026-06-29 10:23:00,0.475,129,20
2026-06-29 10:29:00,0.503,133,20
2026-06-29 10:35:00,0.517,137,20
2026-06-29 10:41:00,0.525,139,20
2026-06-29 10:47:00,0.453,139,20
2026-06-29 10:53:00,0.468,140,20
2026-06-29 10:59:00,0.527,147,20
2026-06-29 11:05:00,0.523,139,20
2026-06-29 11:11:00,0.54,142,20
2026-06-29 11:17:00,0.35,146,20
2026-06-29 11:23:00,0.366,138,20
2026-06-29 11:29:00,0.294,133,20
2026-06-29 11:35:00,0.248,131,20
2026-06-29 11:41:00,0.247,148,20
2026-06-29 11:47:00,0.108,107,20
2026-06-29 11:53:00,0.259,146,20
2026-06-29 11:59:00,0.244,137,20
2026-06-29 12:05:00,0.062,143,20
2026-06-29 12:11:00,0.225,118,20
2026-06-29 12:17:00,0.152,141,20
2026-06-29 12:23:00,0.186,127,20
2026-06-29 12:29:00,0.074,151,20
2026-06-29 12:35:00,0.029,99,20
2026-06-29 12:41:00,0.012,326,20
2026-06-29 12:47:00,0.041,25,20
2026-06-29 12:53:00,0.07,296,20
2026-06-29 12:59:00,0.111,314,20
2026-06-29 13:05:00,0.167,323,20
2026-06-29 13:11:00,0.262,332,20
2026-06-29 13:17:00,0.216,325,20
2026-06-29 13:23:00,0.315,317,20
2026-06-29 13:29:00,0.387,326,20
2026-06-29 13:35:00,0.3,330,20
2026-06-29 13:41:00,0.29,326,20
2026-06-29 13:47:00,0.256,313,20
2026-06-29 13:53:00,0.254,317,20
2026-06-29 13:59:00,0.16,333,20
2026-06-29 14:05:00,0.222,334,20
2026-06-29 14:11:00,0.297,327,20
2026-06-29 14:17:00,0.338,327,20
2026-06-29 14:23:00,0.362,325,20
2026-06-29 14:29:00,0.325,331,20
2026-06-29 14:35:00,0.375,327,20
2026-06-29 14:41:00,0.342,325,20
2026-06-29 14:47:00,0.198,338,20
2026-06-29 14:53:00,0.353,338,20
2026-06-29 14:59:00,0.393,324,20
2026-06-29 15:05:00,0.321,324,20
2026-06-29 15:11:00,0.235,319,20
2026-06-29 15:17:00,0.321,325,20
2026-06-29 15:23:00,0.231,351,20
2026-06-29 15:29:00,0.313,335,20
2026-06-29 15:35:00,0.285,335,20
2026-06-29 15:41:00,0.312,334,20
2026-06-29 15:47:00,0.155,335,20
2026-06-29 15:53:00,0.172,340,20
2026-06-29 15:59:00,0.106,334,20
2026-06-29 16:05:00,0.293,343,20
2026-06-29 16:11:00,0.029,189,20
2026-06-29 16:17:00,0.093,336,20
2026-06-29 16:23:00,0.152,31,20
2026-06-29 16:29:00,0.258,355,20
2026-06-29 16:35:00,0.32,348,20
2026-06-29 16:41:00,0.086,355,20
2026-06-29 16:47:00,0.092,78,20
2026-06-29 16:53:00,0.241,3,20
2026-06-29 16:59:00,0.224,354,20
2026-06-29 17:05:00,0.102,13,20
2026-06-29 17:11:00,0.105,152,20
2026-06-29 17:17:00,0.132,35,20
2026-06-29 17:23:00,0.073,107,20
2026-06-29 17:29:00,0.119,144,20
2026-06-29 17:35:00,0.04,169,20
2026-06-29 17:41:00,0.051,106,20
2026-06-29 17:47:00,0.208,146,20
2026-06-29 17:53:00,0.099,127,20
2026-06-29 17:59:00,0.204,138,20
2026-06-29 18:05:00,0.109,59,20
2026-06-29 18:11:00,0.192,145,20
2026-06-29 18:17:00,0.19,133,20
2026-06-29 18:23:00,0.258,126,20
2026-06-29 18:29:00,0.104,108,20
2026-06-29 18:35:00,0.161,98,20
2026-06-29 18:53:00,0.204,135,20
2026-06-29 18:59:00,0.26,138,20
2026-06-29 19:05:00,0.278,144,20
2026-06-29 19:11:00,0.24,135,20
2026-06-29 19:17:00,0.168,140,20
2026-06-29 19:23:00,0.16,135,20
2026-06-29 19:29:00,0.254,140,20
2026-06-29 19:35:00,0.206,139,20
2026-06-29 19:41:00,0.386,143,20
2026-06-29 19:47:00,0.196,147,20
2026-06-29 19:53:00,0.27,148,20
2026-06-29 19:59:00,0.371,137,20
2026-06-29 20:05:00,0.393,148,20
2026-06-29 20:11:00,0.327,139,20
2026-06-29 20:17:00,0.259,142,20
2026-06-29 20:23:00,0.202,127,20
2026-06-29 20:29:00,0.422,137,20
2026-06-29 20:35:00,0.208,136,20
2026-06-29 20:41:00,0.334,136,20
2026-06-29 20:47:00,0.263,135,20
2026-06-29 20:53:00,0.28,126,20
2026-06-29 20:59:00,0.356,138,20
2026-06-29 21:05:00,0.367,130,20
2026-06-29 21:11:00,0.342,132,20
2026-06-29 21:17:00,0.368,138,20
2026-06-29 21:23:00,0.272,133,20
2026-06-29 21:29:00,0.201,103,20
2026-06-29 21:35:00,0.23,107,20
2026-06-29 21:41:00,0.284,121,20
2026-06-29 21:47:00,0.34,114,20
2026-06-29 21:53:00,0.174,96,20
2026-06-29 21:59:00,0.27,112,20
2026-06-29 22:05:00,0.122,83,20
2026-06-29 22:11:00,0.119,58,20
2026-06-29 22:17:00,0.111,60,20
2026-06-29 22:23:00,0.136,58,20
2026-06-29 22:29:00,0.143,32,20
2026-06-29 22:35:00,0.184,20,20
2026-06-29 22:41:00,0.168,15,20
2026-06-29 22:47:00,0.24,2,20
2026-06-29 22:53:00,0.209,24,20
2026-06-29 22:59:00,0.212,11,20
2026-06-29 23:05:00,0.111,350,20
2026-06-29 23:11:00,0.154,0,20
2026-06-29 23:17:00,0.113,337,20
2026-06-29 23:23:00,0.259,324,20
2026-06-29 23:29:00,0.364,328,20
2026-06-29 23:35:00,0.459,326,20
2026-06-29 23:41:00,0.349,323,20
2026-06-29 23:47:00,0.434,339,20
2026-06-29 23:53:00,0.365,337,20
2026-06-29 23:59:00,0.343,323,20
2026-06-30 00:05:00,0.636,331,20
2026-06-30 00:11:00,0.631,316,20
2026-06-30 00:17:00,0.835,329,20
2026-06-30 00:23:00,0.757,324,20
2026-06-30 00:29:00,0.703,323,20
2026-06-30 00:35:00,0.652,324,20
2026-06-30 00:41:00,0.667,326,20
2026-06-30 00:47:00,0.747,329,20
2026-06-30 00:53:00,0.7,326,20
2026-06-30 00:59:00,0.561,334,20
2026-06-30 01:05:00,0.534,336,20
2026-06-30 01:11:00,0.57,340,20
2026-06-30 01:17:00,0.65,334,20
2026-06-30 01:23:00,0.591,328,20
2026-06-30 01:29:00,0.575,330,20
2026-06-30 01:35:00,0.734,331,20
2026-06-30 01:41:00,0.813,325,20
2026-06-30 01:47:00,0.848,324,20
2026-06-30 01:53:00,0.923,323,20
2026-06-30 01:59:00,0.91,321,20
2026-06-30 02:05:00,0.864,324,20
2026-06-30 02:11:00,0.801,326,20
2026-06-30 02:17:00,1.024,329,20
2026-06-30 02:23:00,1.074,328,20
2026-06-30 02:29:00,1.128,327,20
2026-06-30 02:35:00,0.96,323,20
2026-06-30 02:41:00,0.898,322,20
2026-06-30 02:47:00,1.099,324,20
2026-06-30 02:53:00,1.091,326,20
2026-06-30 02:59:00,1.134,324,20
2026-06-30 03:05:00,1.096,323,20
2026-06-30 03:11:00,1.033,322,20
2026-06-30 03:17:00,1.04,326,20
2026-06-30 03:23:00,0.86,332,20
2026-06-30 03:29:00,0.829,329,20
2026-06-30 03:35:00,0.857,333,20
2026-06-30 03:41:00,0.812,333,20
2026-06-30 03:47:00,0.886,332,20
2026-06-30 03:53:00,0.804,334,20
2026-06-30 03:59:00,0.853,333,20
2026-06-30 04:05:00,0.79,335,20
2026-06-30 04:11:00,0.722,338,20
2026-06-30 04:17:00,0.532,339,20
2026-06-30 04:29:00,0.46,343,20
2026-06-30 04:35:00,0.373,338,20
2026-06-30 04:41:00,0.335,339,20
2026-06-30 04:47:00,0.244,340,20
2026-06-30 04:53:00,0.258,336,20
2026-06-30 04:59:00,0.189,339,20
2026-06-30 05:05:00,0.229,341,20
2026-06-30 05:11:00,0.23,348,20
2026-06-30 05:23:00,0.158,353,20
2026-06-30 05:29:00,0.193,349,20
2026-06-30 05:35:00,0.165,353,20
2026-06-30 05:41:00,0.128,13,20
2026-06-30 05:47:00,0.169,4,20
2026-06-30 05:53:00,0.131,359,20
2026-06-30 05:59:00,0.222,3,20
2026-06-30 06:11:00,0.056,77,20
2026-06-30 06:17:00,0.162,70,20
2026-06-30 06:23:00,0.231,75,20
2026-06-30 06:29:00,0.127,72,20
2026-06-30 06:35:00,0.133,61,20
2026-06-30 06:41:00,0.235,112,20
2026-06-30 06:47:00,0.215,134,20
2026-06-30 06:53:00,0.186,131,20
2026-06-30 06:59:00,0.274,148,20
2026-06-30 07:05:00,0.178,141,20
2026-06-30 07:11:00,0.677,342,20
2026-06-30 07:17:00,0.246,338,20
2026-06-30 07:23:00,0.23,17,20
2026-06-30 07:29:00,0.479,125,20
2026-06-30 07:35:00,0.536,127,20
2026-06-30 07:41:00,0.278,105,20
2026-06-30 07:47:00,0.324,136,20
2026-06-30 07:53:00,0.489,155,20
2026-06-30 07:59:00,0.099,56,20
2026-06-30 08:05:00,0.394,1,20
2026-06-30 08:17:00,0.328,155,20
2026-06-30 08:23:00,0.051,151,20
2026-06-30 08:29:00,0.328,153,20
2026-06-30 08:35:00,0.431,157,20
2026-06-30 08:41:00,0.333,153,20
2026-06-30 08:47:00,0.465,148,20
2026-06-30 08:53:00,0.44,142,20
2026-06-30 08:59:00,0.238,142,20
2026-06-30 09:05:00,0.188,140,20
2026-06-30 09:11:00,0.198,117,20
2026-06-30 09:17:00,0.239,132,20
2026-06-30 09:23:00,0.357,139,20
2026-06-30 09:29:00,0.338,134,20
2026-06-30 09:35:00,0.478,134,20
2026-06-30 09:41:00,0.591,141,20
2026-06-30 09:47:00,0.623,135,20
2026-06-30 09:53:00,0.761,140,20
2026-06-30 09:59:00,0.9,141,20
2026-06-30 10:05:00,0.874,139,20
2026-06-30 10:11:00,0.572,136,20
2026-06-30 10:17:00,0.503,138,20
2026-06-30 10:23:00,0.554,140,20
2026-06-30 10:29:00,0.432,138,20
2026-06-30 10:35:00,0.544,141,20
2026-06-30 10:41:00,0.679,140,20
2026-06-30 10:47:00,0.461,137,20
2026-06-30 10:53:00,0.479,138,20
2026-06-30 10:59:00,0.294,133,20
2026-06-30 11:05:00,0.493,138,20
2026-06-30 11:11:00,0.458,142,20
2026-06-30 11:17:00,0.504,139,20
2026-06-30 11:23:00,0.466,135,20
2026-06-30 11:29:00,0.509,142,20
2026-06-30 11:35:00,0.582,143,20
2026-06-30 11:41:00,0.5,143,20
2026-06-30 11:47:00,0.576,145,20
2026-06-30 11:53:00,0.487,151,20
2026-06-30 11:59:00,0.669,145,20
2026-06-30 12:05:00,0.52,149,20
2026-06-30 12:11:00,0.486,145,20
2026-06-30 12:17:00,0.45,143,20
2026-06-30 12:23:00,0.406,135,20
2026-06-30 12:29:00,0.24,137,20
2026-06-30 12:35:00,0.25,128,20
2026-06-30 12:41:00,0.257,117,20
2026-06-30 12:47:00,0.036,44,20
2026-06-30 12:53:00,0.113,79,20
2026-06-30 12:59:00,0.288,143,20
2026-06-30 13:05:00,0.237,115,20
2026-06-30 13:11:00,0.204,131,20
2026-06-30 13:17:00,0.148,107,20
2026-06-30 13:23:00,0.326,24,20
2026-06-30 13:29:00,0.091,15,20
2026-06-30 13:35:00,0.103,302,20
2026-06-30 13:41:00,0.164,308,20
2026-06-30 13:47:00,0.082,329,20
2026-06-30 13:53:00,0.125,289,20
2026-06-30 13:59:00,0.217,300,20
2026-06-30 14:05:00,0.167,0,20
2026-06-30 14:11:00,0.117,296,20
2026-06-30 14:17:00,0.194,293,20
2026-06-30 14:23:00,0.234,311,20
2026-06-30 14:29:00,0.209,310,20
2026-06-30 14:35:00,0.232,313,20
2026-06-30 14:41:00,0.277,314,20
2026-06-30 14:47:00,0.311,312,20
2026-06-30 14:53:00,0.3,318,20
2026-06-30 14:59:00,0.309,327,20
2026-06-30 15:05:00,0.344,327,20
2026-06-30 15:11:00,0.183,331,20
2026-06-30 15:17:00,0.247,323,20
2026-06-30 15:23:00,0.334,325,20
2026-06-30 15:29:00,0.298,325,20
2026-06-30 15:35:00,0.153,314,20
2026-06-30 15:41:00,0.275,341,20
2026-06-30 15:47:00,0.245,343,20
2026-06-30 15:53:00,0.32,345,20
2026-06-30 15:59:00,0.282,353,20
2026-06-30 16:05:00,0.087,346,20
2026-06-30 16:11:00,0.186,2,20
2026-06-30 16:17:00,0.129,35,20
2026-06-30 16:23:00,0.265,339,20
2026-06-30 16:29:00,0.09,356,20
2026-06-30 16:35:00,0.235,352,20
2026-06-30 16:41:00,0.056,13,20
2026-06-30 16:47:00,0.125,170,20
2026-06-30 16:53:00,0.166,111,20
2026-06-30 16:59:00,0.226,87,20
2026-06-30 17:05:00,0.156,75,20
2026-06-30 17:11:00,0.256,70,20
2026-06-30 17:17:00,0.321,72,20
2026-06-30 17:23:00,0.318,99,20
2026-06-30 17:29:00,0.355,90,20
2026-06-30 17:35:00,0.327,97,20
2026-06-30 17:41:00,0.37,110,20
2026-06-30 17:47:00,0.295,108,20
2026-06-30 17:53:00,0.297,122,20
2026-06-30 17:59:00,0.326,103,20
2026-06-30 18:05:00,0.531,105,20
2026-06-30 18:11:00,0.178,110,20
2026-06-30 18:17:00,0.349,64,20
2026-06-30 18:23:00,0.385,106,20
2026-06-30 18:29:00,0.281,88,20
2026-06-30 18:35:00,0.383,113,20
2026-06-30 18:41:00,0.29,72,20
2026-06-30 18:47:00,0.242,68,20
2026-06-30 18:53:00,0.279,99,20
2026-06-30 18:59:00,0.335,114,20
2026-06-30 19:05:00,0.505,128,20
2026-06-30 19:11:00,0.335,135,20
2026-06-30 19:17:00,0.368,134,20
2026-06-30 19:23:00,0.343,135,20
2026-06-30 19:29:00,0.323,133,20
2026-06-30 19:35:00,0.301,141,20
2026-06-30 19:41:00,0.395,145,20
2026-06-30 19:47:00,0.404,148,20
2026-06-30 19:53:00,0.407,152,20
2026-06-30 19:59:00,0.394,151,20
2026-06-30 20:05:00,0.398,151,20
2026-06-30 20:11:00,0.383,146,20
2026-06-30 20:17:00,0.464,156,20
2026-06-30 20:23:00,0.456,155,20
2026-06-30 20:29:00,0.509,156,20
2026-06-30 20:35:00,0.58,155,20
2026-06-30 20:41:00,0.541,155,20
2026-06-30 20:47:00,0.518,155,20
2026-06-30 20:53:00,0.476,155,20
2026-06-30 20:59:00,0.4,156,20
2026-06-30 21:05:00,0.442,156,20
2026-06-30 21:11:00,0.352,145,20
2026-06-30 21:17:00,0.442,138,20
2026-06-30 21:23:00,0.381,146,20
2026-06-30 21:29:00,0.393,149,20
2026-06-30 21:35:00,0.333,143,20
2026-06-30 21:41:00,0.296,148,20
2026-06-30 21:47:00,0.303,153,20
2026-06-30 21:53:00,0.176,154,20
2026-06-30 21:59:00,0.173,148,20
2026-06-30 22:05:00,0.224,149,20
2026-06-30 22:17:00,0.171,148,20
2026-06-30 22:23:00,0.226,150,20
2026-06-30 22:29:00,0.203,140,20
2026-06-30 22:35:00,0.173,149,20
2026-06-30 22:41:00,0.218,145,20
2026-06-30 22:47:00,0.212,149,20
2026-06-30 23:05:00,0.307,141,20
2026-06-30 23:11:00,0.272,145,20
2026-06-30 23:17:00,0.109,112,20
2026-06-30 23:23:00,0.039,74,20
2026-06-30 23:29:00,0.113,135,20
2026-06-30 23:35:00,0.084,102,20
2026-06-30 23:41:00,0.058,56,20
2026-06-30 23:47:00,0.107,95,20
2026-06-30 23:53:00,0.039,62,20
2026-06-30 23:59:00,0.067,40,20
2026-07-01 00:05:00,0.042,348,20
2026-07-01 00:11:00,0.02,130,20
2026-07-01 00:17:00,0.072,357,20
2026-07-01 00:23:00,0.113,345,20
2026-07-01 00:29:00,0.231,337,20
2026-07-01 00:35:00,0.196,342,20
2026-07-01 00:41:00,0.271,334,20
2026-07-01 00:47:00,0.294,334,20
2026-07-01 00:53:00,0.403,333,20
2026-07-01 00:59:00,0.395,333,20
2026-07-01 01:05:00,0.389,335,20
2026-07-01 01:11:00,0.474,335,20
2026-07-01 01:17:00,0.473,328,20
2026-07-01 01:23:00,0.398,326,20
2026-07-01 01:29:00,0.393,326,20
2026-07-01 01:35:00,0.4,326,20
2026-07-01 01:41:00,0.577,325,20
2026-07-01 01:47:00,0.554,326,20
2026-07-01 01:53:00,0.502,327,20
2026-07-01 01:59:00,0.582,332,20
2026-07-01 02:05:00,0.596,332,20
2026-07-01 02:11:00,0.729,331,20
2026-07-01 02:17:00,0.764,333,20
2026-07-01 02:23:00,0.745,334,20
2026-07-01 02:29:00,0.745,338,20
2026-07-01 02:35:00,0.753,334,20
2026-07-01 02:41:00,0.785,335,20
2026-07-01 02:47:00,0.795,336,20
2026-07-01 02:53:00,0.764,339,20
2026-07-01 02:59:00,0.885,337,20
2026-07-01 03:05:00,0.936,339,20
2026-07-01 03:11:00,0.929,338,20
2026-07-01 03:17:00,1.004,334,20
2026-07-01 03:23:00,0.967,335,20
2026-07-01 03:29:00,0.733,338,20
2026-07-01 03:35:00,0.838,344,20
2026-07-01 03:41:00,0.83,346,20
2026-07-01 03:47:00,0.788,342,20
2026-07-01 03:53:00,0.75,350,20
2026-07-01 03:59:00,0.721,350,20
2026-07-01 04:05:00,0.59,356,20
2026-07-01 04:11:00,0.619,353,20
2026-07-01 04:17:00,0.525,0,20
2026-07-01 04:23:00,0.565,353,20
2026-07-01 04:29:00,0.495,349,20
2026-07-01 04:35:00,0.438,346,20
2026-07-01 04:41:00,0.399,15,20
2026-07-01 04:47:00,0.313,18,20
2026-07-01 04:53:00,0.374,349,20
2026-07-01 04:59:00,0.347,348,20
2026-07-01 05:05:00,0.404,347,20
2026-07-01 05:11:00,0.365,349,20
2026-07-01 05:17:00,0.37,352,20
2026-07-01 05:23:00,0.253,8,20
2026-07-01 05:29:00,0.273,4,20
2026-07-01 05:35:00,0.27,351,20
2026-07-01 05:41:00,0.288,350,20
2026-07-01 05:47:00,0.07,30,20
2026-07-01 05:53:00,0.107,356,20
2026-07-01 05:59:00,0.008,42,20
2026-07-01 06:05:00,0.013,173,20
2026-07-01 06:11:00,0.149,346,20
2026-07-01 06:17:00,0.025,326,20
2026-07-01 06:23:00,0.058,89,20
2026-07-01 06:29:00,0.113,147,20
2026-07-01 06:35:00,0.146,149,20
2026-07-01 06:41:00,0.115,146,20
2026-07-01 06:47:00,0.134,156,20
2026-07-01 06:53:00,0.257,148,20
2026-07-01 06:59:00,0.09,129,20
2026-07-01 07:05:00,0.133,121,20
2026-07-01 07:11:00,0.086,89,20
2026-07-01 07:17:00,0.228,119,20
2026-07-01 07:23:00,0.294,125,20
2026-07-01 07:29:00,0.278,128,20
2026-07-01 07:35:00,0.216,107,20
2026-07-01 07:41:00,0.308,126,20
2026-07-01 07:47:00,0.317,128,20
2026-07-01 07:53:00,0.384,137,20
2026-07-01 07:59:00,0.325,145,20
2026-07-01 08:05:00,0.265,139,20
2026-07-01 08:11:00,0.151,99,20
2026-07-01 08:17:00,0.285,51,20
2026-07-01 08:23:00,0.298,121,20
2026-07-01 08:29:00,0.968,151,20
2026-07-01 08:35:00,0.264,153,20
2026-07-01 08:41:00,0.645,147,20
2026-07-01 08:47:00,0.71,151,20
2026-07-01 08:53:00,0.783,152,20
2026-07-01 08:59:00,0.368,136,20
2026-07-01 09:05:00,0.368,120,20
2026-07-01 09:11:00,0.428,129,20
2026-07-01 09:17:00,0.395,131,20
2026-07-01 09:23:00,0.49,133,20
2026-07-01 09:29:00,0.462,128,20
2026-07-01 09:35:00,0.424,126,20
2026-07-01 09:41:00,0.494,134,20
2026-07-01 09:47:00,0.527,137,20
2026-07-01 09:53:00,0.56,142,20
2026-07-01 09:59:00,0.649,139,20
2026-07-01 10:05:00,0.707,140,20
2026-07-01 10:11:00,0.686,138,20
2026-07-01 10:17:00,0.692,140,20
2026-07-01 10:23:00,0.54,138,20
2026-07-01 10:29:00,0.513,125,20
2026-07-01 10:35:00,0.544,119,20
2026-07-01 10:41:00,0.51,119,20
2026-07-01 10:47:00,0.595,123,20
2026-07-01 10:53:00,0.698,129,20
2026-07-01 10:59:00,0.696,134,20
2026-07-01 11:05:00,0.725,139,20
2026-07-01 11:11:00,0.69,134,20
2026-07-01 11:17:00,0.827,136,20
2026-07-01 11:23:00,0.673,140,20
2026-07-01 11:29:00,0.581,140,20
2026-07-01 11:35:00,0.741,140,20
2026-07-01 11:41:00,0.73,139,20
2026-07-01 11:47:00,0.747,140,20
2026-07-01 11:53:00,0.739,140,20
2026-07-01 11:59:00,0.66,141,20
2026-07-01 12:05:00,0.571,142,20
2026-07-01 12:11:00,0.545,143,20
2026-07-01 12:17:00,0.596,141,20
2026-07-01 12:23:00,0.428,143,20
2026-07-01 12:29:00,0.323,147,20
2026-07-01 12:35:00,0.15,173,20
2026-07-01 12:41:00,0.123,244,20
2026-07-01 12:47:00,0.298,139,20
2026-07-01 12:53:00,0.335,135,20
2026-07-01 12:59:00,0.391,140,20
2026-07-01 13:05:00,0.386,143,20
2026-07-01 13:11:00,0.349,133,20
2026-07-01 13:17:00,0.273,136,20
2026-07-01 13:23:00,0.336,133,20
2026-07-01 13:29:00,0.384,127,20
2026-07-01 13:35:00,0.352,133,20
2026-07-01 13:41:00,0.251,125,20
2026-07-01 13:47:00,0.188,118,20
2026-07-01 13:53:00,0.246,112,20
2026-07-01 13:59:00,0.18,101,20
2026-07-01 14:05:00,0.237,122,20
2026-07-01 14:11:00,0.124,100,20
2026-07-01 14:17:00,0.206,64,20
2026-07-01 14:23:00,0.122,79,20
2026-07-01 14:29:00,0.265,143,20
2026-07-01 14:35:00,0.093,95,20
2026-07-01 14:41:00,0.156,146,20
2026-07-01 14:47:00,0.237,115,20
2026-07-01 14:53:00,0.238,17,20
2026-07-01 14:59:00,0.057,205,20
2026-07-01 15:05:00,0.051,164,20
2026-07-01 15:11:00,0.053,293,20
2026-07-01 15:17:00,0.195,204,20
2026-07-01 15:23:00,0.247,229,20
2026-07-01 15:29:00,0.229,219,20
2026-07-01 15:35:00,0.368,291,20
2026-07-01 15:41:00,0.304,260,20
2026-07-01 15:47:00,0.347,322,20
2026-07-01 15:53:00,0.321,327,20
2026-07-01 15:59:00,0.114,352,20
2026-07-01 16:05:00,0.202,326,20
2026-07-01 16:11:00,0.19,111,20
2026-07-01 16:17:00,0.074,26,20
2026-07-01 16:23:00,0.256,336,20
2026-07-01 16:29:00,0.144,312,20
2026-07-01 16:35:00,0.059,292,20
2026-07-01 16:41:00,0.063,318,20
2026-07-01 16:47:00,0.051,277,20
2026-07-01 16:53:00,0.325,315,20
2026-07-01 16:59:00,0.222,304,20
2026-07-01 17:05:00,0.258,315,20
2026-07-01 17:11:00,0.372,316,20
2026-07-01 17:17:00,0.376,317,20
2026-07-01 17:23:00,0.243,308,20
2026-07-01 17:29:00,0.266,314,20
2026-07-01 17:35:00,0.231,319,20
2026-07-01 17:41:00,0.134,295,20
2026-07-01 17:47:00,0.1,308,20
2026-07-01 17:53:00,0.124,306,20
2026-07-01 17:59:00,0.107,307,20
2026-07-01 18:05:00,0.044,274,20
2026-07-01 18:11:00,0.062,216,20
2026-07-01 18:17:00,0.085,344,20
2026-07-01 18:23:00,0.129,353,20
2026-07-01 18:29:00,0.109,122,20
2026-07-01 18:35:00,0.05,29,20
2026-07-01 18:41:00,0.024,85,20
2026-07-01 18:47:00,0.026,104,20
2026-07-01 18:53:00,0.12,137,20
2026-07-01 18:59:00,0.101,145,20
2026-07-01 19:05:00,0.064,62,20
2026-07-01 19:11:00,0.066,112,20
2026-07-01 19:17:00,0.126,125,20
2026-07-01 19:23:00,0.158,143,20
2026-07-01 19:29:00,0.132,146,20
2026-07-01 19:35:00,0.056,120,20
2026-07-01 19:41:00,0.125,144,20
2026-07-01 19:47:00,0.165,138,20
2026-07-01 19:53:00,0.158,144,20
2026-07-01 19:59:00,0.067,140,20
2026-07-01 20:05:00,0.177,146,20
2026-07-01 20:11:00,0.088,151,20
2026-07-01 20:17:00,0.109,150,20
2026-07-01 20:23:00,0.2,145,20
2026-07-01 20:29:00,0.148,157,20
2026-07-01 20:35:00,0.194,146,20
2026-07-01 20:41:00,0.208,146,20
2026-07-01 20:47:00,0.182,161,20
2026-07-01 20:53:00,0.197,151,20
2026-07-01 20:59:00,0.298,156,20
2026-07-01 21:05:00,0.308,150,20
2026-07-01 21:11:00,0.31,155,20
2026-07-01 21:17:00,0.339,150,20
2026-07-01 21:23:00,0.409,155,20
2026-07-01 21:29:00,0.34,148,20
2026-07-01 21:35:00,0.437,151,20
2026-07-01 21:41:00,0.336,148,20
2026-07-01 21:47:00,0.35,147,20
2026-07-01 21:53:00,0.189,146,20
2026-07-01 21:59:00,0.178,120,20
2026-07-01 22:05:00,0.239,130,20
2026-07-01 22:11:00,0.079,258,20
2026-07-01 22:17:00,0.36,138,20
2026-07-01 22:23:00,0.206,136,20
2026-07-01 22:29:00,0.269,143,20
2026-07-01 22:35:00,0.224,146,20
2026-07-01 22:41:00,0.273,142,20
2026-07-01 22:47:00,0.257,145,20
2026-07-01 22:53:00,0.296,133,0
2026-07-01 23:05:00,0.194,125,20
2026-07-01 23:11:00,0.197,114,20
2026-07-01 23:17:00,0.098,7,20
2026-07-01 23:23:00,0.131,8,20
2026-07-01 23:29:00,0.156,40,20
2026-07-01 23:35:00,0.021,0,20
2026-07-01 23:41:00,0.054,357,20
2026-07-01 23:47:00,0.02,338,20
2026-07-01 23:53:00,0.058,146,20
2026-07-01 23:59:00,0.048,190,20
2026-07-02 00:05:00,0.038,202,20
2026-07-02 00:11:00,0.076,174,20
2026-07-02 00:17:00,0.039,306,20
2026-07-02 00:23:00,0.106,320,20
2026-07-02 00:29:00,0.089,326,20
2026-07-02 00:35:00,0.128,196,20
2026-07-02 00:41:00,0.039,200,20
2026-07-02 00:47:00,0.064,236,20
2026-07-02 00:53:00,0.109,175,20
2026-07-02 00:59:00,0.146,181,20
2026-07-02 01:05:00,0.099,191,20
2026-07-02 01:11:00,0.065,215,20
2026-07-02 01:17:00,0.226,285,20
2026-07-02 01:23:00,0.01,315,20
2026-07-02 01:29:00,0.064,325,20
2026-07-02 01:35:00,0.043,308,20
2026-07-02 01:47:00,0.397,317,20
2026-07-02 01:53:00,0.41,326,20
2026-07-02 01:59:00,0.197,339,20
2026-07-02 02:05:00,0.215,338,20
2026-07-02 02:11:00,0.363,338,20
2026-07-02 02:17:00,0.457,341,20
2026-07-02 02:23:00,0.574,339,20
2026-07-02 02:29:00,0.551,335,20
2026-07-02 02:35:00,0.595,336,20
2026-07-02 02:41:00,0.529,339,20
2026-07-02 02:47:00,0.741,331,20
2026-07-02 02:53:00,0.585,340,20
2026-07-02 02:59:00,0.596,338,20
2026-07-02 03:05:00,0.717,330,20
2026-07-02 03:11:00,0.668,332,20
2026-07-02 03:17:00,0.659,330,20
2026-07-02 03:23:00,0.61,331,20
2026-07-02 03:29:00,0.671,329,20
2026-07-02 03:35:00,0.747,331,20
2026-07-02 03:41:00,0.821,329,20
2026-07-02 03:47:00,0.816,327,20
2026-07-02 03:53:00,0.924,328,20
2026-07-02 03:59:00,0.838,332,20
2026-07-02 04:05:00,0.888,336,20
2026-07-02 04:11:00,0.76,339,20
2026-07-02 04:17:00,0.863,337,20
2026-07-02 04:23:00,0.816,336,20
2026-07-02 04:29:00,0.854,332,20
2026-07-02 04:35:00,0.889,330,20
2026-07-02 04:41:00,0.804,330,20
2026-07-02 04:47:00,0.638,335,20
2026-07-02 04:53:00,0.645,338,20
2026-07-02 04:59:00,0.504,341,20
2026-07-02 05:05:00,0.423,338,20
2026-07-02 05:11:00,0.385,345,20
2026-07-02 05:17:00,0.409,330,20
2026-07-02 05:23:00,0.453,339,20
2026-07-02 05:29:00,0.456,336,20
2026-07-02 05:35:00,0.503,337,20
2026-07-02 05:41:00,0.405,337,20
2026-07-02 05:47:00,0.439,343,20
2026-07-02 05:53:00,0.378,340,20
2026-07-02 05:59:00,0.359,331,20
2026-07-02 06:05:00,0.146,337,20
2026-07-02 06:11:00,0.253,329,20
2026-07-02 06:17:00,0.261,335,20
2026-07-02 06:23:00,0.292,328,20
2026-07-02 06:35:00,0.266,332,20
2026-07-02 06:41:00,0.239,327,20
2026-07-02 06:47:00,0.196,325,20
2026-07-02 06:53:00,0.128,327,20
2026-07-02 06:59:00,0.124,327,20
2026-07-02 07:05:00,0.112,333,20
2026-07-02 07:11:00,0.118,335,20
2026-07-02 07:17:00,0.137,355,20
2026-07-02 07:23:00,0.157,346,20
2026-07-02 07:29:00,0.097,346,20
2026-07-02 07:35:00,0.016,101,20
2026-07-02 07:41:00,0.053,165,20
2026-07-02 07:47:00,0.142,163,20
2026-07-02 07:53:00,0.121,172,20
2026-07-02 07:59:00,0.128,157,20
2026-07-02 08:05:00,0.147,139,20
2026-07-02 08:11:00,0.096,133,20
2026-07-02 08:17:00,0.08,153,20
2026-07-02 08:23:00,0.077,135,20
2026-07-02 08:29:00,0.098,153,20
2026-07-02 08:35:00,0.159,146,20
2026-07-02 08:41:00,0.123,154,20
2026-07-02 08:47:00,0.147,159,20
2026-07-02 08:53:00,0.108,159,20
2026-07-02 08:59:00,0.137,154,20
2026-07-02 09:05:00,0.208,148,20
2026-07-02 09:11:00,0.142,149,20
2026-07-02 09:17:00,0.202,149,20
2026-07-02 09:23:00,0.266,144,20
2026-07-02 09:29:00,0.401,148,20
2026-07-02 09:35:00,0.307,145,20
2026-07-02 09:41:00,0.326,152,20
2026-07-02 09:47:00,0.308,158,20
2026-07-02 09:53:00,0.237,148,20
2026-07-02 09:59:00,0.252,142,20
2026-07-02 10:05:00,0.2,145,20
2026-07-02 10:17:00,0.42,140,20
2026-07-02 10:23:00,0.22,135,20
2026-07-02 10:29:00,0.43,146,20
2026-07-02 10:35:00,0.459,152,20
2026-07-02 10:47:00,0.561,142,20
2026-07-02 10:53:00,0.549,144,20
2026-07-02 10:59:00,0.523,146,20
2026-07-02 11:05:00,0.434,145,20
2026-07-02 11:11:00,0.313,147,20
2026-07-02 11:17:00,0.376,142,20
2026-07-02 11:23:00,0.426,141,20
2026-07-02 11:29:00,0.356,147,20
2026-07-02 11:35:00,0.4,142,20
2026-07-02 11:41:00,0.356,152,20
2026-07-02 11:47:00,0.575,145,20
2026-07-02 11:53:00,0.416,146,20
2026-07-02 11:59:00,0.426,144,20
2026-07-02 12:05:00,0.383,146,20
2026-07-02 12:11:00,0.454,143,20
2026-07-02 12:17:00,0.548,140,20
2026-07-02 12:23:00,0.512,139,20
2026-07-02 12:29:00,0.379,138,20
2026-07-02 12:35:00,0.467,136,20
2026-07-02 12:41:00,0.339,132,20
2026-07-02 12:47:00,0.355,123,20
2026-07-02 12:53:00,0.323,123,20
2026-07-02 12:59:00,0.26,117,20
2026-07-02 13:05:00,0.302,126,20
2026-07-02 13:11:00,0.272,131,20
2026-07-02 13:17:00,0.359,132,20
2026-07-02 13:23:00,0.121,75,20
2026-07-02 13:29:00,0.167,135,20
2026-07-02 13:41:00,0.22,144,20
2026-07-02 13:47:00,0.311,158,20
2026-07-02 13:53:00,0.154,130,20
2026-07-02 13:59:00,0.111,145,20
2026-07-02 14:05:00,0.043,149,20
2026-07-02 14:11:00,0.08,112,20
2026-07-02 14:17:00,0.113,179,20
2026-07-02 14:23:00,0.037,152,20
2026-07-02 14:29:00,0.082,93,20
2026-07-02 14:35:00,0.06,165,20
2026-07-02 14:47:00,0.056,77,20
2026-07-02 14:53:00,0.115,4,20
2026-07-02 14:59:00,0.127,1,20
2026-07-02 15:05:00,0.051,24,20
2026-07-02 15:11:00,0.324,344,20
2026-07-02 15:17:00,0.104,351,20
2026-07-02 15:23:00,0.137,345,20
2026-07-02 15:29:00,0.185,342,20
2026-07-02 15:35:00,0.154,326,20
2026-07-02 15:41:00,0.241,325,20
2026-07-02 15:47:00,0.231,325,20
2026-07-02 15:53:00,0.161,326,20
2026-07-02 15:59:00,0.231,321,20
2026-07-02 16:05:00,0.307,333,20
2026-07-02 16:11:00,0.323,334,20
2026-07-02 16:17:00,0.261,334,20
2026-07-02 16:23:00,0.322,341,20
2026-07-02 16:29:00,0.365,338,20
2026-07-02 16:35:00,0.338,337,20
2026-07-02 16:41:00,0.275,332,20
2026-07-02 16:47:00,0.328,337,20
2026-07-02 16:53:00,0.309,327,20
2026-07-02 16:59:00,0.42,336,20
2026-07-02 17:05:00,0.373,347,20
2026-07-02 17:11:00,0.319,338,20
2026-07-02 17:17:00,0.342,332,20
2026-07-02 17:23:00,0.419,337,20
2026-07-02 17:29:00,0.487,335,20
2026-07-02 17:35:00,0.574,333,20
2026-07-02 17:41:00,0.472,328,20
2026-07-02 17:47:00,0.208,309,20
2026-07-02 17:53:00,0.366,333,20
2026-07-02 17:59:00,0.262,326,20
2026-07-02 18:05:00,0.175,326,20
2026-07-02 18:11:00,0.049,253,20
2026-07-02 18:17:00,0.081,246,20
2026-07-02 18:23:00,0.053,241,20
2026-07-02 18:29:00,0.022,316,20
2026-07-02 18:35:00,0.074,303,20
2026-07-02 18:41:00,0.073,282,20
2026-07-02 18:47:00,0.02,248,20
2026-07-02 18:53:00,0.102,333,20
2026-07-02 18:59:00,0.064,184,20
2026-07-02 19:05:00,0.09,354,20
2026-07-02 19:11:00,0.113,332,20
2026-07-02 19:17:00,0.06,21,20
2026-07-02 19:23:00,0.09,351,20
2026-07-02 19:29:00,0.139,349,20
2026-07-02 19:35:00,0.1,3,20
2026-07-02 19:41:00,0.074,62,20
2026-07-02 19:47:00,0.066,28,20
2026-07-02 19:53:00,0.109,28,20
2026-07-02 19:59:00,0.097,95,20
2026-07-02 20:05:00,0.106,110,20
2026-07-02 20:11:00,0.06,71,20
2026-07-02 20:17:00,0.093,109,20
2026-07-02 20:23:00,0.13,95,20
2026-07-02 20:29:00,0.185,107,20
2026-07-02 20:35:00,0.16,106,20
2026-07-02 20:41:00,0.119,109,20
2026-07-02 20:47:00,0.093,113,20
2026-07-02 20:53:00,0.123,119,20
2026-07-02 20:59:00,0.167,132,20
2026-07-02 21:05:00,0.255,144,20
2026-07-02 21:11:00,0.273,142,20
2026-07-02 21:17:00,0.297,147,20
2026-07-02 21:23:00,0.336,147,20
2026-07-02 21:29:00,0.321,136,20
2026-07-02 21:35:00,0.264,137,20
2026-07-02 21:41:00,0.318,138,20
2026-07-02 21:47:00,0.321,146,20
2026-07-02 21:53:00,0.327,149,20
2026-07-02 21:59:00,0.362,147,20
2026-07-02 22:05:00,0.354,158,20
2026-07-02 22:11:00,0.368,155,20
2026-07-02 22:17:00,0.418,144,20
2026-07-02 22:23:00,0.419,151,20
2026-07-02 22:29:00,0.449,152,20
2026-07-02 22:35:00,0.373,151,20
2026-07-02 22:41:00,0.359,156,20
2026-07-02 22:47:00,0.387,159,20
2026-07-02 22:53:00,0.303,163,20
2026-07-02 22:59:00,0.303,157,20
2026-07-02 23:05:00,0.293,167,20
2026-07-02 23:11:00,0.354,149,20
2026-07-02 23:17:00,0.362,148,20
2026-07-02 23:23:00,0.362,138,20
2026-07-02 23:29:00,0.257,145,20
2026-07-02 23:35:00,0.272,148,20
2026-07-02 23:41:00,0.225,157,20
2026-07-02 23:47:00,0.253,149,20
2026-07-02 23:53:00,0.224,154,20
2026-07-02 23:59:00,0.249,149,20
2026-07-03 00:05:00,0.16,153,20
2026-07-03 00:11:00,0.165,149,20
2026-07-03 00:17:00,0.058,158,20
2026-07-03 00:23:00,0.035,166,20
2026-07-03 00:29:00,0.043,157,20
2026-07-03 00:35:00,0.204,329,20
2026-07-03 00:41:00,0.205,359,20
2026-07-03 00:47:00,0.037,308,20
2026-07-03 00:53:00,0.124,301,20
2026-07-03 00:59:00,0.201,331,20
2026-07-03 01:05:00,0.19,338,20
2026-07-03 01:11:00,0.115,345,20
2026-07-03 01:23:00,0.48,318,20
2026-07-03 01:29:00,0.572,334,20
2026-07-03 01:35:00,0.558,327,20
2026-07-03 01:41:00,0.536,336,20
2026-07-03 01:47:00,0.208,330,20
2026-07-03 01:53:00,0.26,338,20
2026-07-03 01:59:00,0.249,342,20
2026-07-03 02:05:00,0.189,353,20
2026-07-03 02:11:00,0.234,349,20
2026-07-03 02:17:00,0.193,349,20
2026-07-03 02:23:00,0.293,343,20
2026-07-03 02:29:00,0.289,344,20
2026-07-03 02:35:00,0.338,341,20
2026-07-03 02:41:00,0.329,346,20
2026-07-03 02:47:00,0.336,346,20
2026-07-03 02:53:00,0.366,344,20
2026-07-03 02:59:00,0.405,341,20
2026-07-03 03:05:00,0.42,342,20
2026-07-03 03:11:00,0.386,343,20
2026-07-03 03:17:00,0.426,338,20
2026-07-03 03:23:00,0.554,335,20
2026-07-03 03:29:00,0.757,329,20
2026-07-03 03:35:00,0.793,327,20
2026-07-03 03:41:00,0.783,326,20
2026-07-03 03:47:00,0.842,325,20
2026-07-03 03:53:00,0.837,329,20
2026-07-03 03:59:00,0.825,329,20
2026-07-03 04:05:00,0.88,337,20
2026-07-03 04:11:00,0.871,336,20
2026-07-03 04:17:00,0.909,335,20
2026-07-03 04:23:00,0.808,337,20
2026-07-03 04:29:00,1.044,332,20
2026-07-03 04:35:00,1.151,327,20
2026-07-03 04:41:00,1.022,327,20
2026-07-03 04:47:00,0.971,329,20
2026-07-03 04:53:00,0.99,328,20
2026-07-03 04:59:00,0.873,329,20
2026-07-03 05:05:00,0.737,332,20
2026-07-03 05:11:00,0.694,331,20
2026-07-03 05:17:00,0.696,331,20
2026-07-03 05:23:00,0.78,329,20
2026-07-03 05:29:00,0.703,329,20
2026-07-03 05:35:00,0.806,329,20
2026-07-03 05:41:00,0.698,331,20
2026-07-03 05:47:00,0.74,316,20
2026-07-03 05:53:00,0.814,330,20
2026-07-03 05:59:00,0.598,342,20
2026-07-03 06:05:00,0.603,343,20
2026-07-03 06:11:00,0.451,345,20
2026-07-03 06:17:00,0.431,338,20
2026-07-03 06:23:00,0.347,334,20
2026-07-03 06:29:00,0.22,344,20
2026-07-03 06:35:00,0.228,344,20
2026-07-03 06:41:00,0.218,323,20
2026-07-03 06:47:00,0.106,336,20
2026-07-03 06:53:00,0.326,168,20
2026-07-03 06:59:00,0.279,182,20
2026-07-03 07:05:00,0.263,178,20
2026-07-03 07:11:00,0.718,351,20
2026-07-03 07:17:00,0.402,353,20
2026-07-03 07:23:00,0.218,334,20
2026-07-03 07:29:00,0.088,212,20
2026-07-03 07:35:00,0.188,340,20
2026-07-03 07:41:00,0.09,329,20
2026-07-03 07:47:00,0.041,59,20
2026-07-03 07:53:00,0.072,127,20
2026-07-03 07:59:00,0.077,68,20
2026-07-03 08:05:00,0.113,35,20
2026-07-03 08:11:00,0.143,63,20
2026-07-03 08:17:00,0.118,84,20
2026-07-03 08:23:00,0.13,88,20
2026-07-03 08:29:00,0.136,47,20
2026-07-03 08:35:00,0.252,7,20
2026-07-03 08:41:00,0.115,18,20
2026-07-03 08:47:00,0.175,17,20
2026-07-03 08:53:00,0.133,64,20
2026-07-03 08:59:00,0.251,144,20
2026-07-03 09:05:00,0.258,155,20
2026-07-03 09:11:00,0.13,146,20
2026-07-03 09:17:00,0.103,150,20
2026-07-03 09:23:00,0.08,128,20
2026-07-03 09:29:00,0.116,138,20
2026-07-03 09:35:00,0.074,140,20
2026-07-03 09:41:00,0.258,156,20
2026-07-03 09:47:00,0.147,169,20
2026-07-03 09:53:00,0.14,155,20
2026-07-03 09:59:00,0.229,145,20
2026-07-03 10:05:00,0.211,152,20
2026-07-03 10:11:00,0.251,157,20
2026-07-03 10:17:00,0.19,164,20
2026-07-03 10:23:00,0.278,140,20
2026-07-03 10:29:00,0.144,137,20
2026-07-03 10:35:00,0.152,128,20
2026-07-03 10:41:00,0.129,139,20
2026-07-03 10:47:00,0.14,134,20
2026-07-03 10:53:00,0.224,135,20
2026-07-03 10:59:00,0.141,134,20
2026-07-03 11:05:00,0.109,118,20
2026-07-03 11:11:00,0.157,129,20
2026-07-03 11:17:00,0.15,105,20
2026-07-03 11:23:00,0.189,138,20
2026-07-03 11:29:00,0.178,126,20
2026-07-03 11:35:00,0.259,143,20
2026-07-03 11:41:00,0.17,139,20
2026-07-03 11:47:00,0.183,149,20
2026-07-03 11:59:00,0.243,147,20
2026-07-03 12:05:00,0.201,141,20
2026-07-03 12:11:00,0.216,147,20
2026-07-03 12:17:00,0.163,145,20
2026-07-03 12:23:00,0.117,146,20
2026-07-03 12:29:00,0.156,147,20
2026-07-03 12:35:00,0.164,142,20
2026-07-03 12:41:00,0.208,144,20
2026-07-03 12:47:00,0.275,135,20
2026-07-03 12:53:00,0.38,135,20
2026-07-03 12:59:00,0.282,133,20
2026-07-03 13:05:00,0.272,135,20
2026-07-03 13:11:00,0.149,293,20
2026-07-03 13:17:00,0.14,143,20
2026-07-03 13:23:00,0.223,140,20
2026-07-03 13:29:00,0.176,154,20
2026-07-03 13:35:00,0.239,144,20
2026-07-03 13:41:00,0.119,158,20
2026-07-03 13:47:00,0.262,141,20
2026-07-03 13:53:00,0.261,149,20
2026-07-03 13:59:00,0.235,153,20
2026-07-03 14:05:00,0.257,147,20
2026-07-03 14:11:00,0.158,165,20
2026-07-03 14:17:00,0.179,155,20
2026-07-03 14:23:00,0.274,137,20
2026-07-03 14:29:00,0.155,138,20
2026-07-03 14:35:00,0.332,136,20
2026-07-03 14:41:00,0.18,140,20
2026-07-03 14:47:00,0.035,156,20
2026-07-03 14:53:00,0.002,326,20
2026-07-03 14:59:00,0.027,150,20
2026-07-03 15:05:00,0.061,177,20
2026-07-03 15:11:00,0.036,131,20
2026-07-03 15:17:00,0.073,168,20
2026-07-03 15:23:00,0.032,24,20
2026-07-03 15:29:00,0.077,195,20
2026-07-03 15:35:00,0.031,229,20
2026-07-03 15:41:00,0.055,318,20
2026-07-03 15:47:00,0.137,321,20
2026-07-03 15:53:00,0.161,346,20
2026-07-03 15:59:00,0.166,342,20
2026-07-03 16:05:00,0.257,334,20
2026-07-03 16:11:00,0.278,334,20
2026-07-03 16:17:00,0.272,326,20
2026-07-03 16:23:00,0.297,332,20
2026-07-03 16:29:00,0.169,318,20
2026-07-03 16:35:00,0.222,328,20
2026-07-03 16:41:00,0.133,308,20
2026-07-03 16:47:00,0.148,322,20
2026-07-03 16:53:00,0.144,303,20
2026-07-03 16:59:00,0.176,310,20
2026-07-03 17:05:00,0.16,324,20
2026-07-03 17:11:00,0.152,312,20
2026-07-03 17:17:00,0.118,306,20
2026-07-03 17:23:00,0.202,316,20
2026-07-03 17:29:00,0.241,323,20
2026-07-03 17:35:00,0.29,327,20
2026-07-03 17:41:00,0.26,326,20
2026-07-03 17:47:00,0.298,337,20
2026-07-03 17:59:00,0.178,320,20
2026-07-03 18:05:00,0.191,318,20
2026-07-03 18:11:00,0.261,328,20
2026-07-03 18:17:00,0.297,340,20
2026-07-03 18:23:00,0.409,345,20
2026-07-03 18:29:00,0.314,340,20
2026-07-03 18:35:00,0.358,341,20
2026-07-03 18:41:00,0.384,348,20
2026-07-03 18:47:00,0.314,356,20
2026-07-03 18:53:00,0.317,351,20
2026-07-03 18:59:00,0.4,350,20
2026-07-03 19:05:00,0.126,348,20
2026-07-03 19:11:00,0.128,351,20
2026-07-03 19:17:00,0.358,343,20
2026-07-03 19:23:00,0.197,355,20
2026-07-03 19:29:00,0.162,342,20
2026-07-03 19:35:00,0.212,340,20
2026-07-03 19:41:00,0.065,15,20
2026-07-03 19:47:00,0.097,31,20
2026-07-03 19:53:00,0.275,352,20
2026-07-03 19:59:00,0.148,26,20
2026-07-03 20:05:00,0.258,3,20
2026-07-03 20:11:00,0.078,12,20
2026-07-03 20:17:00,0.091,349,20
2026-07-03 20:23:00,0.036,110,20
2026-07-03 20:29:00,0.172,177,20
2026-07-03 20:35:00,0.131,186,20
2026-07-03 20:41:00,0.18,178,20
2026-07-03 20:47:00,0.18,179,20
2026-07-03 20:53:00,0.111,176,20
2026-07-03 21:05:00,0.191,349,20
2026-07-03 21:11:00,0.117,350,20
2026-07-03 21:17:00,0.028,134,20
2026-07-03 21:23:00,0.074,149,20
2026-07-03 21:29:00,0.166,160,20
2026-07-03 21:35:00,0.255,157,20
2026-07-03 21:47:00,0.094,114,20
2026-07-03 21:53:00,0.134,136,20
2026-07-03 21:59:00,0.185,155,20
2026-07-03 22:05:00,0.356,161,20
2026-07-03 22:11:00,0.319,156,20
2026-07-03 22:17:00,0.267,165,20
2026-07-03 22:23:00,0.208,155,20
2026-07-03 22:29:00,0.522,168,20
2026-07-03 22:35:00,0.16,160,20
2026-07-03 22:41:00,0.071,157,20
2026-07-03 22:47:00,0.238,162,20
2026-07-03 22:53:00,0.142,156,20
2026-07-03 22:59:00,0.196,158,20
2026-07-03 23:05:00,0.202,146,20
2026-07-03 23:11:00,0.191,108,20
2026-07-03 23:17:00,0.228,149,20
2026-07-03 23:23:00,0.103,145,20
2026-07-03 23:29:00,0.056,70,20
2026-07-03 23:35:00,0.187,146,20
2026-07-03 23:41:00,0.312,156,20
2026-07-03 23:47:00,0.185,143,20
2026-07-03 23:53:00,0.194,128,20
2026-07-03 23:59:00,0.062,122,20
2026-07-04 00:05:00,0.158,156,20
2026-07-04 00:11:00,0.222,154,20
2026-07-04 00:17:00,0.257,149,20
2026-07-04 00:23:00,0.247,155,20
2026-07-04 00:29:00,0.342,147,20
2026-07-04 00:35:00,0.313,153,20
2026-07-04 00:41:00,0.361,151,20
2026-07-04 00:47:00,0.334,157,20
2026-07-04 00:53:00,0.393,153,20
2026-07-04 00:59:00,0.389,158,20
2026-07-04 01:05:00,0.475,148,20
2026-07-04 01:11:00,0.384,151,20
2026-07-04 01:17:00,0.405,149,20
2026-07-04 01:23:00,0.214,139,20
2026-07-04 01:29:00,0.224,149,20
2026-07-04 01:35:00,0.113,130,20
2026-07-04 01:41:00,0.128,127,20
2026-07-04 01:47:00,0.113,146,20
2026-07-04 01:53:00,0.196,146,20
2026-07-04 01:59:00,0.168,140,20
2026-07-04 02:05:00,0.006,128,20
2026-07-04 02:11:00,0.082,124,20
2026-07-04 02:17:00,0.048,45,20
2026-07-04 02:23:00,0.062,108,20
2026-07-04 02:29:00,0.079,36,20
2026-07-04 02:35:00,0.225,347,20
2026-07-04 02:41:00,0.353,346,20
2026-07-04 02:47:00,0.415,348,20
2026-07-04 02:53:00,0.428,353,20
2026-07-04 02:59:00,0.52,351,20
2026-07-04 03:05:00,0.578,350,20
2026-07-04 03:11:00,0.363,334,20
2026-07-04 03:17:00,0.592,335,20
2026-07-04 03:23:00,0.584,336,20
2026-07-04 03:29:00,0.759,344,20
2026-07-04 03:35:00,0.756,340,20
2026-07-04 03:41:00,0.654,339,20
2026-07-04 03:47:00,0.718,339,20
2026-07-04 03:53:00,0.713,342,20
2026-07-04 03:59:00,0.69,341,20
2026-07-04 04:05:00,0.693,341,20
2026-07-04 04:11:00,0.851,341,20
2026-07-04 04:17:00,0.94,340,20
2026-07-04 04:23:00,0.827,339,20
2026-07-04 04:29:00,0.79,337,20
2026-07-04 04:35:00,0.792,335,20
2026-07-04 04:41:00,0.698,338,20
2026-07-04 04:47:00,0.816,333,20
2026-07-04 04:53:00,1.069,333,20
2026-07-04 04:59:00,1.006,331,20
2026-07-04 05:05:00,1.174,329,20
2026-07-04 05:11:00,0.833,335,20
2026-07-04 05:17:00,0.834,338,20
2026-07-04 05:23:00,0.807,333,20
2026-07-04 05:29:00,0.849,335,20
2026-07-04 05:35:00,0.782,337,20
2026-07-04 05:41:00,0.764,339,20
2026-07-04 05:47:00,0.862,333,20
2026-07-04 05:53:00,0.76,342,20
2026-07-04 05:59:00,0.828,337,20
2026-07-04 06:05:00,0.857,337,20
2026-07-04 06:11:00,0.66,336,20
2026-07-04 06:17:00,0.465,343,20
2026-07-04 06:23:00,0.434,342,20
2026-07-04 06:41:00,0.332,342,20
2026-07-04 06:47:00,0.236,337,20
2026-07-04 06:59:00,0.194,338,20
2026-07-04 07:05:00,0.174,347,20
2026-07-04 07:11:00,0.169,336,20
2026-07-04 07:23:00,0.272,336,20
2026-07-04 07:29:00,0.161,341,20
2026-07-04 07:35:00,0.148,330,20
2026-07-04 07:41:00,0.052,313,20
2026-07-04 07:47:00,0.076,344,20
2026-07-04 07:59:00,0.111,338,20
2026-07-04 08:05:00,0.099,354,20
2026-07-04 08:17:00,0.119,339,20
2026-07-04 08:23:00,0.111,346,20
2026-07-04 08:35:00,0.035,326,20
2026-07-04 08:41:00,0.041,346,20
2026-07-04 08:47:00,0.009,353,20
2026-07-04 08:53:00,0.023,346,20
2026-07-04 08:59:00,0.069,344,20
2026-07-04 09:05:00,0.117,343,20
2026-07-04 09:11:00,0.027,65,20
2026-07-04 09:17:00,0.07,116,20
2026-07-04 09:23:00,0.109,134,20
2026-07-04 09:29:00,0.131,142,20
2026-07-04 09:35:00,0.195,150,20
2026-07-04 09:41:00,0.142,161,20
2026-07-04 09:47:00,0.144,160,20
2026-07-04 09:53:00,0.111,168,20
2026-07-04 09:59:00,0.132,160,20
2026-07-04 10:05:00,0.188,158,20
2026-07-04 10:11:00,0.176,163,20
2026-07-04 10:17:00,0.238,156,20
2026-07-04 10:23:00,0.163,159,20
2026-07-04 10:29:00,0.292,158,20
2026-07-04 10:35:00,0.308,144,20
2026-07-04 10:47:00,0.248,165,20
2026-07-04 10:53:00,0.285,164,20
2026-07-04 10:59:00,0.209,159,20
2026-07-04 11:05:00,0.238,162,20
2026-07-04 11:11:00,0.246,158,20
2026-07-04 11:17:00,0.225,146,20
2026-07-04 11:23:00,0.246,151,20
2026-07-04 11:29:00,0.272,149,20
2026-07-04 11:35:00,0.284,146,20
2026-07-04 11:41:00,0.224,141,20
2026-07-04 11:47:00,0.286,146,20
2026-07-04 11:53:00,0.266,145,20
2026-07-04 11:59:00,0.251,149,20
2026-07-04 12:05:00,0.198,131,20
2026-07-04 12:11:00,0.311,155,20
2026-07-04 12:17:00,0.35,155,20
2026-07-04 12:23:00,0.331,161,20
2026-07-04 12:29:00,0.314,160,20
2026-07-04 12:35:00,0.299,163,20
2026-07-04 12:41:00,0.316,158,20
2026-07-04 12:47:00,0.345,159,20
2026-07-04 12:53:00,0.349,167,20
2026-07-04 12:59:00,0.273,162,20
2026-07-04 13:05:00,0.333,161,20
2026-07-04 13:11:00,0.597,147,20
2026-07-04 13:17:00,0.495,153,20
2026-07-04 13:23:00,0.495,155,20
2026-07-04 13:29:00,0.443,164,20
2026-07-04 13:35:00,0.424,159,20
2026-07-04 13:41:00,0.43,156,20
2026-07-04 13:59:00,0.353,166,20
2026-07-04 14:05:00,0.314,161,20
2026-07-04 14:11:00,0.383,149,20
2026-07-04 14:17:00,0.384,159,20
2026-07-04 14:23:00,0.238,162,20
2026-07-04 14:29:00,0.255,159,20
2026-07-04 14:35:00,0.2,158,20
2026-07-04 14:41:00,0.195,150,20
2026-07-04 14:47:00,0.137,138,20
2026-07-04 14:53:00,0.166,140,20
2026-07-04 14:59:00,0.172,151,20
2026-07-04 15:05:00,0.169,156,20
2026-07-04 15:11:00,0.214,160,20
2026-07-04 15:17:00,0.16,141,20
2026-07-04 15:23:00,0.127,135,20
2026-07-04 15:29:00,0.166,150,20
2026-07-04 15:35:00,0.096,142,20
2026-07-04 15:41:00,0.078,149,20
2026-07-04 15:47:00,0.153,155,20
2026-07-04 15:53:00,0.118,155,20
2026-07-04 15:59:00,0.074,165,20
2026-07-04 16:05:00,0.061,139,20
2026-07-04 16:11:00,0.06,95,20
2026-07-04 16:17:00,0.044,24,20
2026-07-04 16:23:00,0.055,96,20
2026-07-04 16:29:00,0.082,324,20
2026-07-04 16:35:00,0.14,325,20
2026-07-04 16:41:00,0.215,297,20
2026-07-04 16:47:00,0.131,294,20
2026-07-04 16:53:00,0.24,290,20
2026-07-04 16:59:00,0.178,298,20
2026-07-04 17:05:00,0.197,314,20
2026-07-04 17:11:00,0.232,322,20
2026-07-04 17:17:00,0.266,326,20
2026-07-04 17:23:00,0.327,334,20
2026-07-04 17:29:00,0.315,329,20
2026-07-04 17:35:00,0.299,337,20
2026-07-04 17:41:00,0.429,337,20
2026-07-04 17:47:00,0.429,337,20
2026-07-04 17:53:00,0.455,334,20
2026-07-04 17:59:00,0.339,338,20
2026-07-04 18:05:00,0.419,344,20
2026-07-04 18:11:00,0.319,339,20
2026-07-04 18:17:00,0.305,335,20
2026-07-04 18:23:00,0.398,341,20
2026-07-04 18:29:00,0.375,347,20
2026-07-04 18:35:00,0.372,347,20
2026-07-04 18:41:00,0.56,344,20
2026-07-04 18:47:00,0.475,346,20
2026-07-04 18:53:00,0.536,342,20
2026-07-04 18:59:00,0.486,342,20
2026-07-04 19:05:00,0.464,338,20
2026-07-04 19:11:00,0.516,341,20
2026-07-04 19:17:00,0.54,344,20
2026-07-04 19:23:00,0.307,351,20
2026-07-04 19:29:00,0.249,341,20
2026-07-04 19:35:00,0.222,338,20
2026-07-04 19:41:00,0.135,339,20
2026-07-04 19:47:00,0.083,337,20
2026-07-04 19:53:00,0.09,333,20
2026-07-04 19:59:00,0.095,325,20
2026-07-04 20:05:00,0.098,333,20
2026-07-04 20:11:00,0.188,334,20
2026-07-04 20:17:00,0.147,332,20
2026-07-04 20:23:00,0.049,326,20
2026-07-04 20:29:00,0.033,2,20
2026-07-04 20:35:00,0.072,320,20
2026-07-04 20:41:00,0.016,319,20
2026-07-04 20:47:00,0.079,342,20
2026-07-04 20:53:00,0.144,336,20
2026-07-04 20:59:00,0.098,7,20
2026-07-04 21:05:00,0.085,354,20
2026-07-04 21:11:00,0.129,342,20
2026-07-04 21:17:00,0.082,3,20
2026-07-04 21:23:00,0.031,218,20
2026-07-04 21:29:00,0.082,185,20
2026-07-04 21:35:00,0.084,172,20
2026-07-04 21:41:00,0.063,174,20
2026-07-04 21:47:00,0.096,168,20
2026-07-04 21:53:00,0.11,164,20
2026-07-04 21:59:00,0.207,157,20
2026-07-04 22:05:00,0.201,151,20
2026-07-04 22:11:00,0.14,124,20
2026-07-04 22:17:00,0.133,140,20
2026-07-04 22:23:00,0.18,115,20
2026-07-04 22:29:00,0.112,95,20
2026-07-04 22:35:00,0.158,126,20
2026-07-04 22:41:00,0.133,128,20
2026-07-04 22:47:00,0.148,143,20
2026-07-04 22:53:00,0.294,140,20
2026-07-04 22:59:00,0.326,141,20
2026-07-04 23:05:00,0.255,134,20
2026-07-04 23:11:00,0.201,130,20
2026-07-04 23:17:00,0.349,122,20
2026-07-04 23:23:00,0.394,119,20
2026-07-04 23:29:00,0.451,126,20
2026-07-04 23:35:00,0.428,132,20
2026-07-04 23:41:00,0.519,127,20
2026-07-04 23:47:00,0.602,136,20
2026-07-04 23:53:00,0.641,139,20
2026-07-04 23:59:00,0.767,143,20
2026-07-05 00:05:00,0.671,138,20
2026-07-05 00:11:00,0.623,144,20
2026-07-05 00:17:00,0.734,140,20
2026-07-05 00:23:00,0.829,144,20
2026-07-05 00:29:00,0.725,134,20
2026-07-05 00:35:00,0.873,135,20
2026-07-05 00:41:00,0.785,138,20
2026-07-05 00:47:00,0.658,141,20
2026-07-05 00:53:00,0.802,139,20
2026-07-05 00:59:00,0.875,139,20
2026-07-05 01:05:00,0.807,142,20
2026-07-05 01:11:00,0.813,134,20
2026-07-05 01:17:00,0.711,141,20
2026-07-05 01:23:00,0.717,139,20
2026-07-05 01:29:00,0.615,140,20
2026-07-05 01:35:00,0.461,144,20
2026-07-05 01:41:00,0.196,163,20
2026-07-05 01:47:00,0.252,123,20
2026-07-05 01:53:00,0.075,163,20
2026-07-05 01:59:00,0.041,127,20
2026-07-05 02:05:00,0.152,35,20
2026-07-05 02:11:00,0.123,50,20
2026-07-05 02:17:00,0.237,124,20
2026-07-05 02:23:00,0.079,92,20
2026-07-05 02:29:00,0.211,137,20
2026-07-05 02:35:00,0.198,127,20
2026-07-05 02:41:00,0.241,130,20
2026-07-05 02:47:00,0.199,128,20
2026-07-05 02:53:00,0.17,136,20
2026-07-05 02:59:00,0.059,66,20
2026-07-05 03:05:00,0.189,124,20
2026-07-05 03:11:00,0.13,130,20
2026-07-05 03:17:00,0.112,132,20
2026-07-05 03:23:00,0.105,144,20
2026-07-05 03:29:00,0.054,146,20
2026-07-05 03:41:00,0.066,25,20
2026-07-05 03:47:00,0.128,358,20
2026-07-05 03:53:00,0.174,357,20
2026-07-05 03:59:00,0.161,346,20
2026-07-05 04:05:00,0.212,342,20
2026-07-05 04:11:00,0.237,341,20
2026-07-05 04:17:00,0.3,336,20
2026-07-05 04:23:00,0.228,329,20
2026-07-05 04:29:00,0.242,331,20
2026-07-05 04:35:00,0.329,327,20
2026-07-05 04:41:00,0.297,332,20
2026-07-05 04:47:00,0.295,339,20
2026-07-05 04:53:00,0.303,346,20
2026-07-05 04:59:00,0.327,343,20
2026-07-05 05:05:00,0.337,344,20
2026-07-05 05:11:00,0.335,348,20
2026-07-05 05:17:00,0.36,345,20
2026-07-05 05:23:00,0.347,345,20
2026-07-05 05:29:00,0.397,344,20
2026-07-05 05:35:00,0.495,339,20
2026-07-05 05:41:00,0.511,336,20
2026-07-05 05:47:00,0.699,336,20
2026-07-05 05:53:00,0.716,345,20
2026-07-05 05:59:00,0.625,345,20
2026-07-05 06:05:00,0.659,347,20
2026-07-05 06:11:00,0.749,328,20
2026-07-05 06:17:00,0.949,323,20
2026-07-05 06:23:00,1.106,327,20
2026-07-05 06:29:00,0.818,342,20
2026-07-05 06:35:00,0.792,341,20
2026-07-05 06:41:00,0.849,334,20
2026-07-05 06:47:00,0.556,332,20
2026-07-05 06:53:00,0.471,338,20
2026-07-05 06:59:00,0.585,326,20
2026-07-05 07:05:00,0.523,328,20
2026-07-05 07:11:00,0.558,324,20
2026-07-05 07:17:00,0.486,329,20
2026-07-05 07:23:00,0.439,336,20
2026-07-05 07:29:00,0.398,344,20
2026-07-05 07:35:00,0.372,344,20
2026-07-05 07:41:00,0.283,347,20
2026-07-05 07:47:00,0.247,344,20
2026-07-05 07:53:00,0.202,348,20
2026-07-05 07:59:00,0.255,337,20
2026-07-05 08:05:00,0.199,339,20
2026-07-05 08:11:00,0.241,346,20
2026-07-05 08:17:00,0.151,347,20
2026-07-05 08:23:00,0.222,335,20
2026-07-05 08:29:00,0.219,341,20
2026-07-05 08:35:00,0.211,339,20
2026-07-05 08:41:00,0.101,346,20
2026-07-05 08:47:00,0.114,347,20
2026-07-05 08:53:00,0.094,340,20
2026-07-05 08:59:00,0.085,337,20
2026-07-05 09:11:00,0.037,128,20
2026-07-05 09:17:00,0.018,286,20
2026-07-05 09:23:00,0.023,236,20
2026-07-05 09:29:00,0.03,197,20
2026-07-05 09:35:00,0.041,144,20
2026-07-05 09:41:00,0.026,159,20
2026-07-05 09:47:00,0.034,115,20
2026-07-05 09:53:00,0.03,80,20
2026-07-05 09:59:00,0.064,123,20
2026-07-05 10:05:00,0.038,168,20
2026-07-05 10:11:00,0.028,96,20
2026-07-05 10:17:00,0.016,56,20
2026-07-05 10:23:00,0.036,134,20
2026-07-05 10:29:00,0.14,145,20
2026-07-05 10:35:00,0.233,157,20
2026-07-05 10:41:00,0.276,147,20
2026-07-05 10:47:00,0.159,162,20
2026-07-05 10:53:00,0.15,176,20
2026-07-05 10:59:00,0.21,148,20
2026-07-05 11:05:00,0.158,160,20
2026-07-05 11:11:00,0.137,176,20
2026-07-05 11:17:00,0.234,164,20
2026-07-05 11:23:00,0.247,159,20
2026-07-05 11:29:00,0.338,146,20
2026-07-05 11:35:00,0.176,160,20
2026-07-05 11:41:00,0.169,174,20
2026-07-05 11:47:00,0.242,165,20
2026-07-05 11:53:00,0.193,142,20
2026-07-05 11:59:00,0.307,148,20
2026-07-05 12:05:00,0.375,145,20
2026-07-05 12:11:00,0.447,156,20
2026-07-05 12:17:00,0.49,144,20
2026-07-05 12:23:00,0.515,145,20
2026-07-05 12:29:00,0.365,152,20
2026-07-05 12:35:00,0.462,151,20
2026-07-05 12:41:00,0.454,149,20
2026-07-05 12:47:00,0.454,150,20
2026-07-05 12:53:00,0.484,148,20
2026-07-05 12:59:00,0.379,151,20
2026-07-05 13:05:00,0.466,151,20
2026-07-05 13:11:00,0.629,143,20
2026-07-05 13:17:00,0.591,144,20
2026-07-05 13:23:00,0.583,142,20
2026-07-05 13:29:00,0.586,143,20
2026-07-05 13:35:00,0.603,146,20
2026-07-05 13:41:00,0.625,143,20
2026-07-05 13:47:00,0.634,144,20
2026-07-05 13:53:00,0.627,143,20
2026-07-05 13:59:00,0.605,145,20
2026-07-05 14:05:00,0.574,144,20
2026-07-05 14:11:00,0.561,143,20
2026-07-05 14:17:00,0.534,142,20
2026-07-05 14:23:00,0.464,142,20
2026-07-05 14:29:00,0.363,141,20
2026-07-05 14:35:00,0.388,139,20
2026-07-05 14:41:00,0.236,135,20
2026-07-05 14:47:00,0.202,139,20
2026-07-05 14:53:00,0.069,137,20
2026-07-05 14:59:00,0.104,114,20
2026-07-05 15:05:00,0.125,136,20
2026-07-05 15:11:00,0.05,31,20
2026-07-05 15:17:00,0.075,18,20
2026-07-05 15:23:00,0.111,12,20
2026-07-05 15:29:00,0.074,113,20
2026-07-05 15:35:00,0.05,95,20
2026-07-05 15:41:00,0.134,111,20
2026-07-05 15:47:00,0.094,359,20
2026-07-05 15:53:00,0.187,328,20
2026-07-05 15:59:00,0.142,337,20
2026-07-05 16:05:00,0.173,338,20
2026-07-05 16:11:00,0.177,335,20
2026-07-05 16:17:00,0.193,331,20
2026-07-05 16:23:00,0.251,334,20
2026-07-05 16:29:00,0.298,328,20
2026-07-05 16:35:00,0.326,321,20
2026-07-05 16:41:00,0.363,321,20
2026-07-05 16:47:00,0.323,324,20
2026-07-05 16:53:00,0.265,323,20
2026-07-05 16:59:00,0.329,325,20
2026-07-05 17:05:00,0.32,331,20
2026-07-05 17:11:00,0.347,334,20
2026-07-05 17:17:00,0.318,342,20
2026-07-05 17:23:00,0.376,335,20
2026-07-05 17:29:00,0.434,334,20
2026-07-05 17:35:00,0.298,324,20
2026-07-05 17:41:00,0.495,335,20
2026-07-05 17:47:00,0.489,339,20
2026-07-05 17:53:00,0.445,335,20
2026-07-05 17:59:00,0.395,341,20
2026-07-05 18:05:00,0.493,338,20
2026-07-05 18:11:00,0.411,337,20
2026-07-05 18:17:00,0.512,339,20
2026-07-05 18:23:00,0.431,334,20
2026-07-05 18:29:00,0.496,337,20
2026-07-05 18:35:00,0.485,336,20
2026-07-05 18:41:00,0.559,330,20
2026-07-05 18:47:00,0.469,325,20
2026-07-05 18:53:00,0.63,331,20
2026-07-05 18:59:00,0.75,333,20
2026-07-05 19:11:00,0.828,335,20
2026-07-05 19:17:00,0.701,335,20
2026-07-05 19:23:00,0.671,336,20
2026-07-05 19:29:00,0.731,343,20
2026-07-05 19:35:00,0.8,343,20
2026-07-05 19:41:00,0.744,347,20
2026-07-05 19:47:00,0.731,345,20
2026-07-05 19:53:00,0.695,344,20
2026-07-05 19:59:00,0.635,342,20
2026-07-05 20:05:00,0.577,343,20
2026-07-05 20:11:00,0.507,347,20
2026-07-05 20:17:00,0.504,347,20
2026-07-05 20:23:00,0.415,348,20
2026-07-05 20:29:00,0.377,345,20
2026-07-05 20:35:00,0.122,326,20
2026-07-05 20:41:00,0.242,12,20
2026-07-05 20:47:00,0.213,351,20
2026-07-05 20:53:00,0.299,346,20
2026-07-05 20:59:00,0.228,349,20
2026-07-05 21:05:00,0.202,343,20
2026-07-05 21:11:00,0.025,204,20
2026-07-05 21:17:00,0.117,337,20
2026-07-05 21:23:00,0.134,342,20
2026-07-05 21:29:00,0.154,329,20
2026-07-05 21:35:00,0.023,256,20
2026-07-05 21:41:00,0.18,157,20
2026-07-05 21:47:00,0.017,111,20
2026-07-05 21:53:00,0.171,156,20
2026-07-05 22:05:00,0.338,149,20
2026-07-05 22:11:00,0.237,136,20
2026-07-05 22:17:00,0.043,141,20
2026-07-05 22:23:00,0.067,103,20
2026-07-05 22:29:00,0.031,64,20
2026-07-05 22:35:00,0.029,104,20
2026-07-05 22:41:00,0.084,125,20
2026-07-05 22:47:00,0.014,155,20
2026-07-05 22:53:00,0.079,351,20
2026-07-05 22:59:00,0.008,146,20
2026-07-05 23:05:00,0.121,141,20
2026-07-05 23:11:00,0.021,98,20
2026-07-05 23:17:00,0.151,159,20
2026-07-05 23:23:00,0.173,1,20
2026-07-05 23:29:00,0.225,152,20
2026-07-05 23:35:00,0.154,141,20
2026-07-05 23:41:00,0.332,152,20
2026-07-05 23:47:00,0.283,136,20
2026-07-05 23:53:00,0.355,154,20
2026-07-05 23:59:00,0.525,152,20
2026-07-06 00:05:00,0.36,142,20
2026-07-06 00:11:00,0.286,149,20
2026-07-06 00:17:00,0.367,147,20
2026-07-06 00:23:00,0.329,150,20
2026-07-06 00:29:00,0.258,159,20
2026-07-06 00:35:00,0.441,155,20
2026-07-06 00:41:00,0.317,161,20
2026-07-06 00:47:00,0.307,152,20
2026-07-06 00:53:00,0.258,138,20
2026-07-06 00:59:00,0.33,146,20
2026-07-06 01:05:00,0.288,150,20
2026-07-06 01:11:00,0.43,157,20
2026-07-06 01:17:00,0.486,156,20
2026-07-06 01:23:00,0.436,153,20
2026-07-06 01:29:00,0.381,148,20
2026-07-06 01:35:00,0.314,142,20
2026-07-06 01:41:00,0.383,140,20
2026-07-06 01:47:00,0.284,144,20
2026-07-06 01:53:00,0.309,138,20
2026-07-06 01:59:00,0.281,135,20
2026-07-06 02:05:00,0.274,137,20
2026-07-06 02:11:00,0.31,138,20
2026-07-06 02:17:00,0.275,139,20
2026-07-06 02:23:00,0.289,123,20
2026-07-06 02:29:00,0.184,108,20
2026-07-06 02:35:00,0.227,123,20
2026-07-06 02:41:00,0.267,119,20
2026-07-06 02:47:00,0.148,97,20
2026-07-06 02:53:00,0.213,103,20
2026-07-06 02:59:00,0.238,111,20
2026-07-06 03:05:00,0.19,91,20
2026-07-06 03:11:00,0.21,103,20
2026-07-06 03:17:00,0.157,74,20
2026-07-06 03:23:00,0.183,31,20
2026-07-06 03:29:00,0.135,67,20
2026-07-06 03:35:00,0.132,13,20
2026-07-06 03:41:00,0.097,136,20
2026-07-06 03:47:00,0.146,17,20
2026-07-06 03:53:00,0.163,44,20
2026-07-06 03:59:00,0.121,104,20
2026-07-06 04:05:00,0.103,98,20
2026-07-06 04:11:00,0.093,88,20
2026-07-06 04:17:00,0.1,73,20
2026-07-06 04:23:00,0.135,21,20
2026-07-06 04:29:00,0.125,11,20
2026-07-06 04:35:00,0.166,349,20
2026-07-06 04:41:00,0.075,343,20
2026-07-06 04:47:00,0.063,301,20
2026-07-06 04:53:00,0.066,331,20
2026-07-06 04:59:00,0.115,338,20
2026-07-06 05:05:00,0.175,323,20
2026-07-06 05:11:00,0.23,318,20
2026-07-06 05:17:00,0.283,318,20
2026-07-06 05:23:00,0.253,327,20
2026-07-06 05:29:00,0.296,323,20
2026-07-06 05:35:00,0.374,320,20
2026-07-06 05:41:00,0.437,317,20
2026-07-06 05:47:00,0.464,339,20
2026-07-06 05:53:00,0.62,341,20
2026-07-06 05:59:00,0.768,348,20
2026-07-06 06:05:00,0.799,346,20
2026-07-06 06:11:00,1.03,336,20
2026-07-06 06:17:00,0.945,327,20
2026-07-06 06:23:00,0.808,319,20
2026-07-06 06:29:00,0.8,318,20
2026-07-06 06:35:00,0.805,320,20
2026-07-06 06:41:00,0.881,316,20
2026-07-06 06:47:00,0.889,311,20
2026-07-06 06:53:00,0.707,307,20
2026-07-06 06:59:00,0.88,310,20
2026-07-06 07:05:00,0.714,314,20
2026-07-06 07:11:00,0.68,313,20
2026-07-06 07:17:00,0.637,316,20
2026-07-06 07:23:00,0.538,312,20
2026-07-06 07:29:00,0.503,318,20
2026-07-06 07:35:00,0.597,319,20
2026-07-06 07:41:00,0.348,324,20
2026-07-06 07:47:00,0.441,318,20
2026-07-06 07:53:00,0.431,321,20
2026-07-06 07:59:00,0.241,327,20
2026-07-06 08:05:00,0.166,354,20
2026-07-06 08:11:00,0.191,344,20
2026-07-06 08:17:00,0.106,1,20
2026-07-06 08:23:00,0.146,343,20
2026-07-06 08:29:00,0.123,1,20
2026-07-06 08:35:00,0.104,5,20
2026-07-06 08:41:00,0.186,348,20
2026-07-06 08:47:00,0.086,6,20
2026-07-06 08:53:00,0.077,5,20
2026-07-06 08:59:00,0.07,15,20
2026-07-06 09:05:00,0.088,339,20
2026-07-06 09:11:00,0.139,338,20
2026-07-06 09:17:00,0.117,350,20
2026-07-06 09:23:00,0.053,33,20
2026-07-06 09:29:00,0.076,344,20
2026-07-06 09:35:00,0.043,26,20
2026-07-06 09:47:00,0.038,78,20
2026-07-06 09:53:00,0.002,56,20
2026-07-06 09:59:00,0.011,177,20
2026-07-06 10:05:00,0.062,150,20
2026-07-06 10:11:00,0.045,164,20
2026-07-06 10:17:00,0.117,144,20
2026-07-06 10:23:00,0.14,159,20
2026-07-06 10:29:00,0.084,152,20
2026-07-06 10:35:00,0.031,165,20
2026-07-06 10:41:00,0.06,143,20
2026-07-06 10:47:00,0.119,142,20
2026-07-06 10:53:00,0.085,174,20
2026-07-06 10:59:00,0.187,146,20
2026-07-06 11:05:00,0.154,152,20
2026-07-06 11:11:00,0.179,143,20
2026-07-06 11:17:00,0.212,147,20
2026-07-06 11:23:00,0.272,148,20
2026-07-06 11:29:00,0.266,148,20
2026-07-06 11:35:00,0.322,136,20
2026-07-06 11:41:00,0.301,145,20
2026-07-06 11:47:00,0.266,147,20
2026-07-06 11:53:00,0.321,149,20
2026-07-06 11:59:00,0.348,147,20
2026-07-06 12:05:00,0.358,152,20
2026-07-06 12:11:00,0.369,147,20
2026-07-06 12:17:00,0.387,152,20
2026-07-06 12:23:00,0.472,141,20
2026-07-06 12:29:00,0.381,146,20
2026-07-06 12:35:00,0.488,145,20
2026-07-06 12:41:00,0.48,142,20
2026-07-06 12:47:00,0.583,145,20
2026-07-06 12:53:00,0.547,136,20
2026-07-06 12:59:00,0.555,134,20
2026-07-06 13:05:00,0.641,138,20
2026-07-06 13:11:00,0.702,140,20
2026-07-06 13:17:00,0.646,144,20
2026-07-06 13:23:00,0.762,142,20
2026-07-06 13:29:00,0.64,140,20
2026-07-06 13:35:00,0.752,143,20
2026-07-06 13:41:00,0.761,141,20
2026-07-06 13:47:00,0.769,141,20
2026-07-06 13:53:00,0.681,140,20
2026-07-06 13:59:00,0.648,141,20
2026-07-06 14:05:00,0.581,143,20
2026-07-06 14:17:00,0.566,144,20
2026-07-06 14:23:00,0.56,139,20
2026-07-06 14:29:00,0.485,138,20
2026-07-06 14:35:00,0.493,138,20
2026-07-06 14:41:00,0.392,132,20
2026-07-06 14:47:00,0.39,135,20
2026-07-06 14:53:00,0.399,136,20
2026-07-06 14:59:00,0.408,134,20
2026-07-06 15:05:00,0.34,129,20
2026-07-06 15:11:00,0.287,128,20
2026-07-06 15:17:00,0.33,129,20
2026-07-06 15:23:00,0.291,123,20
2026-07-06 15:29:00,0.337,131,20
2026-07-06 15:35:00,0.303,132,20
2026-07-06 15:41:00,0.23,133,20
2026-07-06 15:47:00,0.172,129,20
2026-07-06 15:59:00,0.136,100,20
2026-07-06 16:05:00,0.18,141,20
2026-07-06 16:11:00,0.128,120,20
2026-07-06 16:17:00,0.138,117,20
2026-07-06 16:23:00,0.129,93,20
2026-07-06 16:35:00,0.081,90,20
2026-07-06 16:41:00,0.054,121,20
2026-07-06 16:47:00,0.045,129,20
2026-07-06 16:53:00,0.065,24,20
2026-07-06 16:59:00,0.039,51,20
2026-07-06 17:05:00,0.074,9,20
2026-07-06 17:11:00,0.052,14,20
2026-07-06 17:17:00,0.144,346,20
2026-07-06 17:23:00,0.185,345,20
2026-07-06 17:29:00,0.289,341,20
2026-07-06 17:35:00,0.332,332,20
2026-07-06 17:41:00,0.321,330,20
2026-07-06 17:47:00,0.34,333,20
2026-07-06 17:53:00,0.399,333,20
2026-07-06 17:59:00,0.434,336,20
2026-07-06 18:05:00,0.457,334,20
2026-07-06 18:11:00,0.482,335,20
2026-07-06 18:17:00,0.478,335,20
2026-07-06 18:23:00,0.625,335,20
2026-07-06 18:29:00,0.721,331,20
2026-07-06 18:35:00,0.627,332,20
2026-07-06 18:41:00,0.704,333,20
2026-07-06 18:47:00,0.624,336,20
2026-07-06 18:53:00,0.685,335,20
2026-07-06 18:59:00,0.795,332,20
2026-07-06 19:05:00,0.837,331,20
2026-07-06 19:11:00,0.824,332,20
2026-07-06 19:17:00,0.823,339,20
2026-07-06 19:23:00,0.85,344,20
2026-07-06 19:29:00,0.813,336,20
2026-07-06 19:35:00,0.655,332,20
2026-07-06 19:41:00,0.649,345,20
2026-07-06 19:47:00,0.606,343,20
2026-07-06 19:53:00,0.736,341,20
2026-07-06 19:59:00,0.721,341,20
2026-07-06 20:05:00,0.683,338,20
2026-07-06 20:11:00,0.62,344,20
2026-07-06 20:17:00,0.634,344,20
2026-07-06 20:23:00,0.613,345,20
2026-07-06 20:29:00,0.602,344,20
2026-07-06 20:35:00,0.465,342,20
2026-07-06 20:47:00,0.666,344,20
2026-07-06 20:53:00,0.542,346,20
2026-07-06 20:59:00,0.599,349,20
2026-07-06 21:05:00,0.57,346,20
2026-07-06 21:11:00,0.618,346,20
2026-07-06 21:17:00,0.419,358,20
2026-07-06 21:23:00,0.481,349,20
2026-07-06 21:29:00,0.339,351,20
2026-07-06 21:35:00,0.487,341,20
2026-07-06 21:41:00,0.428,349,20
2026-07-06 21:47:00,0.608,357,20
2026-07-06 21:53:00,0.439,2,20
2026-07-06 21:59:00,0.453,345,20
2026-07-06 22:05:00,0.342,351,20
2026-07-06 22:11:00,0.24,351,20
2026-07-06 22:17:00,0.384,351,20
2026-07-06 22:23:00,0.261,353,20
2026-07-06 22:29:00,0.247,358,20
2026-07-06 22:35:00,0.252,359,20
2026-07-06 22:41:00,0.24,0,20
2026-07-06 22:47:00,0.178,8,20
2026-07-06 22:53:00,0.128,39,20
2026-07-06 22:59:00,0.125,49,20
2026-07-06 23:05:00,0.132,79,20
2026-07-06 23:11:00,0.158,94,20
2026-07-06 23:17:00,0.23,106,20
2026-07-06 23:23:00,0.203,120,20
2026-07-06 23:29:00,0.165,109,20
2026-07-06 23:35:00,0.228,115,20
2026-07-06 23:41:00,0.14,103,20
2026-07-06 23:47:00,0.18,100,20
2026-07-06 23:53:00,0.21,107,20
2026-07-06 23:59:00,0.176,110,20
2026-07-07 00:05:00,0.225,114,20
2026-07-07 00:11:00,0.161,115,20
2026-07-07 00:17:00,0.14,108,20
2026-07-07 00:29:00,0.182,116,20
2026-07-07 00:35:00,0.146,104,20
2026-07-07 00:41:00,0.104,107,20
2026-07-07 00:47:00,0.173,116,20
2026-07-07 00:53:00,0.211,125,20
2026-07-07 00:59:00,0.203,132,20
2026-07-07 01:05:00,0.337,137,20
2026-07-07 01:11:00,0.378,134,20
2026-07-07 01:17:00,0.427,137,20
2026-07-07 01:23:00,0.417,138,20
2026-07-07 01:29:00,0.435,139,20
2026-07-07 01:35:00,0.485,140,20
2026-07-07 01:41:00,0.507,140,20
2026-07-07 01:47:00,0.507,142,20
2026-07-07 01:53:00,0.521,142,20
2026-07-07 01:59:00,0.549,140,20
2026-07-07 02:05:00,0.498,132,20
2026-07-07 02:11:00,0.512,137,20
2026-07-07 02:17:00,0.474,130,20
2026-07-07 02:23:00,0.416,130,20
2026-07-07 02:29:00,0.423,137,20
2026-07-07 02:35:00,0.483,135,20
2026-07-07 02:41:00,0.368,128,20
2026-07-07 02:47:00,0.368,128,20
2026-07-07 02:53:00,0.349,130,20
2026-07-07 02:59:00,0.307,131,20
2026-07-07 03:05:00,0.314,125,20
2026-07-07 03:11:00,0.266,130,20
2026-07-07 03:17:00,0.418,137,20
2026-07-07 03:23:00,0.496,139,20
2026-07-07 03:29:00,0.465,133,20
2026-07-07 03:35:00,0.473,136,20
2026-07-07 03:41:00,0.366,128,20
2026-07-07 03:47:00,0.431,138,20
2026-07-07 03:53:00,0.366,132,20
2026-07-07 03:59:00,0.339,132,20
2026-07-07 04:05:00,0.3,133,20
2026-07-07 04:11:00,0.295,133,20
2026-07-07 04:17:00,0.37,133,20
2026-07-07 04:23:00,0.303,138,20
2026-07-07 04:29:00,0.293,134,20
2026-07-07 04:35:00,0.24,129,20
2026-07-07 04:41:00,0.224,127,20
2026-07-07 04:47:00,0.165,114,20
2026-07-07 04:53:00,0.196,124,20
2026-07-07 04:59:00,0.231,127,20
2026-07-07 05:05:00,0.185,129,20
2026-07-07 05:11:00,0.119,115,20
2026-07-07 05:17:00,0.091,108,20
2026-07-07 05:23:00,0.137,118,20
2026-07-07 05:29:00,0.082,74,20
2026-07-07 05:35:00,0.118,91,20
2026-07-07 05:41:00,0.074,56,20
2026-07-07 05:47:00,0.055,48,20
2026-07-07 05:53:00,0.063,6,20
2026-07-07 05:59:00,0.242,358,20
2026-07-07 06:05:00,0.403,331,20
2026-07-07 06:11:00,0.495,319,20
2026-07-07 06:17:00,0.712,319,20
2026-07-07 06:23:00,0.647,319,20
2026-07-07 06:29:00,0.603,322,20
2026-07-07 06:35:00,0.515,324,20
2026-07-07 06:41:00,0.364,326,20
2026-07-07 06:47:00,0.366,331,20
2026-07-07 06:53:00,0.228,296,20
2026-07-07 06:59:00,0.436,329,20
2026-07-07 07:05:00,0.542,331,20
2026-07-07 07:11:00,0.548,322,20
2026-07-07 07:17:00,0.539,319,20
2026-07-07 07:23:00,0.6,319,20
2026-07-07 07:29:00,0.658,314,20
2026-07-07 07:35:00,0.486,316,20
2026-07-07 07:41:00,0.663,324,20
2026-07-07 07:47:00,0.666,321,20
2026-07-07 07:53:00,0.412,328,20
2026-07-07 07:59:00,0.465,329,20
2026-07-07 08:05:00,0.508,334,20
2026-07-07 08:11:00,0.561,332,20
2026-07-07 08:17:00,0.381,337,20
2026-07-07 08:23:00,0.365,336,20
2026-07-07 08:29:00,0.367,334,20
2026-07-07 08:35:00,0.392,334,20
2026-07-07 08:41:00,0.47,332,20
2026-07-07 08:47:00,0.479,335,20
2026-07-07 08:53:00,0.357,335,20
2026-07-07 08:59:00,0.345,340,20
2026-07-07 09:05:00,0.272,351,20
2026-07-07 09:11:00,0.34,335,20
2026-07-07 09:17:00,0.262,342,20
2026-07-07 09:23:00,0.246,345,20
2026-07-07 09:29:00,0.238,342,20
2026-07-07 09:35:00,0.185,358,20
2026-07-07 09:41:00,0.102,25,20
2026-07-07 09:47:00,0.136,57,20
2026-07-07 09:53:00,0.139,20,20
2026-07-07 09:59:00,0.149,16,20
2026-07-07 10:05:00,0.114,33,20
2026-07-07 10:11:00,0.109,30,20
2026-07-07 10:17:00,0.078,64,20
2026-07-07 10:23:00,0.08,52,20
2026-07-07 10:29:00,0.025,75,20
2026-07-07 10:35:00,0.091,67,20
2026-07-07 10:41:00,0.103,99,20
2026-07-07 10:47:00,0.069,99,20
2026-07-07 10:53:00,0.045,25,20
2026-07-07 10:59:00,0.078,64,20
2026-07-07 11:05:00,0.026,83,20
2026-07-07 11:11:00,0.042,29,20
2026-07-07 11:17:00,0.086,132,20
2026-07-07 11:29:00,0.021,15,20
2026-07-07 11:35:00,0.037,121,20
2026-07-07 11:41:00,0.045,10,20
2026-07-07 11:47:00,0.061,96,20
2026-07-07 11:53:00,0.02,62,20
2026-07-07 11:59:00,0.167,123,20
2026-07-07 12:05:00,0.073,112,20
2026-07-07 12:11:00,0.152,141,20
2026-07-07 12:17:00,0.151,124,20
2026-07-07 12:23:00,0.08,132,20
2026-07-07 12:29:00,0.109,143,20
2026-07-07 12:35:00,0.101,142,20
2026-07-07 12:41:00,0.107,144,20
2026-07-07 12:47:00,0.131,135,20
2026-07-07 12:53:00,0.212,135,20
2026-07-07 12:59:00,0.201,141,20
2026-07-07 13:05:00,0.258,138,20
2026-07-07 13:11:00,0.251,139,20
2026-07-07 13:17:00,0.18,140,20
2026-07-07 13:23:00,0.181,143,20
2026-07-07 13:29:00,0.209,142,20
2026-07-07 13:35:00,0.239,144,20
2026-07-07 13:41:00,0.226,149,20
2026-07-07 13:47:00,0.189,146,20
2026-07-07 13:53:00,0.2,135,20
2026-07-07 13:59:00,0.24,142,20
2026-07-07 14:05:00,0.285,133,20
2026-07-07 14:11:00,0.307,136,20
2026-07-07 14:17:00,0.347,135,20
2026-07-07 14:23:00,0.308,141,20
2026-07-07 14:29:00,0.367,141,20
2026-07-07 14:35:00,0.354,136,20
2026-07-07 14:41:00,0.329,137,20
2026-07-07 14:47:00,0.326,138,20
2026-07-07 14:53:00,0.344,131,20
2026-07-07 14:59:00,0.316,129,20
2026-07-07 15:05:00,0.379,131,20
2026-07-07 15:11:00,0.353,138,20
2026-07-07 15:17:00,0.372,133,20
2026-07-07 15:23:00,0.373,133,20
2026-07-07 15:29:00,0.384,137,20
2026-07-07 15:35:00,0.382,141,20
2026-07-07 15:41:00,0.327,137,20
2026-07-07 15:47:00,0.166,128,20
2026-07-07 15:53:00,0.277,134,20
2026-07-07 15:59:00,0.275,129,20
2026-07-07 16:05:00,0.312,129,20
2026-07-07 16:11:00,0.315,132,20
2026-07-07 16:17:00,0.176,112,20
2026-07-07 16:23:00,0.147,113,20
2026-07-07 16:29:00,0.235,132,20
2026-07-07 16:35:00,0.261,121,20
2026-07-07 16:41:00,0.135,109,20
2026-07-07 16:47:00,0.193,128,20
2026-07-07 16:53:00,0.106,128,20
2026-07-07 16:59:00,0.114,111,20
2026-07-07 17:05:00,0.121,123,20
2026-07-07 17:11:00,0.135,116,20
2026-07-07 17:17:00,0.104,91,20
2026-07-07 17:23:00,0.07,140,20
2026-07-07 17:29:00,0.03,45,20
2026-07-07 17:35:00,0.053,255,20
2026-07-07 17:41:00,0.018,114,20
2026-07-07 17:47:00,0.291,350,20
2026-07-07 17:53:00,0.131,333,20
2026-07-07 17:59:00,0.239,341,20
2026-07-07 18:05:00,0.175,334,20
2026-07-07 18:11:00,0.134,327,20
2026-07-07 18:17:00,0.192,333,20
2026-07-07 18:23:00,0.265,341,20
2026-07-07 18:29:00,0.321,339,20
2026-07-07 18:35:00,0.368,340,20
2026-07-07 18:41:00,0.475,334,20
2026-07-07 18:47:00,0.58,328,20
2026-07-07 18:53:00,0.58,329,20
2026-07-07 18:59:00,0.597,328,20
2026-07-07 19:05:00,0.663,328,20
2026-07-07 19:11:00,0.807,327,20
2026-07-07 19:17:00,0.809,326,20
2026-07-07 19:23:00,0.826,327,20
2026-07-07 19:29:00,0.782,328,20
2026-07-07 19:35:00,0.766,333,20
2026-07-07 19:41:00,0.678,334,20
2026-07-07 19:47:00,0.736,336,20
2026-07-07 19:53:00,0.722,338,20
2026-07-07 19:59:00,0.741,338,20
2026-07-07 20:05:00,0.752,336,20
2026-07-07 20:11:00,0.663,338,20
2026-07-07 20:17:00,0.625,339,20
2026-07-07 20:23:00,0.687,342,20
2026-07-07 20:29:00,0.773,345,20
2026-07-07 20:35:00,0.703,340,20
2026-07-07 20:41:00,0.657,340,20
2026-07-07 20:47:00,0.631,337,20
2026-07-07 20:53:00,0.606,336,20
2026-07-07 20:59:00,0.645,335,20
2026-07-07 21:05:00,0.629,335,20
2026-07-07 21:11:00,0.661,338,20
2026-07-07 21:17:00,0.561,342,20
2026-07-07 21:23:00,0.562,345,20
2026-07-07 21:29:00,0.56,339,20
2026-07-07 21:35:00,0.633,341,20
2026-07-07 21:41:00,0.68,336,20
2026-07-07 21:47:00,0.71,339,20
2026-07-07 21:53:00,0.694,339,20
2026-07-07 21:59:00,0.756,342,20
2026-07-07 22:05:00,0.642,338,20
2026-07-07 22:11:00,0.49,339,20
2026-07-07 22:17:00,0.53,337,20
2026-07-07 22:23:00,0.574,341,20
2026-07-07 22:29:00,0.537,339,20
2026-07-07 22:35:00,0.56,328,20
2026-07-07 22:41:00,0.469,329,20
2026-07-07 22:47:00,0.456,341,20
2026-07-07 22:53:00,0.431,335,20
2026-07-07 22:59:00,0.383,353,20
2026-07-07 23:05:00,0.293,341,20
2026-07-07 23:11:00,0.363,318,20
2026-07-07 23:17:00,0.412,343,20
2026-07-07 23:23:00,0.556,333,20
2026-07-07 23:29:00,0.539,332,20
2026-07-07 23:35:00,0.189,27,20
2026-07-07 23:41:00,0.175,69,20
2026-07-07 23:47:00,0.167,358,20
2026-07-07 23:53:00,0.265,0,20
2026-07-07 23:59:00,0.243,6,20
2026-07-08 00:05:00,0.148,17,20
2026-07-08 00:11:00,0.163,22,20
2026-07-08 00:17:00,0.175,7,20
2026-07-08 00:23:00,0.12,76,20
2026-07-08 00:29:00,0.145,111,20
2026-07-08 00:35:00,0.148,101,20
2026-07-08 00:41:00,0.235,119,20
2026-07-08 00:47:00,0.306,124,20
2026-07-08 00:59:00,0.406,114,20
2026-07-08 01:05:00,0.442,119,20
2026-07-08 01:11:00,0.414,139,20
2026-07-08 01:17:00,0.54,137,20
2026-07-08 01:23:00,0.539,133,20
2026-07-08 01:29:00,0.394,134,20
2026-07-08 01:35:00,0.513,131,20
2026-07-08 01:41:00,0.48,142,20
2026-07-08 01:47:00,0.467,134,20
2026-07-08 01:59:00,0.459,143,20
2026-07-08 02:05:00,0.684,135,20
2026-07-08 02:11:00,0.341,137,20
2026-07-08 02:17:00,0.219,140,20
2026-07-08 02:23:00,0.266,131,20
2026-07-08 02:29:00,0.235,121,20
2026-07-08 02:35:00,0.359,141,20
2026-07-08 02:41:00,0.419,142,20
2026-07-08 02:47:00,0.492,147,20
2026-07-08 02:53:00,0.63,146,20
2026-07-08 02:59:00,0.677,144,20
2026-07-08 03:05:00,0.688,145,20
2026-07-08 03:11:00,0.772,144,20
2026-07-08 03:17:00,0.9,137,20
2026-07-08 03:23:00,0.738,139,20
2026-07-08 03:29:00,0.698,139,20
2026-07-08 03:35:00,0.663,136,20
2026-07-08 03:41:00,0.603,140,20
2026-07-08 03:47:00,0.445,145,20
2026-07-08 03:53:00,0.554,145,20
2026-07-08 03:59:00,0.542,142,20
2026-07-08 04:05:00,0.538,142,20
2026-07-08 04:11:00,0.476,141,20
2026-07-08 04:17:00,0.45,140,20
2026-07-08 04:23:00,0.436,140,20
2026-07-08 04:29:00,0.436,144,20
2026-07-08 04:35:00,0.427,141,20
2026-07-08 04:41:00,0.452,138,20
2026-07-08 04:47:00,0.374,128,20
2026-07-08 04:53:00,0.261,101,20
2026-07-08 04:59:00,0.271,113,20
2026-07-08 05:05:00,0.269,118,20
2026-07-08 05:11:00,0.339,127,20
2026-07-08 05:17:00,0.418,134,20
2026-07-08 05:23:00,0.478,134,20
2026-07-08 05:29:00,0.41,134,20
2026-07-08 05:35:00,0.354,140,20
2026-07-08 05:41:00,0.345,143,20
2026-07-08 05:47:00,0.55,157,20
2026-07-08 05:53:00,0.635,166,20
2026-07-08 05:59:00,0.885,170,20
2026-07-08 06:05:00,0.647,182,20
2026-07-08 06:11:00,0.436,197,20
2026-07-08 06:17:00,0.358,195,20
2026-07-08 06:23:00,0.374,205,20
2026-07-08 06:29:00,0.222,203,20
2026-07-08 06:35:00,0.148,205,20
2026-07-08 06:41:00,0.123,211,20
2026-07-08 06:47:00,0.242,281,20
2026-07-08 06:53:00,0.09,250,20
2026-07-08 06:59:00,0.23,294,20
2026-07-08 07:05:00,0.17,288,20
2026-07-08 07:11:00,0.363,321,20
2026-07-08 07:17:00,0.263,329,20
2026-07-08 07:23:00,0.435,317,20
2026-07-08 07:29:00,0.519,318,20
2026-07-08 07:35:00,0.395,316,20
2026-07-08 07:41:00,0.375,307,20
2026-07-08 07:47:00,0.519,317,20
2026-07-08 07:53:00,0.581,309,20
2026-07-08 07:59:00,0.434,325,20
2026-07-08 08:05:00,0.277,315,20
2026-07-08 08:11:00,0.29,323,20
2026-07-08 08:17:00,0.264,326,20
2026-07-08 08:23:00,0.224,300,20
2026-07-08 08:29:00,0.228,322,20
2026-07-08 08:35:00,0.18,333,20
2026-07-08 08:41:00,0.283,348,20
2026-07-08 08:47:00,0.374,1,20
2026-07-08 08:53:00,0.28,352,20
2026-07-08 08:59:00,0.221,332,20
2026-07-08 09:05:00,0.164,332,20
2026-07-08 09:11:00,0.054,42,20
2026-07-08 09:17:00,0.155,357,20
2026-07-08 09:23:00,0.084,341,20
2026-07-08 09:29:00,0.157,13,20
2026-07-08 09:35:00,0.104,18,20
2026-07-08 09:47:00,0.271,356,20
2026-07-08 09:53:00,0.152,20,20
2026-07-08 09:59:00,0.093,21,20
2026-07-08 10:05:00,0.143,315,20
2026-07-08 10:11:00,0.04,315,20
2026-07-08 10:17:00,0.161,334,20
2026-07-08 10:23:00,0.122,64,20
2026-07-08 10:29:00,0.058,58,20
2026-07-08 10:35:00,0.13,326,20
2026-07-08 10:41:00,0.061,343,20
2026-07-08 10:47:00,0.066,9,20
2026-07-08 10:53:00,0.104,10,20
2026-07-08 10:59:00,0.043,56,20
2026-07-08 11:05:00,0.08,332,20
2026-07-08 11:11:00,0.054,301,20
2026-07-08 11:17:00,0.025,95,20
2026-07-08 11:23:00,0.071,317,20
2026-07-08 11:29:00,0.118,113,20
2026-07-08 11:35:00,0.094,126,20
2026-07-08 11:41:00,0.167,137,20
2026-07-08 11:47:00,0.204,144,20
2026-07-08 11:53:00,0.186,154,20
2026-07-08 12:05:00,0.084,168,20
2026-07-08 12:11:00,0.274,127,20
2026-07-08 12:17:00,0.232,141,20
2026-07-08 12:23:00,0.23,142,20
2026-07-08 12:29:00,0.2,154,20
2026-07-08 12:35:00,0.243,150,20
2026-07-08 12:41:00,0.187,158,20
2026-07-08 12:47:00,0.375,148,20
2026-07-08 12:53:00,0.267,161,20
2026-07-08 12:59:00,0.335,150,20
2026-07-08 13:05:00,0.433,136,20
2026-07-08 13:17:00,0.352,148,20
2026-07-08 13:23:00,0.312,151,20
2026-07-08 13:29:00,0.377,144,20
2026-07-08 13:35:00,0.36,149,20
2026-07-08 13:41:00,0.306,151,20
2026-07-08 13:47:00,0.409,151,20
2026-07-08 13:53:00,0.41,146,20
2026-07-08 13:59:00,0.339,154,20
2026-07-08 14:05:00,0.426,147,20
2026-07-08 14:11:00,0.435,142,20
2026-07-08 14:17:00,0.65,136,20
2026-07-08 14:23:00,0.563,137,20
2026-07-08 14:29:00,0.596,143,20
2026-07-08 14:35:00,0.571,143,20
2026-07-08 14:41:00,0.647,139,20
2026-07-08 14:47:00,0.504,146,20
2026-07-08 14:53:00,0.488,148,20
2026-07-08 14:59:00,0.445,146,20
2026-07-08 15:05:00,0.529,148,20
2026-07-08 15:11:00,0.609,139,20
2026-07-08 15:17:00,0.608,140,20
2026-07-08 15:23:00,0.419,143,20
2026-07-08 15:29:00,0.514,143,20
2026-07-08 15:35:00,0.297,131,20
2026-07-08 15:41:00,0.548,137,20
2026-07-08 15:47:00,0.313,140,20
2026-07-08 15:53:00,0.42,135,20
2026-07-08 15:59:00,0.37,136,20
2026-07-08 16:05:00,0.237,132,20
2026-07-08 16:11:00,0.333,130,20
2026-07-08 16:17:00,0.334,130,20
2026-07-08 16:23:00,0.33,129,20
2026-07-08 16:29:00,0.331,136,20
2026-07-08 16:35:00,0.323,137,20
2026-07-08 16:41:00,0.26,127,20
2026-07-08 16:47:00,0.19,110,20
2026-07-08 16:53:00,0.194,129,20
2026-07-08 16:59:00,0.233,126,20
2026-07-08 17:05:00,0.158,140,20
2026-07-08 17:11:00,0.178,84,20
2026-07-08 17:17:00,0.14,60,20
2026-07-08 17:23:00,0.125,94,20
2026-07-08 17:29:00,0.155,100,20
2026-07-08 17:35:00,0.117,111,20
2026-07-08 17:41:00,0.132,75,20
2026-07-08 17:47:00,0.14,58,20
2026-07-08 17:53:00,0.166,38,20
2026-07-08 17:59:00,0.182,352,20
2026-07-08 18:05:00,0.236,351,20
2026-07-08 18:11:00,0.245,341,20
2026-07-08 18:17:00,0.285,335,20
2026-07-08 18:23:00,0.299,335,20
2026-07-08 18:29:00,0.288,327,20
2026-07-08 18:35:00,0.243,323,20
2026-07-08 18:41:00,0.276,327,20
2026-07-08 18:47:00,0.247,323,20
2026-07-08 18:53:00,0.384,330,20
2026-07-08 18:59:00,0.362,328,20
2026-07-08 19:05:00,0.443,326,20
2026-07-08 19:11:00,0.459,334,20
2026-07-08 19:23:00,0.522,335,20
2026-07-08 19:29:00,0.509,333,20
2026-07-08 19:35:00,0.579,333,20
2026-07-08 19:41:00,0.643,335,20
2026-07-08 19:47:00,0.721,332,20
2026-07-08 19:53:00,0.652,332,20
2026-07-08 19:59:00,0.832,334,20
2026-07-08 20:05:00,0.724,334,20
2026-07-08 20:11:00,0.801,332,20
2026-07-08 20:17:00,0.735,332,20
2026-07-08 20:23:00,0.686,332,20
2026-07-08 20:29:00,0.72,333,20
2026-07-08 20:35:00,0.769,330,20
2026-07-08 20:41:00,0.825,329,20
2026-07-08 20:47:00,0.873,333,20
2026-07-08 20:53:00,0.923,337,20
2026-07-08 20:59:00,1.117,338,20
2026-07-08 21:05:00,1.147,336,20
2026-07-08 21:11:00,1.19,331,20
2026-07-08 21:17:00,1.025,334,20
2026-07-08 21:23:00,1.097,329,20
2026-07-08 21:29:00,1.254,327,20
2026-07-08 21:35:00,1.534,321,20
2026-07-08 21:41:00,1.293,325,20
2026-07-08 21:47:00,1.313,325,20
2026-07-08 21:53:00,1.09,327,20
2026-07-08 21:59:00,1.082,330,20
2026-07-08 22:05:00,0.806,333,20
2026-07-08 22:11:00,0.848,327,20
2026-07-08 22:17:00,0.691,329,20
2026-07-08 22:23:00,0.953,335,20
2026-07-08 22:29:00,0.891,332,20
2026-07-08 22:35:00,0.853,338,20
2026-07-08 22:41:00,0.86,328,20
2026-07-08 22:47:00,0.667,331,20
2026-07-08 22:53:00,0.535,334,20
2026-07-08 22:59:00,0.512,339,20
2026-07-08 23:05:00,0.527,344,20
2026-07-08 23:11:00,0.411,349,20
2026-07-08 23:17:00,0.361,342,20
2026-07-08 23:23:00,0.225,354,20
2026-07-08 23:29:00,0.275,341,20
2026-07-08 23:35:00,0.463,345,20
2026-07-08 23:41:00,0.438,348,20
2026-07-08 23:47:00,0.244,344,20
2026-07-08 23:53:00,0.332,340,20
2026-07-08 23:59:00,0.24,350,20
2026-07-09 00:05:00,0.25,351,20
2026-07-09 00:11:00,0.18,350,20
2026-07-09 00:17:00,0.158,11,20
2026-07-09 00:23:00,0.117,13,20
2026-07-09 00:29:00,0.096,358,20
2026-07-09 00:35:00,0.035,83,20
2026-07-09 00:41:00,0.064,19,20
2026-07-09 00:47:00,0.095,16,20
2026-07-09 00:53:00,0.045,31,20
2026-07-09 00:59:00,0.074,43,20
2026-07-09 01:05:00,0.061,75,20
2026-07-09 01:11:00,0.135,118,20
2026-07-09 01:17:00,0.134,121,20
2026-07-09 01:29:00,0.206,136,20
2026-07-09 01:35:00,0.154,146,20
2026-07-09 01:41:00,0.343,143,20
2026-07-09 01:47:00,0.382,131,20
2026-07-09 01:53:00,0.32,119,20
2026-07-09 01:59:00,0.231,116,20
2026-07-09 02:05:00,0.23,125,20
2026-07-09 02:11:00,0.205,121,20
2026-07-09 02:17:00,0.184,119,20
2026-07-09 02:23:00,0.307,132,20
2026-07-09 02:29:00,0.318,142,20
2026-07-09 02:35:00,0.42,149,20
2026-07-09 02:41:00,0.438,149,20
2026-07-09 02:47:00,0.399,148,20
2026-07-09 02:53:00,0.427,139,20
2026-07-09 02:59:00,0.39,134,20
2026-07-09 03:05:00,0.352,133,20
2026-07-09 03:11:00,0.446,138,20
2026-07-09 03:17:00,0.582,141,20
2026-07-09 03:23:00,0.609,139,20
2026-07-09 03:29:00,0.596,140,20
2026-07-09 03:35:00,0.661,142,20
2026-07-09 03:41:00,0.738,143,20
2026-07-09 03:47:00,0.713,146,20
2026-07-09 03:53:00,0.612,143,20
2026-07-09 03:59:00,0.654,141,20
2026-07-09 04:05:00,0.615,139,20
2026-07-09 04:11:00,0.647,139,20
2026-07-09 04:17:00,0.647,139,20
2026-07-09 04:23:00,0.69,138,20
2026-07-09 04:29:00,0.624,139,20
2026-07-09 04:35:00,0.629,138,20
2026-07-09 04:41:00,0.568,139,20
2026-07-09 04:47:00,0.607,138,20
2026-07-09 04:53:00,0.588,141,20
2026-07-09 04:59:00,0.561,143,20
2026-07-09 05:05:00,0.577,143,20
2026-07-09 05:11:00,0.601,146,20
2026-07-09 05:17:00,0.555,149,20
2026-07-09 05:23:00,0.414,156,20
2026-07-09 05:29:00,0.446,150,20
2026-07-09 05:35:00,0.498,146,20
2026-07-09 05:41:00,0.49,146,20
2026-07-09 05:47:00,0.397,145,20
2026-07-09 05:53:00,0.318,154,20
2026-07-09 05:59:00,0.283,152,20
2026-07-09 06:05:00,0.182,157,20
2026-07-09 06:11:00,0.168,167,20
2026-07-09 06:17:00,0.156,167,20
2026-07-09 06:23:00,0.253,154,20
2026-07-09 06:29:00,0.216,145,20
2026-07-09 06:35:00,0.267,138,20
2026-07-09 06:41:00,0.152,141,20
2026-07-09 06:47:00,0.172,133,20
2026-07-09 06:53:00,0.101,144,20
2026-07-09 06:59:00,0.212,146,20
2026-07-09 07:05:00,0.14,128,20
2026-07-09 07:11:00,0.012,218,20
2026-07-09 07:17:00,0.175,325,20
2026-07-09 07:23:00,0.184,319,20
2026-07-09 07:29:00,0.123,303,20
2026-07-09 07:35:00,0.106,305,20
2026-07-09 07:41:00,0.113,298,20
2026-07-09 07:47:00,0.124,304,20
2026-07-09 07:53:00,0.195,305,20
2026-07-09 07:59:00,0.204,293,20
2026-07-09 08:05:00,0.172,298,20
2026-07-09 08:11:00,0.158,302,20
2026-07-09 08:17:00,0.161,294,20
2026-07-09 08:23:00,0.147,304,20
2026-07-09 08:29:00,0.092,323,20
2026-07-09 08:35:00,0.269,304,20
2026-07-09 08:41:00,0.145,308,20
2026-07-09 08:47:00,0.054,341,20
2026-07-09 08:53:00,0.093,111,20
2026-07-09 08:59:00,0.025,255,20
2026-07-09 09:05:00,0.069,108,20
2026-07-09 09:11:00,0.052,346,20
2026-07-09 09:23:00,0.041,15,20
2026-07-09 09:29:00,0.081,106,20
2026-07-09 09:35:00,0.062,55,20
2026-07-09 09:41:00,0.071,25,20
2026-07-09 09:47:00,0.133,95,20
2026-07-09 09:53:00,0.179,65,20
2026-07-09 09:59:00,0.11,10,20
2026-07-09 10:05:00,0.02,321,20
2026-07-09 10:11:00,0.059,231,20
2026-07-09 10:17:00,0.049,213,20
2026-07-09 10:23:00,0.053,335,20
2026-07-09 10:29:00,0.058,31,20
2026-07-09 10:35:00,0.099,78,20
2026-07-09 10:41:00,0.054,91,20
2026-07-09 10:47:00,0.079,315,20
2026-07-09 10:53:00,0.309,59,20
2026-07-09 10:59:00,0.173,324,20
2026-07-09 11:05:00,0.022,19,20
2026-07-09 11:11:00,0.043,49,20
2026-07-09 11:17:00,0.121,19,20
2026-07-09 11:23:00,0.078,152,20
2026-07-09 11:29:00,0.062,167,20
2026-07-09 11:35:00,0.08,153,20
2026-07-09 11:41:00,0.055,163,20
2026-07-09 11:47:00,0.133,152,20
2026-07-09 11:53:00,0.055,245,20
2026-07-09 11:59:00,0.045,149,20
2026-07-09 12:05:00,0.098,141,20
2026-07-09 12:11:00,0.119,146,20
2026-07-09 12:17:00,0.21,172,20
2026-07-09 12:23:00,0.068,150,20
2026-07-09 12:29:00,0.138,136,20
2026-07-09 12:35:00,0.196,125,20
2026-07-09 12:41:00,0.16,135,20
2026-07-09 12:47:00,0.127,158,20
2026-07-09 12:53:00,0.211,152,20
2026-07-09 12:59:00,0.16,163,20
2026-07-09 13:05:00,0.26,165,20
2026-07-09 13:11:00,0.248,155,20
2026-07-09 13:17:00,0.341,150,20
2026-07-09 13:23:00,0.389,155,20
2026-07-09 13:29:00,0.391,153,20
2026-07-09 13:35:00,0.424,156,20
2026-07-09 13:41:00,0.321,173,20
2026-07-09 13:47:00,0.544,145,20
2026-07-09 13:53:00,0.353,162,20
2026-07-09 13:59:00,0.356,141,20
2026-07-09 14:05:00,0.459,144,20
2026-07-09 14:11:00,0.195,192,20
2026-07-09 14:17:00,0.217,183,20
2026-07-09 14:23:00,0.478,153,20
2026-07-09 14:29:00,0.375,145,20
2026-07-09 14:35:00,0.397,147,20
2026-07-09 14:41:00,0.44,150,20
2026-07-09 14:47:00,0.437,146,20
2026-07-09 14:53:00,0.527,141,20
2026-07-09 14:59:00,0.389,145,20
2026-07-09 15:05:00,0.508,144,20
2026-07-09 15:11:00,0.537,146,20
2026-07-09 15:17:00,0.507,146,20
2026-07-09 15:23:00,0.587,136,20
2026-07-09 15:29:00,0.455,146,20
2026-07-09 15:35:00,0.558,146,20
2026-07-09 15:41:00,0.554,146,20
2026-07-09 15:47:00,0.793,139,20
2026-07-09 15:53:00,0.649,141,20
2026-07-09 15:59:00,0.744,143,20
2026-07-09 16:05:00,0.769,137,20
2026-07-09 16:11:00,0.5,139,20
2026-07-09 16:17:00,0.474,138,20
2026-07-09 16:23:00,0.48,135,20
2026-07-09 16:29:00,0.569,136,20
2026-07-09 16:35:00,0.577,129,20
2026-07-09 16:41:00,0.383,133,20
2026-07-09 16:47:00,0.281,126,20
2026-07-09 16:53:00,0.542,140,20
2026-07-09 16:59:00,0.335,144,20
2026-07-09 17:05:00,0.065,243,20
2026-07-09 17:11:00,0.208,103,20
2026-07-09 17:17:00,0.126,111,20
2026-07-09 17:23:00,0.19,110,20
2026-07-09 17:29:00,0.313,138,20
2026-07-09 17:35:00,0.209,117,20
2026-07-09 17:41:00,0.146,101,20
2026-07-09 17:47:00,0.154,130,20
2026-07-09 17:53:00,0.189,108,20
2026-07-09 17:59:00,0.1,125,20
2026-07-09 18:05:00,0.306,1,20
2026-07-09 18:11:00,0.254,354,20
2026-07-09 18:17:00,0.087,3,20
2026-07-09 18:23:00,0.107,8,20
2026-07-09 18:29:00,0.249,342,20
2026-07-09 18:35:00,0.239,339,20
2026-07-09 18:41:00,0.229,334,20
2026-07-09 18:47:00,0.295,337,20
2026-07-09 18:53:00,0.239,334,20
2026-07-09 18:59:00,0.226,324,20
2026-07-09 19:05:00,0.294,326,20
2026-07-09 19:11:00,0.399,329,20
2026-07-09 19:17:00,0.468,326,20
2026-07-09 19:23:00,0.556,327,20
2026-07-09 19:29:00,0.5,327,20
2026-07-09 19:35:00,0.403,332,20
2026-07-09 19:41:00,0.439,337,20
2026-07-09 19:47:00,0.567,337,20
2026-07-09 19:53:00,0.63,335,20
2026-07-09 19:59:00,0.72,339,20
2026-07-09 20:05:00,0.741,335,20
2026-07-09 20:11:00,0.705,333,20
2026-07-09 20:17:00,0.815,336,20
2026-07-09 20:23:00,0.756,335,20
2026-07-09 20:29:00,0.869,336,20
2026-07-09 20:35:00,0.919,330,20
2026-07-09 20:41:00,0.798,329,20
2026-07-09 20:47:00,0.805,324,20
2026-07-09 20:53:00,0.859,327,20
2026-07-09 20:59:00,0.682,336,20
2026-07-09 21:05:00,0.948,331,20
2026-07-09 21:11:00,0.829,330,20
2026-07-09 21:17:00,0.754,334,20
2026-07-09 21:23:00,0.818,330,20
2026-07-09 21:29:00,0.718,335,20
2026-07-09 21:35:00,0.687,338,20
2026-07-09 21:41:00,0.629,339,20
2026-07-09 21:47:00,0.48,325,20
2026-07-09 21:53:00,0.568,319,20
2026-07-09 21:59:00,0.392,322,20
2026-07-09 22:05:00,0.376,336,20
2026-07-09 22:11:00,0.381,336,20
2026-07-09 22:17:00,0.384,344,20
2026-07-09 22:23:00,0.436,345,20
2026-07-09 22:29:00,0.506,4,20
2026-07-09 22:35:00,0.655,352,20
2026-07-09 22:41:00,0.516,353,20
2026-07-09 22:47:00,0.335,18,20
2026-07-09 22:53:00,0.535,5,20
2026-07-09 22:59:00,0.344,9,20
2026-07-09 23:05:00,0.31,2,20
2026-07-09 23:11:00,0.364,7,20
2026-07-09 23:17:00,0.421,3,20
2026-07-09 23:23:00,0.442,347,20
2026-07-09 23:29:00,0.325,1,20
2026-07-09 23:35:00,0.351,6,20
2026-07-09 23:41:00,0.353,338,20
2026-07-09 23:47:00,0.347,353,20
2026-07-09 23:53:00,0.199,19,20
2026-07-09 23:59:00,0.252,19,20
2026-07-10 00:05:00,0.317,48,20
2026-07-10 00:11:00,0.295,40,20
2026-07-10 00:17:00,0.336,25,20
2026-07-10 00:23:00,0.327,22,20
2026-07-10 00:29:00,0.283,16,20
2026-07-10 00:35:00,0.201,12,20
2026-07-10 00:41:00,0.164,47,20
2026-07-10 00:47:00,0.158,52,20
2026-07-10 00:53:00,0.134,53,20
2026-07-10 00:59:00,0.115,19,20
2026-07-10 01:05:00,0.157,9,20
2026-07-10 01:11:00,0.131,107,20
2026-07-10 01:17:00,0.533,121,20
2026-07-10 01:23:00,0.34,112,20
2026-07-10 01:29:00,0.231,116,20
2026-07-10 01:35:00,0.296,122,20
2026-07-10 01:41:00,0.211,105,20
2026-07-10 01:47:00,0.224,117,20
2026-07-10 01:53:00,0.245,110,20
2026-07-10 01:59:00,0.175,104,20
2026-07-10 02:05:00,0.212,112,20
2026-07-10 02:11:00,0.182,120,20
2026-07-10 02:17:00,0.147,103,20
2026-07-10 02:23:00,0.264,111,20
2026-07-10 02:29:00,0.3,113,20
2026-07-10 02:35:00,0.324,106,20
2026-07-10 02:41:00,0.285,101,20
2026-07-10 02:47:00,0.312,107,20
2026-07-10 02:53:00,0.415,118,20
2026-07-10 02:59:00,0.372,114,20
2026-07-10 03:05:00,0.369,112,20
2026-07-10 03:11:00,0.363,115,20
2026-07-10 03:17:00,0.316,103,20
2026-07-10 03:23:00,0.306,118,20
2026-07-10 03:29:00,0.465,123,20
2026-07-10 03:35:00,0.541,129,20
2026-07-10 03:41:00,0.594,127,20
2026-07-10 03:47:00,0.861,136,20
2026-07-10 03:53:00,0.746,132,20
2026-07-10 03:59:00,0.657,133,20
2026-07-10 04:05:00,0.703,131,20
2026-07-10 04:11:00,0.545,130,20
2026-07-10 04:23:00,0.408,126,20
2026-07-10 04:29:00,0.417,134,20
2026-07-10 04:35:00,0.508,128,20
2026-07-10 04:41:00,0.461,131,20
2026-07-10 04:47:00,0.617,143,20
2026-07-10 04:53:00,0.584,134,20
2026-07-10 04:59:00,0.564,129,20
2026-07-10 05:05:00,0.607,128,20
2026-07-10 05:11:00,0.601,129,20
2026-07-10 05:17:00,0.611,130,20
2026-07-10 05:23:00,0.595,127,20
2026-07-10 05:29:00,0.751,140,20
2026-07-10 05:35:00,0.777,140,20
2026-07-10 05:41:00,0.765,141,20
2026-07-10 05:47:00,0.716,140,20
2026-07-10 05:53:00,0.772,147,20
2026-07-10 05:59:00,0.628,148,20
2026-07-10 06:05:00,0.626,146,20
2026-07-10 06:11:00,0.609,151,20
2026-07-10 06:17:00,0.611,149,20
2026-07-10 06:23:00,0.537,143,20
2026-07-10 06:29:00,0.405,143,20
2026-07-10 06:35:00,0.574,143,20
2026-07-10 06:41:00,0.475,138,20
2026-07-10 06:47:00,0.508,143,20
2026-07-10 06:53:00,0.438,142,20
2026-07-10 06:59:00,0.441,145,20
2026-07-10 07:05:00,0.355,141,20
2026-07-10 07:11:00,0.557,136,20
2026-07-10 07:17:00,0.39,139,20
2026-07-10 07:23:00,0.268,135,20
2026-07-10 07:29:00,0.317,135,20
2026-07-10 07:35:00,0.294,127,20
2026-07-10 07:41:00,0.246,129,20
2026-07-10 07:47:00,0.25,129,20
2026-07-10 07:53:00,0.312,132,20
2026-07-10 07:59:00,0.244,120,20
2026-07-10 08:05:00,0.333,126,20
2026-07-10 08:11:00,0.256,115,20
2026-07-10 08:17:00,0.274,107,20
2026-07-10 08:23:00,0.265,112,20
2026-07-10 08:29:00,0.179,100,20
2026-07-10 08:35:00,0.25,121,20
2026-07-10 08:41:00,0.236,130,20
2026-07-10 08:47:00,0.11,120,20
2026-07-10 08:53:00,0.135,30,20
2026-07-10 08:59:00,0.209,332,20
2026-07-10 09:05:00,0.314,331,20
2026-07-10 09:11:00,0.278,320,20
2026-07-10 09:17:00,0.358,323,20
2026-07-10 09:23:00,0.262,332,20
2026-07-10 09:29:00,0.252,313,20
2026-07-10 09:35:00,0.427,317,20
2026-07-10 09:41:00,0.311,325,20
2026-07-10 09:47:00,0.253,306,20
2026-07-10 09:53:00,0.339,320,20
2026-07-10 09:59:00,0.369,326,20
2026-07-10 10:05:00,0.124,343,20
2026-07-10 10:11:00,0.355,321,20
2026-07-10 10:17:00,0.482,316,20
2026-07-10 10:23:00,0.572,308,20
2026-07-10 10:29:00,0.489,304,20
2026-07-10 10:35:00,0.565,310,20
2026-07-10 10:41:00,0.395,313,20
2026-07-10 10:47:00,0.275,322,20
2026-07-10 10:53:00,0.216,304,20
2026-07-10 10:59:00,0.329,326,20
2026-07-10 11:05:00,0.28,324,20
2026-07-10 11:11:00,0.332,313,20
2026-07-10 11:17:00,0.236,332,20
2026-07-10 11:23:00,0.159,6,20
2026-07-10 11:29:00,0.172,350,20
2026-07-10 11:35:00,0.147,314,20
2026-07-10 11:41:00,0.212,323,20
2026-07-10 11:47:00,0.25,332,20
2026-07-10 11:53:00,0.152,321,20
2026-07-10 11:59:00,0.113,321,20
2026-07-10 12:05:00,0.045,326,20
2026-07-10 12:11:00,0.152,323,20
2026-07-10 12:17:00,0.188,313,20
2026-07-10 12:23:00,0.116,320,20
2026-07-10 12:29:00,0.106,355,20
2026-07-10 12:35:00,0.126,329,20
2026-07-10 12:41:00,0.047,307,20
2026-07-10 12:47:00,0.055,322,20
2026-07-10 12:53:00,0.059,97,20
2026-07-10 12:59:00,0.044,123,20
2026-07-10 13:05:00,0.049,33,20
2026-07-10 13:11:00,0.102,118,20
2026-07-10 13:17:00,0.099,116,20
2026-07-10 13:23:00,0.042,215,20
2026-07-10 13:29:00,0.042,289,20
2026-07-10 13:35:00,0.035,180,20
2026-07-10 13:41:00,0.014,270,20
2026-07-10 13:53:00,0.096,170,20
2026-07-10 13:59:00,0.161,159,20
2026-07-10 14:05:00,0.214,148,20
2026-07-10 14:11:00,0.233,146,20
2026-07-10 14:17:00,0.111,171,20
2026-07-10 14:23:00,0.328,151,20
2026-07-10 14:29:00,0.27,146,20
2026-07-10 14:35:00,0.287,151,20
2026-07-10 14:41:00,0.286,146,20
2026-07-10 14:47:00,0.233,123,20
2026-07-10 14:53:00,0.288,143,20
2026-07-10 14:59:00,0.343,139,20
2026-07-10 15:05:00,0.315,144,20
2026-07-10 15:11:00,0.319,135,20
2026-07-10 15:17:00,0.196,119,20
2026-07-10 15:23:00,0.358,145,20
2026-07-10 15:29:00,0.283,134,20
2026-07-10 15:35:00,0.275,139,20
2026-07-10 15:41:00,0.395,132,20
2026-07-10 15:47:00,0.372,133,20
2026-07-10 15:53:00,0.495,139,20
2026-07-10 15:59:00,0.355,126,20
2026-07-10 16:05:00,0.453,127,20
2026-07-10 16:11:00,0.428,139,20
2026-07-10 16:17:00,0.408,145,20
2026-07-10 16:23:00,0.453,140,20
2026-07-10 16:29:00,0.392,137,20
2026-07-10 16:35:00,0.4,133,20
2026-07-10 16:41:00,0.491,138,20
2026-07-10 16:47:00,0.317,140,20
2026-07-10 16:53:00,0.343,139,20
2026-07-10 16:59:00,0.334,140,20
2026-07-10 17:05:00,0.544,135,20
2026-07-10 17:11:00,0.36,133,20
2026-07-10 17:17:00,0.342,141,20
2026-07-10 17:23:00,0.481,138,20
2026-07-10 17:29:00,0.534,137,20
2026-07-10 17:35:00,0.554,136,20
2026-07-10 17:41:00,0.532,134,20
2026-07-10 17:47:00,0.494,135,20
2026-07-10 17:53:00,0.527,137,20
2026-07-10 17:59:00,0.446,142,20
2026-07-10 18:05:00,0.422,137,20
2026-07-10 18:11:00,0.465,137,20
2026-07-10 18:17:00,0.421,140,20
2026-07-10 18:23:00,0.22,303,20
2026-07-10 18:29:00,0.459,159,20
2026-07-10 18:35:00,0.327,125,20
2026-07-10 18:41:00,0.331,120,20
2026-07-10 18:47:00,0.192,101,20
2026-07-10 18:53:00,0.166,118,20
2026-07-10 18:59:00,0.226,123,20
2026-07-10 19:05:00,0.192,116,20
2026-07-10 19:11:00,0.087,110,20
2026-07-10 19:17:00,0.112,119,20
2026-07-10 19:23:00,0.037,50,20
2026-07-10 19:29:00,0.197,1,20
2026-07-10 19:35:00,0.138,3,20
2026-07-10 19:41:00,0.186,344,20
2026-07-10 19:47:00,0.272,346,20
2026-07-10 19:53:00,0.245,343,20
2026-07-10 19:59:00,0.346,339,20
2026-07-10 20:05:00,0.393,342,20
2026-07-10 20:11:00,0.444,343,20
2026-07-10 20:17:00,0.566,341,20
2026-07-10 20:23:00,0.433,336,20
2026-07-10 20:29:00,0.418,336,20
2026-07-10 20:35:00,0.538,338,20
2026-07-10 20:41:00,0.58,340,20
2026-07-10 20:47:00,0.413,335,20
2026-07-10 20:53:00,0.464,331,20
2026-07-10 20:59:00,0.483,337,20
2026-07-10 21:05:00,0.512,334,20
2026-07-10 21:11:00,0.562,332,20
2026-07-10 21:17:00,0.527,331,20
2026-07-10 21:23:00,0.571,331,20
2026-07-10 21:29:00,0.696,331,20
2026-07-10 21:35:00,0.789,331,20
2026-07-10 21:41:00,0.941,327,20
2026-07-10 21:47:00,0.995,327,20
2026-07-10 21:53:00,1.17,335,20
2026-07-10 21:59:00,1.478,330,20
2026-07-10 22:05:00,1.59,328,20
2026-07-10 22:11:00,1.789,323,20
2026-07-10 22:17:00,1.629,323,20
2026-07-10 22:23:00,1.489,325,20
2026-07-10 22:29:00,1.295,325,20
2026-07-10 22:35:00,1.225,331,20
2026-07-10 22:41:00,1.03,334,20
2026-07-10 22:47:00,1.082,333,20
2026-07-10 22:53:00,1.039,332,20
2026-07-10 22:59:00,1.03,336,20
2026-07-10 23:05:00,0.954,334,20
2026-07-10 23:11:00,0.916,332,20
2026-07-10 23:17:00,0.932,332,20
2026-07-10 23:23:00,0.903,329,20
2026-07-10 23:29:00,0.96,331,20
2026-07-10 23:35:00,0.894,330,20
2026-07-10 23:41:00,0.882,332,20
2026-07-10 23:47:00,0.901,331,20
2026-07-10 23:53:00,0.969,331,20
2026-07-10 23:59:00,0.953,331,20
2026-07-11 00:05:00,0.866,331,20
2026-07-11 00:11:00,0.928,335,20
2026-07-11 00:17:00,0.797,333,20
2026-07-11 00:23:00,0.71,329,20
2026-07-11 00:29:00,0.608,322,20
2026-07-11 00:35:00,0.557,329,20
2026-07-11 00:41:00,0.508,325,20
2026-07-11 00:47:00,0.559,323,20
2026-07-11 00:53:00,0.444,324,20
2026-07-11 00:59:00,0.498,323,20
2026-07-11 01:05:00,0.457,321,20
2026-07-11 01:11:00,0.421,330,20
2026-07-11 01:17:00,0.424,327,20
2026-07-11 01:23:00,0.335,333,20
2026-07-11 01:29:00,0.316,334,20
2026-07-11 01:35:00,0.287,332,20
2026-07-11 01:41:00,0.298,328,20
2026-07-11 01:47:00,0.189,332,20
2026-07-11 01:53:00,0.148,323,20
2026-07-11 01:59:00,0.143,320,20
2026-07-11 02:05:00,0.102,321,20
2026-07-11 02:11:00,0.086,333,20
2026-07-11 02:17:00,0.095,336,20
2026-07-11 02:23:00,0.067,352,20
2026-07-11 02:29:00,0.012,198,20
2026-07-11 02:35:00,0.031,112,20
2026-07-11 02:41:00,0.03,120,20
2026-07-11 02:47:00,0.056,126,20
2026-07-11 02:53:00,0.107,100,20
2026-07-11 02:59:00,0.153,125,20
2026-07-11 03:05:00,0.274,135,20
2026-07-11 03:11:00,0.288,145,20
2026-07-11 03:17:00,0.311,144,20
2026-07-11 03:23:00,0.556,145,20
2026-07-11 03:29:00,0.427,137,20
2026-07-11 03:35:00,0.271,126,20
2026-07-11 03:41:00,0.217,116,20
2026-07-11 03:47:00,0.202,119,20
2026-07-11 03:53:00,0.198,116,20
2026-07-11 03:59:00,0.279,127,20
2026-07-11 04:05:00,0.264,123,20
2026-07-11 04:11:00,0.314,123,20
2026-07-11 04:17:00,0.297,130,20
2026-07-11 04:23:00,0.392,139,20
2026-07-11 04:29:00,0.364,136,20
2026-07-11 04:35:00,0.28,121,20
2026-07-11 04:41:00,0.256,130,20
2026-07-11 04:47:00,0.413,133,20
2026-07-11 04:53:00,0.569,139,20
2026-07-11 04:59:00,0.743,140,20
2026-07-11 05:05:00,0.84,144,20
2026-07-11 05:11:00,0.825,140,20
2026-07-11 05:17:00,0.968,140,20
2026-07-11 05:23:00,0.923,141,20
2026-07-11 05:29:00,0.803,137,20
2026-07-11 05:35:00,0.794,137,20
2026-07-11 05:41:00,0.732,136,20
2026-07-11 05:47:00,0.576,136,20
2026-07-11 05:53:00,0.455,133,20
2026-07-11 05:59:00,0.472,131,20
2026-07-11 06:05:00,0.582,128,20
2026-07-11 06:11:00,0.241,134,20
2026-07-11 06:17:00,0.207,151,20
2026-07-11 06:23:00,0.466,136,20
2026-07-11 06:29:00,0.523,119,20
2026-07-11 06:35:00,0.331,120,20
2026-07-11 06:41:00,0.183,151,20
2026-07-11 06:47:00,0.31,151,20
2026-07-11 06:53:00,0.329,153,20
2026-07-11 06:59:00,0.399,137,20
2026-07-11 07:05:00,0.335,143,20
2026-07-11 07:11:00,0.479,134,20
2026-07-11 07:17:00,0.393,140,20
2026-07-11 07:23:00,0.464,140,20
2026-07-11 07:29:00,0.447,133,20
2026-07-11 07:35:00,0.213,137,20
2026-07-11 07:41:00,0.466,126,20
2026-07-11 07:47:00,0.284,131,20
2026-07-11 07:53:00,0.218,148,20
2026-07-11 07:59:00,0.228,145,20
2026-07-11 08:05:00,0.354,134,20
2026-07-11 08:11:00,0.379,141,20
2026-07-11 08:17:00,0.346,134,20
2026-07-11 08:23:00,0.384,126,20
2026-07-11 08:29:00,0.414,131,20
2026-07-11 08:35:00,0.357,127,20
2026-07-11 08:41:00,0.213,132,20
2026-07-11 08:47:00,0.13,119,20
2026-07-11 08:53:00,0.063,65,20
2026-07-11 08:59:00,0.109,106,20
2026-07-11 09:05:00,0.058,96,20
2026-07-11 09:11:00,0.138,3,20
2026-07-11 09:17:00,0.108,42,20
2026-07-11 09:23:00,0.17,346,20
2026-07-11 09:29:00,0.193,349,20
2026-07-11 09:35:00,0.252,352,20
2026-07-11 09:41:00,0.212,346,20
2026-07-11 09:47:00,0.239,333,20
2026-07-11 09:59:00,0.262,333,20
2026-07-11 10:05:00,0.172,339,20
2026-07-11 10:11:00,0.318,331,20
2026-07-11 10:17:00,0.249,337,20
2026-07-11 10:23:00,0.233,329,20
2026-07-11 10:29:00,0.191,354,20
2026-07-11 10:35:00,0.231,345,20
2026-07-11 10:41:00,0.117,323,20
2026-07-11 10:47:00,0.091,13,20
2026-07-11 10:53:00,0.326,352,20
2026-07-11 10:59:00,0.259,349,20
2026-07-11 11:05:00,0.266,349,20
2026-07-11 11:11:00,0.135,81,20
2026-07-11 11:17:00,0.147,335,20
2026-07-11 11:23:00,0.198,342,20
2026-07-11 11:29:00,0.298,344,20
2026-07-11 11:35:00,0.315,350,20
2026-07-11 11:41:00,0.293,353,20
2026-07-11 11:47:00,0.44,348,20
2026-07-11 11:53:00,0.581,350,20
2026-07-11 11:59:00,0.328,356,20
2026-07-11 12:05:00,0.271,6,20
2026-07-11 12:11:00,0.341,354,20
2026-07-11 12:17:00,0.284,351,20
2026-07-11 12:23:00,0.36,348,20
2026-07-11 12:29:00,0.303,353,20
2026-07-11 12:35:00,0.308,338,20
2026-07-11 12:41:00,0.168,2,20
2026-07-11 12:47:00,0.203,351,20
2026-07-11 12:53:00,0.144,11,20
2026-07-11 12:59:00,0.263,10,20
2026-07-11 13:05:00,0.132,346,20
2026-07-11 13:17:00,0.237,341,20
2026-07-11 13:23:00,0.236,344,20
2026-07-11 13:29:00,0.146,37,20
2026-07-11 13:35:00,0.182,3,20
2026-07-11 13:41:00,0.21,342,20
2026-07-11 13:47:00,0.153,342,20
2026-07-11 13:53:00,0.115,345,20
2026-07-11 13:59:00,0.083,47,20
2026-07-11 14:05:00,0.114,346,20
2026-07-11 14:11:00,0.081,26,20
2026-07-11 14:17:00,0.07,20,20
2026-07-11 14:23:00,0.045,149,20
2026-07-11 14:29:00,0.027,56,20
2026-07-11 14:35:00,0.039,129,20
2026-07-11 14:41:00,0.027,65,20
2026-07-11 14:47:00,0.057,4,20
2026-07-11 14:53:00,0.099,15,20
2026-07-11 14:59:00,0.068,87,20
2026-07-11 15:05:00,0.081,100,20
2026-07-11 15:11:00,0.147,109,20
2026-07-11 15:17:00,0.129,132,20
2026-07-11 15:23:00,0.143,139,20
2026-07-11 15:29:00,0.108,112,20
2026-07-11 15:35:00,0.104,132,20
2026-07-11 15:41:00,0.148,136,20
2026-07-11 15:47:00,0.06,150,20
2026-07-11 15:53:00,0.225,146,20
2026-07-11 15:59:00,0.214,148,20
2026-07-11 16:05:00,0.196,148,20
2026-07-11 16:11:00,0.228,151,20
2026-07-11 16:17:00,0.225,152,20
2026-07-11 16:23:00,0.311,147,20
2026-07-11 16:29:00,0.242,151,20
2026-07-11 16:35:00,0.321,156,20
2026-07-11 16:41:00,0.43,152,20
2026-07-11 16:47:00,0.358,157,20
2026-07-11 16:53:00,0.338,160,20
2026-07-11 16:59:00,0.322,158,20
2026-07-11 17:05:00,0.313,153,20
2026-07-11 17:11:00,0.432,147,20
2026-07-11 17:17:00,0.424,149,20
2026-07-11 17:23:00,0.442,143,20
2026-07-11 17:29:00,0.526,139,20
2026-07-11 17:35:00,0.504,152,20
2026-07-11 17:41:00,0.48,146,20
2026-07-11 17:47:00,0.47,128,20
2026-07-11 17:53:00,0.443,111,20
2026-07-11 17:59:00,0.474,119,20
2026-07-11 18:05:00,0.507,127,20
2026-07-11 18:11:00,0.438,134,20
2026-07-11 18:17:00,0.523,132,20
2026-07-11 18:23:00,0.535,141,20
2026-07-11 18:29:00,0.47,135,20
2026-07-11 18:35:00,0.521,125,20
2026-07-11 18:41:00,0.534,134,20
2026-07-11 18:47:00,0.472,129,20
2026-07-11 18:53:00,0.541,126,20
2026-07-11 18:59:00,0.526,124,20
2026-07-11 19:05:00,0.542,128,20
2026-07-11 19:11:00,0.428,116,20
2026-07-11 19:17:00,0.441,117,20
2026-07-11 19:23:00,0.463,119,20
2026-07-11 19:29:00,0.423,123,20
2026-07-11 19:35:00,0.502,133,20
2026-07-11 19:41:00,0.356,127,20
2026-07-11 19:47:00,0.391,135,20
2026-07-11 19:53:00,0.313,131,20
2026-07-11 19:59:00,0.238,118,20
2026-07-11 20:05:00,0.138,123,20
2026-07-11 20:11:00,0.113,104,20
2026-07-11 20:17:00,0.069,108,20
2026-07-11 20:23:00,0.045,139,20
2026-07-11 20:29:00,0.01,146,20
2026-07-11 20:35:00,0.104,336,20
2026-07-11 20:41:00,0.126,340,20
2026-07-11 20:47:00,0.158,340,20
2026-07-11 20:53:00,0.151,338,20
2026-07-11 20:59:00,0.229,343,20
2026-07-11 21:05:00,0.334,349,20
2026-07-11 21:11:00,0.356,341,20
2026-07-11 21:17:00,0.463,343,20
2026-07-11 21:23:00,0.483,336,20
2026-07-11 21:29:00,0.516,338,20
2026-07-11 21:35:00,0.683,332,20
2026-07-11 21:41:00,0.711,333,20
2026-07-11 21:47:00,0.679,333,20
2026-07-11 21:53:00,0.723,331,20
2026-07-11 21:59:00,0.71,329,20
2026-07-11 22:05:00,0.75,330,20
2026-07-11 22:11:00,0.847,329,20
2026-07-11 22:17:00,0.656,332,20
2026-07-11 22:23:00,0.624,325,20
2026-07-11 22:29:00,0.733,328,20
2026-07-11 22:35:00,0.802,330,20
2026-07-11 22:41:00,0.982,326,20
2026-07-11 22:47:00,1.309,322,20
2026-07-11 22:53:00,1.155,323,20
2026-07-11 22:59:00,1.213,325,20
2026-07-11 23:05:00,1.462,326,20
2026-07-11 23:11:00,1.371,330,20
2026-07-11 23:17:00,1.501,332,20
2026-07-11 23:23:00,1.519,333,20
2026-07-11 23:29:00,1.518,333,20
2026-07-11 23:35:00,1.401,329,20
2026-07-11 23:41:00,1.264,327,20
2026-07-11 23:47:00,1.233,331,20
2026-07-11 23:53:00,1.03,337,20
2026-07-11 23:59:00,0.907,337,20
2026-07-12 00:05:00,0.887,338,20
2026-07-12 00:11:00,0.973,335,20
2026-07-12 00:17:00,0.972,334,20
2026-07-12 00:23:00,1.086,332,20
2026-07-12 00:29:00,1.036,332,20
2026-07-12 00:35:00,0.955,331,20
2026-07-12 00:41:00,0.75,334,20
2026-07-12 00:47:00,0.847,334,20
2026-07-12 00:53:00,0.833,334,20
2026-07-12 00:59:00,0.969,332,20
2026-07-12 01:05:00,1.047,332,20
2026-07-12 01:11:00,0.979,334,20
2026-07-12 01:17:00,0.804,334,20
2026-07-12 01:23:00,0.727,337,20
2026-07-12 01:29:00,0.722,332,20
2026-07-12 01:35:00,0.642,325,20
2026-07-12 01:41:00,0.597,327,20
2026-07-12 01:47:00,0.579,326,20
2026-07-12 01:53:00,0.491,322,20
2026-07-12 01:59:00,0.502,329,20
2026-07-12 02:05:00,0.469,328,20
2026-07-12 02:11:00,0.499,322,20
2026-07-12 02:17:00,0.422,325,20
2026-07-12 02:23:00,0.387,320,20
2026-07-12 02:29:00,0.271,318,20
2026-07-12 02:35:00,0.189,318,20
2026-07-12 02:41:00,0.156,322,20
2026-07-12 02:47:00,0.058,359,20
2026-07-12 02:53:00,0.071,349,20
2026-07-12 02:59:00,0.045,329,20
2026-07-12 03:05:00,0.056,326,20
2026-07-12 03:11:00,0.062,146,20
2026-07-12 03:17:00,0.039,65,20
2026-07-12 03:23:00,0.067,117,20
2026-07-12 03:29:00,0.11,104,20
2026-07-12 03:35:00,0.134,104,20
2026-07-12 03:41:00,0.184,112,20
2026-07-12 03:53:00,0.169,119,20
2026-07-12 03:59:00,0.194,120,20
2026-07-12 04:11:00,0.204,117,20
2026-07-12 04:17:00,0.304,114,20
2026-07-12 04:23:00,0.299,113,20
2026-07-12 04:29:00,0.3,107,20
2026-07-12 04:35:00,0.285,111,20
2026-07-12 04:41:00,0.34,111,20
2026-07-12 04:47:00,0.331,108,20
2026-07-12 04:53:00,0.354,115,20
2026-07-12 04:59:00,0.351,115,20
2026-07-12 05:05:00,0.465,127,20
2026-07-12 05:11:00,0.594,133,20
2026-07-12 05:17:00,0.654,134,20
2026-07-12 05:23:00,0.658,135,20
2026-07-12 05:29:00,0.597,135,20
2026-07-12 05:35:00,0.58,133,20
2026-07-12 05:41:00,0.624,133,20
2026-07-12 05:47:00,0.656,133,20
2026-07-12 05:53:00,0.737,134,20
2026-07-12 05:59:00,0.655,136,20
2026-07-12 06:05:00,0.618,143,20
2026-07-12 06:11:00,0.645,143,20
2026-07-12 06:17:00,0.517,125,20
2026-07-12 06:23:00,0.559,133,20
2026-07-12 06:29:00,0.491,128,20
2026-07-12 06:35:00,0.67,139,20
2026-07-12 06:41:00,0.38,140,20
2026-07-12 06:47:00,0.371,158,20
2026-07-12 06:53:00,0.607,144,20
2026-07-12 06:59:00,0.45,153,20
2026-07-12 07:05:00,0.499,155,20
2026-07-12 07:11:00,0.479,136,20
2026-07-12 07:17:00,0.426,122,20
2026-07-12 07:23:00,0.39,113,20
2026-07-12 07:29:00,0.537,115,20
2026-07-12 07:35:00,0.645,116,20
2026-07-12 07:41:00,0.522,116,20
2026-07-12 07:47:00,0.812,130,20
2026-07-12 07:53:00,0.868,133,20
2026-07-12 07:59:00,0.517,147,20
2026-07-12 08:05:00,0.605,147,20
2026-07-12 08:11:00,0.764,141,20
2026-07-12 08:17:00,0.656,144,20
2026-07-12 08:23:00,0.529,146,20
2026-07-12 08:29:00,0.596,141,20
2026-07-12 08:35:00,0.607,144,20
2026-07-12 08:41:00,0.689,144,20
2026-07-12 08:47:00,0.584,144,20
2026-07-12 08:53:00,0.603,144,20
2026-07-12 08:59:00,0.558,145,20
2026-07-12 09:05:00,0.55,146,20
2026-07-12 09:11:00,0.431,142,20
2026-07-12 09:17:00,0.438,143,20
2026-07-12 09:23:00,0.342,147,20
2026-07-12 09:29:00,0.434,130,20
2026-07-12 09:35:00,0.42,126,20
2026-07-12 09:41:00,0.445,124,20
2026-07-12 09:47:00,0.412,119,20
2026-07-12 09:53:00,0.4,119,20
2026-07-12 09:59:00,0.413,122,20
2026-07-12 10:05:00,0.296,123,20
2026-07-12 10:11:00,0.251,116,20
2026-07-12 10:17:00,0.211,98,20
2026-07-12 10:23:00,0.324,116,20
2026-07-12 10:29:00,0.123,345,20
2026-07-12 10:35:00,0.036,27,20
2026-07-12 10:41:00,0.07,55,20
2026-07-12 10:47:00,0.105,76,20
2026-07-12 10:53:00,0.298,319,20
2026-07-12 10:59:00,0.249,326,20
2026-07-12 11:05:00,0.325,326,20
2026-07-12 11:11:00,0.508,324,20
2026-07-12 11:17:00,0.459,327,20
2026-07-12 11:23:00,0.484,331,20
2026-07-12 11:29:00,0.399,332,20
2026-07-12 11:35:00,0.33,313,20
2026-07-12 11:41:00,0.202,285,20
2026-07-12 11:47:00,0.129,289,20
2026-07-12 11:53:00,0.19,302,20
2026-07-12 11:59:00,0.144,307,20
2026-07-12 12:05:00,0.192,315,20
2026-07-12 12:11:00,0.247,326,20
2026-07-12 12:17:00,0.124,217,20
2026-07-12 12:23:00,0.102,283,20
2026-07-12 12:29:00,0.255,337,20
2026-07-12 12:35:00,0.449,338,20
2026-07-12 12:41:00,0.157,350,20
2026-07-12 12:47:00,0.161,335,20
2026-07-12 12:53:00,0.197,351,20
2026-07-12 12:59:00,0.137,4,20
2026-07-12 13:05:00,0.242,5,20
2026-07-12 13:11:00,0.126,73,20
2026-07-12 13:17:00,0.204,93,20
2026-07-12 13:23:00,0.132,81,20
2026-07-12 13:29:00,0.097,81,20
2026-07-12 13:35:00,0.129,13,20
2026-07-12 13:41:00,0.163,356,20
2026-07-12 13:47:00,0.136,25,20
2026-07-12 13:53:00,0.097,41,20
2026-07-12 13:59:00,0.128,24,20
2026-07-12 14:05:00,0.042,46,20
2026-07-12 14:11:00,0.061,6,20
2026-07-12 14:17:00,0.109,11,20
2026-07-12 14:23:00,0.145,353,20
2026-07-12 14:29:00,0.06,23,20
2026-07-12 14:35:00,0.144,1,20
2026-07-12 14:41:00,0.121,352,20
2026-07-12 14:47:00,0.157,347,20
2026-07-12 14:53:00,0.01,225,20
2026-07-12 14:59:00,0.053,85,20
2026-07-12 15:05:00,0.094,106,20
2026-07-12 15:11:00,0.065,98,20
2026-07-12 15:17:00,0.095,130,20
2026-07-12 15:23:00,0.103,137,20
2026-07-12 15:29:00,0.146,143,20
2026-07-12 15:35:00,0.179,123,20
2026-07-12 15:41:00,0.204,117,20
2026-07-12 15:47:00,0.236,122,20
2026-07-12 15:53:00,0.363,121,20
2026-07-12 15:59:00,0.24,106,20
2026-07-12 16:05:00,0.356,121,20
2026-07-12 16:11:00,0.322,110,20
2026-07-12 16:17:00,0.379,115,20
2026-07-12 16:23:00,0.421,121,20
2026-07-12 16:29:00,0.538,121,20
2026-07-12 16:35:00,0.452,112,20
2026-07-12 16:41:00,0.433,121,20
2026-07-12 16:47:00,0.38,105,20
2026-07-12 16:53:00,0.469,116,20
2026-07-12 16:59:00,0.542,116,20
2026-07-12 17:05:00,0.459,115,20
2026-07-12 17:11:00,0.417,103,20
2026-07-12 17:17:00,0.406,102,20
2026-07-12 17:23:00,0.405,122,20
2026-07-12 17:29:00,0.282,123,20
2026-07-12 17:35:00,0.469,133,20
2026-07-12 17:41:00,0.488,136,20
2026-07-12 17:47:00,0.345,135,20
2026-07-12 17:53:00,0.46,138,20
2026-07-12 17:59:00,0.468,130,20
2026-07-12 18:05:00,0.423,133,20
2026-07-12 18:11:00,0.5,129,20
2026-07-12 18:17:00,0.621,134,20
2026-07-12 18:23:00,0.56,138,20
2026-07-12 18:29:00,0.649,137,20
2026-07-12 18:35:00,0.745,131,20
2026-07-12 18:41:00,0.624,122,20
2026-07-12 18:47:00,0.499,112,20
2026-07-12 18:53:00,0.617,126,20
2026-07-12 18:59:00,0.578,120,20
2026-07-12 19:05:00,0.601,125,20
2026-07-12 19:11:00,0.55,121,20
2026-07-12 19:17:00,0.621,132,20
2026-07-12 19:23:00,0.473,122,20
2026-07-12 19:29:00,0.546,128,20
2026-07-12 19:35:00,0.573,137,20
2026-07-12 19:41:00,0.582,137,20
2026-07-12 19:47:00,0.553,133,20
2026-07-12 19:53:00,0.519,136,20
2026-07-12 19:59:00,0.413,127,20
2026-07-12 20:05:00,0.381,126,20
2026-07-12 20:11:00,0.326,112,20
2026-07-12 20:17:00,0.262,98,20
2026-07-12 20:23:00,0.333,128,20
2026-07-12 20:29:00,0.245,126,20
2026-07-12 20:35:00,0.164,122,20
2026-07-12 20:41:00,0.284,125,20
2026-07-12 20:47:00,0.248,137,20
2026-07-12 20:53:00,0.268,139,20
2026-07-12 20:59:00,0.244,133,20
2026-07-12 21:05:00,0.159,123,20
2026-07-12 21:11:00,0.045,292,20
2026-07-12 21:17:00,0.167,334,20
2026-07-12 21:23:00,0.189,329,20
2026-07-12 21:29:00,0.167,325,20
2026-07-12 21:35:00,0.144,352,20
2026-07-12 21:41:00,0.179,351,20
2026-07-12 21:47:00,0.237,349,20
2026-07-12 21:53:00,0.327,337,20
2026-07-12 21:59:00,0.329,334,20
2026-07-12 22:05:00,0.274,335,20
2026-07-12 22:11:00,0.326,336,20
2026-07-12 22:17:00,0.409,338,20
2026-07-12 22:23:00,0.493,335,20
2026-07-12 22:29:00,0.511,335,20
2026-07-12 22:35:00,0.611,335,20
2026-07-12 22:41:00,0.661,332,20
2026-07-12 22:47:00,0.792,331,20
2026-07-12 22:53:00,1.027,324,20
2026-07-12 22:59:00,1.029,328,20
2026-07-12 23:05:00,1.159,328,20
2026-07-12 23:11:00,0.995,327,20
2026-07-12 23:17:00,0.888,320,20
2026-07-12 23:23:00,0.709,323,20
2026-07-12 23:29:00,0.712,321,20
2026-07-12 23:35:00,0.768,321,20
2026-07-12 23:41:00,0.841,321,20
2026-07-12 23:47:00,0.857,319,20
2026-07-12 23:53:00,0.916,324,20
2026-07-12 23:59:00,1.042,326,20
2026-07-13 00:05:00,1.001,327,20
2026-07-13 00:11:00,1.143,328,20
2026-07-13 00:17:00,1.033,329,20
2026-07-13 00:23:00,0.796,329,20
2026-07-13 00:29:00,0.796,329,20
2026-07-13 00:35:00,0.852,327,20
2026-07-13 00:41:00,0.953,328,20
2026-07-13 00:47:00,1.009,325,20
2026-07-13 00:53:00,0.969,323,20
2026-07-13 00:59:00,0.984,328,20
2026-07-13 01:05:00,0.846,329,20
2026-07-13 01:11:00,0.877,330,20
2026-07-13 01:17:00,0.907,332,20
2026-07-13 01:23:00,0.879,330,20
2026-07-13 01:29:00,0.858,329,20
2026-07-13 01:35:00,0.764,326,20
2026-07-13 01:41:00,0.815,329,20
2026-07-13 01:47:00,0.696,325,20
2026-07-13 01:53:00,0.813,324,20
2026-07-13 01:59:00,0.671,320,20
2026-07-13 02:05:00,0.689,324,20
2026-07-13 02:11:00,0.606,320,20
2026-07-13 02:17:00,0.427,331,20
2026-07-13 02:23:00,0.248,331,20
2026-07-13 02:29:00,0.42,329,20
2026-07-13 02:35:00,0.476,328,20
2026-07-13 02:41:00,0.422,327,20
2026-07-13 02:47:00,0.156,331,20
2026-07-13 02:53:00,0.264,336,20
2026-07-13 02:59:00,0.219,334,20
2026-07-13 03:05:00,0.217,321,20
2026-07-13 03:11:00,0.161,338,20
2026-07-13 03:17:00,0.094,322,20
2026-07-13 03:23:00,0.129,311,20
2026-07-13 03:29:00,0.129,305,20
2026-07-13 03:35:00,0.122,309,20
2026-07-13 03:41:00,0.088,324,20
2026-07-13 03:47:00,0.115,359,20
2026-07-13 03:53:00,0.134,14,20
2026-07-13 03:59:00,0.125,75,20
2026-07-13 04:05:00,0.164,96,20
2026-07-13 04:11:00,0.278,101,20
2026-07-13 04:17:00,0.275,113,20
2026-07-13 04:23:00,0.359,120,20
2026-07-13 04:29:00,0.343,121,20
2026-07-13 04:35:00,0.36,118,20
2026-07-13 04:41:00,0.395,120,20
2026-07-13 04:47:00,0.343,113,20
2026-07-13 04:53:00,0.385,115,20
2026-07-13 04:59:00,0.432,118,20
2026-07-13 05:05:00,0.429,120,20
2026-07-13 05:11:00,0.462,122,20
2026-07-13 05:17:00,0.596,131,20
2026-07-13 05:23:00,0.62,128,20
2026-07-13 05:29:00,0.738,133,20
2026-07-13 05:35:00,0.665,136,20
2026-07-13 05:41:00,0.551,127,20
2026-07-13 05:47:00,0.669,130,20
2026-07-13 05:53:00,0.636,129,20
2026-07-13 05:59:00,0.655,132,20
2026-07-13 06:05:00,0.722,148,20
2026-07-13 06:11:00,0.698,154,20
2026-07-13 06:17:00,0.708,151,20
2026-07-13 06:23:00,0.716,155,20
2026-07-13 06:29:00,0.684,156,20
2026-07-13 06:35:00,0.681,148,20
2026-07-13 06:41:00,0.589,140,20
2026-07-13 06:47:00,0.409,136,20
2026-07-13 06:53:00,0.596,125,20
2026-07-13 06:59:00,0.777,126,20
2026-07-13 07:05:00,0.748,129,20
2026-07-13 07:11:00,0.803,130,20
2026-07-13 07:17:00,0.836,133,20
2026-07-13 07:23:00,0.718,133,20
2026-07-13 07:29:00,0.723,130,20
2026-07-13 07:35:00,0.804,129,20
2026-07-13 07:41:00,0.961,125,20
2026-07-13 07:47:00,0.879,131,20
2026-07-13 07:53:00,0.905,132,20
2026-07-13 07:59:00,0.902,136,20
2026-07-13 08:05:00,1.241,136,20
2026-07-13 08:11:00,1.059,132,20
2026-07-13 08:17:00,0.995,129,20
2026-07-13 08:23:00,1.04,130,20
2026-07-13 08:29:00,1.138,129,20
2026-07-13 08:35:00,1.05,123,20
2026-07-13 08:41:00,1.08,130,20
2026-07-13 08:47:00,1.096,128,20
2026-07-13 08:53:00,0.99,128,20
2026-07-13 08:59:00,0.903,131,20
2026-07-13 09:05:00,0.897,130,20
2026-07-13 09:11:00,0.735,129,20
2026-07-13 09:17:00,0.736,132,20
2026-07-13 09:23:00,0.609,134,20
2026-07-13 09:29:00,0.611,132,20
2026-07-13 09:35:00,0.541,130,20
2026-07-13 09:41:00,0.562,133,20
2026-07-13 09:47:00,0.535,131,20
2026-07-13 09:53:00,0.584,135,20
2026-07-13 09:59:00,0.686,136,20
2026-07-13 10:05:00,0.687,137,20
2026-07-13 10:11:00,0.468,125,20
2026-07-13 10:17:00,0.685,141,20
2026-07-13 10:23:00,0.557,140,20
2026-07-13 10:29:00,0.418,118,20
2026-07-13 10:35:00,0.287,107,20
2026-07-13 10:41:00,0.479,115,20
2026-07-13 10:47:00,0.366,127,20
2026-07-13 10:53:00,0.319,123,20
2026-07-13 10:59:00,0.125,109,20
2026-07-13 11:05:00,0.193,123,20
2026-07-13 11:11:00,0.121,140,20
2026-07-13 11:17:00,0.255,150,20
2026-07-13 11:23:00,0.13,146,20
2026-07-13 11:29:00,0.219,2,20
2026-07-13 11:35:00,0.07,61,20
2026-07-13 11:41:00,0.075,157,20
2026-07-13 11:47:00,0.231,148,20
2026-07-13 11:53:00,0.6,166,20
2026-07-13 11:59:00,0.133,38,20
2026-07-13 12:05:00,0.303,131,20
2026-07-13 12:11:00,1.604,325,20
2026-07-13 12:17:00,0.348,294,20
2026-07-13 12:23:00,0.596,324,20
2026-07-13 12:29:00,0.771,321,20
2026-07-13 12:35:00,0.827,314,20
2026-07-13 12:41:00,0.358,306,20
2026-07-13 12:47:00,0.484,325,20
2026-07-13 12:53:00,0.511,326,20
2026-07-13 12:59:00,0.48,331,20
2026-07-13 13:05:00,0.47,331,20
2026-07-13 13:11:00,0.408,334,20
2026-07-13 13:17:00,0.386,330,20
2026-07-13 13:23:00,0.377,334,20
2026-07-13 13:29:00,0.428,334,20
2026-07-13 13:35:00,0.424,326,20
2026-07-13 13:41:00,0.472,327,20
2026-07-13 13:47:00,0.385,332,20
2026-07-13 13:53:00,0.4,328,20
2026-07-13 13:59:00,0.184,332,20
2026-07-13 14:05:00,0.197,322,20
2026-07-13 14:11:00,0.128,326,20
2026-07-13 14:17:00,0.162,310,20
2026-07-13 14:23:00,0.216,324,20
2026-07-13 14:29:00,0.257,326,20
2026-07-13 14:35:00,0.202,309,20
2026-07-13 14:41:00,0.216,323,20
2026-07-13 14:47:00,0.158,323,20
2026-07-13 14:53:00,0.171,336,20
2026-07-13 14:59:00,0.214,345,20
2026-07-13 15:05:00,0.155,333,20
2026-07-13 15:11:00,0.121,276,20
2026-07-13 15:17:00,0.195,297,20
2026-07-13 15:23:00,0.177,258,20
2026-07-13 15:29:00,0.115,300,20
2026-07-13 15:35:00,0.101,197,20
2026-07-13 15:41:00,0.12,197,20
2026-07-13 15:47:00,0.285,171,20
2026-07-13 15:53:00,0.134,207,20
2026-07-13 15:59:00,0.208,144,20
2026-07-13 16:05:00,0.3,139,20
2026-07-13 16:11:00,0.32,121,20
2026-07-13 16:17:00,0.228,131,20
2026-07-13 16:23:00,0.362,141,20
2026-07-13 16:29:00,0.454,142,20
2026-07-13 16:35:00,0.351,139,20
2026-07-13 16:41:00,0.361,135,20
2026-07-13 16:47:00,0.222,122,20
2026-07-13 16:53:00,0.187,131,20
2026-07-13 16:59:00,0.2,140,20
2026-07-13 17:05:00,0.215,132,20
2026-07-13 17:11:00,0.213,136,20
2026-07-13 17:17:00,0.198,145,20
2026-07-13 17:23:00,0.199,151,20
2026-07-13 17:29:00,0.246,140,20
2026-07-13 17:35:00,0.259,132,20
2026-07-13 17:41:00,0.387,139,20
2026-07-13 17:47:00,0.446,143,20
2026-07-13 17:53:00,0.401,138,20
2026-07-13 17:59:00,0.399,143,20
2026-07-13 18:05:00,0.484,139,20
2026-07-13 18:11:00,0.553,137,20
2026-07-13 18:17:00,0.626,136,20
2026-07-13 18:23:00,0.56,140,20
2026-07-13 18:29:00,0.506,138,20
2026-07-13 18:35:00,0.47,138,20
2026-07-13 18:41:00,0.433,139,20
2026-07-13 18:47:00,0.536,135,20
2026-07-13 18:53:00,0.542,136,20
2026-07-13 18:59:00,0.563,134,20
2026-07-13 19:05:00,0.493,129,20
2026-07-13 19:11:00,0.414,131,20
2026-07-13 19:17:00,0.473,131,20
2026-07-13 19:23:00,0.459,131,20
2026-07-13 19:29:00,0.472,136,20
2026-07-13 19:35:00,0.543,136,20
2026-07-13 19:41:00,0.491,131,20
2026-07-13 19:47:00,0.581,134,20
2026-07-13 19:53:00,0.627,138,20
2026-07-13 19:59:00,0.425,129,0
2026-07-13 20:05:00,0.765,137,20
2026-07-13 20:11:00,0.693,138,20
2026-07-13 20:17:00,0.622,139,20
2026-07-13 20:23:00,0.676,140,20
2026-07-13 20:29:00,0.496,136,20
2026-07-13 20:35:00,0.6,141,20
2026-07-13 20:41:00,0.508,139,20
2026-07-13 20:47:00,0.491,140,20
2026-07-13 20:53:00,0.49,139,20
2026-07-13 20:59:00,0.447,136,20
2026-07-13 21:05:00,0.463,137,20
2026-07-13 21:11:00,0.474,139,20
2026-07-13 21:17:00,0.505,141,20
2026-07-13 21:23:00,0.529,141,20
2026-07-13 21:29:00,0.564,136,20
2026-07-13 21:35:00,0.481,137,20
2026-07-13 21:41:00,0.34,136,20
2026-07-13 21:47:00,0.482,146,20
2026-07-13 21:53:00,0.527,147,20
2026-07-13 21:59:00,0.445,130,20
2026-07-13 22:05:00,0.387,126,20
2026-07-13 22:11:00,0.336,136,20
2026-07-13 22:17:00,0.247,124,20
2026-07-13 22:23:00,0.187,137,20
2026-07-13 22:29:00,0.047,261,20
2026-07-13 22:35:00,0.205,312,20
2026-07-13 22:41:00,0.287,312,20
2026-07-13 22:47:00,0.383,316,20
2026-07-13 22:53:00,0.374,324,20
2026-07-13 22:59:00,0.441,326,20
2026-07-13 23:05:00,0.383,325,20
2026-07-13 23:11:00,0.271,331,20
2026-07-13 23:17:00,0.257,328,20
2026-07-13 23:23:00,0.353,323,20
2026-07-13 23:29:00,0.323,326,20
2026-07-13 23:35:00,0.209,320,20
2026-07-13 23:41:00,0.259,334,20
2026-07-13 23:47:00,0.318,337,20
2026-07-13 23:53:00,0.387,336,20
2026-07-13 23:59:00,0.651,337,20
2026-07-14 00:05:00,0.904,333,20
2026-07-14 00:11:00,0.698,319,20
2026-07-14 00:17:00,0.819,318,20
2026-07-14 00:23:00,0.792,325,20
2026-07-14 00:29:00,0.865,326,20
2026-07-14 00:35:00,0.808,330,20
2026-07-14 00:41:00,1.054,333,20
2026-07-14 00:47:00,1.13,336,20
2026-07-14 00:53:00,1.087,338,20
2026-07-14 00:59:00,1.311,333,20
2026-07-14 01:05:00,0.972,328,20
2026-07-14 01:11:00,0.91,327,20
2026-07-14 01:17:00,1.11,330,20
2026-07-14 01:23:00,1.159,327,20
2026-07-14 01:29:00,1.248,327,20
2026-07-14 01:35:00,1.213,328,20
2026-07-14 01:41:00,1.242,327,20
2026-07-14 01:47:00,1.152,324,20
2026-07-14 01:53:00,1.039,322,20
2026-07-14 01:59:00,0.937,320,20
2026-07-14 02:05:00,0.973,323,20
2026-07-14 02:11:00,1.077,320,20
2026-07-14 02:17:00,1.063,320,20
2026-07-14 02:23:00,0.978,321,20
2026-07-14 02:29:00,0.979,320,20
2026-07-14 02:35:00,1.088,321,20
2026-07-14 02:41:00,1.073,321,20
2026-07-14 02:47:00,1.063,319,20
2026-07-14 02:53:00,0.863,317,20
2026-07-14 02:59:00,0.916,319,20
2026-07-14 03:05:00,0.751,332,20
2026-07-14 03:11:00,0.623,342,20
2026-07-14 03:17:00,0.5,344,20
2026-07-14 03:23:00,0.542,342,20
2026-07-14 03:29:00,0.435,344,20
2026-07-14 03:35:00,0.387,356,20
2026-07-14 03:41:00,0.386,351,20
2026-07-14 03:47:00,0.336,0,20
2026-07-14 03:53:00,0.356,1,20
2026-07-14 03:59:00,0.285,2,20
2026-07-14 04:05:00,0.177,6,20
2026-07-14 04:11:00,0.188,0,20
2026-07-14 04:17:00,0.158,33,20
2026-07-14 04:23:00,0.145,36,20
2026-07-14 04:29:00,0.205,104,20
2026-07-14 04:35:00,0.333,114,20
2026-07-14 04:41:00,0.309,118,20
2026-07-14 04:47:00,0.249,100,20
2026-07-14 04:53:00,0.288,110,20
2026-07-14 04:59:00,0.315,118,20
2026-07-14 05:05:00,0.384,121,20
2026-07-14 05:11:00,0.323,112,20
2026-07-14 05:17:00,0.403,121,20
2026-07-14 05:23:00,0.401,114,20
2026-07-14 05:29:00,0.431,115,20
2026-07-14 05:35:00,0.426,114,20
2026-07-14 05:41:00,0.497,119,20
2026-07-14 05:47:00,0.475,121,20
2026-07-14 05:53:00,0.478,121,20
2026-07-14 05:59:00,0.534,125,20
2026-07-14 06:05:00,0.697,132,20
2026-07-14 06:11:00,0.608,131,20
2026-07-14 06:17:00,1.078,149,20
2026-07-14 06:23:00,0.853,156,20
2026-07-14 06:29:00,0.812,151,20
2026-07-14 06:35:00,0.875,157,20
2026-07-14 06:41:00,0.663,159,20
2026-07-14 06:47:00,0.502,157,20
2026-07-14 06:53:00,0.522,143,20
2026-07-14 06:59:00,0.392,124,20
2026-07-14 07:05:00,0.462,117,20
2026-07-14 07:11:00,0.584,117,20
2026-07-14 07:17:00,0.617,127,20
2026-07-14 07:23:00,0.572,128,20
2026-07-14 07:29:00,0.663,134,20
2026-07-14 07:35:00,0.842,133,20
2026-07-14 07:41:00,0.917,135,20
2026-07-14 07:47:00,0.841,130,20
2026-07-14 07:53:00,0.783,131,20
2026-07-14 07:59:00,0.929,132,20
2026-07-14 08:05:00,0.953,137,20
2026-07-14 08:11:00,1.155,137,20
2026-07-14 08:17:00,1.027,139,20
2026-07-14 08:23:00,1.087,135,20
2026-07-14 08:29:00,1.044,136,20
2026-07-14 08:35:00,0.948,136,20
2026-07-14 08:41:00,0.867,139,20
2026-07-14 08:47:00,0.953,137,20
2026-07-14 08:53:00,0.903,131,20
2026-07-14 08:59:00,1.008,132,20
2026-07-14 09:05:00,0.954,132,20
2026-07-14 09:11:00,0.788,136,20
2026-07-14 09:17:00,0.752,137,20
2026-07-14 09:23:00,0.895,135,20
2026-07-14 09:29:00,0.859,134,20
2026-07-14 09:35:00,0.998,137,20
2026-07-14 09:41:00,0.971,137,20
2026-07-14 09:47:00,0.951,139,20
2026-07-14 09:53:00,0.95,138,20
2026-07-14 09:59:00,0.917,137,20
2026-07-14 10:05:00,0.915,139,20
2026-07-14 10:11:00,0.793,138,20
2026-07-14 10:17:00,0.794,138,20
2026-07-14 10:23:00,0.741,140,20
2026-07-14 10:29:00,0.726,137,20
2026-07-14 10:35:00,0.721,138,20
2026-07-14 10:41:00,0.658,137,20
2026-07-14 10:47:00,0.604,134,20
2026-07-14 10:53:00,0.626,135,20
2026-07-14 10:59:00,0.499,131,20
2026-07-14 11:05:00,0.547,130,20
2026-07-14 11:11:00,0.548,132,20
2026-07-14 11:17:00,0.419,129,20
2026-07-14 11:23:00,0.41,127,20
2026-07-14 11:29:00,0.343,126,20
2026-07-14 11:35:00,0.367,134,20
2026-07-14 11:41:00,0.401,130,20
2026-07-14 11:47:00,0.355,132,20
2026-07-14 11:53:00,0.316,134,20
2026-07-14 11:59:00,0.289,134,20
2026-07-14 12:05:00,0.31,139,20
2026-07-14 12:11:00,0.297,138,20
2026-07-14 12:17:00,0.263,138,20
2026-07-14 12:23:00,0.327,140,20
2026-07-14 12:29:00,0.211,137,20
2026-07-14 12:35:00,0.15,144,20
2026-07-14 12:41:00,0.069,158,20
2026-07-14 12:47:00,0.123,142,20
2026-07-14 12:53:00,0.016,319,20
2026-07-14 12:59:00,0.045,319,20
2026-07-14 13:05:00,0.056,330,20
2026-07-14 13:11:00,0.087,347,20
2026-07-14 13:17:00,0.162,337,20
2026-07-14 13:23:00,0.203,330,20
2026-07-14 13:29:00,0.21,325,20
2026-07-14 13:35:00,0.142,336,20
2026-07-14 13:41:00,0.064,323,20
2026-07-14 13:47:00,0.143,338,20
2026-07-14 13:53:00,0.174,341,20
2026-07-14 13:59:00,0.298,333,20
2026-07-14 14:05:00,0.256,333,20
2026-07-14 14:11:00,0.29,327,20
2026-07-14 14:17:00,0.29,334,20
2026-07-14 14:23:00,0.308,338,20
2026-07-14 14:29:00,0.303,339,20
2026-07-14 14:35:00,0.294,337,20
2026-07-14 14:41:00,0.31,336,20
2026-07-14 14:47:00,0.334,340,20
2026-07-14 14:53:00,0.28,338,20
2026-07-14 14:59:00,0.236,330,20
2026-07-14 15:05:00,0.397,329,20
2026-07-14 15:11:00,0.402,332,20
2026-07-14 15:17:00,0.364,330,20
2026-07-14 15:23:00,0.465,332,20
2026-07-14 15:29:00,0.396,340,20
2026-07-14 15:35:00,0.378,337,20
2026-07-14 15:41:00,0.462,338,20
2026-07-14 15:47:00,0.351,339,20
2026-07-14 15:53:00,0.272,343,20
2026-07-14 15:59:00,0.314,334,20
2026-07-14 16:05:00,0.294,330,20
2026-07-14 16:11:00,0.369,332,20
2026-07-14 16:17:00,0.283,322,20
2026-07-14 16:23:00,0.418,329,20
2026-07-14 16:29:00,0.324,339,20
2026-07-14 16:35:00,0.337,334,20
2026-07-14 16:41:00,0.312,334,20
2026-07-14 16:47:00,0.206,349,20
2026-07-14 16:53:00,0.255,346,20
2026-07-14 16:59:00,0.22,335,20
2026-07-14 17:05:00,0.18,344,20
2026-07-14 17:11:00,0.144,4,20
2026-07-14 17:17:00,0.15,30,20
2026-07-14 17:23:00,0.14,55,20
2026-07-14 17:29:00,0.24,87,20
2026-07-14 17:35:00,0.287,109,20
2026-07-14 17:41:00,0.265,115,20
2026-07-14 17:47:00,0.265,101,20
2026-07-14 17:53:00,0.26,101,20
2026-07-14 17:59:00,0.362,116,20
2026-07-14 18:05:00,0.346,111,20
2026-07-14 18:11:00,0.456,129,20
2026-07-14 18:17:00,0.474,131,20
2026-07-14 18:23:00,0.24,121,20
2026-07-14 18:29:00,0.284,119,20
2026-07-14 18:35:00,0.288,114,20
2026-07-14 18:41:00,0.354,128,20
2026-07-14 18:47:00,0.412,130,20
2026-07-14 18:53:00,0.465,131,20
2026-07-14 18:59:00,0.433,128,20
2026-07-14 19:05:00,0.414,131,20
2026-07-14 19:11:00,0.48,134,20
2026-07-14 19:17:00,0.462,140,20
2026-07-14 19:23:00,0.504,138,20
2026-07-14 19:29:00,0.527,136,20
2026-07-14 19:35:00,0.585,136,20
2026-07-14 19:41:00,0.585,140,20
2026-07-14 19:47:00,0.478,138,20
2026-07-14 19:53:00,0.704,136,20
2026-07-14 19:59:00,0.626,141,20
2026-07-14 20:05:00,0.691,139,20
2026-07-14 20:11:00,0.62,140,20
2026-07-14 20:17:00,0.626,140,20
2026-07-14 20:23:00,0.593,145,20
2026-07-14 20:29:00,0.562,140,20
2026-07-14 20:35:00,0.673,143,20
2026-07-14 20:41:00,0.745,142,20
2026-07-14 20:47:00,0.711,142,20
2026-07-14 20:53:00,0.811,139,20
2026-07-14 20:59:00,0.741,137,20
2026-07-14 21:05:00,0.825,137,20
2026-07-14 21:11:00,0.761,137,20
2026-07-14 21:17:00,0.7,136,20
2026-07-14 21:23:00,0.807,135,20
2026-07-14 21:29:00,0.848,137,20
2026-07-14 21:35:00,0.73,138,20
2026-07-14 21:41:00,0.81,140,20
2026-07-14 21:47:00,0.873,139,20
2026-07-14 21:53:00,0.966,137,20
2026-07-14 21:59:00,0.87,138,20
2026-07-14 22:05:00,0.788,138,20
2026-07-14 22:11:00,0.76,136,20
2026-07-14 22:17:00,0.839,141,20
2026-07-14 22:23:00,0.728,140,20
2026-07-14 22:29:00,0.632,142,20
2026-07-14 22:35:00,0.583,138,20
2026-07-14 22:41:00,0.572,140,20
2026-07-14 22:47:00,0.563,139,20
2026-07-14 22:53:00,0.478,139,20
2026-07-14 22:59:00,0.389,145,20
2026-07-14 23:05:00,0.439,141,20
2026-07-14 23:11:00,0.375,138,20
2026-07-14 23:17:00,0.286,143,20
2026-07-14 23:23:00,0.257,146,20
2026-07-14 23:29:00,0.199,141,20
2026-07-14 23:35:00,0.179,143,20
2026-07-14 23:41:00,0.103,150,20
2026-07-14 23:47:00,0.045,144,20
2026-07-14 23:53:00,0.075,305,20
2026-07-14 23:59:00,0.05,311,20
2026-07-15 00:05:00,0.29,328,20
2026-07-15 00:11:00,0.426,329,20
2026-07-15 00:17:00,0.621,331,20
2026-07-15 00:23:00,0.582,334,20
2026-07-15 00:29:00,0.584,339,20
2026-07-15 00:35:00,0.554,338,20
2026-07-15 00:41:00,0.544,337,20
2026-07-15 00:47:00,0.645,334,20
2026-07-15 00:53:00,0.651,330,20
2026-07-15 00:59:00,0.677,329,20
2026-07-15 01:05:00,0.905,329,20
2026-07-15 01:11:00,0.901,331,20
2026-07-15 01:17:00,1.172,327,20
2026-07-15 01:23:00,1.246,323,20
2026-07-15 01:29:00,1.317,328,20
2026-07-15 01:35:00,1.34,324,20
2026-07-15 01:41:00,1.457,323,20
2026-07-15 01:47:00,1.386,329,20
2026-07-15 01:53:00,1.48,328,20
2026-07-15 01:59:00,1.297,328,20
2026-07-15 02:05:00,1.51,331,20
2026-07-15 02:11:00,1.31,333,20
2026-07-15 02:17:00,1.368,331,20
2026-07-15 02:23:00,1.174,329,20
2026-07-15 02:29:00,1.32,325,20
2026-07-15 02:35:00,1.478,330,20
2026-07-15 02:41:00,1.478,330,20
2026-07-15 02:47:00,1.336,326,20
2026-07-15 02:53:00,1.262,327,20
2026-07-15 02:59:00,1.395,330,20
2026-07-15 03:05:00,1.447,328,20
2026-07-15 03:11:00,1.247,325,20
2026-07-15 03:17:00,1.38,322,20
2026-07-15 03:23:00,1.203,326,20
2026-07-15 03:29:00,1.096,324,20
2026-07-15 03:35:00,1.135,323,20
2026-07-15 03:41:00,1.166,324,20
2026-07-15 03:47:00,1.168,321,20
2026-07-15 03:53:00,1.097,323,20
2026-07-15 03:59:00,0.974,319,20
2026-07-15 04:05:00,0.733,318,20
2026-07-15 04:11:00,0.529,329,20
2026-07-15 04:17:00,0.497,348,20
2026-07-15 04:23:00,0.381,347,20
2026-07-15 04:29:00,0.217,356,20
2026-07-15 04:35:00,0.3,355,20
2026-07-15 04:41:00,0.197,359,20
2026-07-15 04:47:00,0.299,351,20
2026-07-15 04:53:00,0.193,4,20
2026-07-15 04:59:00,0.27,345,20
2026-07-15 05:05:00,0.284,344,20
2026-07-15 05:11:00,0.265,344,20
2026-07-15 05:17:00,0.138,336,20
2026-07-15 05:23:00,0.126,3,20
2026-07-15 05:29:00,0.091,34,20
2026-07-15 05:35:00,0.169,15,20
2026-07-15 05:41:00,0.16,70,20
2026-07-15 05:47:00,0.195,88,20
2026-07-15 05:53:00,0.285,117,20
2026-07-15 05:59:00,0.044,355,20
2026-07-15 06:05:00,0.174,165,20
2026-07-15 06:11:00,0.399,175,20
2026-07-15 06:17:00,0.232,151,20
2026-07-15 06:23:00,0.313,127,20
2026-07-15 06:29:00,0.212,127,20
2026-07-15 06:35:00,0.324,157,20
2026-07-15 06:41:00,0.229,161,20
2026-07-15 06:47:00,0.074,128,20
2026-07-15 06:53:00,0.309,81,20
2026-07-15 06:59:00,0.254,87,20
2026-07-15 07:05:00,0.205,79,20
2026-07-15 07:11:00,0.357,92,20
2026-07-15 07:17:00,0.387,90,20
2026-07-15 07:23:00,0.379,83,20
2026-07-15 07:29:00,0.362,82,20
2026-07-15 07:35:00,0.359,69,20
2026-07-15 07:41:00,0.283,77,20
2026-07-15 07:47:00,0.615,144,20
2026-07-15 07:53:00,0.417,171,20
2026-07-15 07:59:00,0.267,164,20
2026-07-15 08:05:00,0.393,154,20
2026-07-15 08:11:00,0.385,145,20
2026-07-15 08:17:00,0.558,151,20
2026-07-15 08:23:00,0.652,148,20
2026-07-15 08:29:00,0.746,147,20
2026-07-15 08:35:00,0.612,139,20
2026-07-15 08:41:00,0.601,133,20
2026-07-15 08:47:00,0.594,135,20
2026-07-15 08:53:00,0.535,130,20
2026-07-15 08:59:00,0.594,137,20
2026-07-15 09:05:00,0.702,141,20
2026-07-15 09:11:00,0.746,140,20
2026-07-15 09:17:00,0.86,141,20
2026-07-15 09:23:00,0.936,139,20
2026-07-15 09:29:00,0.855,137,20
2026-07-15 09:35:00,0.776,136,20
2026-07-15 09:41:00,0.545,133,20
2026-07-15 09:47:00,0.79,140,20
2026-07-15 09:53:00,0.922,145,20
2026-07-15 09:59:00,0.956,146,20
2026-07-15 10:05:00,0.905,142,20
2026-07-15 10:11:00,0.969,145,20
2026-07-15 10:17:00,0.936,143,20
2026-07-15 10:23:00,0.784,138,20
2026-07-15 10:29:00,0.808,134,20
2026-07-15 10:35:00,0.699,129,20
2026-07-15 10:41:00,0.828,123,20
2026-07-15 10:47:00,0.66,129,20
2026-07-15 10:53:00,0.71,136,20
2026-07-15 10:59:00,0.714,139,20
2026-07-15 11:05:00,0.622,129,20
2026-07-15 11:11:00,0.635,138,20
2026-07-15 11:17:00,0.724,139,20
2026-07-15 11:23:00,0.691,139,20
2026-07-15 11:29:00,0.636,140,20
2026-07-15 11:35:00,0.618,138,20
2026-07-15 11:41:00,0.638,137,20
2026-07-15 11:47:00,0.659,140,20
2026-07-15 11:53:00,0.633,139,20
2026-07-15 11:59:00,0.623,139,20
2026-07-15 12:05:00,0.643,143,20
2026-07-15 12:11:00,0.638,149,20
2026-07-15 12:17:00,0.595,145,20
2026-07-15 12:23:00,0.603,147,20
2026-07-15 12:29:00,0.559,142,20
2026-07-15 12:35:00,0.489,140,20
2026-07-15 12:41:00,0.477,142,20
2026-07-15 12:47:00,0.387,138,20
2026-07-15 12:53:00,0.424,147,20
2026-07-15 12:59:00,0.332,147,20
2026-07-15 13:05:00,0.324,139,20
2026-07-15 13:11:00,0.348,146,20
2026-07-15 13:17:00,0.34,145,20
2026-07-15 13:23:00,0.283,152,20
2026-07-15 13:29:00,0.238,131,20
2026-07-15 13:35:00,0.159,120,20
2026-07-15 13:41:00,0.177,114,20
2026-07-15 13:47:00,0.158,107,20
2026-07-15 13:53:00,0.223,111,20
2026-07-15 13:59:00,0.179,111,20
2026-07-15 14:05:00,0.206,124,20
2026-07-15 14:11:00,0.15,120,20
2026-07-15 14:17:00,0.041,56,20
2026-07-15 14:23:00,0.044,342,20
2026-07-15 14:29:00,0.151,339,20
2026-07-15 14:35:00,0.191,332,20
2026-07-15 14:41:00,0.199,333,20
2026-07-15 14:47:00,0.228,338,20
2026-07-15 14:53:00,0.13,339,20
2026-07-15 14:59:00,0.169,335,20
2026-07-15 15:05:00,0.207,332,20
2026-07-15 15:11:00,0.285,334,20
2026-07-15 15:17:00,0.244,336,20
2026-07-15 15:23:00,0.231,344,20
2026-07-15 15:29:00,0.281,341,20
2026-07-15 15:35:00,0.299,338,20
2026-07-15 15:41:00,0.305,342,20
2026-07-15 15:47:00,0.3,331,20
2026-07-15 15:53:00,0.281,338,20
2026-07-15 15:59:00,0.343,336,20
2026-07-15 16:05:00,0.241,341,20
2026-07-15 16:11:00,0.364,324,20
2026-07-15 16:17:00,0.276,330,20
2026-07-15 16:23:00,0.259,329,20
2026-07-15 16:29:00,0.404,327,20
2026-07-15 16:35:00,0.234,329,20
2026-07-15 16:41:00,0.404,326,20
2026-07-15 16:47:00,0.397,324,20
2026-07-15 16:53:00,0.289,318,20
2026-07-15 16:59:00,0.357,336,20
2026-07-15 17:05:00,0.259,331,20
2026-07-15 17:11:00,0.29,351,20
2026-07-15 17:17:00,0.437,349,20
2026-07-15 17:23:00,0.379,349,20
2026-07-15 17:29:00,0.367,350,20
2026-07-15 17:35:00,0.198,17,20
2026-07-15 17:41:00,0.222,15,20
2026-07-15 17:47:00,0.242,350,20
2026-07-15 17:53:00,0.205,347,20
2026-07-15 17:59:00,0.228,355,20
2026-07-15 18:05:00,0.166,16,20
2026-07-15 18:11:00,0.289,6,20
2026-07-15 18:17:00,0.19,11,20
2026-07-15 18:23:00,0.126,10,20
2026-07-15 18:29:00,0.083,40,20
2026-07-15 18:35:00,0.155,83,20
2026-07-15 18:41:00,0.161,100,20
2026-07-15 18:47:00,0.192,100,20
2026-07-15 18:53:00,0.148,88,20
2026-07-15 18:59:00,0.179,93,20
2026-07-15 19:05:00,0.157,89,20
2026-07-15 19:11:00,0.366,122,20
2026-07-15 19:17:00,0.424,136,20
2026-07-15 19:23:00,0.432,140,20
2026-07-15 19:29:00,0.496,145,20
2026-07-15 19:35:00,0.327,135,20
2026-07-15 19:41:00,0.463,144,20
2026-07-15 19:47:00,0.618,140,20
2026-07-15 19:53:00,0.606,142,20
2026-07-15 19:59:00,0.515,141,20
2026-07-15 20:05:00,0.507,142,20
2026-07-15 20:11:00,0.503,142,20
2026-07-15 20:17:00,0.535,141,20
2026-07-15 20:23:00,0.54,142,20
2026-07-15 20:29:00,0.652,142,20
2026-07-15 20:35:00,0.556,137,20
2026-07-15 20:41:00,0.5,137,20
2026-07-15 20:47:00,0.533,131,20
2026-07-15 20:53:00,0.408,125,20
2026-07-15 20:59:00,0.389,126,20
2026-07-15 21:05:00,0.343,126,20
2026-07-15 21:11:00,0.4,123,20
2026-07-15 21:17:00,0.408,129,20
2026-07-15 21:23:00,0.47,136,20
2026-07-15 21:29:00,0.517,139,20
2026-07-15 21:35:00,0.538,140,20
2026-07-15 21:41:00,0.563,136,20
2026-07-15 21:47:00,0.491,138,20
2026-07-15 21:53:00,0.435,139,20
2026-07-15 21:59:00,0.527,141,20
2026-07-15 22:05:00,0.656,144,20
2026-07-15 22:11:00,0.66,139,20
2026-07-15 22:17:00,0.667,142,20
2026-07-15 22:23:00,0.674,142,20
2026-07-15 22:29:00,0.688,139,20
2026-07-15 22:35:00,0.816,146,20
2026-07-15 22:41:00,0.797,147,20
2026-07-15 22:47:00,0.819,144,20
2026-07-15 22:53:00,0.602,143,20
2026-07-15 22:59:00,0.732,144,20
2026-07-15 23:05:00,0.704,141,20
2026-07-15 23:11:00,0.638,146,20
2026-07-15 23:17:00,0.537,145,20
2026-07-15 23:23:00,0.428,141,20
2026-07-15 23:29:00,0.281,129,20
2026-07-15 23:35:00,0.214,122,20
2026-07-15 23:41:00,0.243,133,20
2026-07-15 23:47:00,0.22,129,20
2026-07-15 23:53:00,0.179,121,20
2026-07-15 23:59:00,0.178,115,20
2026-07-16 00:05:00,0.162,128,20
2026-07-16 00:11:00,0.034,46,20
2026-07-16 00:17:00,0.068,115,20
2026-07-16 00:23:00,0.023,61,20
2026-07-16 00:29:00,0.142,162,20
2026-07-16 00:35:00,0.074,113,20
2026-07-16 00:41:00,0.044,28,20
2026-07-16 00:47:00,0.163,329,20
2026-07-16 00:53:00,0.342,332,20
2026-07-16 00:59:00,0.548,331,20
2026-07-16 01:05:00,0.568,328,20
2026-07-16 01:11:00,0.613,329,20
2026-07-16 01:17:00,0.6,332,20
2026-07-16 01:23:00,0.574,327,20
2026-07-16 01:29:00,0.555,334,20
2026-07-16 01:35:00,0.623,332,20
2026-07-16 01:41:00,0.623,332,20
2026-07-16 01:47:00,0.555,340,20
2026-07-16 01:53:00,0.571,337,20
2026-07-16 01:59:00,0.645,337,20
2026-07-16 02:05:00,0.667,337,20
2026-07-16 02:11:00,0.824,334,20
2026-07-16 02:17:00,0.84,337,20
2026-07-16 02:23:00,0.85,335,20
2026-07-16 02:29:00,0.959,329,20
2026-07-16 02:35:00,1.007,328,20
2026-07-16 02:41:00,0.966,330,20
2026-07-16 02:47:00,1.088,324,20
2026-07-16 02:53:00,1.114,326,20
2026-07-16 02:59:00,1.202,333,20
2026-07-16 03:05:00,1.236,329,20
2026-07-16 03:11:00,1.256,328,20
2026-07-16 03:17:00,1.244,330,20
2026-07-16 03:23:00,1.252,328,20
2026-07-16 03:29:00,1.252,328,20
2026-07-16 03:35:00,1.256,326,20
2026-07-16 03:41:00,1.269,323,20
2026-07-16 03:47:00,1.169,325,20
2026-07-16 03:53:00,1.135,326,20
2026-07-16 03:59:00,1.174,326,20
2026-07-16 04:05:00,1.095,328,20
2026-07-16 04:11:00,1.098,331,20
2026-07-16 04:17:00,1.195,330,20
2026-07-16 04:23:00,1.089,327,20
2026-07-16 04:29:00,0.958,330,20
2026-07-16 04:35:00,0.976,330,20
2026-07-16 04:41:00,0.92,332,20
2026-07-16 04:47:00,0.778,334,20
2026-07-16 04:53:00,0.706,336,20
2026-07-16 04:59:00,0.592,343,20
2026-07-16 05:05:00,0.605,346,20
2026-07-16 05:11:00,0.601,344,20
2026-07-16 05:17:00,0.504,347,20
2026-07-16 05:23:00,0.532,345,20
2026-07-16 05:29:00,0.432,349,20
2026-07-16 05:35:00,0.417,352,20
2026-07-16 05:41:00,0.406,357,20
2026-07-16 05:47:00,0.387,355,20
2026-07-16 05:53:00,0.369,352,20
2026-07-16 05:59:00,0.281,349,20
2026-07-16 06:05:00,0.298,356,20
2026-07-16 06:11:00,0.158,43,20
2026-07-16 06:17:00,0.211,91,20
2026-07-16 06:23:00,0.133,116,20
2026-07-16 06:29:00,0.161,114,20
2026-07-16 06:35:00,0.222,114,20
2026-07-16 06:41:00,0.341,109,20
2026-07-16 06:47:00,0.449,112,20
2026-07-16 06:53:00,0.597,114,20
2026-07-16 06:59:00,0.461,107,20
2026-07-16 07:05:00,0.464,121,20
2026-07-16 07:11:00,0.478,129,20
2026-07-16 07:17:00,0.339,118,20
2026-07-16 07:23:00,0.455,104,20
2026-07-16 07:29:00,0.457,110,20
2026-07-16 07:35:00,0.497,111,20
2026-07-16 07:41:00,0.481,112,20
2026-07-16 07:47:00,0.494,117,20
2026-07-16 07:53:00,0.337,113,20
2026-07-16 07:59:00,0.397,128,20
2026-07-16 08:05:00,0.493,126,20
2026-07-16 08:11:00,0.432,127,20
2026-07-16 08:17:00,0.349,116,20
2026-07-16 08:23:00,0.335,114,20
2026-07-16 08:29:00,0.357,116,20
2026-07-16 08:35:00,0.411,126,20
2026-07-16 08:41:00,0.365,128,20
2026-07-16 08:47:00,0.392,134,20
2026-07-16 08:53:00,0.447,139,20
2026-07-16 08:59:00,0.495,142,20
2026-07-16 09:05:00,0.506,140,20
2026-07-16 09:11:00,0.601,146,20
2026-07-16 09:17:00,0.568,141,20
2026-07-16 09:23:00,0.494,141,20
2026-07-16 09:29:00,0.53,135,20
2026-07-16 09:35:00,0.473,138,20
2026-07-16 09:41:00,0.618,137,20
2026-07-16 09:47:00,0.703,134,20
2026-07-16 09:53:00,0.609,138,20
2026-07-16 09:59:00,0.592,138,20
2026-07-16 10:05:00,0.637,140,20
2026-07-16 10:11:00,0.492,148,20
2026-07-16 10:17:00,0.589,147,20
2026-07-16 10:23:00,0.68,141,20
2026-07-16 10:29:00,0.605,141,20
2026-07-16 10:35:00,0.562,135,20
2026-07-16 10:41:00,0.639,143,20
2026-07-16 10:47:00,0.601,147,20
2026-07-16 10:53:00,0.492,136,20
2026-07-16 10:59:00,0.653,142,20
2026-07-16 11:05:00,0.733,137,20
2026-07-16 11:11:00,0.913,137,20
2026-07-16 11:17:00,0.89,139,20
2026-07-16 11:23:00,0.615,134,20
2026-07-16 11:29:00,0.443,134,20
2026-07-16 11:35:00,0.516,138,20
2026-07-16 11:41:00,0.547,138,20
2026-07-16 11:47:00,0.574,134,20
2026-07-16 11:53:00,0.556,138,20
2026-07-16 11:59:00,0.869,148,20
2026-07-16 12:05:00,0.14,56,20
2026-07-16 12:11:00,0.566,147,20
2026-07-16 12:17:00,0.234,60,20
2026-07-16 12:23:00,0.274,54,20
2026-07-16 12:29:00,0.326,84,20
2026-07-16 12:35:00,0.291,43,20
2026-07-16 12:41:00,0.276,79,20
2026-07-16 12:47:00,0.634,124,20
2026-07-16 12:53:00,1.727,156,20
2026-07-16 12:59:00,0.3,322,20
2026-07-16 13:05:00,0.626,111,20
2026-07-16 13:11:00,0.47,121,20
2026-07-16 13:17:00,0.345,139,20
2026-07-16 13:23:00,0.171,150,20
2026-07-16 13:29:00,0.045,149,20
2026-07-16 13:35:00,0.039,263,20
2026-07-16 13:41:00,0.063,196,20
2026-07-16 13:47:00,0.062,285,20
2026-07-16 13:53:00,0.056,302,20
2026-07-16 13:59:00,0.167,314,20
2026-07-16 14:05:00,0.127,301,20
2026-07-16 14:11:00,0.233,316,20
2026-07-16 14:17:00,0.202,303,20
2026-07-16 14:23:00,0.502,338,20
2026-07-16 14:29:00,0.676,318,20
2026-07-16 14:35:00,0.6,312,20
2026-07-16 14:41:00,0.445,305,20
2026-07-16 14:47:00,0.515,306,20
2026-07-16 14:53:00,0.491,283,20
2026-07-16 14:59:00,1.042,316,20
2026-07-16 15:05:00,0.889,314,20
2026-07-16 15:11:00,0.687,299,20
2026-07-16 15:17:00,0.636,309,20
2026-07-16 15:23:00,0.769,323,20
2026-07-16 15:29:00,0.798,324,20
2026-07-16 15:35:00,0.813,325,20
2026-07-16 15:41:00,0.849,326,20
2026-07-16 15:47:00,0.99,330,20
2026-07-16 15:53:00,0.955,330,20
2026-07-16 15:59:00,0.905,331,20
2026-07-16 16:05:00,0.836,330,20
2026-07-16 16:11:00,0.816,330,20
2026-07-16 16:17:00,1.003,331,20
2026-07-16 16:23:00,0.744,330,20
2026-07-16 16:29:00,0.741,328,20
2026-07-16 16:35:00,0.75,327,20
2026-07-16 16:41:00,0.785,327,20
2026-07-16 16:47:00,0.84,335,20
2026-07-16 16:53:00,0.808,336,20
2026-07-16 16:59:00,0.873,334,20
2026-07-16 17:05:00,0.836,330,20
2026-07-16 17:11:00,0.958,327,20
2026-07-16 17:17:00,0.867,333,20
2026-07-16 17:23:00,0.802,336,20
2026-07-16 17:29:00,0.799,339,20
2026-07-16 17:35:00,0.663,345,20
2026-07-16 17:41:00,0.637,347,20
2026-07-16 17:47:00,0.571,347,20
2026-07-16 17:53:00,0.542,348,20
2026-07-16 17:59:00,0.617,343,20
2026-07-16 18:05:00,0.629,347,20
2026-07-16 18:11:00,0.521,352,20
2026-07-16 18:17:00,0.442,355,20
2026-07-16 18:23:00,0.39,1,20
2026-07-16 18:29:00,0.358,3,20
2026-07-16 18:35:00,0.34,8,20
2026-07-16 18:41:00,0.308,10,20
2026-07-16 18:47:00,0.26,26,20
2026-07-16 18:53:00,0.258,16,20
2026-07-16 18:59:00,0.193,29,20
2026-07-16 19:05:00,0.211,23,20
2026-07-16 19:11:00,0.165,48,20
2026-07-16 19:17:00,0.196,57,20
2026-07-16 19:23:00,0.234,51,20
2026-07-16 19:29:00,0.277,75,20
2026-07-16 19:35:00,0.329,85,20
2026-07-16 19:41:00,0.317,75,20
2026-07-16 19:47:00,0.353,84,20
2026-07-16 19:53:00,0.39,78,20
2026-07-16 19:59:00,0.345,78,20
2026-07-16 20:05:00,0.412,98,20
2026-07-16 20:11:00,0.501,112,20
2026-07-16 20:17:00,0.511,111,20
2026-07-16 20:23:00,0.594,117,20
2026-07-16 20:29:00,0.604,122,20
2026-07-16 20:35:00,0.478,116,20
2026-07-16 20:41:00,0.299,110,20
2026-07-16 20:47:00,0.367,124,20
2026-07-16 20:53:00,0.361,118,20
2026-07-16 20:59:00,0.445,124,20
2026-07-16 21:05:00,0.476,126,20
2026-07-16 21:11:00,0.472,126,20
2026-07-16 21:17:00,0.465,125,20
2026-07-16 21:23:00,0.504,139,20
2026-07-16 21:29:00,0.424,133,20
2026-07-16 21:35:00,0.411,134,20
2026-07-16 21:41:00,0.446,143,20
2026-07-16 21:47:00,0.515,142,20
2026-07-16 21:53:00,0.643,143,20
2026-07-16 21:59:00,0.682,141,20
2026-07-16 22:05:00,0.717,142,20
2026-07-16 22:11:00,0.655,142,20
2026-07-16 22:17:00,0.7,145,20
2026-07-16 22:23:00,0.741,147,20
2026-07-16 22:29:00,0.715,150,20
2026-07-16 22:35:00,0.554,147,20
2026-07-16 22:41:00,0.539,141,20
2026-07-16 22:47:00,0.389,133,20
2026-07-16 22:53:00,0.413,134,20
2026-07-16 22:59:00,0.288,127,20
2026-07-16 23:05:00,0.355,134,20
2026-07-16 23:11:00,0.439,141,20
2026-07-16 23:17:00,0.496,146,20
2026-07-16 23:23:00,0.647,147,20
2026-07-16 23:29:00,0.645,147,20
2026-07-16 23:35:00,0.648,144,20
2026-07-16 23:41:00,0.587,146,20
2026-07-16 23:47:00,0.576,148,20
2026-07-16 23:53:00,0.587,147,20
2026-07-16 23:59:00,0.529,145,20
2026-07-17 00:05:00,0.504,146,20
2026-07-17 00:11:00,0.443,139,20
2026-07-17 00:17:00,0.314,152,20
2026-07-17 00:23:00,0.151,172,20
2026-07-17 00:29:00,0.158,180,20
2026-07-17 00:35:00,0.2,170,20
2026-07-17 00:41:00,0.188,191,20
2026-07-17 00:47:00,0.246,198,20
2026-07-17 00:53:00,0.248,160,20
2026-07-17 00:59:00,0.333,150,20
2026-07-17 01:05:00,0.268,160,20
2026-07-17 01:11:00,0.314,161,20
2026-07-17 01:17:00,0.159,181,20
2026-07-17 01:29:00,0.168,176,20
2026-07-17 01:35:00,0.146,178,20
2026-07-17 01:41:00,0.143,176,20
2026-07-17 01:47:00,0.114,193,20
2026-07-17 01:53:00,0.086,199,20
2026-07-17 01:59:00,0.01,248,20
2026-07-17 02:05:00,0.047,336,20
2026-07-17 02:11:00,0.14,329,20
2026-07-17 02:17:00,0.178,347,20
2026-07-17 02:23:00,0.207,342,20
2026-07-17 02:29:00,0.35,339,20
2026-07-17 02:35:00,0.415,333,20
2026-07-17 02:41:00,0.512,330,20
2026-07-17 02:47:00,0.487,330,20
2026-07-17 02:53:00,0.48,328,20
2026-07-17 02:59:00,0.427,335,20
2026-07-17 03:05:00,0.408,340,20
2026-07-17 03:11:00,0.344,335,20
2026-07-17 03:17:00,0.475,329,20
2026-07-17 03:23:00,0.539,329,20
2026-07-17 03:29:00,0.531,326,20
2026-07-17 03:35:00,0.575,326,20
2026-07-17 03:41:00,0.684,326,20
2026-07-17 03:47:00,0.723,326,20
2026-07-17 03:53:00,0.813,325,20
2026-07-17 03:59:00,0.921,326,20
2026-07-17 04:05:00,0.986,330,20
2026-07-17 04:11:00,0.854,339,20
2026-07-17 04:17:00,0.58,346,20
2026-07-17 04:23:00,0.695,347,20
2026-07-17 04:29:00,0.69,345,20
2026-07-17 04:35:00,0.615,349,20
2026-07-17 04:41:00,0.547,352,20
2026-07-17 04:47:00,0.543,347,20
2026-07-17 04:53:00,0.543,342,20
2026-07-17 04:59:00,0.588,335,20
2026-07-17 05:05:00,0.58,332,20
2026-07-17 05:11:00,0.636,336,20
2026-07-17 05:17:00,0.528,341,20
2026-07-17 05:23:00,0.507,341,20
2026-07-17 05:29:00,0.459,343,20
2026-07-17 05:35:00,0.449,343,20
2026-07-17 05:41:00,0.353,355,20
2026-07-17 05:47:00,0.443,347,20
2026-07-17 05:53:00,0.375,356,20
2026-07-17 05:59:00,0.278,0,20
2026-07-17 06:05:00,0.276,344,20
2026-07-17 06:11:00,0.293,346,20
2026-07-17 06:17:00,0.271,351,20
2026-07-17 06:23:00,0.231,11,20
2026-07-17 06:29:00,0.245,30,20
2026-07-17 06:35:00,0.244,45,20
2026-07-17 06:41:00,0.264,5,20
2026-07-17 06:47:00,0.232,12,20
2026-07-17 06:53:00,0.231,22,20
2026-07-17 06:59:00,0.151,39,20
2026-07-17 07:05:00,0.29,124,20
2026-07-17 07:11:00,0.369,139,20
2026-07-17 07:17:00,0.436,138,20
2026-07-17 07:23:00,0.333,142,20
2026-07-17 07:29:00,0.254,109,20
2026-07-17 07:35:00,0.423,107,20
2026-07-17 07:41:00,0.589,123,20
2026-07-17 07:47:00,0.657,125,20
2026-07-17 07:53:00,0.74,126,20
2026-07-17 07:59:00,0.602,129,20
2026-07-17 08:05:00,0.429,119,20
2026-07-17 08:11:00,0.37,113,20
2026-07-17 08:17:00,0.364,108,20
2026-07-17 08:23:00,0.551,113,20
2026-07-17 08:29:00,0.483,100,20
2026-07-17 08:35:00,0.502,110,20
2026-07-17 08:41:00,0.43,103,20
2026-07-17 08:47:00,0.548,111,20
2026-07-17 08:53:00,0.526,111,20
2026-07-17 08:59:00,0.387,115,20
2026-07-17 09:05:00,0.241,115,20
2026-07-17 09:11:00,0.363,121,20
2026-07-17 09:17:00,0.376,124,20
2026-07-17 09:23:00,0.643,137,20
2026-07-17 09:29:00,0.643,141,20
2026-07-17 09:35:00,0.459,131,20
2026-07-17 09:41:00,0.522,137,20
2026-07-17 09:47:00,0.614,134,20
2026-07-17 09:53:00,0.613,130,20
2026-07-17 09:59:00,0.672,136,20
2026-07-17 10:05:00,0.749,136,20
2026-07-17 10:11:00,0.613,128,20
2026-07-17 10:17:00,0.608,131,20
2026-07-17 10:23:00,0.501,130,20
2026-07-17 10:29:00,0.64,130,20
2026-07-17 10:35:00,0.712,134,20
2026-07-17 10:41:00,0.693,135,20
2026-07-17 10:47:00,0.565,136,20
2026-07-17 10:53:00,0.613,138,20
2026-07-17 10:59:00,0.644,133,20
2026-07-17 11:05:00,0.667,131,20
2026-07-17 11:11:00,0.647,132,20
2026-07-17 11:17:00,0.571,133,20
2026-07-17 11:23:00,0.614,133,20
2026-07-17 11:29:00,0.548,133,20
2026-07-17 11:35:00,0.618,138,20
2026-07-17 11:41:00,0.609,140,20
2026-07-17 11:47:00,0.606,138,20
2026-07-17 11:53:00,0.656,138,20
2026-07-17 11:59:00,0.681,138,20
2026-07-17 12:05:00,0.664,138,20
2026-07-17 12:11:00,0.67,134,20
2026-07-17 12:17:00,0.681,141,20
2026-07-17 12:23:00,0.583,140,20
2026-07-17 12:29:00,0.607,144,20
2026-07-17 12:35:00,0.634,147,20
2026-07-17 12:41:00,0.638,146,20
2026-07-17 12:47:00,0.547,149,20
2026-07-17 12:53:00,0.577,146,20
2026-07-17 12:59:00,0.68,143,20
2026-07-17 13:05:00,0.517,145,20
2026-07-17 13:11:00,0.492,145,20
2026-07-17 13:17:00,0.512,144,20
2026-07-17 13:23:00,0.456,138,20
2026-07-17 13:29:00,0.391,144,20
2026-07-17 13:35:00,0.451,135,20
2026-07-17 13:41:00,0.454,135,20
2026-07-17 13:53:00,0.329,130,20
2026-07-17 13:59:00,0.316,126,20
2026-07-17 14:05:00,0.346,130,20
2026-07-17 14:11:00,0.317,138,20
2026-07-17 14:17:00,0.129,150,20
2026-07-17 14:23:00,0.096,268,20
2026-07-17 14:29:00,0.059,15,20
2026-07-17 14:35:00,0.225,173,20
2026-07-17 14:41:00,0.066,248,20
2026-07-17 14:47:00,0.084,185,20
2026-07-17 14:53:00,0.2,183,20
2026-07-17 14:59:00,0.277,292,20
2026-07-17 15:05:00,0.198,244,20
2026-07-17 15:11:00,0.149,185,20
2026-07-17 15:17:00,0.201,348,20
2026-07-17 15:23:00,0.315,293,20
2026-07-17 15:29:00,0.287,315,20
2026-07-17 15:35:00,0.598,349,20
2026-07-17 15:41:00,0.323,348,20
2026-07-17 15:47:00,0.34,325,20
2026-07-17 15:53:00,0.46,323,20
2026-07-17 15:59:00,0.342,327,20
2026-07-17 16:05:00,0.578,329,20
2026-07-17 16:11:00,0.512,330,20
2026-07-17 16:17:00,0.537,327,20
2026-07-17 16:23:00,0.568,329,20
2026-07-17 16:29:00,0.558,331,20
2026-07-17 16:35:00,0.535,332,20
2026-07-17 16:41:00,0.529,334,20
2026-07-17 16:47:00,0.453,328,20
2026-07-17 16:53:00,0.436,330,20
2026-07-17 16:59:00,0.584,334,20
2026-07-17 17:05:00,0.65,338,20
2026-07-17 17:11:00,0.815,336,20
2026-07-17 17:17:00,0.902,339,20
2026-07-17 17:23:00,0.844,346,20
2026-07-17 17:29:00,0.862,340,20
2026-07-17 17:35:00,0.822,342,20
2026-07-17 17:41:00,0.713,340,20
2026-07-17 17:47:00,0.781,340,20
2026-07-17 17:53:00,0.724,341,20
2026-07-17 17:59:00,0.595,339,20
2026-07-17 18:05:00,0.703,337,20
2026-07-17 18:11:00,0.667,340,20
2026-07-17 18:17:00,0.657,337,20
2026-07-17 18:23:00,0.626,343,20
2026-07-17 18:29:00,0.721,338,20
2026-07-17 18:35:00,0.633,345,20
2026-07-17 18:41:00,0.573,347,20
2026-07-17 18:47:00,0.47,356,20
2026-07-17 18:53:00,0.432,356,20
2026-07-17 18:59:00,0.435,356,20
2026-07-17 19:05:00,0.372,2,20
2026-07-17 19:11:00,0.307,8,20
2026-07-17 19:17:00,0.295,4,20
2026-07-17 19:23:00,0.306,1,20
2026-07-17 19:29:00,0.254,12,20
2026-07-17 19:35:00,0.264,354,20
2026-07-17 19:41:00,0.259,13,20
2026-07-17 19:47:00,0.231,29,20
2026-07-17 19:53:00,0.209,5,20
2026-07-17 19:59:00,0.17,17,20
2026-07-17 20:05:00,0.153,36,20
2026-07-17 20:11:00,0.19,50,20
2026-07-17 20:17:00,0.212,64,20
2026-07-17 20:23:00,0.218,82,20
2026-07-17 20:29:00,0.305,62,20
2026-07-17 20:35:00,0.669,104,20
2026-07-17 20:41:00,0.642,105,20
2026-07-17 20:47:00,0.751,115,20
2026-07-17 20:53:00,0.539,117,20
2026-07-17 20:59:00,0.755,118,20
2026-07-17 21:05:00,0.58,109,20
2026-07-17 21:11:00,0.57,116,20
2026-07-17 21:17:00,0.585,118,20
2026-07-17 21:23:00,0.58,123,20
2026-07-17 21:29:00,0.632,126,20
2026-07-17 21:35:00,0.689,127,20
2026-07-17 21:41:00,0.762,129,20
2026-07-17 21:47:00,0.887,132,20
2026-07-17 21:53:00,0.738,127,20
2026-07-17 21:59:00,0.74,131,20
2026-07-17 22:05:00,0.769,131,20
2026-07-17 22:11:00,0.654,132,20
2026-07-17 22:17:00,0.649,131,20
2026-07-17 22:23:00,0.697,134,20
2026-07-17 22:29:00,0.824,135,20
2026-07-17 22:35:00,0.767,133,20
2026-07-17 22:41:00,0.763,134,20
2026-07-17 22:47:00,0.926,141,20
2026-07-17 22:53:00,0.862,140,20
2026-07-17 22:59:00,0.832,145,20
2026-07-17 23:05:00,0.721,146,20
2026-07-17 23:11:00,0.688,146,20
2026-07-17 23:17:00,0.601,145,20
2026-07-17 23:23:00,0.557,140,20
2026-07-17 23:29:00,0.677,142,20
2026-07-17 23:35:00,0.715,142,20
2026-07-17 23:41:00,0.727,142,20
2026-07-17 23:47:00,0.747,140,20
2026-07-17 23:53:00,0.822,141,20
2026-07-17 23:59:00,0.809,144,20
2026-07-18 00:05:00,0.858,148,20
2026-07-18 00:11:00,0.827,153,20
2026-07-18 00:17:00,0.781,152,20
2026-07-18 00:23:00,0.691,149,20
2026-07-18 00:29:00,0.711,152,20
2026-07-18 00:35:00,0.678,154,20
2026-07-18 00:41:00,0.662,155,20
2026-07-18 00:47:00,0.625,157,20
2026-07-18 00:53:00,0.524,155,20
2026-07-18 00:59:00,0.421,150,20
2026-07-18 01:05:00,0.467,146,20
2026-07-18 01:11:00,0.471,145,20
2026-07-18 01:17:00,0.48,142,20
2026-07-18 01:23:00,0.504,144,20
2026-07-18 01:29:00,0.397,143,20
2026-07-18 01:35:00,0.451,144,20
2026-07-18 01:41:00,0.448,142,20
2026-07-18 01:47:00,0.422,146,20
2026-07-18 01:53:00,0.364,147,20
2026-07-18 01:59:00,0.379,146,20
2026-07-18 02:05:00,0.379,152,20
2026-07-18 02:11:00,0.305,145,20
2026-07-18 02:17:00,0.413,153,20
2026-07-18 02:23:00,0.465,146,20
2026-07-18 02:29:00,0.265,154,20
2026-07-18 02:35:00,0.25,142,20
2026-07-18 02:41:00,0.214,146,20
2026-07-18 02:47:00,0.329,132,20
2026-07-18 02:53:00,0.181,148,20
2026-07-18 02:59:00,0.031,91,20
2026-07-18 03:05:00,0.247,342,20
2026-07-18 03:11:00,0.43,329,20
2026-07-18 03:17:00,0.451,325,20
2026-07-18 03:23:00,0.445,319,20
2026-07-18 03:29:00,0.339,307,20
2026-07-18 03:35:00,0.297,302,20
2026-07-18 03:41:00,0.474,314,20
2026-07-18 03:47:00,0.467,314,20
2026-07-18 03:53:00,0.568,312,20
2026-07-18 03:59:00,0.522,306,20
2026-07-18 04:05:00,0.411,300,20
2026-07-18 04:11:00,0.531,309,20
2026-07-18 04:17:00,0.664,308,20
2026-07-18 04:23:00,0.694,312,20
2026-07-18 04:29:00,0.518,316,20
2026-07-18 04:35:00,0.681,320,20
2026-07-18 04:41:00,0.694,323,20
2026-07-18 04:47:00,0.619,323,20
2026-07-18 04:53:00,0.652,328,20
2026-07-18 04:59:00,0.605,319,20
2026-07-18 05:05:00,0.601,318,20
2026-07-18 05:11:00,0.48,312,20
2026-07-18 05:17:00,0.306,295,20
2026-07-18 05:23:00,0.18,253,20
2026-07-18 05:29:00,0.401,300,20
2026-07-18 05:35:00,0.533,306,20
2026-07-18 05:41:00,0.497,339,20
2026-07-18 05:47:00,0.531,342,20
2026-07-18 05:53:00,0.564,343,20
2026-07-18 05:59:00,0.554,340,20
2026-07-18 06:05:00,0.593,336,20
2026-07-18 06:11:00,0.649,336,20
2026-07-18 06:17:00,0.653,342,20
2026-07-18 06:23:00,0.558,357,20
2026-07-18 06:29:00,0.434,357,20
2026-07-18 06:35:00,0.39,351,20
2026-07-18 06:41:00,0.282,349,20
2026-07-18 06:47:00,0.221,2,20
2026-07-18 06:53:00,0.175,7,20
2026-07-18 06:59:00,0.076,52,20
2026-07-18 07:05:00,0.099,33,20
2026-07-18 07:11:00,0.118,39,20
2026-07-18 07:17:00,0.175,65,20
2026-07-18 07:23:00,0.155,71,20
2026-07-18 07:29:00,0.157,49,20
2026-07-18 07:35:00,0.185,65,20
2026-07-18 07:41:00,0.129,64,20
2026-07-18 07:47:00,0.181,90,20
2026-07-18 07:53:00,0.241,97,20
2026-07-18 07:59:00,0.316,119,20
2026-07-18 08:05:00,0.325,120,20
2026-07-18 08:11:00,0.414,129,20
2026-07-18 08:17:00,0.295,109,20
2026-07-18 08:23:00,0.452,126,20
2026-07-18 08:29:00,0.422,114,20
2026-07-18 08:35:00,0.604,121,20
2026-07-18 08:41:00,0.559,131,20
2026-07-18 08:47:00,0.544,128,20
2026-07-18 08:53:00,0.646,143,20
2026-07-18 08:59:00,0.478,132,20
2026-07-18 09:05:00,0.455,132,20
2026-07-18 09:11:00,0.401,125,20
2026-07-18 09:17:00,0.486,129,20
2026-07-18 09:23:00,0.578,133,20
2026-07-18 09:29:00,0.511,130,20
2026-07-18 09:35:00,0.526,128,20
2026-07-18 09:41:00,0.561,127,20
2026-07-18 09:47:00,0.457,123,20
2026-07-18 09:53:00,0.378,122,20
2026-07-18 09:59:00,0.502,129,20
2026-07-18 10:05:00,0.538,131,20
2026-07-18 10:11:00,0.546,132,20
2026-07-18 10:17:00,0.688,138,20
2026-07-18 10:23:00,0.709,132,20
2026-07-18 10:29:00,0.662,133,20
2026-07-18 10:35:00,0.654,137,20
2026-07-18 10:41:00,0.706,137,20
2026-07-18 10:47:00,0.704,137,20
2026-07-18 10:53:00,0.761,142,20
2026-07-18 10:59:00,0.624,142,20
2026-07-18 11:05:00,0.647,142,20
2026-07-18 11:11:00,0.63,140,20
2026-07-18 11:17:00,0.459,134,20
2026-07-18 11:23:00,0.465,121,20
2026-07-18 11:29:00,0.325,113,20
2026-07-18 11:35:00,0.36,116,20
2026-07-18 11:41:00,0.532,125,20
2026-07-18 11:47:00,0.71,132,20
2026-07-18 11:53:00,0.85,139,20
2026-07-18 11:59:00,0.855,140,20
2026-07-18 12:05:00,0.807,140,20
2026-07-18 12:11:00,0.848,142,20
2026-07-18 12:17:00,0.748,135,20
2026-07-18 12:23:00,0.766,144,20
2026-07-18 12:29:00,0.801,146,20
2026-07-18 12:35:00,1.016,135,20
2026-07-18 12:41:00,0.695,143,20
2026-07-18 12:47:00,0.731,139,20
2026-07-18 12:53:00,0.727,138,20
2026-07-18 12:59:00,0.628,138,20
2026-07-18 13:05:00,0.504,132,20
2026-07-18 13:11:00,0.466,132,20
2026-07-18 13:17:00,0.526,124,20
2026-07-18 13:23:00,0.637,125,20
2026-07-18 13:29:00,0.477,133,20
2026-07-18 13:35:00,0.427,136,20
2026-07-18 13:41:00,0.414,146,20
2026-07-18 13:47:00,0.459,145,20
2026-07-18 13:53:00,0.452,140,20
2026-07-18 13:59:00,0.47,138,20
2026-07-18 14:05:00,0.379,151,20
2026-07-18 14:11:00,0.558,135,20
2026-07-18 14:17:00,0.417,133,20
2026-07-18 14:23:00,0.352,144,20
2026-07-18 14:29:00,0.309,129,20
2026-07-18 14:35:00,0.445,135,20
2026-07-18 14:41:00,0.404,133,20
2026-07-18 14:47:00,0.241,139,20
2026-07-18 14:53:00,0.192,136,20
2026-07-18 14:59:00,0.127,75,20
2026-07-18 15:05:00,0.192,110,20
2026-07-18 15:11:00,0.06,75,20
2026-07-18 15:17:00,0.14,357,20
2026-07-18 15:23:00,0.065,348,20
2026-07-18 15:29:00,0.088,330,20
2026-07-18 15:35:00,0.179,330,20
2026-07-18 15:41:00,0.166,332,20
2026-07-18 15:47:00,0.15,341,20
2026-07-18 15:53:00,0.268,332,20
2026-07-18 15:59:00,0.328,339,20
2026-07-18 16:05:00,0.277,337,20
2026-07-18 16:11:00,0.27,333,20
2026-07-18 16:17:00,0.457,322,20
2026-07-18 16:23:00,0.265,276,20
2026-07-18 16:29:00,0.209,317,20
2026-07-18 16:35:00,0.316,309,20
2026-07-18 16:41:00,0.36,312,20
2026-07-18 16:47:00,0.191,278,20
2026-07-18 16:53:00,0.391,308,20
2026-07-18 16:59:00,0.258,307,20
2026-07-18 17:05:00,0.3,319,20
2026-07-18 17:11:00,0.305,325,20
2026-07-18 17:17:00,0.277,321,20
2026-07-18 17:23:00,0.228,315,20
2026-07-18 17:29:00,0.213,353,20
2026-07-18 17:35:00,0.221,90,20
2026-07-18 17:41:00,0.183,53,20
2026-07-18 17:47:00,0.251,358,20
2026-07-18 17:53:00,0.233,351,20
2026-07-18 17:59:00,0.358,335,20
2026-07-18 18:05:00,0.361,334,20
2026-07-18 18:11:00,0.484,325,20
2026-07-18 18:17:00,0.484,327,20
2026-07-18 18:23:00,0.571,331,20
2026-07-18 18:29:00,0.42,324,20
2026-07-18 18:35:00,0.406,337,20
2026-07-18 18:41:00,0.429,331,20
2026-07-18 18:47:00,0.315,327,20
2026-07-18 18:53:00,0.355,342,20
2026-07-18 18:59:00,0.384,336,20
2026-07-18 19:05:00,0.282,326,20
2026-07-18 19:11:00,0.245,346,20
2026-07-18 19:17:00,0.221,343,20
2026-07-18 19:23:00,0.276,336,20
2026-07-18 19:29:00,0.326,342,20
2026-07-18 19:35:00,0.369,332,20
2026-07-18 19:41:00,0.356,335,20
2026-07-18 19:47:00,0.369,335,20
2026-07-18 19:53:00,0.285,348,20
2026-07-18 19:59:00,0.264,351,20
2026-07-18 20:05:00,0.229,0,20
2026-07-18 20:11:00,0.208,16,20
2026-07-18 20:17:00,0.2,34,20
2026-07-18 20:23:00,0.215,28,20
2026-07-18 20:29:00,0.191,58,20
2026-07-18 20:35:00,0.21,82,20
2026-07-18 20:41:00,0.219,92,20
2026-07-18 20:47:00,0.285,101,20
2026-07-18 20:53:00,0.33,86,20
2026-07-18 20:59:00,0.326,98,20
2026-07-18 21:05:00,0.287,103,20
2026-07-18 21:11:00,0.432,112,20
2026-07-18 21:17:00,0.381,115,20
2026-07-18 21:23:00,0.337,112,20
2026-07-18 21:29:00,0.37,105,20
2026-07-18 21:35:00,0.396,114,20
2026-07-18 21:41:00,0.404,116,20
2026-07-18 21:47:00,0.42,129,20
2026-07-18 21:53:00,0.475,130,20
2026-07-18 21:59:00,0.444,130,20
2026-07-18 22:05:00,0.36,131,20
2026-07-18 22:11:00,0.351,137,20
2026-07-18 22:17:00,0.204,126,20
2026-07-18 22:23:00,0.238,137,20
2026-07-18 22:29:00,0.34,140,20
2026-07-18 22:35:00,0.324,142,20
2026-07-18 22:41:00,0.435,139,20
2026-07-18 22:47:00,0.448,149,20
2026-07-18 22:53:00,0.483,140,20
2026-07-18 22:59:00,0.535,146,20
2026-07-18 23:05:00,0.601,145,20
2026-07-18 23:11:00,0.708,146,20
2026-07-18 23:17:00,0.755,142,20
2026-07-18 23:23:00,0.973,144,20
2026-07-18 23:29:00,1.035,144,20
2026-07-18 23:35:00,0.867,141,20
2026-07-18 23:41:00,0.906,139,20
2026-07-18 23:47:00,1.019,139,20
2026-07-18 23:53:00,0.932,142,20
2026-07-18 23:59:00,0.91,140,20
2026-07-19 00:05:00,0.952,136,20
2026-07-19 00:11:00,0.984,136,20
2026-07-19 00:17:00,0.932,141,20
2026-07-19 00:23:00,0.902,137,20
2026-07-19 00:29:00,0.965,139,20
2026-07-19 00:35:00,0.964,139,20
2026-07-19 00:41:00,0.919,141,20
2026-07-19 00:47:00,1.049,141,20
2026-07-19 00:53:00,0.888,138,20
2026-07-19 00:59:00,0.95,138,20
2026-07-19 01:05:00,0.98,139,20
2026-07-19 01:11:00,0.896,141,20
2026-07-19 01:17:00,0.926,140,20
2026-07-19 01:23:00,0.895,139,20
2026-07-19 01:29:00,0.932,137,20
2026-07-19 01:35:00,0.894,138,20
2026-07-19 01:41:00,0.738,140,20
2026-07-19 01:47:00,0.871,137,20
2026-07-19 01:53:00,0.846,137,20
2026-07-19 01:59:00,0.774,141,20
2026-07-19 02:05:00,0.833,140,20
2026-07-19 02:11:00,0.671,142,20
2026-07-19 02:17:00,0.613,141,20
2026-07-19 02:23:00,0.644,140,20
2026-07-19 02:29:00,0.615,141,20
2026-07-19 02:35:00,0.705,141,20
2026-07-19 02:41:00,0.652,143,20
2026-07-19 02:47:00,0.548,145,20
2026-07-19 02:53:00,0.567,143,20
2026-07-19 02:59:00,0.517,136,20
2026-07-19 03:05:00,0.483,135,20
2026-07-19 03:11:00,0.433,133,20
2026-07-19 03:17:00,0.378,133,20
2026-07-19 03:23:00,0.367,130,20
2026-07-19 03:29:00,0.392,136,20
2026-07-19 03:35:00,0.397,136,20
2026-07-19 03:41:00,0.296,131,20
2026-07-19 03:47:00,0.318,141,20
2026-07-19 03:53:00,0.278,144,20
2026-07-19 03:59:00,0.27,134,20
2026-07-19 04:05:00,0.287,142,20
2026-07-19 04:11:00,0.279,142,20
2026-07-19 04:17:00,0.196,148,20
2026-07-19 04:23:00,0.177,147,20
2026-07-19 04:29:00,0.152,146,20
2026-07-19 04:35:00,0.177,145,20
2026-07-19 04:41:00,0.143,131,20
2026-07-19 04:47:00,0.06,143,20
2026-07-19 04:53:00,0.055,123,20
2026-07-19 05:05:00,0.047,351,20
2026-07-19 05:11:00,0.044,339,20
2026-07-19 05:17:00,0.026,300,20
2026-07-19 05:23:00,0.062,312,20
2026-07-19 05:29:00,0.054,292,20
2026-07-19 05:35:00,0.099,326,20
2026-07-19 05:41:00,0.098,21,20
2026-07-19 05:47:00,0.114,36,20
2026-07-19 05:53:00,0.1,340,20
2026-07-19 05:59:00,0.121,327,20
2026-07-19 06:05:00,0.191,336,20
2026-07-19 06:11:00,0.163,326,20
2026-07-19 06:17:00,0.179,331,20
2026-07-19 06:23:00,0.193,336,20
2026-07-19 06:29:00,0.222,331,20
2026-07-19 06:35:00,0.257,331,20
2026-07-19 06:41:00,0.301,333,20
2026-07-19 06:47:00,0.259,329,20
2026-07-19 06:53:00,0.257,327,20
2026-07-19 06:59:00,0.253,323,20
2026-07-19 07:05:00,0.212,324,20
2026-07-19 07:11:00,0.274,326,20
2026-07-19 07:17:00,0.259,322,20
2026-07-19 07:23:00,0.26,326,20
2026-07-19 07:29:00,0.222,326,20
2026-07-19 07:35:00,0.152,307,20
2026-07-19 07:41:00,0.188,303,20
2026-07-19 07:47:00,0.313,326,20
2026-07-19 07:53:00,0.175,310,20
2026-07-19 07:59:00,0.241,319,20
2026-07-19 08:05:00,0.156,332,20
2026-07-19 08:11:00,0.218,322,20
2026-07-19 08:17:00,0.055,320,20
2026-07-19 08:23:00,0.058,17,20
2026-07-19 08:29:00,0.049,47,20
2026-07-19 08:35:00,0.267,309,20
2026-07-19 08:41:00,0.142,310,20
2026-07-19 08:47:00,0.055,345,20
2026-07-19 08:53:00,0.111,119,20
2026-07-19 08:59:00,0.405,124,20
2026-07-19 09:05:00,0.281,112,20
2026-07-19 09:11:00,0.365,124,20
2026-07-19 09:17:00,0.259,130,20
2026-07-19 09:23:00,0.38,143,20
2026-07-19 09:29:00,0.226,143,20
2026-07-19 09:35:00,0.264,137,20
2026-07-19 09:41:00,0.306,143,20
2026-07-19 09:47:00,0.255,139,20
2026-07-19 09:53:00,0.189,142,20
2026-07-19 09:59:00,0.336,136,20
2026-07-19 10:05:00,0.33,138,20
2026-07-19 10:11:00,0.243,139,20
2026-07-19 10:17:00,0.375,136,20
2026-07-19 10:23:00,0.382,132,20
2026-07-19 10:29:00,0.456,140,20
2026-07-19 10:35:00,0.451,141,20
2026-07-19 10:41:00,0.482,140,20
2026-07-19 10:47:00,0.585,140,20
2026-07-19 10:53:00,0.483,141,20
2026-07-19 10:59:00,0.608,139,20
2026-07-19 11:05:00,0.621,139,20
2026-07-19 11:11:00,0.66,136,20
2026-07-19 11:17:00,0.54,133,20
2026-07-19 11:23:00,0.704,134,20
2026-07-19 11:29:00,0.547,134,20
2026-07-19 11:35:00,0.576,135,20
2026-07-19 11:41:00,0.611,136,20
2026-07-19 11:47:00,0.484,139,20
2026-07-19 11:53:00,0.677,134,20
2026-07-19 11:59:00,0.704,135,20
2026-07-19 12:05:00,0.709,135,20
2026-07-19 12:11:00,0.7,134,20
2026-07-19 12:17:00,0.637,138,20
2026-07-19 12:23:00,0.77,133,20
2026-07-19 12:29:00,0.75,134,20
2026-07-19 12:35:00,0.792,133,20
2026-07-19 12:41:00,0.798,132,20
2026-07-19 12:47:00,0.754,132,20
2026-07-19 12:53:00,0.829,134,20
2026-07-19 12:59:00,0.815,134,20
2026-07-19 13:05:00,0.814,135,20
2026-07-19 13:11:00,0.815,134,20
2026-07-19 13:17:00,0.839,134,20
2026-07-19 13:23:00,0.767,132,20
2026-07-19 13:29:00,0.779,134,20
2026-07-19 13:35:00,0.886,133,20
2026-07-19 13:41:00,0.796,135,20
2026-07-19 13:47:00,0.809,134,20
2026-07-19 13:53:00,0.806,135,20
2026-07-19 13:59:00,0.839,133,20
2026-07-19 14:05:00,0.866,136,20
2026-07-19 14:11:00,0.85,135,20
2026-07-19 14:17:00,0.779,134,20
2026-07-19 14:23:00,0.797,136,20
2026-07-19 14:29:00,0.766,136,20
2026-07-19 14:35:00,0.717,132,20
2026-07-19 14:41:00,0.576,132,20
2026-07-19 14:47:00,0.58,136,20
2026-07-19 14:53:00,0.555,130,20
2026-07-19 14:59:00,0.425,129,20
2026-07-19 15:05:00,0.403,133,20
2026-07-19 15:11:00,0.39,134,20
2026-07-19 15:17:00,0.33,127,20
2026-07-19 15:23:00,0.283,126,20
2026-07-19 15:29:00,0.266,127,20
2026-07-19 15:35:00,0.251,132,20
2026-07-19 15:41:00,0.276,131,20
2026-07-19 15:47:00,0.144,129,20
2026-07-19 15:53:00,0.228,130,20
2026-07-19 15:59:00,0.195,124,20
2026-07-19 16:05:00,0.08,58,20
2026-07-19 16:11:00,0.087,27,20
2026-07-19 16:17:00,0.228,358,20
2026-07-19 16:23:00,0.248,331,20
2026-07-19 16:29:00,0.316,322,20
2026-07-19 16:35:00,0.368,324,20
2026-07-19 16:41:00,0.4,326,20
2026-07-19 16:47:00,0.334,327,20
2026-07-19 16:53:00,0.327,323,20
2026-07-19 16:59:00,0.593,325,20
2026-07-19 17:05:00,0.629,319,20
2026-07-19 17:11:00,0.529,324,20
2026-07-19 17:17:00,0.63,321,20
2026-07-19 17:23:00,0.55,328,20
2026-07-19 17:29:00,0.61,322,20
2026-07-19 17:35:00,0.652,324,20
2026-07-19 17:41:00,0.693,323,20
2026-07-19 17:47:00,0.599,329,20
2026-07-19 17:53:00,0.62,326,20
2026-07-19 17:59:00,0.606,330,20
2026-07-19 18:05:00,0.529,339,20
2026-07-19 18:11:00,0.544,338,20
2026-07-19 18:17:00,0.55,337,20
2026-07-19 18:23:00,0.525,337,20
2026-07-19 18:29:00,0.571,341,20
2026-07-19 18:35:00,0.591,338,20
2026-07-19 18:41:00,0.518,340,20
2026-07-19 18:47:00,0.694,343,20
2026-07-19 18:53:00,0.782,337,20
2026-07-19 18:59:00,0.688,342,20
2026-07-19 19:05:00,0.723,343,20
2026-07-19 19:11:00,0.818,337,20
2026-07-19 19:17:00,0.809,334,20
2026-07-19 19:23:00,0.908,332,20
2026-07-19 19:29:00,0.903,329,20
2026-07-19 19:35:00,0.896,326,20
2026-07-19 19:41:00,0.824,330,20
2026-07-19 19:47:00,0.828,338,20
2026-07-19 19:53:00,0.846,340,20
2026-07-19 19:59:00,0.8,333,20
2026-07-19 20:05:00,0.692,333,20
2026-07-19 20:11:00,0.547,336,20
2026-07-19 20:17:00,0.59,341,20
2026-07-19 20:23:00,0.682,341,20
2026-07-19 20:29:00,0.5,343,20
2026-07-19 20:35:00,0.451,343,20
2026-07-19 20:41:00,0.402,346,20
2026-07-19 20:47:00,0.467,344,20
2026-07-19 20:53:00,0.44,345,20
2026-07-19 20:59:00,0.319,350,20
2026-07-19 21:05:00,0.308,357,20
2026-07-19 21:11:00,0.309,3,20
2026-07-19 21:17:00,0.235,9,20
2026-07-19 21:23:00,0.319,358,20
2026-07-19 21:29:00,0.138,359,20
2026-07-19 21:35:00,0.304,355,20
2026-07-19 21:41:00,0.305,357,20
2026-07-19 21:47:00,0.264,0,20
2026-07-19 21:53:00,0.223,354,20
2026-07-19 21:59:00,0.236,1,20
2026-07-19 22:05:00,0.156,20,20
2026-07-19 22:11:00,0.191,40,20
2026-07-19 22:17:00,0.164,21,20
2026-07-19 22:23:00,0.165,93,20
2026-07-19 22:29:00,0.193,75,20
2026-07-19 22:35:00,0.21,91,20
2026-07-19 22:41:00,0.207,84,20
2026-07-19 22:47:00,0.148,92,20
2026-07-19 22:53:00,0.206,104,20
2026-07-19 22:59:00,0.277,112,20
2026-07-19 23:05:00,0.209,84,20
2026-07-19 23:11:00,0.22,101,20
2026-07-19 23:17:00,0.187,97,20
2026-07-19 23:23:00,0.15,21,20
2026-07-19 23:29:00,0.167,93,20
2026-07-19 23:35:00,0.152,90,20
2026-07-19 23:41:00,0.212,101,20
2026-07-19 23:47:00,0.293,109,20
2026-07-19 23:53:00,0.333,112,20
2026-07-19 23:59:00,0.313,112,20
2026-07-20 00:05:00,0.325,115,20
2026-07-20 00:11:00,0.344,115,20
2026-07-20 00:17:00,0.256,103,20
2026-07-20 00:23:00,0.132,59,20
2026-07-20 00:29:00,0.217,107,20
2026-07-20 00:35:00,0.358,128,20
2026-07-20 00:41:00,0.227,109,20
2026-07-20 00:47:00,0.277,121,20
2026-07-20 00:53:00,0.167,116,20
2026-07-20 00:59:00,0.356,123,20
2026-07-20 01:05:00,0.232,116,20
2026-07-20 01:11:00,0.233,109,20
2026-07-20 01:17:00,0.263,103,20
2026-07-20 01:23:00,0.377,116,20
2026-07-20 01:29:00,0.304,114,20
2026-07-20 01:35:00,0.265,114,20
2026-07-20 01:41:00,0.256,119,20
2026-07-20 01:47:00,0.346,124,20
2026-07-20 01:53:00,0.307,129,20
2026-07-20 01:59:00,0.476,133,20
2026-07-20 02:05:00,0.335,140,20
2026-07-20 02:11:00,0.333,127,20
2026-07-20 02:17:00,0.434,131,20
2026-07-20 02:23:00,0.447,135,20
2026-07-20 02:29:00,0.396,139,20
2026-07-20 02:35:00,0.488,142,20
2026-07-20 02:41:00,0.446,138,20
2026-07-20 02:47:00,0.431,137,20
2026-07-20 02:53:00,0.409,143,20
2026-07-20 02:59:00,0.595,148,20
2026-07-20 03:05:00,0.739,134,20
2026-07-20 03:11:00,0.292,134,20
2026-07-20 03:17:00,0.292,134,20
2026-07-20 03:23:00,0.397,135,20
2026-07-20 03:29:00,0.275,132,20
2026-07-20 03:35:00,0.255,139,20
2026-07-20 03:41:00,0.109,88,20
2026-07-20 03:47:00,0.173,14,20
2026-07-20 03:53:00,0.147,49,20
2026-07-20 03:59:00,0.153,105,20
2026-07-20 04:05:00,0.179,116,20
2026-07-20 04:11:00,0.056,330,20
2026-07-20 04:17:00,0.214,335,20
2026-07-20 04:23:00,0.022,101,20
2026-07-20 04:29:00,0.034,136,20
2026-07-20 04:35:00,0.017,201,20
2026-07-20 04:41:00,0.002,146,20
2026-07-20 04:47:00,0.053,5,20
2026-07-20 04:53:00,0.138,331,20
2026-07-20 04:59:00,0.122,334,20
2026-07-20 05:05:00,0.157,346,20
2026-07-20 05:11:00,0.202,346,20
2026-07-20 05:17:00,0.274,346,20
2026-07-20 05:23:00,0.246,350,20
2026-07-20 05:29:00,0.24,345,20
2026-07-20 05:35:00,0.24,348,20
2026-07-20 05:41:00,0.32,341,20
2026-07-20 05:47:00,0.405,329,20
2026-07-20 05:53:00,0.326,341,20
2026-07-20 05:59:00,0.313,326,20
2026-07-20 06:05:00,0.352,320,20
2026-07-20 06:11:00,0.434,323,20
2026-07-20 06:17:00,0.546,321,20
2026-07-20 06:23:00,0.661,315,20
2026-07-20 06:29:00,0.768,313,20
2026-07-20 06:35:00,0.641,313,20
2026-07-20 06:41:00,0.675,315,20
2026-07-20 06:47:00,0.677,313,20
2026-07-20 06:53:00,0.73,309,20
2026-07-20 06:59:00,0.62,308,20
2026-07-20 07:05:00,0.628,302,20
2026-07-20 07:11:00,0.453,308,20
2026-07-20 07:17:00,0.247,316,20
2026-07-20 07:23:00,0.549,324,20
2026-07-20 07:29:00,0.529,325,20
2026-07-20 07:35:00,0.393,338,20
2026-07-20 07:41:00,0.357,319,20
2026-07-20 07:47:00,0.498,326,20
2026-07-20 07:53:00,0.512,324,20
2026-07-20 07:59:00,0.333,328,20
2026-07-20 08:05:00,0.451,319,20
2026-07-20 08:11:00,0.448,322,20
2026-07-20 08:17:00,0.347,312,20
2026-07-20 08:23:00,0.444,317,20
2026-07-20 08:29:00,0.574,314,20
2026-07-20 08:35:00,0.57,309,20
2026-07-20 08:41:00,0.411,317,20
2026-07-20 08:47:00,0.253,323,20
2026-07-20 08:53:00,0.267,330,20
2026-07-20 08:59:00,0.306,337,20
2026-07-20 09:05:00,0.227,320,20
2026-07-20 09:11:00,0.28,334,20
2026-07-20 09:17:00,0.11,336,20
2026-07-20 09:23:00,0.242,338,20
2026-07-20 09:29:00,0.307,311,20
2026-07-20 09:35:00,0.133,320,20
2026-07-20 09:41:00,0.064,2,20
2026-07-20 09:47:00,0.088,0,20
2026-07-20 09:53:00,0.082,346,20
2026-07-20 09:59:00,0.118,91,20
2026-07-20 10:05:00,0.139,116,20
2026-07-20 10:11:00,0.106,120,20
2026-07-20 10:17:00,0.209,132,20
2026-07-20 10:23:00,0.143,122,20
2026-07-20 10:29:00,0.289,125,20
2026-07-20 10:35:00,0.141,118,20
2026-07-20 10:41:00,0.045,59,20
2026-07-20 10:47:00,0.268,123,20
2026-07-20 10:53:00,0.305,124,20
2026-07-20 10:59:00,0.317,127,20
2026-07-20 11:05:00,0.324,125,20
2026-07-20 11:11:00,0.407,130,20
2026-07-20 11:17:00,0.442,124,20
2026-07-20 11:23:00,0.419,128,20
2026-07-20 11:29:00,0.419,125,20
2026-07-20 11:35:00,0.249,136,20
2026-07-20 11:41:00,0.472,139,20
2026-07-20 11:47:00,0.421,134,20
2026-07-20 11:53:00,0.538,137,20
2026-07-20 11:59:00,0.434,137,20
2026-07-20 12:05:00,0.428,134,20
2026-07-20 12:11:00,0.416,130,20
2026-07-20 12:17:00,0.385,135,20
2026-07-20 12:23:00,0.468,130,20
2026-07-20 12:29:00,0.398,131,20
2026-07-20 12:35:00,0.424,140,20
2026-07-20 12:41:00,0.435,136,0
2026-07-20 12:47:00,0.351,130,20
2026-07-20 12:53:00,0.365,124,20
2026-07-20 12:59:00,0.468,136,20
2026-07-20 13:05:00,0.38,133,20
2026-07-20 13:11:00,0.523,136,20
2026-07-20 13:17:00,0.654,139,20
2026-07-20 13:23:00,0.569,131,20
2026-07-20 13:29:00,0.722,133,20
2026-07-20 13:35:00,0.631,134,20
2026-07-20 13:41:00,0.746,134,20
2026-07-20 13:47:00,0.697,136,20
2026-07-20 13:53:00,0.633,136,20
2026-07-20 13:59:00,0.637,137,20
2026-07-20 14:05:00,0.62,142,20
2026-07-20 14:11:00,0.488,139,20
2026-07-20 14:17:00,0.471,143,20
2026-07-20 14:23:00,0.427,140,20
2026-07-20 14:29:00,0.482,141,20
2026-07-20 14:35:00,0.401,135,20
2026-07-20 14:41:00,0.324,138,20
2026-07-20 14:47:00,0.395,134,20
2026-07-20 14:53:00,0.495,136,20
2026-07-20 14:59:00,0.443,141,20
2026-07-20 15:05:00,0.404,137,20
2026-07-20 15:11:00,0.495,137,20
2026-07-20 15:17:00,0.481,134,20
2026-07-20 15:23:00,0.491,131,20
2026-07-20 15:29:00,0.456,129,20
2026-07-20 15:35:00,0.533,136,20
2026-07-20 15:41:00,0.376,134,20
2026-07-20 15:47:00,0.367,134,20
2026-07-20 15:53:00,0.318,134,20
2026-07-20 15:59:00,0.318,130,20
2026-07-20 16:05:00,0.263,123,20
2026-07-20 16:11:00,0.185,113,20
2026-07-20 16:17:00,0.168,112,20
2026-07-20 16:23:00,0.223,108,20
2026-07-20 16:29:00,0.274,126,20
2026-07-20 16:35:00,0.259,124,20
2026-07-20 16:41:00,0.116,81,20
2026-07-20 16:47:00,0.098,14,20
2026-07-20 16:53:00,0.063,20,20
2026-07-20 16:59:00,0.124,353,20
2026-07-20 17:05:00,0.201,347,20
2026-07-20 17:11:00,0.265,343,20
2026-07-20 17:17:00,0.332,328,20
2026-07-20 17:23:00,0.562,332,20
2026-07-20 17:29:00,0.634,328,20
2026-07-20 17:35:00,0.61,322,20
2026-07-20 17:41:00,0.581,328,20
2026-07-20 17:47:00,0.525,322,20
2026-07-20 17:53:00,0.715,326,20
2026-07-20 17:59:00,0.702,326,20
2026-07-20 18:05:00,0.811,335,20
2026-07-20 18:11:00,0.358,294,20
2026-07-20 18:17:00,0.826,326,20
2026-07-20 18:23:00,0.908,324,20
2026-07-20 18:29:00,0.79,322,20
2026-07-20 18:35:00,0.734,316,20
2026-07-20 18:41:00,0.726,329,20
2026-07-20 18:47:00,0.713,333,20
2026-07-20 18:53:00,0.643,334,20
2026-07-20 18:59:00,0.798,334,20
2026-07-20 19:05:00,0.76,330,20
2026-07-20 19:11:00,0.858,329,20
2026-07-20 19:17:00,0.941,327,20
2026-07-20 19:23:00,1.035,330,20
2026-07-20 19:29:00,0.974,331,20
2026-07-20 19:35:00,0.889,329,20
2026-07-20 19:41:00,0.897,330,20
2026-07-20 19:47:00,0.85,330,20
2026-07-20 19:53:00,0.816,332,20
2026-07-20 19:59:00,0.781,330,20
2026-07-20 20:05:00,0.902,328,20
2026-07-20 20:11:00,0.914,332,20
2026-07-20 20:17:00,0.701,330,20
2026-07-20 20:23:00,0.585,327,20
2026-07-20 20:29:00,0.756,328,20
2026-07-20 20:35:00,0.81,330,20
2026-07-20 20:41:00,0.679,333,20
2026-07-20 20:47:00,0.639,336,20
2026-07-20 20:53:00,0.652,336,20
2026-07-20 20:59:00,0.61,341,20
2026-07-20 21:05:00,0.551,346,20
2026-07-20 21:11:00,0.426,344,20
2026-07-20 21:17:00,0.451,341,20
2026-07-20 21:23:00,0.345,331,20
2026-07-20 21:29:00,0.404,342,20
2026-07-20 21:35:00,0.449,342,20
2026-07-20 21:41:00,0.092,335,20
2026-07-20 21:47:00,0.061,253,20
2026-07-20 21:53:00,0.191,345,20
2026-07-20 21:59:00,0.042,342,20
2026-07-20 22:05:00,0.261,355,20
2026-07-20 22:11:00,0.067,156,20
2026-07-20 22:17:00,0.25,357,20
2026-07-20 22:23:00,0.361,5,20
2026-07-20 22:29:00,0.338,152,20
2026-07-20 22:35:00,0.193,124,20
2026-07-20 22:41:00,0.198,24,20
2026-07-20 22:47:00,0.178,76,20
2026-07-20 22:53:00,0.331,145,20
2026-07-20 22:59:00,0.279,78,20
2026-07-20 23:05:00,0.233,21,20
2026-07-20 23:11:00,0.362,21,20
2026-07-20 23:17:00,0.319,65,20
2026-07-20 23:23:00,0.311,63,20
2026-07-20 23:29:00,0.292,64,20
2026-07-20 23:35:00,0.282,93,20
2026-07-20 23:41:00,0.289,100,20
2026-07-20 23:47:00,0.581,130,20
2026-07-20 23:53:00,0.437,117,20
2026-07-20 23:59:00,0.507,127,20
2026-07-21 00:05:00,0.534,131,20
2026-07-21 00:11:00,0.564,138,20
2026-07-21 00:17:00,0.508,129,20
2026-07-21 00:23:00,0.474,132,20
2026-07-21 00:29:00,0.377,122,20
2026-07-21 00:35:00,0.437,137,20
2026-07-21 00:41:00,0.461,131,20
2026-07-21 00:47:00,0.484,136,20
2026-07-21 00:53:00,0.536,146,20
2026-07-21 00:59:00,0.562,144,20
2026-07-21 01:05:00,0.416,147,20
2026-07-21 01:11:00,0.606,142,20
2026-07-21 01:17:00,0.611,144,20
2026-07-21 01:23:00,0.492,146,20
2026-07-21 01:29:00,0.642,143,20
2026-07-21 01:35:00,0.63,145,20
2026-07-21 01:41:00,0.611,143,20
2026-07-21 01:47:00,0.643,142,20
2026-07-21 01:53:00,0.597,142,20
2026-07-21 01:59:00,0.472,139,20
2026-07-21 02:05:00,0.495,138,20
2026-07-21 02:11:00,0.504,141,20
2026-07-21 02:17:00,0.429,139,20
2026-07-21 02:23:00,0.454,134,20
2026-07-21 02:29:00,0.524,132,20
2026-07-21 02:35:00,0.519,131,20
2026-07-21 02:41:00,0.57,128,20
2026-07-21 02:47:00,0.571,129,20
2026-07-21 02:53:00,0.55,131,20
2026-07-21 02:59:00,0.532,127,20
2026-07-21 03:05:00,0.512,119,20
2026-07-21 03:11:00,0.522,122,20
2026-07-21 03:17:00,0.616,126,20
2026-07-21 03:23:00,0.58,123,20
2026-07-21 03:29:00,0.648,125,20
2026-07-21 03:35:00,0.66,125,20
2026-07-21 03:41:00,0.77,131,20
2026-07-21 03:47:00,0.811,133,20
2026-07-21 03:53:00,0.793,130,20
2026-07-21 03:59:00,0.8,130,20
2026-07-21 04:05:00,0.774,127,20
2026-07-21 04:11:00,0.711,128,20
2026-07-21 04:17:00,0.69,124,20
2026-07-21 04:23:00,0.586,121,20
2026-07-21 04:29:00,0.605,121,20
2026-07-21 04:35:00,0.726,125,20
2026-07-21 04:41:00,0.58,129,20
2026-07-21 04:47:00,0.64,128,20
2026-07-21 04:53:00,0.565,126,20
2026-07-21 04:59:00,0.542,128,20
2026-07-21 05:05:00,0.495,124,20
2026-07-21 05:11:00,0.517,125,20
2026-07-21 05:17:00,0.442,120,20
2026-07-21 05:23:00,0.404,123,20
2026-07-21 05:29:00,0.444,129,20
2026-07-21 05:35:00,0.583,151,20
2026-07-21 05:41:00,0.438,150,20
2026-07-21 05:47:00,0.395,145,20
2026-07-21 05:53:00,0.366,143,20
2026-07-21 05:59:00,0.343,135,20
2026-07-21 06:05:00,0.365,115,20
2026-07-21 06:11:00,0.357,120,20
2026-07-21 06:17:00,0.342,121,20
2026-07-21 06:23:00,0.243,99,20
2026-07-21 06:29:00,0.286,31,20
2026-07-21 06:35:00,0.28,39,20
2026-07-21 06:41:00,0.212,56,20
2026-07-21 06:47:00,0.154,81,20
2026-07-21 06:53:00,0.113,67,20
2026-07-21 06:59:00,0.099,56,20
2026-07-21 07:05:00,0.163,334,20
2026-07-21 07:11:00,0.219,332,20
2026-07-21 07:17:00,0.22,337,20
2026-07-21 07:23:00,0.156,337,20
2026-07-21 07:29:00,0.286,333,20
2026-07-21 07:35:00,0.319,336,20
2026-07-21 07:41:00,0.302,323,20
2026-07-21 07:47:00,0.271,323,20
2026-07-21 07:53:00,0.231,320,20
2026-07-21 07:59:00,0.262,335,20
2026-07-21 08:05:00,0.245,334,20
2026-07-21 08:11:00,0.256,332,20
2026-07-21 08:17:00,0.278,324,20
2026-07-21 08:23:00,0.316,311,20
2026-07-21 08:29:00,0.12,256,20
2026-07-21 08:35:00,0.213,265,20
2026-07-21 08:41:00,0.161,268,20
2026-07-21 08:47:00,0.065,214,20
2026-07-21 08:53:00,0.018,268,20
2026-07-21 08:59:00,0.074,160,20
2026-07-21 09:05:00,0.094,185,20
2026-07-21 09:11:00,0.105,331,20
2026-07-21 09:17:00,0.076,107,20
2026-07-21 09:23:00,0.109,149,20
2026-07-21 09:29:00,0.058,146,20
2026-07-21 09:35:00,0.13,118,20
2026-07-21 09:41:00,0.128,129,20
2026-07-21 09:53:00,0.258,140,20
2026-07-21 09:59:00,0.238,142,20
2026-07-21 10:05:00,0.302,142,20
2026-07-21 10:11:00,0.16,144,20
2026-07-21 10:23:00,0.283,133,20
2026-07-21 10:29:00,0.243,132,20
2026-07-21 10:35:00,0.445,135,20
2026-07-21 10:41:00,0.38,134,20
2026-07-21 10:47:00,0.363,138,20
2026-07-21 10:53:00,0.38,142,20
2026-07-21 10:59:00,0.211,134,20
2026-07-21 11:05:00,0.341,143,20
2026-07-21 11:11:00,0.247,136,20
2026-07-21 11:17:00,0.367,142,20
2026-07-21 11:23:00,0.439,146,20
2026-07-21 11:29:00,0.303,141,20
2026-07-21 11:35:00,0.236,135,20
2026-07-21 11:41:00,0.216,154,20
2026-07-21 11:47:00,0.266,145,20
2026-07-21 11:53:00,0.288,144,20
2026-07-21 11:59:00,0.296,143,20
2026-07-21 12:05:00,0.313,146,20
2026-07-21 12:11:00,0.44,135,20
2026-07-21 12:17:00,0.456,138,20
2026-07-21 12:23:00,0.42,132,20
2026-07-21 12:29:00,0.357,118,20
2026-07-21 12:35:00,0.426,132,20
2026-07-21 12:41:00,0.526,141,20
2026-07-21 12:47:00,0.402,135,20
2026-07-21 12:53:00,0.387,147,20
2026-07-21 12:59:00,0.517,146,20
2026-07-21 13:05:00,0.412,137,20
2026-07-21 13:11:00,0.473,139,20
2026-07-21 13:17:00,0.52,143,20
2026-07-21 13:23:00,0.598,142,20
2026-07-21 13:29:00,0.533,142,20
2026-07-21 13:35:00,0.593,141,20
2026-07-21 13:41:00,0.633,134,20
2026-07-21 13:47:00,0.766,132,20
2026-07-21 13:53:00,0.639,134,20
2026-07-21 13:59:00,0.677,130,20
2026-07-21 14:05:00,0.64,132,20
2026-07-21 14:11:00,0.733,131,20
2026-07-21 14:17:00,0.764,128,20
2026-07-21 14:23:00,0.614,114,20
2026-07-21 14:35:00,0.915,133,20
2026-07-21 14:41:00,0.743,128,20
2026-07-21 14:47:00,0.829,136,20
2026-07-21 14:53:00,0.798,135,20
2026-07-21 14:59:00,0.83,135,20
2026-07-21 15:05:00,0.665,135,20
2026-07-21 15:11:00,0.808,137,20
2026-07-21 15:17:00,0.64,137,20
2026-07-21 15:23:00,0.621,130,20
2026-07-21 15:29:00,0.75,136,20
2026-07-21 15:35:00,0.723,136,20
2026-07-21 15:41:00,0.598,136,20
2026-07-21 15:47:00,0.69,137,20
2026-07-21 15:53:00,0.634,137,20
2026-07-21 15:59:00,0.635,130,20
2026-07-21 16:05:00,0.694,133,20
2026-07-21 16:11:00,0.659,134,20
2026-07-21 16:17:00,0.523,128,20
2026-07-21 16:23:00,0.432,126,20
2026-07-21 16:29:00,0.606,142,20
2026-07-21 16:35:00,0.359,138,20
2026-07-21 16:41:00,0.255,142,20
2026-07-21 16:47:00,0.212,130,20
2026-07-21 16:53:00,0.193,143,20
2026-07-21 16:59:00,0.249,133,20
2026-07-21 17:05:00,0.206,133,20
2026-07-21 17:11:00,0.069,130,20
2026-07-21 17:17:00,0.074,148,20
2026-07-21 17:23:00,0.073,6,20
2026-07-21 17:29:00,0.074,38,20
2026-07-21 17:35:00,0.226,356,20
2026-07-21 17:41:00,0.082,318,20
2026-07-21 17:47:00,0.092,224,20
2026-07-21 17:53:00,0.104,288,20
2026-07-21 17:59:00,0.272,333,20
2026-07-21 18:05:00,0.301,313,20
2026-07-21 18:11:00,0.234,288,20
2026-07-21 18:17:00,0.13,266,20
2026-07-21 18:23:00,0.066,252,20
2026-07-21 18:29:00,0.161,324,20
2026-07-21 18:35:00,0.276,327,20
2026-07-21 18:41:00,0.16,328,20
2026-07-21 18:47:00,0.193,317,20
2026-07-21 18:53:00,0.088,299,20
2026-07-21 18:59:00,0.171,323,20
2026-07-21 19:05:00,0.284,328,20
2026-07-21 19:11:00,0.239,324,20
2026-07-21 19:17:00,0.461,327,20
2026-07-21 19:23:00,0.372,317,20
2026-07-21 19:29:00,0.187,304,20
2026-07-21 19:35:00,0.477,314,20
2026-07-21 19:41:00,0.687,324,20
2026-07-21 19:47:00,0.589,320,20
2026-07-21 19:53:00,0.714,328,20
2026-07-21 19:59:00,0.706,324,20
2026-07-21 20:05:00,0.732,329,20
2026-07-21 20:11:00,0.785,332,20
2026-07-21 20:17:00,0.716,329,20
2026-07-21 20:23:00,0.782,328,20
2026-07-21 20:29:00,0.79,331,20
2026-07-21 20:35:00,0.933,332,20
2026-07-21 20:41:00,0.817,335,20
2026-07-21 20:47:00,0.648,335,20
2026-07-21 20:53:00,0.433,333,20
2026-07-21 20:59:00,0.457,329,20
2026-07-21 21:05:00,0.336,332,20
2026-07-21 21:11:00,0.128,309,20
2026-07-21 21:17:00,0.069,281,20
2026-07-21 21:23:00,0.021,203,20
2026-07-21 21:29:00,0.329,0,20
2026-07-21 21:35:00,0.025,24,20
2026-07-21 21:41:00,0.162,177,20
2026-07-21 21:47:00,0.215,345,20
2026-07-21 21:53:00,0.132,318,20
2026-07-21 21:59:00,0.09,165,20
2026-07-21 22:05:00,0.165,169,20
2026-07-21 22:11:00,0.216,348,20
2026-07-21 22:17:00,0.108,344,20
2026-07-21 22:23:00,0.134,356,20
2026-07-21 22:29:00,0.287,347,20
2026-07-21 22:35:00,0.229,337,20
2026-07-21 22:41:00,0.182,337,20
2026-07-21 22:47:00,0.124,14,20
2026-07-21 22:53:00,0.207,346,20
2026-07-21 22:59:00,0.151,6,20
2026-07-21 23:05:00,0.106,64,20
2026-07-21 23:11:00,0.15,84,20
2026-07-21 23:17:00,0.049,38,20
2026-07-21 23:23:00,0.036,93,20
2026-07-21 23:29:00,0.063,352,20
2026-07-21 23:35:00,0.193,162,20
2026-07-21 23:41:00,0.182,154,20
2026-07-21 23:47:00,0.217,154,20
2026-07-21 23:53:00,0.186,171,20
2026-07-21 23:59:00,0.21,169,20
2026-07-22 00:05:00,0.069,114,20
2026-07-22 00:11:00,0.177,129,20
2026-07-22 00:17:00,0.227,118,20
2026-07-22 00:23:00,0.306,126,20
2026-07-22 00:29:00,0.535,128,20
2026-07-22 00:35:00,0.39,110,20
2026-07-22 00:41:00,0.44,131,20
2026-07-22 00:47:00,0.537,137,20
2026-07-22 00:53:00,0.569,128,20
2026-07-22 00:59:00,0.541,133,20
2026-07-22 01:05:00,0.623,132,20
2026-07-22 01:11:00,0.701,134,20
2026-07-22 01:17:00,0.658,131,20
2026-07-22 01:23:00,0.723,130,20
2026-07-22 01:29:00,0.847,129,20
2026-07-22 01:35:00,0.84,129,20
2026-07-22 01:41:00,0.784,129,20
2026-07-22 01:47:00,0.727,131,20
2026-07-22 01:53:00,0.684,129,20
2026-07-22 01:59:00,0.709,129,20
2026-07-22 02:05:00,0.681,132,20
2026-07-22 02:11:00,0.617,132,20
2026-07-22 02:17:00,0.691,138,20
2026-07-22 02:23:00,0.453,145,20
2026-07-22 02:29:00,0.512,143,20
2026-07-22 02:35:00,0.531,146,20
2026-07-22 02:41:00,0.438,143,20
2026-07-22 02:47:00,0.487,143,20
2026-07-22 02:53:00,0.533,141,20
2026-07-22 02:59:00,0.394,142,20
2026-07-22 03:05:00,0.405,138,20
2026-07-22 03:11:00,0.358,140,20
2026-07-22 03:17:00,0.362,145,20
2026-07-22 03:23:00,0.434,137,20
2026-07-22 03:29:00,0.569,135,20
2026-07-22 03:35:00,0.643,134,20
2026-07-22 03:41:00,0.546,137,20
2026-07-22 03:47:00,0.593,132,20
2026-07-22 03:53:00,0.429,138,20
2026-07-22 03:59:00,0.443,137,20
2026-07-22 04:05:00,0.547,136,20
2026-07-22 04:11:00,0.329,138,20
2026-07-22 04:17:00,0.545,133,20
2026-07-22 04:23:00,0.602,135,20
2026-07-22 04:29:00,0.478,135,20
2026-07-22 04:35:00,0.371,129,20
2026-07-22 04:41:00,0.482,132,20
2026-07-22 04:47:00,0.296,129,20
2026-07-22 04:53:00,0.491,136,20
2026-07-22 04:59:00,0.338,129,20
2026-07-22 05:05:00,0.399,138,20
2026-07-22 05:11:00,0.312,136,20
2026-07-22 05:17:00,0.26,141,20
2026-07-22 05:23:00,0.302,137,20
2026-07-22 05:29:00,0.318,134,20
2026-07-22 05:35:00,0.212,121,20
2026-07-22 05:41:00,0.291,127,20
2026-07-22 05:47:00,0.213,130,20
2026-07-22 05:53:00,0.289,132,20
2026-07-22 05:59:00,0.263,132,20
2026-07-22 06:05:00,0.189,129,20
2026-07-22 06:11:00,0.198,124,20
2026-07-22 06:17:00,0.175,143,20
2026-07-22 06:23:00,0.127,129,20
2026-07-22 06:29:00,0.065,105,20
2026-07-22 06:35:00,0.062,8,20
2026-07-22 06:47:00,0.015,17,20
2026-07-22 06:53:00,0.109,329,20
2026-07-22 06:59:00,0.045,334,20
2026-07-22 07:05:00,0.144,323,20
2026-07-22 07:11:00,0.143,319,20
2026-07-22 07:17:00,0.155,346,20
2026-07-22 07:23:00,0.025,304,20
2026-07-22 07:29:00,0.062,325,20
2026-07-22 07:35:00,0.027,357,20
2026-07-22 07:41:00,0.063,316,20
2026-07-22 07:53:00,0.105,326,20
2026-07-22 07:59:00,0.162,317,20
2026-07-22 08:05:00,0.171,334,20
2026-07-22 08:11:00,0.127,345,20
2026-07-22 08:17:00,0.27,325,20
2026-07-22 08:23:00,0.04,297,20
2026-07-22 08:29:00,0.214,325,20
2026-07-22 08:35:00,0.21,309,20
2026-07-22 08:41:00,0.141,306,20
2026-07-22 08:47:00,0.207,322,20
2026-07-22 08:53:00,0.242,323,20
2026-07-22 08:59:00,0.251,326,20
2026-07-22 09:05:00,0.2,359,20
2026-07-22 09:11:00,0.142,355,20
2026-07-22 09:17:00,0.169,323,20
2026-07-22 09:23:00,0.093,295,20
2026-07-22 09:29:00,0.043,173,20
2026-07-22 09:35:00,0.102,129,20
2026-07-22 09:41:00,0.043,59,20
2026-07-22 09:47:00,0.049,303,20
2026-07-22 09:53:00,0.068,17,20
2026-07-22 09:59:00,0.019,20,20
2026-07-22 10:05:00,0.198,129,20
2026-07-22 10:11:00,0.087,137,20
2026-07-22 10:17:00,0.118,94,20
2026-07-22 10:23:00,0.166,142,20
2026-07-22 10:29:00,0.169,138,20
2026-07-22 10:35:00,0.153,131,20
2026-07-22 10:41:00,0.004,83,20
2026-07-22 10:47:00,0.078,280,20
2026-07-22 10:53:00,0.017,353,20
2026-07-22 10:59:00,0.016,176,20
2026-07-22 11:05:00,0.004,353,20
2026-07-22 11:11:00,0.185,148,20
2026-07-22 11:17:00,0.18,154,20
2026-07-22 11:23:00,0.098,201,20
2026-07-22 11:29:00,0.176,110,20
2026-07-22 11:35:00,0.305,147,20
2026-07-22 11:41:00,0.333,144,20
2026-07-22 11:47:00,0.399,153,20
2026-07-22 11:53:00,0.179,148,20
2026-07-22 11:59:00,0.175,155,20
2026-07-22 12:05:00,0.383,135,20
2026-07-22 12:11:00,0.502,137,20
2026-07-22 12:17:00,0.645,147,20
2026-07-22 12:23:00,0.655,145,20
2026-07-22 12:29:00,0.428,138,20
2026-07-22 12:35:00,0.427,140,20
2026-07-22 12:41:00,0.634,145,20
2026-07-22 12:47:00,0.566,145,20
2026-07-22 12:53:00,0.397,145,20
2026-07-22 12:59:00,0.396,137,20
2026-07-22 13:05:00,0.508,140,20
2026-07-22 13:11:00,0.474,129,20
2026-07-22 13:17:00,0.723,139,20
2026-07-22 13:23:00,0.703,141,20
2026-07-22 13:29:00,0.783,143,20
2026-07-22 13:35:00,0.633,140,20
2026-07-22 13:41:00,0.652,140,20
2026-07-22 13:47:00,0.574,137,20
2026-07-22 13:53:00,0.579,146,20
2026-07-22 13:59:00,0.589,135,20
2026-07-22 14:05:00,0.478,135,20
2026-07-22 14:11:00,0.514,134,20
2026-07-22 14:17:00,0.511,136,20
2026-07-22 14:23:00,0.425,125,20
2026-07-22 14:29:00,0.684,136,20
2026-07-22 14:35:00,0.529,137,20
2026-07-22 14:41:00,0.545,143,20
2026-07-22 14:47:00,0.492,141,20
2026-07-22 14:53:00,0.623,140,20
2026-07-22 14:59:00,0.389,131,20
2026-07-22 15:05:00,0.57,148,20
2026-07-22 15:11:00,0.56,135,20
2026-07-22 15:17:00,0.583,133,20
2026-07-22 15:23:00,0.406,131,20
2026-07-22 15:29:00,0.583,136,20
2026-07-22 15:35:00,0.608,137,20
2026-07-22 15:41:00,0.563,139,20
2026-07-22 15:47:00,0.599,136,20
2026-07-22 15:53:00,0.736,141,20
2026-07-22 15:59:00,0.549,138,20
2026-07-22 16:05:00,0.505,138,20
2026-07-22 16:11:00,0.576,140,20
2026-07-22 16:17:00,0.637,139,20
2026-07-22 16:23:00,0.622,132,20
2026-07-22 16:29:00,0.655,134,20
2026-07-22 16:35:00,0.57,136,20
2026-07-22 16:41:00,0.609,136,20
2026-07-22 16:47:00,0.588,137,20
2026-07-22 16:53:00,0.56,138,20
2026-07-22 16:59:00,0.635,137,20
2026-07-22 17:05:00,0.605,140,20
2026-07-22 17:11:00,0.677,136,20
2026-07-22 17:17:00,0.552,141,20
2026-07-22 17:23:00,0.596,138,20
2026-07-22 17:29:00,0.471,136,20
2026-07-22 17:35:00,0.555,139,20
2026-07-22 17:41:00,0.461,136,20
2026-07-22 17:47:00,0.436,135,20
2026-07-22 17:53:00,0.348,129,20
2026-07-22 17:59:00,0.36,129,20
2026-07-22 18:05:00,0.385,133,20
2026-07-22 18:11:00,0.283,128,20
2026-07-22 18:17:00,0.221,123,20
2026-07-22 18:23:00,0.234,126,20
2026-07-22 18:29:00,0.061,109,20
2026-07-22 18:35:00,0.08,75,20
2026-07-22 18:41:00,0.109,130,20
2026-07-22 18:47:00,0.113,91,20
2026-07-22 18:53:00,0.137,100,20
2026-07-22 18:59:00,0.109,339,20
2026-07-22 19:05:00,0.057,332,20
2026-07-22 19:11:00,0.17,331,20
2026-07-22 19:17:00,0.086,359,20
2026-07-22 19:23:00,0.131,357,20
2026-07-22 19:29:00,0.196,344,20
2026-07-22 19:35:00,0.195,346,20
2026-07-22 19:41:00,0.282,329,20
2026-07-22 19:47:00,0.327,333,20
2026-07-22 19:53:00,0.439,331,20
2026-07-22 19:59:00,0.492,327,20
2026-07-22 20:05:00,0.433,335,20
2026-07-22 20:11:00,0.517,327,20
2026-07-22 20:17:00,0.483,330,20
2026-07-22 20:23:00,0.441,325,20
2026-07-22 20:29:00,0.512,329,20
2026-07-22 20:35:00,0.493,330,20
2026-07-22 20:41:00,0.525,336,20
2026-07-22 20:47:00,0.516,340,20
2026-07-22 20:53:00,0.423,346,20
2026-07-22 20:59:00,0.414,348,20
2026-07-22 21:05:00,0.403,348,20
2026-07-22 21:11:00,0.497,344,20
2026-07-22 21:17:00,0.55,341,20
2026-07-22 21:23:00,0.604,345,20
2026-07-22 21:29:00,0.641,342,20
2026-07-22 21:35:00,0.454,342,20
2026-07-22 21:41:00,0.643,343,20
2026-07-22 21:47:00,0.76,343,20
2026-07-22 21:53:00,0.723,347,20
2026-07-22 21:59:00,0.616,347,20
2026-07-22 22:05:00,0.678,347,20
2026-07-22 22:11:00,0.682,341,20
2026-07-22 22:17:00,0.753,338,20
2026-07-22 22:23:00,0.732,338,20
2026-07-22 22:29:00,0.732,337,20
2026-07-22 22:35:00,0.713,338,20
2026-07-22 22:41:00,0.691,337,20
2026-07-22 22:47:00,0.79,337,20
2026-07-22 22:53:00,0.672,340,20
2026-07-22 22:59:00,0.618,342,20
2026-07-22 23:05:00,0.588,345,20
2026-07-22 23:11:00,0.542,349,20
2026-07-22 23:17:00,0.469,354,20
2026-07-22 23:23:00,0.544,350,20
2026-07-22 23:29:00,0.452,349,20
2026-07-22 23:35:00,0.452,356,20
2026-07-22 23:41:00,0.403,0,20
2026-07-22 23:47:00,0.313,7,20
2026-07-22 23:53:00,0.296,12,20
2026-07-22 23:59:00,0.299,3,20
2026-07-23 00:05:00,0.298,4,20
2026-07-23 00:11:00,0.314,359,20
2026-07-23 00:17:00,0.268,3,20
2026-07-23 00:23:00,0.229,19,20
2026-07-23 00:29:00,0.195,27,20
2026-07-23 00:35:00,0.244,75,20
2026-07-23 00:41:00,0.245,92,20
2026-07-23 00:47:00,0.318,113,20
2026-07-23 00:53:00,0.309,96,20
2026-07-23 00:59:00,0.346,105,20
2026-07-23 01:05:00,0.326,96,20
2026-07-23 01:11:00,0.401,109,20
2026-07-23 01:17:00,0.348,106,20
2026-07-23 01:23:00,0.368,125,20
2026-07-23 01:29:00,0.625,125,20
2026-07-23 01:35:00,0.431,113,20
2026-07-23 01:41:00,0.428,107,20
2026-07-23 01:47:00,0.449,120,20
2026-07-23 01:53:00,0.478,112,20
2026-07-23 01:59:00,0.388,115,20
2026-07-23 02:05:00,0.655,132,20
2026-07-23 02:11:00,0.9,132,20
2026-07-23 02:17:00,0.678,121,20
2026-07-23 02:23:00,0.498,119,20
2026-07-23 02:29:00,0.546,114,20
2026-07-23 02:35:00,0.511,114,20
2026-07-23 02:41:00,0.533,117,20
2026-07-23 02:47:00,0.556,123,20
2026-07-23 02:53:00,0.556,120,20
2026-07-23 02:59:00,0.49,117,20
2026-07-23 03:05:00,0.492,120,20
2026-07-23 03:11:00,0.49,126,20
2026-07-23 03:17:00,0.485,135,20
2026-07-23 03:23:00,0.529,134,20
2026-07-23 03:29:00,0.482,134,20
2026-07-23 03:35:00,0.515,135,20
2026-07-23 03:41:00,0.614,137,20
2026-07-23 03:47:00,0.578,139,20
2026-07-23 03:53:00,0.612,139,20
2026-07-23 03:59:00,0.499,133,20
2026-07-23 04:05:00,0.458,134,20
2026-07-23 04:11:00,0.573,132,20
2026-07-23 04:17:00,0.61,133,20
2026-07-23 04:23:00,0.547,132,20
2026-07-23 04:29:00,0.555,132,20
2026-07-23 04:35:00,0.511,122,20
2026-07-23 04:41:00,0.512,121,20
2026-07-23 04:47:00,0.477,130,20
2026-07-23 04:53:00,0.673,136,20
2026-07-23 04:59:00,0.669,135,20
2026-07-23 05:05:00,0.705,135,20
2026-07-23 05:11:00,0.656,134,20
2026-07-23 05:17:00,0.703,135,20
2026-07-23 05:23:00,0.671,135,20
2026-07-23 05:29:00,0.643,137,20
2026-07-23 05:35:00,0.646,138,20
2026-07-23 05:41:00,0.612,137,20
2026-07-23 05:47:00,0.47,132,20
2026-07-23 05:53:00,0.518,129,20
2026-07-23 05:59:00,0.497,132,20
2026-07-23 06:05:00,0.542,140,20
2026-07-23 06:11:00,0.588,141,20
2026-07-23 06:17:00,0.538,142,20
2026-07-23 06:23:00,0.574,141,20
2026-07-23 06:29:00,0.545,144,20
2026-07-23 06:35:00,0.545,141,20
2026-07-23 06:41:00,0.556,138,20
2026-07-23 06:47:00,0.485,143,20
2026-07-23 06:53:00,0.718,148,20
2026-07-23 06:59:00,0.72,141,20
2026-07-23 07:05:00,0.745,154,20
2026-07-23 07:11:00,0.22,160,20
2026-07-23 07:17:00,0.76,328,20
2026-07-23 07:23:00,0.976,336,20
2026-07-23 07:29:00,0.393,7,20
2026-07-23 07:35:00,0.235,76,20
2026-07-23 07:41:00,0.315,28,20
2026-07-23 07:47:00,0.325,31,20
2026-07-23 07:53:00,0.318,38,20
2026-07-23 07:59:00,0.304,52,20
2026-07-23 08:05:00,0.259,64,20
2026-07-23 08:11:00,0.255,65,20
2026-07-23 08:17:00,0.247,21,20
2026-07-23 08:23:00,0.234,10,20
2026-07-23 08:29:00,0.246,3,20
2026-07-23 08:35:00,0.236,348,20
2026-07-23 08:41:00,0.308,340,20
2026-07-23 08:47:00,0.305,333,20
2026-07-23 08:53:00,0.269,331,20
2026-07-23 08:59:00,0.148,183,20
2026-07-23 09:05:00,0.321,164,20
2026-07-23 09:11:00,0.274,156,20
2026-07-23 09:17:00,0.228,143,20
2026-07-23 09:23:00,0.177,145,20
2026-07-23 09:29:00,0.312,137,20
2026-07-23 09:35:00,0.066,143,20
2026-07-23 09:41:00,0.103,146,20
2026-07-23 09:47:00,0.08,139,20
2026-07-23 09:53:00,0.129,161,20
2026-07-23 09:59:00,0.03,210,20
2026-07-23 10:05:00,0.116,163,20
2026-07-23 10:11:00,0.144,148,20
2026-07-23 10:17:00,0.178,295,20
2026-07-23 10:23:00,0.15,137,20
2026-07-23 10:29:00,0.055,228,20
2026-07-23 10:35:00,0.105,304,20
2026-07-23 10:41:00,0.013,210,20
2026-07-23 10:47:00,0.026,200,20
2026-07-23 10:53:00,0.034,170,20
2026-07-23 10:59:00,0.011,205,20
2026-07-23 11:05:00,0.081,122,20
2026-07-23 11:11:00,0.114,293,20
2026-07-23 11:17:00,0.128,302,20
2026-07-23 11:23:00,0.188,319,20
2026-07-23 11:29:00,0.181,326,20
2026-07-23 11:35:00,0.136,313,20
2026-07-23 11:41:00,0.178,307,20
2026-07-23 11:47:00,0.117,324,20
2026-07-23 11:53:00,0.209,310,20
2026-07-23 11:59:00,0.1,317,20
2026-07-23 12:05:00,0.066,325,20
2026-07-23 12:11:00,0.138,310,20
2026-07-23 12:17:00,0.117,302,20
2026-07-23 12:23:00,0.08,319,20
2026-07-23 12:29:00,0.062,314,20
2026-07-23 12:35:00,0.015,170,20
2026-07-23 12:41:00,0.114,178,20
2026-07-23 12:47:00,0.06,191,20
2026-07-23 12:53:00,0.163,144,20
2026-07-23 12:59:00,0.231,140,20
2026-07-23 13:05:00,0.185,156,20
2026-07-23 13:11:00,0.262,161,20
2026-07-23 13:17:00,0.21,154,20
2026-07-23 13:23:00,0.217,171,20
2026-07-23 13:29:00,0.194,162,20
2026-07-23 13:35:00,0.219,152,20
2026-07-23 13:41:00,0.203,151,20
2026-07-23 13:47:00,0.28,153,20
2026-07-23 13:53:00,0.186,170,20
2026-07-23 13:59:00,0.159,155,20
2026-07-23 14:05:00,0.137,180,20
2026-07-23 14:11:00,0.093,213,20
2026-07-23 14:17:00,0.116,189,20
2026-07-23 14:23:00,0.09,211,20
2026-07-23 14:29:00,0.118,172,20
2026-07-23 14:35:00,0.267,143,20
2026-07-23 14:41:00,0.321,147,20
2026-07-23 14:47:00,0.309,144,20
2026-07-23 14:53:00,0.288,133,20
2026-07-23 14:59:00,0.311,147,20
2026-07-23 15:05:00,0.284,145,20
2026-07-23 15:11:00,0.276,144,20
2026-07-23 15:17:00,0.163,146,20
2026-07-23 15:23:00,0.277,139,20
2026-07-23 15:29:00,0.089,123,20
2026-07-23 15:35:00,0.116,112,20
2026-07-23 15:41:00,0.089,146,20
2026-07-23 15:47:00,0.117,131,20
2026-07-23 15:53:00,0.219,140,20
2026-07-23 15:59:00,0.139,138,20
2026-07-23 16:05:00,0.31,141,20
2026-07-23 16:11:00,0.238,123,20
2026-07-23 16:17:00,0.242,132,20
2026-07-23 16:23:00,0.243,134,20
2026-07-23 16:29:00,0.314,150,20
2026-07-23 16:35:00,0.261,151,20
2026-07-23 16:41:00,0.171,134,20
2026-07-23 16:47:00,0.09,118,20
2026-07-23 16:53:00,0.15,127,20
2026-07-23 16:59:00,0.134,111,20
2026-07-23 17:05:00,0.018,308,20
2026-07-23 17:11:00,0.086,107,20
2026-07-23 17:17:00,0.059,97,20
2026-07-23 17:23:00,0.158,136,20
2026-07-23 17:29:00,0.039,146,20
2026-07-23 17:35:00,0.062,146,20
2026-07-23 17:41:00,0.076,217,20
2026-07-23 17:47:00,0.221,156,20
2026-07-23 17:53:00,0.067,211,20
2026-07-23 17:59:00,0.032,204,20
2026-07-23 18:05:00,0.056,142,20
2026-07-23 18:11:00,0.192,132,20
2026-07-23 18:17:00,0.025,108,20
2026-07-23 18:23:00,0.229,141,20
2026-07-23 18:29:00,0.126,95,20
2026-07-23 18:35:00,0.135,32,20
2026-07-23 18:41:00,0.189,357,20
2026-07-23 18:47:00,0.043,146,20
2026-07-23 18:53:00,0.107,27,20
2026-07-23 18:59:00,0.072,359,20
2026-07-23 19:05:00,0.124,359,20
2026-07-23 19:11:00,0.194,338,20
2026-07-23 19:17:00,0.3,348,20
2026-07-23 19:23:00,0.229,344,20
2026-07-23 19:29:00,0.339,336,20
2026-07-23 19:35:00,0.285,354,20
2026-07-23 19:41:00,0.258,353,20
2026-07-23 19:47:00,0.347,339,20
2026-07-23 19:53:00,0.343,352,20
2026-07-23 19:59:00,0.33,341,20
2026-07-23 20:05:00,0.449,337,20
2026-07-23 20:11:00,0.393,352,20
2026-07-23 20:17:00,0.53,338,20
2026-07-23 20:23:00,0.596,332,20
2026-07-23 20:29:00,0.572,330,20
2026-07-23 20:35:00,0.607,330,20
2026-07-23 20:41:00,0.589,325,20
2026-07-23 20:47:00,0.628,327,20
2026-07-23 20:53:00,0.597,327,20
2026-07-23 20:59:00,0.639,330,20
2026-07-23 21:05:00,0.764,330,20
2026-07-23 21:11:00,0.788,334,20
2026-07-23 21:17:00,0.826,332,20
2026-07-23 21:23:00,0.962,327,20
2026-07-23 21:29:00,0.995,330,20
2026-07-23 21:35:00,0.848,342,20
2026-07-23 21:41:00,0.884,340,20
2026-07-23 21:47:00,0.877,334,20
2026-07-23 21:53:00,0.952,329,20
2026-07-23 21:59:00,1.022,326,20
2026-07-23 22:05:00,0.886,326,20
2026-07-23 22:11:00,0.918,325,20
2026-07-23 22:17:00,0.949,324,20
2026-07-23 22:23:00,0.908,326,20
2026-07-23 22:29:00,1.017,328,20
2026-07-23 22:35:00,1.022,326,20
2026-07-23 22:41:00,0.959,328,20
2026-07-23 22:47:00,0.966,331,20
2026-07-23 22:53:00,0.925,331,20
2026-07-23 22:59:00,0.879,338,20
2026-07-23 23:05:00,0.812,341,20
2026-07-23 23:11:00,0.702,343,20
2026-07-23 23:17:00,0.8,339,20
2026-07-23 23:23:00,0.769,336,20
2026-07-23 23:29:00,0.642,344,20
2026-07-23 23:35:00,0.637,348,20
2026-07-23 23:41:00,0.62,343,20
2026-07-23 23:47:00,0.6,342,20
2026-07-23 23:53:00,0.575,340,20
2026-07-23 23:59:00,0.652,341,20
2026-07-24 00:05:00,0.549,335,20
2026-07-24 00:11:00,0.501,344,20
2026-07-24 00:17:00,0.343,354,20
2026-07-24 00:23:00,0.369,355,20
2026-07-24 00:29:00,0.358,356,20
2026-07-24 00:35:00,0.353,353,20
2026-07-24 00:41:00,0.281,354,20
2026-07-24 00:47:00,0.232,356,20
2026-07-24 00:53:00,0.263,354,20
2026-07-24 00:59:00,0.16,8,20
2026-07-24 01:05:00,0.243,2,20
2026-07-24 01:11:00,0.188,13,20
2026-07-24 01:17:00,0.164,36,20
2026-07-24 01:23:00,0.185,61,20
2026-07-24 01:29:00,0.259,77,20
2026-07-24 01:35:00,0.263,85,20
2026-07-24 01:41:00,0.307,88,20
2026-07-24 01:47:00,0.318,98,20
2026-07-24 01:53:00,0.396,107,20
2026-07-24 01:59:00,0.388,96,20
2026-07-24 02:05:00,0.416,104,20
2026-07-24 02:11:00,0.439,116,20
2026-07-24 02:17:00,0.436,114,20
2026-07-24 02:23:00,0.494,120,20
2026-07-24 02:29:00,0.461,123,20
2026-07-24 02:35:00,0.412,123,20
2026-07-24 02:41:00,0.406,120,20
2026-07-24 02:47:00,0.497,126,20
2026-07-24 02:53:00,0.473,123,20
2026-07-24 02:59:00,0.511,130,20
2026-07-24 03:05:00,0.419,126,20
2026-07-24 03:11:00,0.498,133,20
2026-07-24 03:17:00,0.588,143,20
2026-07-24 03:23:00,0.483,140,20
2026-07-24 03:29:00,0.473,143,20
2026-07-24 03:35:00,0.582,134,20
2026-07-24 03:41:00,0.53,140,20
2026-07-24 03:47:00,0.584,138,20
2026-07-24 03:53:00,0.552,138,20
2026-07-24 03:59:00,0.382,137,20
2026-07-24 04:05:00,0.416,133,20
2026-07-24 04:11:00,0.458,140,20
2026-07-24 04:17:00,0.353,136,20
2026-07-24 04:23:00,0.362,141,20
2026-07-24 04:29:00,0.44,143,20
2026-07-24 04:35:00,0.281,136,20
2026-07-24 04:41:00,0.329,137,20
2026-07-24 04:47:00,0.372,136,20
2026-07-24 04:53:00,0.479,140,20
2026-07-24 04:59:00,0.411,133,20
2026-07-24 05:05:00,0.21,127,20
2026-07-24 05:11:00,0.314,128,20
2026-07-24 05:17:00,0.338,137,20
2026-07-24 05:23:00,0.435,136,20
2026-07-24 05:29:00,0.489,137,20
2026-07-24 05:35:00,0.52,139,20
2026-07-24 05:41:00,0.514,141,20
2026-07-24 05:47:00,0.548,128,20
2026-07-24 05:53:00,0.923,134,20
2026-07-24 05:59:00,0.975,128,20
2026-07-24 06:05:00,0.263,64,20
2026-07-24 06:11:00,0.63,133,20
2026-07-24 06:17:00,0.164,29,20
2026-07-24 06:23:00,0.084,71,20
2026-07-24 06:29:00,1.083,148,20
2026-07-24 06:35:00,0.485,105,20
2026-07-24 06:41:00,0.777,139,20
2026-07-24 06:47:00,0.491,136,20
2026-07-24 06:53:00,0.753,123,20
2026-07-24 06:59:00,0.529,120,20
2026-07-24 07:05:00,0.494,122,20
2026-07-24 07:11:00,0.457,121,20
2026-07-24 07:17:00,0.449,125,20
2026-07-24 07:23:00,0.473,126,20
2026-07-24 07:29:00,0.559,138,20
2026-07-24 07:35:00,0.641,142,20
2026-07-24 07:41:00,0.65,141,20
2026-07-24 07:47:00,0.637,140,20
2026-07-24 07:53:00,0.643,143,20
2026-07-24 07:59:00,0.566,144,20
2026-07-24 08:05:00,0.593,142,20
2026-07-24 08:11:00,0.49,144,20
2026-07-24 08:17:00,0.508,143,20
2026-07-24 08:23:00,0.431,142,20
2026-07-24 08:29:00,0.419,142,20
2026-07-24 08:35:00,0.407,144,20
2026-07-24 08:41:00,0.461,148,20
2026-07-24 08:47:00,0.331,139,20
2026-07-24 08:53:00,0.339,142,20
2026-07-24 08:59:00,0.304,144,20
2026-07-24 09:05:00,0.317,144,20
2026-07-24 09:11:00,0.244,141,20
2026-07-24 09:17:00,0.129,142,20
2026-07-24 09:23:00,0.218,145,20
2026-07-24 09:29:00,0.174,140,20
2026-07-24 09:35:00,0.094,126,20
2026-07-24 09:41:00,0.062,122,20
2026-07-24 09:47:00,0.036,93,20
2026-07-24 09:53:00,0.142,326,20
2026-07-24 09:59:00,0.205,331,20
2026-07-24 10:05:00,0.297,335,20
2026-07-24 10:11:00,0.33,332,20
2026-07-24 10:17:00,0.27,336,20
2026-07-24 10:23:00,0.268,335,20
2026-07-24 10:29:00,0.28,336,20
2026-07-24 10:35:00,0.249,339,20
2026-07-24 10:41:00,0.22,340,20
2026-07-24 10:47:00,0.204,337,20
2026-07-24 10:53:00,0.199,343,20
2026-07-24 10:59:00,0.239,341,20
2026-07-24 11:05:00,0.156,352,20
2026-07-24 11:11:00,0.179,345,20
2026-07-24 11:17:00,0.148,358,20
2026-07-24 11:23:00,0.147,9,20
2026-07-24 11:29:00,0.141,6,20
2026-07-24 11:35:00,0.124,39,20
2026-07-24 11:41:00,0.11,31,20
2026-07-24 11:47:00,0.127,88,20
2026-07-24 11:53:00,0.13,55,20
2026-07-24 11:59:00,0.128,70,20
2026-07-24 12:05:00,0.146,93,20
2026-07-24 12:11:00,0.174,97,20
2026-07-24 12:17:00,0.152,92,20
2026-07-24 12:23:00,0.149,89,20
2026-07-24 12:29:00,0.2,107,20
2026-07-24 12:35:00,0.191,104,20
2026-07-24 12:41:00,0.193,112,20
2026-07-24 12:47:00,0.152,109,20
2026-07-24 12:53:00,0.144,115,20
2026-07-24 12:59:00,0.122,110,20
2026-07-24 13:05:00,0.148,114,20
2026-07-24 13:11:00,0.188,110,20
2026-07-24 13:17:00,0.18,113,20
2026-07-24 13:23:00,0.192,123,20
2026-07-24 13:29:00,0.192,119,20
2026-07-24 13:35:00,0.173,122,20
2026-07-24 13:41:00,0.176,110,20
2026-07-24 13:47:00,0.174,108,20
2026-07-24 13:53:00,0.18,101,20
2026-07-24 13:59:00,0.205,108,20
2026-07-24 14:05:00,0.225,118,20
2026-07-24 14:11:00,0.266,121,20
2026-07-24 14:17:00,0.253,127,20
2026-07-24 14:23:00,0.212,131,20
2026-07-24 14:29:00,0.257,132,20
2026-07-24 14:35:00,0.274,137,20
2026-07-24 14:41:00,0.354,134,20
2026-07-24 14:47:00,0.226,112,20
2026-07-24 14:53:00,0.345,133,20
2026-07-24 14:59:00,0.312,126,20
2026-07-24 15:05:00,0.316,135,20
2026-07-24 15:11:00,0.365,134,20
2026-07-24 15:17:00,0.357,132,20
2026-07-24 15:23:00,0.364,128,20
2026-07-24 15:29:00,0.409,138,20
2026-07-24 15:35:00,0.379,131,20
2026-07-24 15:41:00,0.393,131,20
2026-07-24 15:47:00,0.42,128,20
2026-07-24 15:53:00,0.311,123,20
2026-07-24 15:59:00,0.404,124,20
2026-07-24 16:05:00,0.448,128,20
2026-07-24 16:11:00,0.393,122,20
2026-07-24 16:17:00,0.465,130,20
2026-07-24 16:23:00,0.44,128,20
2026-07-24 16:29:00,0.429,135,20
2026-07-24 16:35:00,0.469,132,20
2026-07-24 16:41:00,0.467,135,20
2026-07-24 16:47:00,0.44,136,20
2026-07-24 16:53:00,0.512,132,20
2026-07-24 16:59:00,0.514,133,20
2026-07-24 17:05:00,0.44,139,20
2026-07-24 17:11:00,0.478,136,20
2026-07-24 17:17:00,0.516,138,20
2026-07-24 17:23:00,0.535,136,20
2026-07-24 17:29:00,0.602,139,20
2026-07-24 17:35:00,0.556,138,20
2026-07-24 17:41:00,0.491,138,20
2026-07-24 17:47:00,0.44,135,20
2026-07-24 17:53:00,0.412,134,20
2026-07-24 17:59:00,0.509,133,20
2026-07-24 18:05:00,0.403,140,20
2026-07-24 18:11:00,0.463,133,20
2026-07-24 18:17:00,0.498,138,20
2026-07-24 18:23:00,0.375,125,20
2026-07-24 18:29:00,0.457,136,20
2026-07-24 18:35:00,0.44,131,20
2026-07-24 18:41:00,0.406,131,20
2026-07-24 18:47:00,0.436,133,20
2026-07-24 18:53:00,0.349,137,20
2026-07-24 18:59:00,0.354,144,20
2026-07-24 19:05:00,0.247,136,20
2026-07-24 19:11:00,0.218,124,20
2026-07-24 19:17:00,0.398,122,20
2026-07-24 19:23:00,0.253,134,20
2026-07-24 19:29:00,0.319,132,20
2026-07-24 19:35:00,0.148,92,20
2026-07-24 19:41:00,0.097,7,20
2026-07-24 19:47:00,0.058,56,20
2026-07-24 19:53:00,0.099,24,20
2026-07-24 19:59:00,0.119,44,20
2026-07-24 20:05:00,0.094,16,20
2026-07-24 20:11:00,0.236,332,20
2026-07-24 20:17:00,0.255,334,20
2026-07-24 20:23:00,0.282,326,20
2026-07-24 20:29:00,0.288,324,20
2026-07-24 20:35:00,0.268,332,20
2026-07-24 20:41:00,0.274,326,20
2026-07-24 20:47:00,0.356,336,20
2026-07-24 20:53:00,0.364,335,20
2026-07-24 20:59:00,0.377,326,20
2026-07-24 21:05:00,0.41,331,20
2026-07-24 21:11:00,0.605,338,20
2026-07-24 21:17:00,0.401,341,20
2026-07-24 21:23:00,0.659,337,20
2026-07-24 21:29:00,0.51,338,20
2026-07-24 21:35:00,0.498,326,20
2026-07-24 21:41:00,0.46,343,20
2026-07-24 21:47:00,0.409,343,20
2026-07-24 21:53:00,0.602,330,20
2026-07-24 21:59:00,0.751,331,20
2026-07-24 22:05:00,0.617,332,20
2026-07-24 22:11:00,0.68,330,20
2026-07-24 22:17:00,0.877,332,20
2026-07-24 22:23:00,0.957,325,20
2026-07-24 22:29:00,0.986,332,20
2026-07-24 22:35:00,1.068,333,20
2026-07-24 22:41:00,0.923,330,20
2026-07-24 22:47:00,0.995,327,20
2026-07-24 22:53:00,0.994,328,20
2026-07-24 22:59:00,0.986,327,20
2026-07-24 23:05:00,0.91,328,20
2026-07-24 23:11:00,0.945,326,20
2026-07-24 23:17:00,0.937,326,20
2026-07-24 23:23:00,0.951,325,20
2026-07-24 23:29:00,0.931,326,20
2026-07-24 23:35:00,0.858,324,20
2026-07-24 23:41:00,0.868,324,20
2026-07-24 23:47:00,0.877,328,20
2026-07-24 23:53:00,0.845,330,20
2026-07-24 23:59:00,0.91,328,20
2026-07-25 00:05:00,0.75,330,20
2026-07-25 00:11:00,0.758,335,20
2026-07-25 00:17:00,0.665,334,20
2026-07-25 00:23:00,0.624,338,20
2026-07-25 00:29:00,0.644,338,20
2026-07-25 00:35:00,0.643,335,20
2026-07-25 00:41:00,0.556,339,20
2026-07-25 00:47:00,0.452,341,20
2026-07-25 00:53:00,0.465,345,20
2026-07-25 00:59:00,0.448,345,20
2026-07-25 01:05:00,0.391,349,20
2026-07-25 01:11:00,0.424,343,20
2026-07-25 01:17:00,0.354,350,20
2026-07-25 01:23:00,0.352,346,20
2026-07-25 01:29:00,0.281,348,20
2026-07-25 01:35:00,0.269,349,20
2026-07-25 01:41:00,0.317,350,20
2026-07-25 01:47:00,0.315,354,20
2026-07-25 01:53:00,0.221,11,20
2026-07-25 01:59:00,0.21,2,20
2026-07-25 02:05:00,0.19,26,20
2026-07-25 02:11:00,0.192,37,20
2026-07-25 02:17:00,0.219,75,20
2026-07-25 02:23:00,0.159,69,20
2026-07-25 02:29:00,0.241,80,20
2026-07-25 02:35:00,0.234,68,20
2026-07-25 02:41:00,0.247,93,20
2026-07-25 02:47:00,0.251,89,20
2026-07-25 02:53:00,0.293,99,20
2026-07-25 02:59:00,0.403,108,20
2026-07-25 03:05:00,0.446,110,20
2026-07-25 03:11:00,0.4,119,20
2026-07-25 03:17:00,0.355,115,20
2026-07-25 03:23:00,0.485,122,20
2026-07-25 03:29:00,0.428,129,20
2026-07-25 03:35:00,0.408,123,20
2026-07-25 03:41:00,0.396,130,20
2026-07-25 03:47:00,0.631,129,20
2026-07-25 03:53:00,0.487,133,20
2026-07-25 03:59:00,0.435,131,20
2026-07-25 04:05:00,0.43,132,20
2026-07-25 04:11:00,0.456,131,20
2026-07-25 04:17:00,0.545,137,20
2026-07-25 04:23:00,0.496,131,20
2026-07-25 04:29:00,0.457,130,20
2026-07-25 04:35:00,0.435,120,20
2026-07-25 04:41:00,0.47,120,20
2026-07-25 04:47:00,0.454,117,20
2026-07-25 04:53:00,0.391,103,20
2026-07-25 04:59:00,0.385,109,20
2026-07-25 05:05:00,0.411,114,20
2026-07-25 05:11:00,0.426,118,20
2026-07-25 05:17:00,0.485,124,20
2026-07-25 05:23:00,0.467,122,20
2026-07-25 05:29:00,0.514,126,20
2026-07-25 05:35:00,0.524,129,20
2026-07-25 05:41:00,0.323,119,20
2026-07-25 05:47:00,0.555,129,20
2026-07-25 05:53:00,0.668,137,20
2026-07-25 05:59:00,0.453,131,20
2026-07-25 06:05:00,0.47,135,20
2026-07-25 06:11:00,0.459,123,20
2026-07-25 06:17:00,0.508,129,20
2026-07-25 06:23:00,0.431,124,20
2026-07-25 06:29:00,0.532,131,20
2026-07-25 06:35:00,0.482,138,20
2026-07-25 06:41:00,0.436,132,20
2026-07-25 06:47:00,0.427,131,20
2026-07-25 06:53:00,0.433,132,20
2026-07-25 06:59:00,0.535,137,20
2026-07-25 07:05:00,0.58,136,20
2026-07-25 07:11:00,0.59,144,20
2026-07-25 07:17:00,0.743,139,20
2026-07-25 07:23:00,0.679,136,20
2026-07-25 07:29:00,0.613,138,20
2026-07-25 07:35:00,0.495,140,20
2026-07-25 07:41:00,0.5,139,20
2026-07-25 07:47:00,0.532,137,20
2026-07-25 07:53:00,0.483,142,20
2026-07-25 07:59:00,0.409,139,20
2026-07-25 08:05:00,0.408,141,20
2026-07-25 08:11:00,0.446,140,20
2026-07-25 08:17:00,0.36,141,20
2026-07-25 08:23:00,0.376,150,20
2026-07-25 08:29:00,0.379,144,20
2026-07-25 08:35:00,0.321,145,20
2026-07-25 08:41:00,0.314,142,20
2026-07-25 08:47:00,0.292,143,20
2026-07-25 08:53:00,0.3,139,20
2026-07-25 08:59:00,0.276,146,20
2026-07-25 09:05:00,0.239,146,20
2026-07-25 09:11:00,0.275,151,20
2026-07-25 09:23:00,0.15,156,20
2026-07-25 09:29:00,0.198,149,20
2026-07-25 09:35:00,0.193,152,20
2026-07-25 09:41:00,0.172,151,20
2026-07-25 09:53:00,0.111,143,20
2026-07-25 09:59:00,0.111,127,20
2026-07-25 10:05:00,0.118,138,20
2026-07-25 10:11:00,0.082,144,20
2026-07-25 10:17:00,0.026,120,20
2026-07-25 10:23:00,0.051,27,20
2026-07-25 10:29:00,0.139,344,20
2026-07-25 10:35:00,0.351,330,20
2026-07-25 10:41:00,0.32,330,20
2026-07-25 10:47:00,0.214,325,20
2026-07-25 10:53:00,0.28,319,20
2026-07-25 10:59:00,0.232,329,20
2026-07-25 11:05:00,0.222,342,20
2026-07-25 11:11:00,0.176,348,20
2026-07-25 11:17:00,0.207,338,20
2026-07-25 11:23:00,0.152,343,20
2026-07-25 11:29:00,0.136,343,20
2026-07-25 11:35:00,0.12,340,20
2026-07-25 11:47:00,0.128,340,20
2026-07-25 11:53:00,0.132,340,20
2026-07-25 11:59:00,0.137,349,20
2026-07-25 12:05:00,0.11,9,20
2026-07-25 12:11:00,0.12,11,20
2026-07-25 12:17:00,0.11,27,20
2026-07-25 12:23:00,0.082,44,20
2026-07-25 12:29:00,0.084,38,20
2026-07-25 12:35:00,0.071,48,20
2026-07-25 12:41:00,0.121,86,20
2026-07-25 12:47:00,0.094,65,20
2026-07-25 12:53:00,0.076,71,20
2026-07-25 12:59:00,0.066,32,20
2026-07-25 13:05:00,0.099,67,20
2026-07-25 13:11:00,0.081,72,20
2026-07-25 13:17:00,0.078,49,20
2026-07-25 13:23:00,0.081,92,20
2026-07-25 13:29:00,0.096,61,20
2026-07-25 13:35:00,0.08,56,20
2026-07-25 13:41:00,0.086,53,20
2026-07-25 13:47:00,0.106,80,20
2026-07-25 13:53:00,0.097,76,20
2026-07-25 13:59:00,0.083,84,20
2026-07-25 14:05:00,0.074,69,20
2026-07-25 14:11:00,0.094,71,20
2026-07-25 14:17:00,0.133,95,20
2026-07-25 14:23:00,0.146,100,20
2026-07-25 14:29:00,0.114,110,20
2026-07-25 14:35:00,0.126,115,20
2026-07-25 14:41:00,0.116,122,20
2026-07-25 14:47:00,0.177,120,20
2026-07-25 14:53:00,0.198,116,20
2026-07-25 14:59:00,0.288,121,20
2026-07-25 15:05:00,0.416,144,20
2026-07-25 15:11:00,0.285,128,20
2026-07-25 15:17:00,0.281,132,20
2026-07-25 15:23:00,0.29,126,20
2026-07-25 15:29:00,0.305,122,20
2026-07-25 15:35:00,0.282,124,20
2026-07-25 15:41:00,0.304,126,20
2026-07-25 15:47:00,0.284,126,20
2026-07-25 15:53:00,0.243,134,20
2026-07-25 15:59:00,0.242,132,20
2026-07-25 16:05:00,0.368,129,20
2026-07-25 16:11:00,0.32,130,20
2026-07-25 16:17:00,0.401,129,20
2026-07-25 16:23:00,0.306,130,20
2026-07-25 16:29:00,0.439,129,20
2026-07-25 16:35:00,0.333,133,20
2026-07-25 16:41:00,0.368,129,20
2026-07-25 16:47:00,0.374,128,20
2026-07-25 16:53:00,0.317,129,20
2026-07-25 16:59:00,0.411,135,0
2026-07-25 17:05:00,0.289,134,20
2026-07-25 17:11:00,0.206,102,20
2026-07-25 17:17:00,0.347,134,20
2026-07-25 17:23:00,0.421,132,20
2026-07-25 17:29:00,0.394,134,20
2026-07-25 17:35:00,0.317,129,20
2026-07-25 17:41:00,0.339,125,20
2026-07-25 17:47:00,0.334,128,20
2026-07-25 17:53:00,0.229,127,20
2026-07-25 17:59:00,0.26,130,20
2026-07-25 18:05:00,0.182,114,20
2026-07-25 18:11:00,0.316,120,20
2026-07-25 18:17:00,0.281,113,20
2026-07-25 18:23:00,0.265,123,20
2026-07-25 18:29:00,0.255,107,20
2026-07-25 18:35:00,0.354,125,20
2026-07-25 18:41:00,0.42,120,20
2026-07-25 18:47:00,0.408,114,20
2026-07-25 18:53:00,0.426,114,20
2026-07-25 18:59:00,0.433,110,20
2026-07-25 19:05:00,0.345,115,20
2026-07-25 19:11:00,0.482,117,20
2026-07-25 19:17:00,0.392,116,20
2026-07-25 19:23:00,0.438,119,20
2026-07-25 19:29:00,0.154,100,20
2026-07-25 19:35:00,0.262,110,20
2026-07-25 19:41:00,0.29,120,20
2026-07-25 19:47:00,0.48,126,20
2026-07-25 19:53:00,0.263,112,20
2026-07-25 19:59:00,0.284,118,20
2026-07-25 20:05:00,0.195,108,20
2026-07-25 20:11:00,0.176,117,20
2026-07-25 20:17:00,0.113,114,20
2026-07-25 20:23:00,0.107,10,20
2026-07-25 20:29:00,0.023,36,20
2026-07-25 20:35:00,0.026,138,20
2026-07-25 20:41:00,0.226,330,20
2026-07-25 20:47:00,0.143,353,20
2026-07-25 20:53:00,0.198,337,20
2026-07-25 20:59:00,0.11,21,20
2026-07-25 21:05:00,0.193,335,20
2026-07-25 21:11:00,0.194,342,20
2026-07-25 21:17:00,0.258,333,20
2026-07-25 21:23:00,0.205,338,20
2026-07-25 21:29:00,0.317,333,20
2026-07-25 21:35:00,0.286,334,20
2026-07-25 21:41:00,0.304,340,20
2026-07-25 21:47:00,0.321,338,20
2026-07-25 21:53:00,0.331,338,20
2026-07-25 21:59:00,0.296,338,20
2026-07-25 22:05:00,0.373,336,20
2026-07-25 22:11:00,0.403,333,20
2026-07-25 22:17:00,0.412,334,20
2026-07-25 22:23:00,0.479,332,20
2026-07-25 22:29:00,0.448,335,20
2026-07-25 22:35:00,0.424,336,20
2026-07-25 22:41:00,0.502,332,20
2026-07-25 22:47:00,0.432,329,20
2026-07-25 22:53:00,0.321,340,20
2026-07-25 22:59:00,0.346,346,20
2026-07-25 23:05:00,0.359,345,20
2026-07-25 23:11:00,0.513,340,20
2026-07-25 23:17:00,0.526,341,20
2026-07-25 23:23:00,0.611,344,20
2026-07-25 23:29:00,0.636,343,20
2026-07-25 23:35:00,0.73,337,20
2026-07-25 23:41:00,0.748,338,20
2026-07-25 23:47:00,0.709,333,20
2026-07-25 23:53:00,0.735,334,20
2026-07-25 23:59:00,0.718,333,20
2026-07-26 00:05:00,0.717,327,20
2026-07-26 00:11:00,0.661,328,20
2026-07-26 00:17:00,0.661,322,20
2026-07-26 00:23:00,0.574,327,20
2026-07-26 00:29:00,0.511,326,20
2026-07-26 00:35:00,0.624,322,20
2026-07-26 00:41:00,0.625,323,20
2026-07-26 00:47:00,0.666,318,20
2026-07-26 00:53:00,0.656,321,20
2026-07-26 00:59:00,0.645,320,20
2026-07-26 01:05:00,0.6,323,20
2026-07-26 01:11:00,0.523,331,20
2026-07-26 01:17:00,0.585,325,20
2026-07-26 01:23:00,0.606,326,20
2026-07-26 01:29:00,0.626,325,20
2026-07-26 01:35:00,0.658,321,20
2026-07-26 01:41:00,0.513,325,20
2026-07-26 01:47:00,0.592,323,20
2026-07-26 01:53:00,0.543,324,20
2026-07-26 01:59:00,0.568,326,20
2026-07-26 02:05:00,0.442,330,20
2026-07-26 02:11:00,0.405,329,20
2026-07-26 02:17:00,0.371,326,20
2026-07-26 02:23:00,0.31,311,20
2026-07-26 02:29:00,0.355,322,20
2026-07-26 02:35:00,0.13,223,20
2026-07-26 02:41:00,0.282,330,20
2026-07-26 02:47:00,0.353,135,20
2026-07-26 02:53:00,0.266,91,20
2026-07-26 02:59:00,0.16,330,20
2026-07-26 03:05:00,0.29,353,20
2026-07-26 03:11:00,0.234,349,20
2026-07-26 03:17:00,0.018,224,20
2026-07-26 03:23:00,0.102,18,20
2026-07-26 03:29:00,0.198,131,20
2026-07-26 03:35:00,0.176,91,20
2026-07-26 03:41:00,0.259,109,20
2026-07-26 03:47:00,0.303,108,20
2026-07-26 03:53:00,0.443,113,20
2026-07-26 03:59:00,0.34,114,20
2026-07-26 04:05:00,0.399,110,20
2026-07-26 04:11:00,0.447,125,20
2026-07-26 04:17:00,0.431,125,20
2026-07-26 04:23:00,0.449,131,20
2026-07-26 04:29:00,0.461,130,20
2026-07-26 04:35:00,0.55,131,20
2026-07-26 04:41:00,0.51,135,20
2026-07-26 04:47:00,0.56,137,20
2026-07-26 04:53:00,0.399,133,20
2026-07-26 04:59:00,0.481,135,20
2026-07-26 05:05:00,0.513,136,20
2026-07-26 05:11:00,0.544,140,20
2026-07-26 05:17:00,0.403,140,20
2026-07-26 05:23:00,0.36,134,20
2026-07-26 05:29:00,0.445,132,20
2026-07-26 05:35:00,0.382,124,20
2026-07-26 05:41:00,0.396,116,20
2026-07-26 05:47:00,0.465,122,20
2026-07-26 05:53:00,0.526,130,20
2026-07-26 05:59:00,0.584,136,20
2026-07-26 06:05:00,0.578,148,20
2026-07-26 06:11:00,0.494,146,20
2026-07-26 06:17:00,0.455,147,20
2026-07-26 06:23:00,0.484,144,20
2026-07-26 06:29:00,0.517,136,20
2026-07-26 06:35:00,0.382,135,20
2026-07-26 06:41:00,0.314,155,20
2026-07-26 06:47:00,0.492,312,20
2026-07-26 06:53:00,0.292,156,20
2026-07-26 06:59:00,0.106,66,20
2026-07-26 07:05:00,0.457,157,20
2026-07-26 07:11:00,0.321,153,20
2026-07-26 07:17:00,0.176,165,20
2026-07-26 07:23:00,0.243,166,20
2026-07-26 07:29:00,0.328,174,20
2026-07-26 07:35:00,0.178,173,20
2026-07-26 07:41:00,0.237,164,20
2026-07-26 07:47:00,0.145,182,20
2026-07-26 07:53:00,0.061,199,20
2026-07-26 07:59:00,0.03,221,20
2026-07-26 08:05:00,0.065,229,20
2026-07-26 08:11:00,0.228,346,20
2026-07-26 08:17:00,0.517,342,20
2026-07-26 08:23:00,0.101,329,20
2026-07-26 08:29:00,0.019,32,20
2026-07-26 08:35:00,0.042,157,20
2026-07-26 08:41:00,0.066,115,20
2026-07-26 08:47:00,0.035,76,20
2026-07-26 08:53:00,0.065,136,20
2026-07-26 08:59:00,0.393,153,20
2026-07-26 09:05:00,0.543,148,20
2026-07-26 09:11:00,0.433,139,20
2026-07-26 09:17:00,0.395,144,20
2026-07-26 09:23:00,0.252,134,20
2026-07-26 09:29:00,0.325,139,20
2026-07-26 09:35:00,0.294,143,20
2026-07-26 09:41:00,0.306,143,20
2026-07-26 09:47:00,0.226,138,20
2026-07-26 09:59:00,0.216,145,20
2026-07-26 10:05:00,0.245,143,20
2026-07-26 10:11:00,0.18,153,20
2026-07-26 10:17:00,0.207,152,20
2026-07-26 10:23:00,0.204,146,20
2026-07-26 10:29:00,0.17,151,20
2026-07-26 10:35:00,0.121,152,20
2026-07-26 10:41:00,0.072,189,20
2026-07-26 10:47:00,0.058,186,20
2026-07-26 10:53:00,0.035,156,20
2026-07-26 10:59:00,0.031,305,20
2026-07-26 11:05:00,0.172,307,20
2026-07-26 11:11:00,0.198,328,20
2026-07-26 11:17:00,0.213,314,20
2026-07-26 11:23:00,0.224,322,20
2026-07-26 11:29:00,0.203,336,20
2026-07-26 11:35:00,0.266,333,20
2026-07-26 11:41:00,0.288,330,20
2026-07-26 11:47:00,0.292,329,20
2026-07-26 11:53:00,0.31,332,20
2026-07-26 11:59:00,0.36,333,20
2026-07-26 12:05:00,0.323,328,20
2026-07-26 12:11:00,0.24,341,20
2026-07-26 12:17:00,0.29,331,20
2026-07-26 12:23:00,0.329,329,20
2026-07-26 12:29:00,0.383,328,20
2026-07-26 12:35:00,0.338,332,20
2026-07-26 12:41:00,0.288,334,20
2026-07-26 12:47:00,0.235,337,20
2026-07-26 12:53:00,0.149,355,20
2026-07-26 12:59:00,0.129,0,20
2026-07-26 13:05:00,0.311,345,20
2026-07-26 13:11:00,0.263,346,20
2026-07-26 13:17:00,0.283,335,20
2026-07-26 13:23:00,0.197,343,20
2026-07-26 13:29:00,0.186,346,20
2026-07-26 13:35:00,0.265,334,20
2026-07-26 13:41:00,0.294,331,20
2026-07-26 13:47:00,0.216,345,20
2026-07-26 13:53:00,0.229,334,20
2026-07-26 13:59:00,0.237,344,20
2026-07-26 14:05:00,0.207,350,20
2026-07-26 14:11:00,0.243,341,20
2026-07-26 14:17:00,0.212,355,20
2026-07-26 14:23:00,0.17,1,20
2026-07-26 14:29:00,0.163,356,20
2026-07-26 14:35:00,0.136,21,20
2026-07-26 14:41:00,0.198,351,20
2026-07-26 14:47:00,0.161,355,20
2026-07-26 14:53:00,0.107,3,20
2026-07-26 14:59:00,0.076,17,20
2026-07-26 15:05:00,0.14,5,20
2026-07-26 15:11:00,0.111,1,20
2026-07-26 15:17:00,0.147,5,20
2026-07-26 15:23:00,0.133,4,20
2026-07-26 15:29:00,0.089,30,20
2026-07-26 15:35:00,0.087,72,20
2026-07-26 15:41:00,0.096,51,20
2026-07-26 15:47:00,0.066,55,20
2026-07-26 15:53:00,0.143,115,20
2026-07-26 15:59:00,0.235,129,20
2026-07-26 16:05:00,0.316,141,20
2026-07-26 16:11:00,0.238,143,20
2026-07-26 16:17:00,0.215,141,20
2026-07-26 16:23:00,0.148,133,20
2026-07-26 16:29:00,0.133,141,20
2026-07-26 16:35:00,0.135,134,20
2026-07-26 16:41:00,0.227,137,20
2026-07-26 16:47:00,0.2,140,20
2026-07-26 16:53:00,0.227,140,20
2026-07-26 16:59:00,0.22,131,20
2026-07-26 17:05:00,0.282,139,20
2026-07-26 17:11:00,0.282,145,20
2026-07-26 17:17:00,0.333,150,20
2026-07-26 17:23:00,0.321,145,20
2026-07-26 17:29:00,0.263,148,20
2026-07-26 17:35:00,0.354,145,20
2026-07-26 17:41:00,0.304,151,20
2026-07-26 17:47:00,0.286,149,20
2026-07-26 17:53:00,0.3,143,20
2026-07-26 17:59:00,0.368,142,20
2026-07-26 18:05:00,0.352,143,20
2026-07-26 18:11:00,0.366,148,20
2026-07-26 18:17:00,0.268,148,20
2026-07-26 18:23:00,0.375,138,20
2026-07-26 18:29:00,0.554,130,20
2026-07-26 18:35:00,0.4,131,20
2026-07-26 18:41:00,0.471,134,20
2026-07-26 18:47:00,0.282,115,20
2026-07-26 18:53:00,0.433,129,20
2026-07-26 18:59:00,0.382,120,20
2026-07-26 19:05:00,0.46,121,20
2026-07-26 19:11:00,0.493,123,20
2026-07-26 19:17:00,0.449,124,20
2026-07-26 19:23:00,0.466,131,20
2026-07-26 19:29:00,0.419,122,20
2026-07-26 19:35:00,0.375,125,20
2026-07-26 19:41:00,0.44,135,20
2026-07-26 19:47:00,0.344,141,20
2026-07-26 19:53:00,0.329,135,20
2026-07-26 19:59:00,0.221,137,20
2026-07-26 20:05:00,0.262,137,20
2026-07-26 20:11:00,0.261,145,20
2026-07-26 20:17:00,0.28,140,20
2026-07-26 20:23:00,0.217,137,20
2026-07-26 20:29:00,0.185,145,20
2026-07-26 20:35:00,0.19,131,20
2026-07-26 20:41:00,0.181,142,20
2026-07-26 20:47:00,0.31,151,20
2026-07-26 20:53:00,0.218,157,20
2026-07-26 21:05:00,0.171,162,20
2026-07-26 21:11:00,0.185,169,20
2026-07-26 21:17:00,0.142,163,20
2026-07-26 21:23:00,0.085,157,20
2026-07-26 21:29:00,0.062,249,20
2026-07-26 21:35:00,0.049,241,20
2026-07-26 21:41:00,0.081,293,20
2026-07-26 21:47:00,0.139,320,20
2026-07-26 21:53:00,0.124,310,20
2026-07-26 21:59:00,0.244,320,20
2026-07-26 22:05:00,0.321,323,20
2026-07-26 22:11:00,0.439,322,20
2026-07-26 22:17:00,0.385,324,20
2026-07-26 22:23:00,0.479,322,20
2026-07-26 22:29:00,0.296,310,20
2026-07-26 22:35:00,0.383,311,20
2026-07-26 22:41:00,0.463,318,20
2026-07-26 22:47:00,0.497,320,20
2026-07-26 22:53:00,0.566,321,20
2026-07-26 22:59:00,0.599,325,20
2026-07-26 23:05:00,0.665,327,20
2026-07-26 23:11:00,0.735,327,20
2026-07-26 23:17:00,0.706,329,20
2026-07-26 23:23:00,0.597,337,20
2026-07-26 23:29:00,0.849,332,20
2026-07-26 23:35:00,0.887,328,20
2026-07-26 23:41:00,0.927,327,20
2026-07-26 23:47:00,0.97,325,20
2026-07-26 23:53:00,1.04,325,20
2026-07-26 23:59:00,0.894,326,20
2026-07-27 00:05:00,0.892,320,20
2026-07-27 00:11:00,0.967,323,20
2026-07-27 00:17:00,0.941,320,20
2026-07-27 00:23:00,0.993,323,20
2026-07-27 00:29:00,0.922,319,20
2026-07-27 00:35:00,1.109,321,20
2026-07-27 00:41:00,1.143,318,20
2026-07-27 00:47:00,1.165,320,20
2026-07-27 00:53:00,0.988,325,20
2026-07-27 00:59:00,0.886,327,20
2026-07-27 01:05:00,0.772,328,20
2026-07-27 01:11:00,0.753,335,20
2026-07-27 01:17:00,0.887,331,20
2026-07-27 01:23:00,0.785,333,20
2026-07-27 01:29:00,0.843,334,20
2026-07-27 01:35:00,0.8,340,20
2026-07-27 01:41:00,0.73,341,20
2026-07-27 01:47:00,0.686,341,20
2026-07-27 01:53:00,0.518,350,20
2026-07-27 01:59:00,0.453,349,20
2026-07-27 02:05:00,0.407,351,20
2026-07-27 02:11:00,0.389,353,20
2026-07-27 02:17:00,0.285,8,20
2026-07-27 02:23:00,0.252,12,20
2026-07-27 02:29:00,0.263,13,20
2026-07-27 02:35:00,0.318,355,20
2026-07-27 02:41:00,0.363,1,20
2026-07-27 02:47:00,0.415,358,20
2026-07-27 02:53:00,0.331,1,20
2026-07-27 02:59:00,0.395,0,20
2026-07-27 03:05:00,0.432,358,20
2026-07-27 03:11:00,0.323,9,20
2026-07-27 03:17:00,0.352,14,20
2026-07-27 03:23:00,0.348,10,20
2026-07-27 03:29:00,0.343,359,20
2026-07-27 03:35:00,0.231,39,20
2026-07-27 03:41:00,0.2,29,20
2026-07-27 03:47:00,0.139,85,20
2026-07-27 03:53:00,0.161,65,20
2026-07-27 03:59:00,0.253,101,20
2026-07-27 04:05:00,0.124,11,20
2026-07-27 04:11:00,0.152,108,20
2026-07-27 04:17:00,0.054,134,20
2026-07-27 04:23:00,0.145,131,20
2026-07-27 04:29:00,0.182,172,20
2026-07-27 04:35:00,0.134,284,20
2026-07-27 04:41:00,0.234,302,20
2026-07-27 04:47:00,0.076,239,20
2026-07-27 04:53:00,0.135,248,20
2026-07-27 04:59:00,0.35,153,20
2026-07-27 05:05:00,0.389,141,20
2026-07-27 05:11:00,0.332,147,20
2026-07-27 05:17:00,0.401,153,20
2026-07-27 05:23:00,0.368,153,20
2026-07-27 05:29:00,0.465,149,20
2026-07-27 05:35:00,0.641,139,20
2026-07-27 05:41:00,0.566,145,20
2026-07-27 05:47:00,0.717,148,20
2026-07-27 05:53:00,0.576,143,20
2026-07-27 05:59:00,0.577,136,20
2026-07-27 06:05:00,0.33,140,20
2026-07-27 06:11:00,0.483,129,20
2026-07-27 06:17:00,0.408,123,20
2026-07-27 06:23:00,0.408,152,20
2026-07-27 06:29:00,0.315,148,20
2026-07-27 06:35:00,0.202,145,20
2026-07-27 06:41:00,0.172,350,20
2026-07-27 06:47:00,0.415,159,20
2026-07-27 06:53:00,0.759,157,20
2026-07-27 06:59:00,0.363,336,20
2026-07-27 07:05:00,0.194,133,20
2026-07-27 07:11:00,0.852,148,20
2026-07-27 07:17:00,0.267,138,20
2026-07-27 07:23:00,0.457,130,20
2026-07-27 07:29:00,0.352,134,20
2026-07-27 07:35:00,0.471,136,20
2026-07-27 07:41:00,0.546,121,20
2026-07-27 07:47:00,0.457,121,20
2026-07-27 07:53:00,0.452,116,20
2026-07-27 07:59:00,0.489,109,20
2026-07-27 08:05:00,0.544,119,20
2026-07-27 08:11:00,0.444,109,20
2026-07-27 08:17:00,0.514,116,20
2026-07-27 08:23:00,0.554,120,20
2026-07-27 08:29:00,0.626,124,20
2026-07-27 08:35:00,0.676,128,20
2026-07-27 08:41:00,0.84,137,20
2026-07-27 08:47:00,0.994,140,20
2026-07-27 08:53:00,0.964,141,20
2026-07-27 08:59:00,0.874,143,20
2026-07-27 09:05:00,0.718,144,20
2026-07-27 09:11:00,0.686,145,20
2026-07-27 09:17:00,0.595,147,20
2026-07-27 09:23:00,0.681,144,20
2026-07-27 09:29:00,0.644,143,20
2026-07-27 09:35:00,0.529,148,20
2026-07-27 09:41:00,0.65,138,20
2026-07-27 09:47:00,0.603,140,20
2026-07-27 09:53:00,0.601,138,20
2026-07-27 09:59:00,0.58,138,20
2026-07-27 10:05:00,0.606,139,20
2026-07-27 10:11:00,0.529,136,20
2026-07-27 10:17:00,0.518,137,20
2026-07-27 10:23:00,0.47,140,20
2026-07-27 10:29:00,0.432,136,20
2026-07-27 10:35:00,0.405,136,20
2026-07-27 10:41:00,0.354,136,20
2026-07-27 10:47:00,0.369,138,20
2026-07-27 10:53:00,0.322,142,20
2026-07-27 10:59:00,0.304,137,20
2026-07-27 11:05:00,0.34,127,20
2026-07-27 11:11:00,0.226,124,20
2026-07-27 11:17:00,0.239,122,20
2026-07-27 11:23:00,0.186,116,20
2026-07-27 11:29:00,0.18,105,20
2026-07-27 11:35:00,0.102,87,20
2026-07-27 11:41:00,0.117,40,20
2026-07-27 11:47:00,0.11,70,20
2026-07-27 11:53:00,0.085,46,20
2026-07-27 11:59:00,0.093,41,20
2026-07-27 12:05:00,0.101,349,20
2026-07-27 12:11:00,0.106,350,20
2026-07-27 12:17:00,0.155,350,20
2026-07-27 12:23:00,0.158,341,20
2026-07-27 12:29:00,0.197,330,20
2026-07-27 12:35:00,0.148,346,20
2026-07-27 12:41:00,0.186,333,20
2026-07-27 12:47:00,0.188,343,20
2026-07-27 12:53:00,0.218,335,20
2026-07-27 12:59:00,0.16,338,20
2026-07-27 13:05:00,0.122,346,20
2026-07-27 13:11:00,0.129,349,20
2026-07-27 13:17:00,0.144,345,20
2026-07-27 13:23:00,0.133,332,20
2026-07-27 13:29:00,0.113,353,20
2026-07-27 13:35:00,0.109,345,20
2026-07-27 13:41:00,0.179,335,20
2026-07-27 13:47:00,0.213,333,20
2026-07-27 13:53:00,0.109,353,20
2026-07-27 13:59:00,0.178,333,20
2026-07-27 14:05:00,0.208,325,20
2026-07-27 14:11:00,0.191,322,20
2026-07-27 14:17:00,0.208,318,20
2026-07-27 14:23:00,0.156,316,20
2026-07-27 14:29:00,0.092,319,20
2026-07-27 14:35:00,0.134,317,20
2026-07-27 14:41:00,0.122,326,20
2026-07-27 14:47:00,0.102,333,20
2026-07-27 14:53:00,0.113,328,20
2026-07-27 14:59:00,0.07,333,20
2026-07-27 15:05:00,0.135,321,20
2026-07-27 15:11:00,0.096,309,20
2026-07-27 15:17:00,0.026,254,20
2026-07-27 15:23:00,0.045,236,20
2026-07-27 15:29:00,0.053,175,20
2026-07-27 15:35:00,0.072,189,20
2026-07-27 15:41:00,0.096,160,20
2026-07-27 15:47:00,0.12,171,20
2026-07-27 15:53:00,0.117,182,20
2026-07-27 15:59:00,0.103,157,20
2026-07-27 16:05:00,0.038,222,20
2026-07-27 16:11:00,0.076,192,20
2026-07-27 16:17:00,0.081,177,20
2026-07-27 16:23:00,0.108,174,20
2026-07-27 16:29:00,0.119,162,20
2026-07-27 16:35:00,0.196,154,20
2026-07-27 16:41:00,0.191,149,20
2026-07-27 16:47:00,0.167,146,20
2026-07-27 16:53:00,0.145,155,20
2026-07-27 16:59:00,0.161,153,20
2026-07-27 17:05:00,0.196,149,20
2026-07-27 17:11:00,0.231,144,20
2026-07-27 17:17:00,0.216,145,20
2026-07-27 17:23:00,0.261,145,20
2026-07-27 17:29:00,0.421,142,20
2026-07-27 17:35:00,0.376,142,20
2026-07-27 17:41:00,0.41,147,20
2026-07-27 17:47:00,0.454,142,20
2026-07-27 17:53:00,0.412,141,20
2026-07-27 17:59:00,0.509,147,20
2026-07-27 18:05:00,0.501,142,20
2026-07-27 18:11:00,0.459,144,20
2026-07-27 18:17:00,0.521,144,20
2026-07-27 18:23:00,0.499,142,20
2026-07-27 18:29:00,0.547,143,20
2026-07-27 18:35:00,0.509,146,20
2026-07-27 18:41:00,0.487,142,20
2026-07-27 18:47:00,0.525,142,20
2026-07-27 18:53:00,0.5,144,20
2026-07-27 18:59:00,0.581,140,20
2026-07-27 19:05:00,0.584,138,20
2026-07-27 19:11:00,0.598,138,20
2026-07-27 19:17:00,0.572,138,20
2026-07-27 19:23:00,0.63,134,20
2026-07-27 19:29:00,0.678,138,20
2026-07-27 19:35:00,0.6,138,20
2026-07-27 19:41:00,0.586,138,20
2026-07-27 19:47:00,0.538,136,20
2026-07-27 19:53:00,0.614,136,20
2026-07-27 19:59:00,0.528,139,20
2026-07-27 20:05:00,0.522,139,20
2026-07-27 20:11:00,0.501,138,20
2026-07-27 20:17:00,0.505,134,20
2026-07-27 20:23:00,0.452,139,20
2026-07-27 20:29:00,0.507,140,20
2026-07-27 20:35:00,0.493,140,20
2026-07-27 20:41:00,0.512,136,20
2026-07-27 20:47:00,0.571,133,20
2026-07-27 20:53:00,0.622,133,20
2026-07-27 20:59:00,0.565,135,20
2026-07-27 21:05:00,0.596,137,20
2026-07-27 21:11:00,0.572,139,20
2026-07-27 21:17:00,0.563,140,20
2026-07-27 21:23:00,0.541,140,20
2026-07-27 21:29:00,0.403,138,20
2026-07-27 21:35:00,0.403,139,20
2026-07-27 21:41:00,0.402,139,20
2026-07-27 21:47:00,0.366,136,20
2026-07-27 21:53:00,0.451,131,20
2026-07-27 21:59:00,0.379,135,20
2026-07-27 22:05:00,0.327,132,20
2026-07-27 22:11:00,0.325,128,20
2026-07-27 22:17:00,0.292,125,20
2026-07-27 22:23:00,0.236,122,20
2026-07-27 22:29:00,0.116,124,20
2026-07-27 22:35:00,0.06,81,20
2026-07-27 22:41:00,0.056,83,20
2026-07-27 22:47:00,0.123,6,20
2026-07-27 22:53:00,0.151,344,20
2026-07-27 22:59:00,0.204,338,20
2026-07-27 23:05:00,0.189,341,20
2026-07-27 23:11:00,0.305,333,20
2026-07-27 23:17:00,0.295,335,20
2026-07-27 23:23:00,0.404,339,20
2026-07-27 23:29:00,0.319,341,20
2026-07-27 23:35:00,0.287,337,20
2026-07-27 23:41:00,0.329,341,20
2026-07-27 23:47:00,0.467,341,20
2026-07-27 23:53:00,0.534,336,20
2026-07-27 23:59:00,0.704,329,20
2026-07-28 00:05:00,0.652,321,20
2026-07-28 00:11:00,0.673,327,20
2026-07-28 00:17:00,0.597,328,20
2026-07-28 00:23:00,0.729,327,20
2026-07-28 00:29:00,0.891,324,20
2026-07-28 00:35:00,0.823,322,20
2026-07-28 00:41:00,0.661,326,20
2026-07-28 00:47:00,0.69,326,20
2026-07-28 00:53:00,0.824,326,20
2026-07-28 00:59:00,0.81,329,20
2026-07-28 01:05:00,0.878,329,20
2026-07-28 01:11:00,0.968,330,20
2026-07-28 01:17:00,1.033,330,20
2026-07-28 01:23:00,1.047,332,20
2026-07-28 01:29:00,1.018,323,20
2026-07-28 01:35:00,0.917,321,20
2026-07-28 01:41:00,0.928,318,20
2026-07-28 01:47:00,0.832,320,20
2026-07-28 01:53:00,0.796,323,20
2026-07-28 01:59:00,0.811,325,20
2026-07-28 02:05:00,0.884,326,20
2026-07-28 02:11:00,0.912,327,20
2026-07-28 02:17:00,0.995,327,20
2026-07-28 02:23:00,1.036,327,20
2026-07-28 02:29:00,0.98,328,20
2026-07-28 02:35:00,0.98,327,20
2026-07-28 02:41:00,0.921,326,20
2026-07-28 02:47:00,0.918,326,20
2026-07-28 02:53:00,0.842,328,20
2026-07-28 02:59:00,0.657,334,20
2026-07-28 03:05:00,0.639,339,20
2026-07-28 03:11:00,0.609,341,20
2026-07-28 03:17:00,0.537,344,20
2026-07-28 03:23:00,0.531,344,20
2026-07-28 03:29:00,0.508,343,20
2026-07-28 03:35:00,0.457,342,20
2026-07-28 03:41:00,0.434,345,20
2026-07-28 03:47:00,0.402,343,20
2026-07-28 03:53:00,0.394,345,20
2026-07-28 03:59:00,0.344,348,20
2026-07-28 04:05:00,0.399,343,20
2026-07-28 04:11:00,0.378,344,20
2026-07-28 04:17:00,0.316,347,20
2026-07-28 04:23:00,0.271,354,20
2026-07-28 04:29:00,0.169,2,20
2026-07-28 04:35:00,0.059,33,20
2026-07-28 04:41:00,0.045,74,20
2026-07-28 04:47:00,0.097,120,20
2026-07-28 04:53:00,0.144,107,20
2026-07-28 04:59:00,0.223,124,20
2026-07-28 05:05:00,0.207,123,20
2026-07-28 05:11:00,0.285,104,20
2026-07-28 05:17:00,0.262,92,20
2026-07-28 05:23:00,0.216,94,20
2026-07-28 05:29:00,0.338,100,20
2026-07-28 05:35:00,0.461,118,20
2026-07-28 05:41:00,0.427,121,20
2026-07-28 05:47:00,0.399,113,20
2026-07-28 05:53:00,0.394,111,20
2026-07-28 05:59:00,0.41,116,20
2026-07-28 06:05:00,0.313,121,20
2026-07-28 06:11:00,0.337,137,20
2026-07-28 06:17:00,0.429,151,20
2026-07-28 06:23:00,0.404,159,20
2026-07-28 06:29:00,0.332,136,20
2026-07-28 06:35:00,0.363,126,20
2026-07-28 06:41:00,0.377,122,20
2026-07-28 06:47:00,0.421,129,20
2026-07-28 06:53:00,0.379,131,20
2026-07-28 06:59:00,0.372,133,20
2026-07-28 07:05:00,0.36,133,20
2026-07-28 07:11:00,0.465,129,20
2026-07-28 07:17:00,0.361,119,20
2026-07-28 07:23:00,0.386,116,20
2026-07-28 07:29:00,0.404,111,20
2026-07-28 07:35:00,0.404,109,20
2026-07-28 07:41:00,0.4,106,20
2026-07-28 07:47:00,0.402,107,20
2026-07-28 07:53:00,0.547,127,20
2026-07-28 07:59:00,0.551,128,20
2026-07-28 08:05:00,0.619,135,20
2026-07-28 08:11:00,0.535,141,20
2026-07-28 08:17:00,0.612,143,20
2026-07-28 08:23:00,0.673,142,20
2026-07-28 08:29:00,0.646,142,20
2026-07-28 08:35:00,0.722,141,20
2026-07-28 08:41:00,0.699,140,20
2026-07-28 08:47:00,0.559,140,20
2026-07-28 08:53:00,0.65,141,20
2026-07-28 08:59:00,0.59,137,20
2026-07-28 09:05:00,0.5,141,20
2026-07-28 09:11:00,0.466,134,20
2026-07-28 09:17:00,0.446,130,20
2026-07-28 09:23:00,0.422,128,20
2026-07-28 09:29:00,0.343,123,20
2026-07-28 09:35:00,0.325,118,20
2026-07-28 09:41:00,0.375,118,20
2026-07-28 09:47:00,0.35,118,20
2026-07-28 09:53:00,0.432,128,20
2026-07-28 09:59:00,0.491,128,20
2026-07-28 10:05:00,0.647,143,20
2026-07-28 10:11:00,0.587,142,20
2026-07-28 10:17:00,0.596,142,20
2026-07-28 10:23:00,0.587,140,20
2026-07-28 10:29:00,0.515,142,20
2026-07-28 10:35:00,0.544,142,20
2026-07-28 10:41:00,0.354,144,20
2026-07-28 10:47:00,0.381,141,20
2026-07-28 10:53:00,0.259,138,20
2026-07-28 10:59:00,0.274,137,20
2026-07-28 11:05:00,0.154,133,20
2026-07-28 11:11:00,0.155,134,20
2026-07-28 11:17:00,0.156,142,20
2026-07-28 11:23:00,0.086,140,20
2026-07-28 11:29:00,0.09,134,20
2026-07-28 11:35:00,0.068,60,20
2026-07-28 11:41:00,0.078,104,20
2026-07-28 11:47:00,0.031,75,20
2026-07-28 11:53:00,0.084,5,20
2026-07-28 11:59:00,0.119,342,20
2026-07-28 12:05:00,0.092,348,20
2026-07-28 12:11:00,0.127,345,20
2026-07-28 12:17:00,0.105,356,20
2026-07-28 12:23:00,0.139,342,20
2026-07-28 12:29:00,0.138,345,20
2026-07-28 12:35:00,0.175,339,20
2026-07-28 12:41:00,0.101,336,20
2026-07-28 12:47:00,0.19,337,20
2026-07-28 12:53:00,0.204,340,20
2026-07-28 12:59:00,0.278,340,20
2026-07-28 13:05:00,0.344,340,20
2026-07-28 13:11:00,0.287,335,20
2026-07-28 13:17:00,0.259,327,20
2026-07-28 13:23:00,0.282,328,20
2026-07-28 13:29:00,0.245,323,20
2026-07-28 13:35:00,0.229,326,20
2026-07-28 13:41:00,0.196,334,20
2026-07-28 13:47:00,0.263,323,20
2026-07-28 13:53:00,0.17,336,20
2026-07-28 13:59:00,0.219,336,20
2026-07-28 14:05:00,0.22,323,20
2026-07-28 14:11:00,0.283,334,20
2026-07-28 14:17:00,0.344,329,20
2026-07-28 14:23:00,0.385,340,20
2026-07-28 14:29:00,0.445,337,20
2026-07-28 14:35:00,0.369,334,20
2026-07-28 14:41:00,0.25,338,20
2026-07-28 14:47:00,0.338,324,20
2026-07-28 14:53:00,0.309,318,20
2026-07-28 14:59:00,0.329,315,20
2026-07-28 15:05:00,0.329,324,20
2026-07-28 15:11:00,0.203,310,20
2026-07-28 15:17:00,0.363,331,20
2026-07-28 15:23:00,0.35,335,20
2026-07-28 15:29:00,0.356,341,20
